station_code,station_id,station_name,line,year,month,period,passenger_volume_monthly,passenger_volume_daily_avg,source_status
STA-001,jakartakota,Jakarta Kota,Bogor,2023,1,2023-01,1066497,34403,synthetic_prototype
STA-001,jakartakota,Jakarta Kota,Bogor,2023,2,2023-02,1074602,38379,synthetic_prototype
STA-001,jakartakota,Jakarta Kota,Bogor,2023,3,2023-03,1192014,38452,synthetic_prototype
STA-001,jakartakota,Jakarta Kota,Bogor,2023,4,2023-04,1171062,39035,synthetic_prototype
STA-001,jakartakota,Jakarta Kota,Bogor,2023,5,2023-05,1185560,38244,synthetic_prototype
STA-001,jakartakota,Jakarta Kota,Bogor,2023,6,2023-06,1058947,35298,synthetic_prototype
STA-001,jakartakota,Jakarta Kota,Bogor,2023,7,2023-07,1111777,35864,synthetic_prototype
STA-001,jakartakota,Jakarta Kota,Bogor,2023,8,2023-08,1221531,39404,synthetic_prototype
STA-001,jakartakota,Jakarta Kota,Bogor,2023,9,2023-09,1197097,39903,synthetic_prototype
STA-001,jakartakota,Jakarta Kota,Bogor,2023,10,2023-10,1282098,41358,synthetic_prototype
STA-001,jakartakota,Jakarta Kota,Bogor,2023,11,2023-11,1220200,40673,synthetic_prototype
STA-001,jakartakota,Jakarta Kota,Bogor,2023,12,2023-12,1083253,34944,synthetic_prototype
STA-002,jayakarta,Jayakarta,Bogor,2023,1,2023-01,123181,3974,synthetic_prototype
STA-002,jayakarta,Jayakarta,Bogor,2023,2,2023-02,116419,4158,synthetic_prototype
STA-002,jayakarta,Jayakarta,Bogor,2023,3,2023-03,126203,4071,synthetic_prototype
STA-002,jayakarta,Jayakarta,Bogor,2023,4,2023-04,125882,4196,synthetic_prototype
STA-002,jayakarta,Jayakarta,Bogor,2023,5,2023-05,133966,4321,synthetic_prototype
STA-002,jayakarta,Jayakarta,Bogor,2023,6,2023-06,126279,4209,synthetic_prototype
STA-002,jayakarta,Jayakarta,Bogor,2023,7,2023-07,117569,3793,synthetic_prototype
STA-002,jayakarta,Jayakarta,Bogor,2023,8,2023-08,130456,4208,synthetic_prototype
STA-002,jayakarta,Jayakarta,Bogor,2023,9,2023-09,150678,5023,synthetic_prototype
STA-002,jayakarta,Jayakarta,Bogor,2023,10,2023-10,145078,4680,synthetic_prototype
STA-002,jayakarta,Jayakarta,Bogor,2023,11,2023-11,145437,4848,synthetic_prototype
STA-002,jayakarta,Jayakarta,Bogor,2023,12,2023-12,121439,3917,synthetic_prototype
STA-003,manggabesar,Mangga Besar,Bogor,2023,1,2023-01,119344,3850,synthetic_prototype
STA-003,manggabesar,Mangga Besar,Bogor,2023,2,2023-02,126626,4522,synthetic_prototype
STA-003,manggabesar,Mangga Besar,Bogor,2023,3,2023-03,129315,4171,synthetic_prototype
STA-003,manggabesar,Mangga Besar,Bogor,2023,4,2023-04,130713,4357,synthetic_prototype
STA-003,manggabesar,Mangga Besar,Bogor,2023,5,2023-05,136268,4396,synthetic_prototype
STA-003,manggabesar,Mangga Besar,Bogor,2023,6,2023-06,123256,4109,synthetic_prototype
STA-003,manggabesar,Mangga Besar,Bogor,2023,7,2023-07,119064,3841,synthetic_prototype
STA-003,manggabesar,Mangga Besar,Bogor,2023,8,2023-08,148511,4791,synthetic_prototype
STA-003,manggabesar,Mangga Besar,Bogor,2023,9,2023-09,142257,4742,synthetic_prototype
STA-003,manggabesar,Mangga Besar,Bogor,2023,10,2023-10,140206,4523,synthetic_prototype
STA-003,manggabesar,Mangga Besar,Bogor,2023,11,2023-11,149817,4994,synthetic_prototype
STA-003,manggabesar,Mangga Besar,Bogor,2023,12,2023-12,122489,3951,synthetic_prototype
STA-004,sawahbesar,Sawah Besar,Bogor,2023,1,2023-01,123020,3968,synthetic_prototype
STA-004,sawahbesar,Sawah Besar,Bogor,2023,2,2023-02,116185,4149,synthetic_prototype
STA-004,sawahbesar,Sawah Besar,Bogor,2023,3,2023-03,128354,4140,synthetic_prototype
STA-004,sawahbesar,Sawah Besar,Bogor,2023,4,2023-04,129792,4326,synthetic_prototype
STA-004,sawahbesar,Sawah Besar,Bogor,2023,5,2023-05,143747,4637,synthetic_prototype
STA-004,sawahbesar,Sawah Besar,Bogor,2023,6,2023-06,125566,4186,synthetic_prototype
STA-004,sawahbesar,Sawah Besar,Bogor,2023,7,2023-07,121436,3917,synthetic_prototype
STA-004,sawahbesar,Sawah Besar,Bogor,2023,8,2023-08,136602,4407,synthetic_prototype
STA-004,sawahbesar,Sawah Besar,Bogor,2023,9,2023-09,133916,4464,synthetic_prototype
STA-004,sawahbesar,Sawah Besar,Bogor,2023,10,2023-10,142185,4587,synthetic_prototype
STA-004,sawahbesar,Sawah Besar,Bogor,2023,11,2023-11,142372,4746,synthetic_prototype
STA-004,sawahbesar,Sawah Besar,Bogor,2023,12,2023-12,134223,4330,synthetic_prototype
STA-005,juanda,Juanda,Bogor,2023,1,2023-01,265023,8549,synthetic_prototype
STA-005,juanda,Juanda,Bogor,2023,2,2023-02,251093,8968,synthetic_prototype
STA-005,juanda,Juanda,Bogor,2023,3,2023-03,294243,9492,synthetic_prototype
STA-005,juanda,Juanda,Bogor,2023,4,2023-04,271703,9057,synthetic_prototype
STA-005,juanda,Juanda,Bogor,2023,5,2023-05,291091,9390,synthetic_prototype
STA-005,juanda,Juanda,Bogor,2023,6,2023-06,273778,9126,synthetic_prototype
STA-005,juanda,Juanda,Bogor,2023,7,2023-07,272211,8781,synthetic_prototype
STA-005,juanda,Juanda,Bogor,2023,8,2023-08,307324,9914,synthetic_prototype
STA-005,juanda,Juanda,Bogor,2023,9,2023-09,294763,9825,synthetic_prototype
STA-005,juanda,Juanda,Bogor,2023,10,2023-10,309836,9995,synthetic_prototype
STA-005,juanda,Juanda,Bogor,2023,11,2023-11,314929,10498,synthetic_prototype
STA-005,juanda,Juanda,Bogor,2023,12,2023-12,286722,9249,synthetic_prototype
STA-006,gondangdia,Gondangdia,Bogor,2023,1,2023-01,256419,8272,synthetic_prototype
STA-006,gondangdia,Gondangdia,Bogor,2023,2,2023-02,268138,9576,synthetic_prototype
STA-006,gondangdia,Gondangdia,Bogor,2023,3,2023-03,277623,8956,synthetic_prototype
STA-006,gondangdia,Gondangdia,Bogor,2023,4,2023-04,262750,8758,synthetic_prototype
STA-006,gondangdia,Gondangdia,Bogor,2023,5,2023-05,308916,9965,synthetic_prototype
STA-006,gondangdia,Gondangdia,Bogor,2023,6,2023-06,281737,9391,synthetic_prototype
STA-006,gondangdia,Gondangdia,Bogor,2023,7,2023-07,260677,8409,synthetic_prototype
STA-006,gondangdia,Gondangdia,Bogor,2023,8,2023-08,308180,9941,synthetic_prototype
STA-006,gondangdia,Gondangdia,Bogor,2023,9,2023-09,309413,10314,synthetic_prototype
STA-006,gondangdia,Gondangdia,Bogor,2023,10,2023-10,305620,9859,synthetic_prototype
STA-006,gondangdia,Gondangdia,Bogor,2023,11,2023-11,315304,10510,synthetic_prototype
STA-006,gondangdia,Gondangdia,Bogor,2023,12,2023-12,292931,9449,synthetic_prototype
STA-007,cikini,Cikini,Bogor,2023,1,2023-01,261055,8421,synthetic_prototype
STA-007,cikini,Cikini,Bogor,2023,2,2023-02,287051,10252,synthetic_prototype
STA-007,cikini,Cikini,Bogor,2023,3,2023-03,260038,8388,synthetic_prototype
STA-007,cikini,Cikini,Bogor,2023,4,2023-04,285026,9501,synthetic_prototype
STA-007,cikini,Cikini,Bogor,2023,5,2023-05,300234,9685,synthetic_prototype
STA-007,cikini,Cikini,Bogor,2023,6,2023-06,264043,8801,synthetic_prototype
STA-007,cikini,Cikini,Bogor,2023,7,2023-07,262389,8464,synthetic_prototype
STA-007,cikini,Cikini,Bogor,2023,8,2023-08,272731,8798,synthetic_prototype
STA-007,cikini,Cikini,Bogor,2023,9,2023-09,302321,10077,synthetic_prototype
STA-007,cikini,Cikini,Bogor,2023,10,2023-10,318197,10264,synthetic_prototype
STA-007,cikini,Cikini,Bogor,2023,11,2023-11,329185,10973,synthetic_prototype
STA-007,cikini,Cikini,Bogor,2023,12,2023-12,270233,8717,synthetic_prototype
STA-008,manggarai,Manggarai,Bogor,2023,1,2023-01,1011902,32642,synthetic_prototype
STA-008,manggarai,Manggarai,Bogor,2023,2,2023-02,1058890,37818,synthetic_prototype
STA-008,manggarai,Manggarai,Bogor,2023,3,2023-03,1204456,38853,synthetic_prototype
STA-008,manggarai,Manggarai,Bogor,2023,4,2023-04,1118331,37278,synthetic_prototype
STA-008,manggarai,Manggarai,Bogor,2023,5,2023-05,1171409,37787,synthetic_prototype
STA-008,manggarai,Manggarai,Bogor,2023,6,2023-06,1090905,36364,synthetic_prototype
STA-008,manggarai,Manggarai,Bogor,2023,7,2023-07,1049781,33864,synthetic_prototype
STA-008,manggarai,Manggarai,Bogor,2023,8,2023-08,1231070,39712,synthetic_prototype
STA-008,manggarai,Manggarai,Bogor,2023,9,2023-09,1185747,39525,synthetic_prototype
STA-008,manggarai,Manggarai,Bogor,2023,10,2023-10,1238418,39949,synthetic_prototype
STA-008,manggarai,Manggarai,Bogor,2023,11,2023-11,1223746,40792,synthetic_prototype
STA-008,manggarai,Manggarai,Bogor,2023,12,2023-12,1039198,33523,synthetic_prototype
STA-009,tebet,Tebet,Bogor,2023,1,2023-01,529053,17066,synthetic_prototype
STA-009,tebet,Tebet,Bogor,2023,2,2023-02,545930,19498,synthetic_prototype
STA-009,tebet,Tebet,Bogor,2023,3,2023-03,581074,18744,synthetic_prototype
STA-009,tebet,Tebet,Bogor,2023,4,2023-04,546729,18224,synthetic_prototype
STA-009,tebet,Tebet,Bogor,2023,5,2023-05,564507,18210,synthetic_prototype
STA-009,tebet,Tebet,Bogor,2023,6,2023-06,525486,17516,synthetic_prototype
STA-009,tebet,Tebet,Bogor,2023,7,2023-07,515692,16635,synthetic_prototype
STA-009,tebet,Tebet,Bogor,2023,8,2023-08,573558,18502,synthetic_prototype
STA-009,tebet,Tebet,Bogor,2023,9,2023-09,606068,20202,synthetic_prototype
STA-009,tebet,Tebet,Bogor,2023,10,2023-10,637573,20567,synthetic_prototype
STA-009,tebet,Tebet,Bogor,2023,11,2023-11,668522,22284,synthetic_prototype
STA-009,tebet,Tebet,Bogor,2023,12,2023-12,555762,17928,synthetic_prototype
STA-010,cawang,Cawang,Bogor,2023,1,2023-01,528247,17040,synthetic_prototype
STA-010,cawang,Cawang,Bogor,2023,2,2023-02,538680,19239,synthetic_prototype
STA-010,cawang,Cawang,Bogor,2023,3,2023-03,536367,17302,synthetic_prototype
STA-010,cawang,Cawang,Bogor,2023,4,2023-04,551322,18377,synthetic_prototype
STA-010,cawang,Cawang,Bogor,2023,5,2023-05,599826,19349,synthetic_prototype
STA-010,cawang,Cawang,Bogor,2023,6,2023-06,587141,19571,synthetic_prototype
STA-010,cawang,Cawang,Bogor,2023,7,2023-07,518837,16737,synthetic_prototype
STA-010,cawang,Cawang,Bogor,2023,8,2023-08,599722,19346,synthetic_prototype
STA-010,cawang,Cawang,Bogor,2023,9,2023-09,609156,20305,synthetic_prototype
STA-010,cawang,Cawang,Bogor,2023,10,2023-10,598101,19294,synthetic_prototype
STA-010,cawang,Cawang,Bogor,2023,11,2023-11,650039,21668,synthetic_prototype
STA-010,cawang,Cawang,Bogor,2023,12,2023-12,568508,18339,synthetic_prototype
STA-011,durenkalibata,Duren Kalibata,Bogor,2023,1,2023-01,269702,8700,synthetic_prototype
STA-011,durenkalibata,Duren Kalibata,Bogor,2023,2,2023-02,260317,9297,synthetic_prototype
STA-011,durenkalibata,Duren Kalibata,Bogor,2023,3,2023-03,306777,9896,synthetic_prototype
STA-011,durenkalibata,Duren Kalibata,Bogor,2023,4,2023-04,260480,8683,synthetic_prototype
STA-011,durenkalibata,Duren Kalibata,Bogor,2023,5,2023-05,306215,9878,synthetic_prototype
STA-011,durenkalibata,Duren Kalibata,Bogor,2023,6,2023-06,290654,9688,synthetic_prototype
STA-011,durenkalibata,Duren Kalibata,Bogor,2023,7,2023-07,251072,8099,synthetic_prototype
STA-011,durenkalibata,Duren Kalibata,Bogor,2023,8,2023-08,289576,9341,synthetic_prototype
STA-011,durenkalibata,Duren Kalibata,Bogor,2023,9,2023-09,306217,10207,synthetic_prototype
STA-011,durenkalibata,Duren Kalibata,Bogor,2023,10,2023-10,307398,9916,synthetic_prototype
STA-011,durenkalibata,Duren Kalibata,Bogor,2023,11,2023-11,291532,9718,synthetic_prototype
STA-011,durenkalibata,Duren Kalibata,Bogor,2023,12,2023-12,276710,8926,synthetic_prototype
STA-012,pasarminggu,Pasar Minggu,Bogor,2023,1,2023-01,500643,16150,synthetic_prototype
STA-012,pasarminggu,Pasar Minggu,Bogor,2023,2,2023-02,550524,19662,synthetic_prototype
STA-012,pasarminggu,Pasar Minggu,Bogor,2023,3,2023-03,559590,18051,synthetic_prototype
STA-012,pasarminggu,Pasar Minggu,Bogor,2023,4,2023-04,586125,19538,synthetic_prototype
STA-012,pasarminggu,Pasar Minggu,Bogor,2023,5,2023-05,579637,18698,synthetic_prototype
STA-012,pasarminggu,Pasar Minggu,Bogor,2023,6,2023-06,527594,17586,synthetic_prototype
STA-012,pasarminggu,Pasar Minggu,Bogor,2023,7,2023-07,539874,17415,synthetic_prototype
STA-012,pasarminggu,Pasar Minggu,Bogor,2023,8,2023-08,563400,18174,synthetic_prototype
STA-012,pasarminggu,Pasar Minggu,Bogor,2023,9,2023-09,615553,20518,synthetic_prototype
STA-012,pasarminggu,Pasar Minggu,Bogor,2023,10,2023-10,660238,21298,synthetic_prototype
STA-012,pasarminggu,Pasar Minggu,Bogor,2023,11,2023-11,581653,19388,synthetic_prototype
STA-012,pasarminggu,Pasar Minggu,Bogor,2023,12,2023-12,555984,17935,synthetic_prototype
STA-013,pasarminggubaru,Pasar Minggu Baru,Bogor,2023,1,2023-01,264147,8521,synthetic_prototype
STA-013,pasarminggubaru,Pasar Minggu Baru,Bogor,2023,2,2023-02,278592,9950,synthetic_prototype
STA-013,pasarminggubaru,Pasar Minggu Baru,Bogor,2023,3,2023-03,276105,8907,synthetic_prototype
STA-013,pasarminggubaru,Pasar Minggu Baru,Bogor,2023,4,2023-04,261378,8713,synthetic_prototype
STA-013,pasarminggubaru,Pasar Minggu Baru,Bogor,2023,5,2023-05,305438,9853,synthetic_prototype
STA-013,pasarminggubaru,Pasar Minggu Baru,Bogor,2023,6,2023-06,270414,9014,synthetic_prototype
STA-013,pasarminggubaru,Pasar Minggu Baru,Bogor,2023,7,2023-07,264049,8518,synthetic_prototype
STA-013,pasarminggubaru,Pasar Minggu Baru,Bogor,2023,8,2023-08,300393,9690,synthetic_prototype
STA-013,pasarminggubaru,Pasar Minggu Baru,Bogor,2023,9,2023-09,296705,9890,synthetic_prototype
STA-013,pasarminggubaru,Pasar Minggu Baru,Bogor,2023,10,2023-10,316630,10214,synthetic_prototype
STA-013,pasarminggubaru,Pasar Minggu Baru,Bogor,2023,11,2023-11,314455,10482,synthetic_prototype
STA-013,pasarminggubaru,Pasar Minggu Baru,Bogor,2023,12,2023-12,268069,8647,synthetic_prototype
STA-014,tanjungbarat,Tanjung Barat,Bogor,2023,1,2023-01,280941,9063,synthetic_prototype
STA-014,tanjungbarat,Tanjung Barat,Bogor,2023,2,2023-02,275264,9831,synthetic_prototype
STA-014,tanjungbarat,Tanjung Barat,Bogor,2023,3,2023-03,276636,8924,synthetic_prototype
STA-014,tanjungbarat,Tanjung Barat,Bogor,2023,4,2023-04,283201,9440,synthetic_prototype
STA-014,tanjungbarat,Tanjung Barat,Bogor,2023,5,2023-05,287527,9275,synthetic_prototype
STA-014,tanjungbarat,Tanjung Barat,Bogor,2023,6,2023-06,275653,9188,synthetic_prototype
STA-014,tanjungbarat,Tanjung Barat,Bogor,2023,7,2023-07,273545,8824,synthetic_prototype
STA-014,tanjungbarat,Tanjung Barat,Bogor,2023,8,2023-08,286561,9244,synthetic_prototype
STA-014,tanjungbarat,Tanjung Barat,Bogor,2023,9,2023-09,316755,10558,synthetic_prototype
STA-014,tanjungbarat,Tanjung Barat,Bogor,2023,10,2023-10,318896,10287,synthetic_prototype
STA-014,tanjungbarat,Tanjung Barat,Bogor,2023,11,2023-11,321031,10701,synthetic_prototype
STA-014,tanjungbarat,Tanjung Barat,Bogor,2023,12,2023-12,296891,9577,synthetic_prototype
STA-015,lentengagung,Lenteng Agung,Bogor,2023,1,2023-01,258864,8350,synthetic_prototype
STA-015,lentengagung,Lenteng Agung,Bogor,2023,2,2023-02,261999,9357,synthetic_prototype
STA-015,lentengagung,Lenteng Agung,Bogor,2023,3,2023-03,280142,9037,synthetic_prototype
STA-015,lentengagung,Lenteng Agung,Bogor,2023,4,2023-04,266949,8898,synthetic_prototype
STA-015,lentengagung,Lenteng Agung,Bogor,2023,5,2023-05,298269,9622,synthetic_prototype
STA-015,lentengagung,Lenteng Agung,Bogor,2023,6,2023-06,270886,9030,synthetic_prototype
STA-015,lentengagung,Lenteng Agung,Bogor,2023,7,2023-07,264323,8527,synthetic_prototype
STA-015,lentengagung,Lenteng Agung,Bogor,2023,8,2023-08,306090,9874,synthetic_prototype
STA-015,lentengagung,Lenteng Agung,Bogor,2023,9,2023-09,305160,10172,synthetic_prototype
STA-015,lentengagung,Lenteng Agung,Bogor,2023,10,2023-10,331956,10708,synthetic_prototype
STA-015,lentengagung,Lenteng Agung,Bogor,2023,11,2023-11,307521,10251,synthetic_prototype
STA-015,lentengagung,Lenteng Agung,Bogor,2023,12,2023-12,305979,9870,synthetic_prototype
STA-016,univpancasila,Universitas Pancasila,Bogor,2023,1,2023-01,125054,4034,synthetic_prototype
STA-016,univpancasila,Universitas Pancasila,Bogor,2023,2,2023-02,121745,4348,synthetic_prototype
STA-016,univpancasila,Universitas Pancasila,Bogor,2023,3,2023-03,129749,4185,synthetic_prototype
STA-016,univpancasila,Universitas Pancasila,Bogor,2023,4,2023-04,131263,4375,synthetic_prototype
STA-016,univpancasila,Universitas Pancasila,Bogor,2023,5,2023-05,138375,4464,synthetic_prototype
STA-016,univpancasila,Universitas Pancasila,Bogor,2023,6,2023-06,128273,4276,synthetic_prototype
STA-016,univpancasila,Universitas Pancasila,Bogor,2023,7,2023-07,124310,4010,synthetic_prototype
STA-016,univpancasila,Universitas Pancasila,Bogor,2023,8,2023-08,137864,4447,synthetic_prototype
STA-016,univpancasila,Universitas Pancasila,Bogor,2023,9,2023-09,137513,4584,synthetic_prototype
STA-016,univpancasila,Universitas Pancasila,Bogor,2023,10,2023-10,137529,4436,synthetic_prototype
STA-016,univpancasila,Universitas Pancasila,Bogor,2023,11,2023-11,142454,4748,synthetic_prototype
STA-016,univpancasila,Universitas Pancasila,Bogor,2023,12,2023-12,133190,4296,synthetic_prototype
STA-017,univindonesia,Universitas Indonesia,Bogor,2023,1,2023-01,263669,8505,synthetic_prototype
STA-017,univindonesia,Universitas Indonesia,Bogor,2023,2,2023-02,256683,9167,synthetic_prototype
STA-017,univindonesia,Universitas Indonesia,Bogor,2023,3,2023-03,292490,9435,synthetic_prototype
STA-017,univindonesia,Universitas Indonesia,Bogor,2023,4,2023-04,280207,9340,synthetic_prototype
STA-017,univindonesia,Universitas Indonesia,Bogor,2023,5,2023-05,288614,9310,synthetic_prototype
STA-017,univindonesia,Universitas Indonesia,Bogor,2023,6,2023-06,268883,8963,synthetic_prototype
STA-017,univindonesia,Universitas Indonesia,Bogor,2023,7,2023-07,262038,8453,synthetic_prototype
STA-017,univindonesia,Universitas Indonesia,Bogor,2023,8,2023-08,282741,9121,synthetic_prototype
STA-017,univindonesia,Universitas Indonesia,Bogor,2023,9,2023-09,309366,10312,synthetic_prototype
STA-017,univindonesia,Universitas Indonesia,Bogor,2023,10,2023-10,320753,10347,synthetic_prototype
STA-017,univindonesia,Universitas Indonesia,Bogor,2023,11,2023-11,324276,10809,synthetic_prototype
STA-017,univindonesia,Universitas Indonesia,Bogor,2023,12,2023-12,287586,9277,synthetic_prototype
STA-018,pondokcina,Pondok Cina,Bogor,2023,1,2023-01,247023,7968,synthetic_prototype
STA-018,pondokcina,Pondok Cina,Bogor,2023,2,2023-02,260010,9286,synthetic_prototype
STA-018,pondokcina,Pondok Cina,Bogor,2023,3,2023-03,296462,9563,synthetic_prototype
STA-018,pondokcina,Pondok Cina,Bogor,2023,4,2023-04,281625,9388,synthetic_prototype
STA-018,pondokcina,Pondok Cina,Bogor,2023,5,2023-05,305356,9850,synthetic_prototype
STA-018,pondokcina,Pondok Cina,Bogor,2023,6,2023-06,308423,10281,synthetic_prototype
STA-018,pondokcina,Pondok Cina,Bogor,2023,7,2023-07,267400,8626,synthetic_prototype
STA-018,pondokcina,Pondok Cina,Bogor,2023,8,2023-08,309745,9992,synthetic_prototype
STA-018,pondokcina,Pondok Cina,Bogor,2023,9,2023-09,316640,10555,synthetic_prototype
STA-018,pondokcina,Pondok Cina,Bogor,2023,10,2023-10,321890,10384,synthetic_prototype
STA-018,pondokcina,Pondok Cina,Bogor,2023,11,2023-11,306891,10230,synthetic_prototype
STA-018,pondokcina,Pondok Cina,Bogor,2023,12,2023-12,284331,9172,synthetic_prototype
STA-019,depokbaru,Depok Baru,Bogor,2023,1,2023-01,506697,16345,synthetic_prototype
STA-019,depokbaru,Depok Baru,Bogor,2023,2,2023-02,535171,19113,synthetic_prototype
STA-019,depokbaru,Depok Baru,Bogor,2023,3,2023-03,569677,18377,synthetic_prototype
STA-019,depokbaru,Depok Baru,Bogor,2023,4,2023-04,553715,18457,synthetic_prototype
STA-019,depokbaru,Depok Baru,Bogor,2023,5,2023-05,653787,21090,synthetic_prototype
STA-019,depokbaru,Depok Baru,Bogor,2023,6,2023-06,494559,16485,synthetic_prototype
STA-019,depokbaru,Depok Baru,Bogor,2023,7,2023-07,537213,17329,synthetic_prototype
STA-019,depokbaru,Depok Baru,Bogor,2023,8,2023-08,554349,17882,synthetic_prototype
STA-019,depokbaru,Depok Baru,Bogor,2023,9,2023-09,598488,19950,synthetic_prototype
STA-019,depokbaru,Depok Baru,Bogor,2023,10,2023-10,654762,21121,synthetic_prototype
STA-019,depokbaru,Depok Baru,Bogor,2023,11,2023-11,623221,20774,synthetic_prototype
STA-019,depokbaru,Depok Baru,Bogor,2023,12,2023-12,528115,17036,synthetic_prototype
STA-020,depok,Depok,Bogor,2023,1,2023-01,507900,16384,synthetic_prototype
STA-020,depok,Depok,Bogor,2023,2,2023-02,554976,19821,synthetic_prototype
STA-020,depok,Depok,Bogor,2023,3,2023-03,563983,18193,synthetic_prototype
STA-020,depok,Depok,Bogor,2023,4,2023-04,556686,18556,synthetic_prototype
STA-020,depok,Depok,Bogor,2023,5,2023-05,599475,19338,synthetic_prototype
STA-020,depok,Depok,Bogor,2023,6,2023-06,520548,17352,synthetic_prototype
STA-020,depok,Depok,Bogor,2023,7,2023-07,567699,18313,synthetic_prototype
STA-020,depok,Depok,Bogor,2023,8,2023-08,607601,19600,synthetic_prototype
STA-020,depok,Depok,Bogor,2023,9,2023-09,560590,18686,synthetic_prototype
STA-020,depok,Depok,Bogor,2023,10,2023-10,632112,20391,synthetic_prototype
STA-020,depok,Depok,Bogor,2023,11,2023-11,605167,20172,synthetic_prototype
STA-020,depok,Depok,Bogor,2023,12,2023-12,570726,18411,synthetic_prototype
STA-021,citayam,Citayam,Bogor,2023,1,2023-01,1012570,32664,synthetic_prototype
STA-021,citayam,Citayam,Bogor,2023,2,2023-02,1075619,38415,synthetic_prototype
STA-021,citayam,Citayam,Bogor,2023,3,2023-03,1185382,38238,synthetic_prototype
STA-021,citayam,Citayam,Bogor,2023,4,2023-04,1142042,38068,synthetic_prototype
STA-021,citayam,Citayam,Bogor,2023,5,2023-05,1139310,36752,synthetic_prototype
STA-021,citayam,Citayam,Bogor,2023,6,2023-06,1054656,35155,synthetic_prototype
STA-021,citayam,Citayam,Bogor,2023,7,2023-07,1025854,33092,synthetic_prototype
STA-021,citayam,Citayam,Bogor,2023,8,2023-08,1154178,37232,synthetic_prototype
STA-021,citayam,Citayam,Bogor,2023,9,2023-09,1306162,43539,synthetic_prototype
STA-021,citayam,Citayam,Bogor,2023,10,2023-10,1275193,41135,synthetic_prototype
STA-021,citayam,Citayam,Bogor,2023,11,2023-11,1180542,39351,synthetic_prototype
STA-021,citayam,Citayam,Bogor,2023,12,2023-12,1144342,36914,synthetic_prototype
STA-022,bojonggede,Bojonggede,Bogor,2023,1,2023-01,567244,18298,synthetic_prototype
STA-022,bojonggede,Bojonggede,Bogor,2023,2,2023-02,562602,20093,synthetic_prototype
STA-022,bojonggede,Bojonggede,Bogor,2023,3,2023-03,545648,17602,synthetic_prototype
STA-022,bojonggede,Bojonggede,Bogor,2023,4,2023-04,541218,18041,synthetic_prototype
STA-022,bojonggede,Bojonggede,Bogor,2023,5,2023-05,628708,20281,synthetic_prototype
STA-022,bojonggede,Bojonggede,Bogor,2023,6,2023-06,519350,17312,synthetic_prototype
STA-022,bojonggede,Bojonggede,Bogor,2023,7,2023-07,532142,17166,synthetic_prototype
STA-022,bojonggede,Bojonggede,Bogor,2023,8,2023-08,610936,19708,synthetic_prototype
STA-022,bojonggede,Bojonggede,Bogor,2023,9,2023-09,587386,19580,synthetic_prototype
STA-022,bojonggede,Bojonggede,Bogor,2023,10,2023-10,625938,20192,synthetic_prototype
STA-022,bojonggede,Bojonggede,Bogor,2023,11,2023-11,541029,18034,synthetic_prototype
STA-022,bojonggede,Bojonggede,Bogor,2023,12,2023-12,529293,17074,synthetic_prototype
STA-023,cilebut,Cilebut,Bogor,2023,1,2023-01,258789,8348,synthetic_prototype
STA-023,cilebut,Cilebut,Bogor,2023,2,2023-02,256661,9166,synthetic_prototype
STA-023,cilebut,Cilebut,Bogor,2023,3,2023-03,309445,9982,synthetic_prototype
STA-023,cilebut,Cilebut,Bogor,2023,4,2023-04,260168,8672,synthetic_prototype
STA-023,cilebut,Cilebut,Bogor,2023,5,2023-05,293926,9481,synthetic_prototype
STA-023,cilebut,Cilebut,Bogor,2023,6,2023-06,268637,8955,synthetic_prototype
STA-023,cilebut,Cilebut,Bogor,2023,7,2023-07,276501,8919,synthetic_prototype
STA-023,cilebut,Cilebut,Bogor,2023,8,2023-08,279270,9009,synthetic_prototype
STA-023,cilebut,Cilebut,Bogor,2023,9,2023-09,319192,10640,synthetic_prototype
STA-023,cilebut,Cilebut,Bogor,2023,10,2023-10,313844,10124,synthetic_prototype
STA-023,cilebut,Cilebut,Bogor,2023,11,2023-11,298608,9954,synthetic_prototype
STA-023,cilebut,Cilebut,Bogor,2023,12,2023-12,281054,9066,synthetic_prototype
STA-024,bogor,Bogor,Bogor,2023,1,2023-01,1054047,34002,synthetic_prototype
STA-024,bogor,Bogor,Bogor,2023,2,2023-02,1054635,37666,synthetic_prototype
STA-024,bogor,Bogor,Bogor,2023,3,2023-03,1165156,37586,synthetic_prototype
STA-024,bogor,Bogor,Bogor,2023,4,2023-04,1086803,36227,synthetic_prototype
STA-024,bogor,Bogor,Bogor,2023,5,2023-05,1202203,38781,synthetic_prototype
STA-024,bogor,Bogor,Bogor,2023,6,2023-06,1097270,36576,synthetic_prototype
STA-024,bogor,Bogor,Bogor,2023,7,2023-07,1112062,35873,synthetic_prototype
STA-024,bogor,Bogor,Bogor,2023,8,2023-08,1126470,36338,synthetic_prototype
STA-024,bogor,Bogor,Bogor,2023,9,2023-09,1324100,44137,synthetic_prototype
STA-024,bogor,Bogor,Bogor,2023,10,2023-10,1156880,37319,synthetic_prototype
STA-024,bogor,Bogor,Bogor,2023,11,2023-11,1235697,41190,synthetic_prototype
STA-024,bogor,Bogor,Bogor,2023,12,2023-12,1129792,36445,synthetic_prototype
STA-001,jakartakota,Jakarta Kota,Bogor,2024,1,2024-01,1120923,36159,synthetic_prototype
STA-001,jakartakota,Jakarta Kota,Bogor,2024,2,2024-02,1116883,39889,synthetic_prototype
STA-001,jakartakota,Jakarta Kota,Bogor,2024,3,2024-03,1221373,39399,synthetic_prototype
STA-001,jakartakota,Jakarta Kota,Bogor,2024,4,2024-04,1146972,38232,synthetic_prototype
STA-001,jakartakota,Jakarta Kota,Bogor,2024,5,2024-05,1238669,39957,synthetic_prototype
STA-001,jakartakota,Jakarta Kota,Bogor,2024,6,2024-06,1171604,39053,synthetic_prototype
STA-001,jakartakota,Jakarta Kota,Bogor,2024,7,2024-07,1124293,36268,synthetic_prototype
STA-001,jakartakota,Jakarta Kota,Bogor,2024,8,2024-08,1221440,39401,synthetic_prototype
STA-001,jakartakota,Jakarta Kota,Bogor,2024,9,2024-09,1339743,44658,synthetic_prototype
STA-001,jakartakota,Jakarta Kota,Bogor,2024,10,2024-10,1346507,43436,synthetic_prototype
STA-001,jakartakota,Jakarta Kota,Bogor,2024,11,2024-11,1360689,45356,synthetic_prototype
STA-001,jakartakota,Jakarta Kota,Bogor,2024,12,2024-12,1199513,38694,synthetic_prototype
STA-002,jayakarta,Jayakarta,Bogor,2024,1,2024-01,125032,4033,synthetic_prototype
STA-002,jayakarta,Jayakarta,Bogor,2024,2,2024-02,130637,4666,synthetic_prototype
STA-002,jayakarta,Jayakarta,Bogor,2024,3,2024-03,147984,4774,synthetic_prototype
STA-002,jayakarta,Jayakarta,Bogor,2024,4,2024-04,139838,4661,synthetic_prototype
STA-002,jayakarta,Jayakarta,Bogor,2024,5,2024-05,147876,4770,synthetic_prototype
STA-002,jayakarta,Jayakarta,Bogor,2024,6,2024-06,132815,4427,synthetic_prototype
STA-002,jayakarta,Jayakarta,Bogor,2024,7,2024-07,135929,4385,synthetic_prototype
STA-002,jayakarta,Jayakarta,Bogor,2024,8,2024-08,143095,4616,synthetic_prototype
STA-002,jayakarta,Jayakarta,Bogor,2024,9,2024-09,154176,5139,synthetic_prototype
STA-002,jayakarta,Jayakarta,Bogor,2024,10,2024-10,153929,4965,synthetic_prototype
STA-002,jayakarta,Jayakarta,Bogor,2024,11,2024-11,152409,5080,synthetic_prototype
STA-002,jayakarta,Jayakarta,Bogor,2024,12,2024-12,142504,4597,synthetic_prototype
STA-003,manggabesar,Mangga Besar,Bogor,2024,1,2024-01,133590,4309,synthetic_prototype
STA-003,manggabesar,Mangga Besar,Bogor,2024,2,2024-02,137979,4928,synthetic_prototype
STA-003,manggabesar,Mangga Besar,Bogor,2024,3,2024-03,151193,4877,synthetic_prototype
STA-003,manggabesar,Mangga Besar,Bogor,2024,4,2024-04,136620,4554,synthetic_prototype
STA-003,manggabesar,Mangga Besar,Bogor,2024,5,2024-05,152037,4904,synthetic_prototype
STA-003,manggabesar,Mangga Besar,Bogor,2024,6,2024-06,130554,4352,synthetic_prototype
STA-003,manggabesar,Mangga Besar,Bogor,2024,7,2024-07,130997,4226,synthetic_prototype
STA-003,manggabesar,Mangga Besar,Bogor,2024,8,2024-08,145800,4703,synthetic_prototype
STA-003,manggabesar,Mangga Besar,Bogor,2024,9,2024-09,151459,5049,synthetic_prototype
STA-003,manggabesar,Mangga Besar,Bogor,2024,10,2024-10,158879,5125,synthetic_prototype
STA-003,manggabesar,Mangga Besar,Bogor,2024,11,2024-11,148716,4957,synthetic_prototype
STA-003,manggabesar,Mangga Besar,Bogor,2024,12,2024-12,147930,4772,synthetic_prototype
STA-004,sawahbesar,Sawah Besar,Bogor,2024,1,2024-01,124116,4004,synthetic_prototype
STA-004,sawahbesar,Sawah Besar,Bogor,2024,2,2024-02,127141,4541,synthetic_prototype
STA-004,sawahbesar,Sawah Besar,Bogor,2024,3,2024-03,150346,4850,synthetic_prototype
STA-004,sawahbesar,Sawah Besar,Bogor,2024,4,2024-04,140827,4694,synthetic_prototype
STA-004,sawahbesar,Sawah Besar,Bogor,2024,5,2024-05,151695,4893,synthetic_prototype
STA-004,sawahbesar,Sawah Besar,Bogor,2024,6,2024-06,135517,4517,synthetic_prototype
STA-004,sawahbesar,Sawah Besar,Bogor,2024,7,2024-07,129257,4170,synthetic_prototype
STA-004,sawahbesar,Sawah Besar,Bogor,2024,8,2024-08,141303,4558,synthetic_prototype
STA-004,sawahbesar,Sawah Besar,Bogor,2024,9,2024-09,151331,5044,synthetic_prototype
STA-004,sawahbesar,Sawah Besar,Bogor,2024,10,2024-10,150981,4870,synthetic_prototype
STA-004,sawahbesar,Sawah Besar,Bogor,2024,11,2024-11,159745,5325,synthetic_prototype
STA-004,sawahbesar,Sawah Besar,Bogor,2024,12,2024-12,135702,4377,synthetic_prototype
STA-005,juanda,Juanda,Bogor,2024,1,2024-01,267965,8644,synthetic_prototype
STA-005,juanda,Juanda,Bogor,2024,2,2024-02,282672,10095,synthetic_prototype
STA-005,juanda,Juanda,Bogor,2024,3,2024-03,312992,10097,synthetic_prototype
STA-005,juanda,Juanda,Bogor,2024,4,2024-04,285915,9530,synthetic_prototype
STA-005,juanda,Juanda,Bogor,2024,5,2024-05,306713,9894,synthetic_prototype
STA-005,juanda,Juanda,Bogor,2024,6,2024-06,286035,9534,synthetic_prototype
STA-005,juanda,Juanda,Bogor,2024,7,2024-07,279831,9027,synthetic_prototype
STA-005,juanda,Juanda,Bogor,2024,8,2024-08,307696,9926,synthetic_prototype
STA-005,juanda,Juanda,Bogor,2024,9,2024-09,317210,10574,synthetic_prototype
STA-005,juanda,Juanda,Bogor,2024,10,2024-10,335625,10827,synthetic_prototype
STA-005,juanda,Juanda,Bogor,2024,11,2024-11,310376,10346,synthetic_prototype
STA-005,juanda,Juanda,Bogor,2024,12,2024-12,276043,8905,synthetic_prototype
STA-006,gondangdia,Gondangdia,Bogor,2024,1,2024-01,269152,8682,synthetic_prototype
STA-006,gondangdia,Gondangdia,Bogor,2024,2,2024-02,283908,10140,synthetic_prototype
STA-006,gondangdia,Gondangdia,Bogor,2024,3,2024-03,311735,10056,synthetic_prototype
STA-006,gondangdia,Gondangdia,Bogor,2024,4,2024-04,309773,10326,synthetic_prototype
STA-006,gondangdia,Gondangdia,Bogor,2024,5,2024-05,328024,10581,synthetic_prototype
STA-006,gondangdia,Gondangdia,Bogor,2024,6,2024-06,281461,9382,synthetic_prototype
STA-006,gondangdia,Gondangdia,Bogor,2024,7,2024-07,276905,8932,synthetic_prototype
STA-006,gondangdia,Gondangdia,Bogor,2024,8,2024-08,301470,9725,synthetic_prototype
STA-006,gondangdia,Gondangdia,Bogor,2024,9,2024-09,323062,10769,synthetic_prototype
STA-006,gondangdia,Gondangdia,Bogor,2024,10,2024-10,328699,10603,synthetic_prototype
STA-006,gondangdia,Gondangdia,Bogor,2024,11,2024-11,333713,11124,synthetic_prototype
STA-006,gondangdia,Gondangdia,Bogor,2024,12,2024-12,282832,9124,synthetic_prototype
STA-007,cikini,Cikini,Bogor,2024,1,2024-01,282872,9125,synthetic_prototype
STA-007,cikini,Cikini,Bogor,2024,2,2024-02,303909,10854,synthetic_prototype
STA-007,cikini,Cikini,Bogor,2024,3,2024-03,306567,9889,synthetic_prototype
STA-007,cikini,Cikini,Bogor,2024,4,2024-04,297211,9907,synthetic_prototype
STA-007,cikini,Cikini,Bogor,2024,5,2024-05,325898,10513,synthetic_prototype
STA-007,cikini,Cikini,Bogor,2024,6,2024-06,278727,9291,synthetic_prototype
STA-007,cikini,Cikini,Bogor,2024,7,2024-07,279600,9019,synthetic_prototype
STA-007,cikini,Cikini,Bogor,2024,8,2024-08,314223,10136,synthetic_prototype
STA-007,cikini,Cikini,Bogor,2024,9,2024-09,324565,10819,synthetic_prototype
STA-007,cikini,Cikini,Bogor,2024,10,2024-10,322257,10395,synthetic_prototype
STA-007,cikini,Cikini,Bogor,2024,11,2024-11,329783,10993,synthetic_prototype
STA-007,cikini,Cikini,Bogor,2024,12,2024-12,298338,9624,synthetic_prototype
STA-008,manggarai,Manggarai,Bogor,2024,1,2024-01,1172805,37832,synthetic_prototype
STA-008,manggarai,Manggarai,Bogor,2024,2,2024-02,1189363,42477,synthetic_prototype
STA-008,manggarai,Manggarai,Bogor,2024,3,2024-03,1337703,43152,synthetic_prototype
STA-008,manggarai,Manggarai,Bogor,2024,4,2024-04,1134132,37804,synthetic_prototype
STA-008,manggarai,Manggarai,Bogor,2024,5,2024-05,1312839,42350,synthetic_prototype
STA-008,manggarai,Manggarai,Bogor,2024,6,2024-06,1141406,38047,synthetic_prototype
STA-008,manggarai,Manggarai,Bogor,2024,7,2024-07,1205556,38889,synthetic_prototype
STA-008,manggarai,Manggarai,Bogor,2024,8,2024-08,1215642,39214,synthetic_prototype
STA-008,manggarai,Manggarai,Bogor,2024,9,2024-09,1249770,41659,synthetic_prototype
STA-008,manggarai,Manggarai,Bogor,2024,10,2024-10,1298265,41880,synthetic_prototype
STA-008,manggarai,Manggarai,Bogor,2024,11,2024-11,1205882,40196,synthetic_prototype
STA-008,manggarai,Manggarai,Bogor,2024,12,2024-12,1145439,36950,synthetic_prototype
STA-009,tebet,Tebet,Bogor,2024,1,2024-01,537402,17336,synthetic_prototype
STA-009,tebet,Tebet,Bogor,2024,2,2024-02,576151,20577,synthetic_prototype
STA-009,tebet,Tebet,Bogor,2024,3,2024-03,624231,20136,synthetic_prototype
STA-009,tebet,Tebet,Bogor,2024,4,2024-04,628926,20964,synthetic_prototype
STA-009,tebet,Tebet,Bogor,2024,5,2024-05,658401,21239,synthetic_prototype
STA-009,tebet,Tebet,Bogor,2024,6,2024-06,553474,18449,synthetic_prototype
STA-009,tebet,Tebet,Bogor,2024,7,2024-07,534314,17236,synthetic_prototype
STA-009,tebet,Tebet,Bogor,2024,8,2024-08,640489,20661,synthetic_prototype
STA-009,tebet,Tebet,Bogor,2024,9,2024-09,612457,20415,synthetic_prototype
STA-009,tebet,Tebet,Bogor,2024,10,2024-10,713801,23026,synthetic_prototype
STA-009,tebet,Tebet,Bogor,2024,11,2024-11,690006,23000,synthetic_prototype
STA-009,tebet,Tebet,Bogor,2024,12,2024-12,574043,18518,synthetic_prototype
STA-010,cawang,Cawang,Bogor,2024,1,2024-01,516253,16653,synthetic_prototype
STA-010,cawang,Cawang,Bogor,2024,2,2024-02,603721,21561,synthetic_prototype
STA-010,cawang,Cawang,Bogor,2024,3,2024-03,612992,19774,synthetic_prototype
STA-010,cawang,Cawang,Bogor,2024,4,2024-04,613988,20466,synthetic_prototype
STA-010,cawang,Cawang,Bogor,2024,5,2024-05,593834,19156,synthetic_prototype
STA-010,cawang,Cawang,Bogor,2024,6,2024-06,552965,18432,synthetic_prototype
STA-010,cawang,Cawang,Bogor,2024,7,2024-07,554348,17882,synthetic_prototype
STA-010,cawang,Cawang,Bogor,2024,8,2024-08,629310,20300,synthetic_prototype
STA-010,cawang,Cawang,Bogor,2024,9,2024-09,634963,21165,synthetic_prototype
STA-010,cawang,Cawang,Bogor,2024,10,2024-10,681648,21989,synthetic_prototype
STA-010,cawang,Cawang,Bogor,2024,11,2024-11,630781,21026,synthetic_prototype
STA-010,cawang,Cawang,Bogor,2024,12,2024-12,581690,18764,synthetic_prototype
STA-011,durenkalibata,Duren Kalibata,Bogor,2024,1,2024-01,278449,8982,synthetic_prototype
STA-011,durenkalibata,Duren Kalibata,Bogor,2024,2,2024-02,292245,10437,synthetic_prototype
STA-011,durenkalibata,Duren Kalibata,Bogor,2024,3,2024-03,316671,10215,synthetic_prototype
STA-011,durenkalibata,Duren Kalibata,Bogor,2024,4,2024-04,279352,9312,synthetic_prototype
STA-011,durenkalibata,Duren Kalibata,Bogor,2024,5,2024-05,297682,9603,synthetic_prototype
STA-011,durenkalibata,Duren Kalibata,Bogor,2024,6,2024-06,297751,9925,synthetic_prototype
STA-011,durenkalibata,Duren Kalibata,Bogor,2024,7,2024-07,280799,9058,synthetic_prototype
STA-011,durenkalibata,Duren Kalibata,Bogor,2024,8,2024-08,304661,9828,synthetic_prototype
STA-011,durenkalibata,Duren Kalibata,Bogor,2024,9,2024-09,343361,11445,synthetic_prototype
STA-011,durenkalibata,Duren Kalibata,Bogor,2024,10,2024-10,334077,10777,synthetic_prototype
STA-011,durenkalibata,Duren Kalibata,Bogor,2024,11,2024-11,345001,11500,synthetic_prototype
STA-011,durenkalibata,Duren Kalibata,Bogor,2024,12,2024-12,293301,9461,synthetic_prototype
STA-012,pasarminggu,Pasar Minggu,Bogor,2024,1,2024-01,599917,19352,synthetic_prototype
STA-012,pasarminggu,Pasar Minggu,Bogor,2024,2,2024-02,612918,21890,synthetic_prototype
STA-012,pasarminggu,Pasar Minggu,Bogor,2024,3,2024-03,609680,19667,synthetic_prototype
STA-012,pasarminggu,Pasar Minggu,Bogor,2024,4,2024-04,607758,20259,synthetic_prototype
STA-012,pasarminggu,Pasar Minggu,Bogor,2024,5,2024-05,650662,20989,synthetic_prototype
STA-012,pasarminggu,Pasar Minggu,Bogor,2024,6,2024-06,597564,19919,synthetic_prototype
STA-012,pasarminggu,Pasar Minggu,Bogor,2024,7,2024-07,532840,17188,synthetic_prototype
STA-012,pasarminggu,Pasar Minggu,Bogor,2024,8,2024-08,645366,20818,synthetic_prototype
STA-012,pasarminggu,Pasar Minggu,Bogor,2024,9,2024-09,673979,22466,synthetic_prototype
STA-012,pasarminggu,Pasar Minggu,Bogor,2024,10,2024-10,618290,19945,synthetic_prototype
STA-012,pasarminggu,Pasar Minggu,Bogor,2024,11,2024-11,627733,20924,synthetic_prototype
STA-012,pasarminggu,Pasar Minggu,Bogor,2024,12,2024-12,537302,17332,synthetic_prototype
STA-013,pasarminggubaru,Pasar Minggu Baru,Bogor,2024,1,2024-01,274129,8843,synthetic_prototype
STA-013,pasarminggubaru,Pasar Minggu Baru,Bogor,2024,2,2024-02,294572,10520,synthetic_prototype
STA-013,pasarminggubaru,Pasar Minggu Baru,Bogor,2024,3,2024-03,326410,10529,synthetic_prototype
STA-013,pasarminggubaru,Pasar Minggu Baru,Bogor,2024,4,2024-04,293378,9779,synthetic_prototype
STA-013,pasarminggubaru,Pasar Minggu Baru,Bogor,2024,5,2024-05,337804,10897,synthetic_prototype
STA-013,pasarminggubaru,Pasar Minggu Baru,Bogor,2024,6,2024-06,267636,8921,synthetic_prototype
STA-013,pasarminggubaru,Pasar Minggu Baru,Bogor,2024,7,2024-07,258234,8330,synthetic_prototype
STA-013,pasarminggubaru,Pasar Minggu Baru,Bogor,2024,8,2024-08,313367,10109,synthetic_prototype
STA-013,pasarminggubaru,Pasar Minggu Baru,Bogor,2024,9,2024-09,328268,10942,synthetic_prototype
STA-013,pasarminggubaru,Pasar Minggu Baru,Bogor,2024,10,2024-10,332104,10713,synthetic_prototype
STA-013,pasarminggubaru,Pasar Minggu Baru,Bogor,2024,11,2024-11,302214,10074,synthetic_prototype
STA-013,pasarminggubaru,Pasar Minggu Baru,Bogor,2024,12,2024-12,291468,9402,synthetic_prototype
STA-014,tanjungbarat,Tanjung Barat,Bogor,2024,1,2024-01,262656,8473,synthetic_prototype
STA-014,tanjungbarat,Tanjung Barat,Bogor,2024,2,2024-02,294023,10501,synthetic_prototype
STA-014,tanjungbarat,Tanjung Barat,Bogor,2024,3,2024-03,312421,10078,synthetic_prototype
STA-014,tanjungbarat,Tanjung Barat,Bogor,2024,4,2024-04,281514,9384,synthetic_prototype
STA-014,tanjungbarat,Tanjung Barat,Bogor,2024,5,2024-05,310625,10020,synthetic_prototype
STA-014,tanjungbarat,Tanjung Barat,Bogor,2024,6,2024-06,271272,9042,synthetic_prototype
STA-014,tanjungbarat,Tanjung Barat,Bogor,2024,7,2024-07,276421,8917,synthetic_prototype
STA-014,tanjungbarat,Tanjung Barat,Bogor,2024,8,2024-08,326063,10518,synthetic_prototype
STA-014,tanjungbarat,Tanjung Barat,Bogor,2024,9,2024-09,310554,10352,synthetic_prototype
STA-014,tanjungbarat,Tanjung Barat,Bogor,2024,10,2024-10,339243,10943,synthetic_prototype
STA-014,tanjungbarat,Tanjung Barat,Bogor,2024,11,2024-11,322472,10749,synthetic_prototype
STA-014,tanjungbarat,Tanjung Barat,Bogor,2024,12,2024-12,283234,9137,synthetic_prototype
STA-015,lentengagung,Lenteng Agung,Bogor,2024,1,2024-01,275929,8901,synthetic_prototype
STA-015,lentengagung,Lenteng Agung,Bogor,2024,2,2024-02,274495,9803,synthetic_prototype
STA-015,lentengagung,Lenteng Agung,Bogor,2024,3,2024-03,301087,9712,synthetic_prototype
STA-015,lentengagung,Lenteng Agung,Bogor,2024,4,2024-04,278495,9283,synthetic_prototype
STA-015,lentengagung,Lenteng Agung,Bogor,2024,5,2024-05,342067,11034,synthetic_prototype
STA-015,lentengagung,Lenteng Agung,Bogor,2024,6,2024-06,283673,9456,synthetic_prototype
STA-015,lentengagung,Lenteng Agung,Bogor,2024,7,2024-07,269359,8689,synthetic_prototype
STA-015,lentengagung,Lenteng Agung,Bogor,2024,8,2024-08,316753,10218,synthetic_prototype
STA-015,lentengagung,Lenteng Agung,Bogor,2024,9,2024-09,321849,10728,synthetic_prototype
STA-015,lentengagung,Lenteng Agung,Bogor,2024,10,2024-10,329600,10632,synthetic_prototype
STA-015,lentengagung,Lenteng Agung,Bogor,2024,11,2024-11,337553,11252,synthetic_prototype
STA-015,lentengagung,Lenteng Agung,Bogor,2024,12,2024-12,301374,9722,synthetic_prototype
STA-016,univpancasila,Universitas Pancasila,Bogor,2024,1,2024-01,126576,4083,synthetic_prototype
STA-016,univpancasila,Universitas Pancasila,Bogor,2024,2,2024-02,130553,4663,synthetic_prototype
STA-016,univpancasila,Universitas Pancasila,Bogor,2024,3,2024-03,142108,4584,synthetic_prototype
STA-016,univpancasila,Universitas Pancasila,Bogor,2024,4,2024-04,123936,4131,synthetic_prototype
STA-016,univpancasila,Universitas Pancasila,Bogor,2024,5,2024-05,139030,4485,synthetic_prototype
STA-016,univpancasila,Universitas Pancasila,Bogor,2024,6,2024-06,139422,4647,synthetic_prototype
STA-016,univpancasila,Universitas Pancasila,Bogor,2024,7,2024-07,137829,4446,synthetic_prototype
STA-016,univpancasila,Universitas Pancasila,Bogor,2024,8,2024-08,145103,4681,synthetic_prototype
STA-016,univpancasila,Universitas Pancasila,Bogor,2024,9,2024-09,154353,5145,synthetic_prototype
STA-016,univpancasila,Universitas Pancasila,Bogor,2024,10,2024-10,157117,5068,synthetic_prototype
STA-016,univpancasila,Universitas Pancasila,Bogor,2024,11,2024-11,172682,5756,synthetic_prototype
STA-016,univpancasila,Universitas Pancasila,Bogor,2024,12,2024-12,142618,4601,synthetic_prototype
STA-017,univindonesia,Universitas Indonesia,Bogor,2024,1,2024-01,275698,8893,synthetic_prototype
STA-017,univindonesia,Universitas Indonesia,Bogor,2024,2,2024-02,275408,9836,synthetic_prototype
STA-017,univindonesia,Universitas Indonesia,Bogor,2024,3,2024-03,288121,9294,synthetic_prototype
STA-017,univindonesia,Universitas Indonesia,Bogor,2024,4,2024-04,294892,9830,synthetic_prototype
STA-017,univindonesia,Universitas Indonesia,Bogor,2024,5,2024-05,307549,9921,synthetic_prototype
STA-017,univindonesia,Universitas Indonesia,Bogor,2024,6,2024-06,267158,8905,synthetic_prototype
STA-017,univindonesia,Universitas Indonesia,Bogor,2024,7,2024-07,269949,8708,synthetic_prototype
STA-017,univindonesia,Universitas Indonesia,Bogor,2024,8,2024-08,300477,9693,synthetic_prototype
STA-017,univindonesia,Universitas Indonesia,Bogor,2024,9,2024-09,345120,11504,synthetic_prototype
STA-017,univindonesia,Universitas Indonesia,Bogor,2024,10,2024-10,344266,11105,synthetic_prototype
STA-017,univindonesia,Universitas Indonesia,Bogor,2024,11,2024-11,329355,10978,synthetic_prototype
STA-017,univindonesia,Universitas Indonesia,Bogor,2024,12,2024-12,309827,9994,synthetic_prototype
STA-018,pondokcina,Pondok Cina,Bogor,2024,1,2024-01,277973,8967,synthetic_prototype
STA-018,pondokcina,Pondok Cina,Bogor,2024,2,2024-02,276488,9875,synthetic_prototype
STA-018,pondokcina,Pondok Cina,Bogor,2024,3,2024-03,326665,10538,synthetic_prototype
STA-018,pondokcina,Pondok Cina,Bogor,2024,4,2024-04,298816,9961,synthetic_prototype
STA-018,pondokcina,Pondok Cina,Bogor,2024,5,2024-05,303985,9806,synthetic_prototype
STA-018,pondokcina,Pondok Cina,Bogor,2024,6,2024-06,281117,9371,synthetic_prototype
STA-018,pondokcina,Pondok Cina,Bogor,2024,7,2024-07,267410,8626,synthetic_prototype
STA-018,pondokcina,Pondok Cina,Bogor,2024,8,2024-08,296693,9571,synthetic_prototype
STA-018,pondokcina,Pondok Cina,Bogor,2024,9,2024-09,335279,11176,synthetic_prototype
STA-018,pondokcina,Pondok Cina,Bogor,2024,10,2024-10,357937,11546,synthetic_prototype
STA-018,pondokcina,Pondok Cina,Bogor,2024,11,2024-11,311029,10368,synthetic_prototype
STA-018,pondokcina,Pondok Cina,Bogor,2024,12,2024-12,299098,9648,synthetic_prototype
STA-019,depokbaru,Depok Baru,Bogor,2024,1,2024-01,539807,17413,synthetic_prototype
STA-019,depokbaru,Depok Baru,Bogor,2024,2,2024-02,561547,20055,synthetic_prototype
STA-019,depokbaru,Depok Baru,Bogor,2024,3,2024-03,601221,19394,synthetic_prototype
STA-019,depokbaru,Depok Baru,Bogor,2024,4,2024-04,564804,18827,synthetic_prototype
STA-019,depokbaru,Depok Baru,Bogor,2024,5,2024-05,635518,20501,synthetic_prototype
STA-019,depokbaru,Depok Baru,Bogor,2024,6,2024-06,547717,18257,synthetic_prototype
STA-019,depokbaru,Depok Baru,Bogor,2024,7,2024-07,560227,18072,synthetic_prototype
STA-019,depokbaru,Depok Baru,Bogor,2024,8,2024-08,626867,20222,synthetic_prototype
STA-019,depokbaru,Depok Baru,Bogor,2024,9,2024-09,640423,21347,synthetic_prototype
STA-019,depokbaru,Depok Baru,Bogor,2024,10,2024-10,640934,20675,synthetic_prototype
STA-019,depokbaru,Depok Baru,Bogor,2024,11,2024-11,643718,21457,synthetic_prototype
STA-019,depokbaru,Depok Baru,Bogor,2024,12,2024-12,602699,19442,synthetic_prototype
STA-020,depok,Depok,Bogor,2024,1,2024-01,565337,18237,synthetic_prototype
STA-020,depok,Depok,Bogor,2024,2,2024-02,550312,19654,synthetic_prototype
STA-020,depok,Depok,Bogor,2024,3,2024-03,618260,19944,synthetic_prototype
STA-020,depok,Depok,Bogor,2024,4,2024-04,602605,20087,synthetic_prototype
STA-020,depok,Depok,Bogor,2024,5,2024-05,591932,19095,synthetic_prototype
STA-020,depok,Depok,Bogor,2024,6,2024-06,578861,19295,synthetic_prototype
STA-020,depok,Depok,Bogor,2024,7,2024-07,539542,17405,synthetic_prototype
STA-020,depok,Depok,Bogor,2024,8,2024-08,642466,20725,synthetic_prototype
STA-020,depok,Depok,Bogor,2024,9,2024-09,626863,20895,synthetic_prototype
STA-020,depok,Depok,Bogor,2024,10,2024-10,617063,19905,synthetic_prototype
STA-020,depok,Depok,Bogor,2024,11,2024-11,616023,20534,synthetic_prototype
STA-020,depok,Depok,Bogor,2024,12,2024-12,586148,18908,synthetic_prototype
STA-021,citayam,Citayam,Bogor,2024,1,2024-01,1119979,36128,synthetic_prototype
STA-021,citayam,Citayam,Bogor,2024,2,2024-02,1103980,39428,synthetic_prototype
STA-021,citayam,Citayam,Bogor,2024,3,2024-03,1263087,40745,synthetic_prototype
STA-021,citayam,Citayam,Bogor,2024,4,2024-04,1092283,36409,synthetic_prototype
STA-021,citayam,Citayam,Bogor,2024,5,2024-05,1265222,40814,synthetic_prototype
STA-021,citayam,Citayam,Bogor,2024,6,2024-06,1078208,35940,synthetic_prototype
STA-021,citayam,Citayam,Bogor,2024,7,2024-07,1079562,34825,synthetic_prototype
STA-021,citayam,Citayam,Bogor,2024,8,2024-08,1258641,40601,synthetic_prototype
STA-021,citayam,Citayam,Bogor,2024,9,2024-09,1248700,41623,synthetic_prototype
STA-021,citayam,Citayam,Bogor,2024,10,2024-10,1309696,42248,synthetic_prototype
STA-021,citayam,Citayam,Bogor,2024,11,2024-11,1370886,45696,synthetic_prototype
STA-021,citayam,Citayam,Bogor,2024,12,2024-12,1143046,36872,synthetic_prototype
STA-022,bojonggede,Bojonggede,Bogor,2024,1,2024-01,572758,18476,synthetic_prototype
STA-022,bojonggede,Bojonggede,Bogor,2024,2,2024-02,546826,19530,synthetic_prototype
STA-022,bojonggede,Bojonggede,Bogor,2024,3,2024-03,628863,20286,synthetic_prototype
STA-022,bojonggede,Bojonggede,Bogor,2024,4,2024-04,618756,20625,synthetic_prototype
STA-022,bojonggede,Bojonggede,Bogor,2024,5,2024-05,571578,18438,synthetic_prototype
STA-022,bojonggede,Bojonggede,Bogor,2024,6,2024-06,548489,18283,synthetic_prototype
STA-022,bojonggede,Bojonggede,Bogor,2024,7,2024-07,567025,18291,synthetic_prototype
STA-022,bojonggede,Bojonggede,Bogor,2024,8,2024-08,623028,20098,synthetic_prototype
STA-022,bojonggede,Bojonggede,Bogor,2024,9,2024-09,656203,21873,synthetic_prototype
STA-022,bojonggede,Bojonggede,Bogor,2024,10,2024-10,649010,20936,synthetic_prototype
STA-022,bojonggede,Bojonggede,Bogor,2024,11,2024-11,661202,22040,synthetic_prototype
STA-022,bojonggede,Bojonggede,Bogor,2024,12,2024-12,581379,18754,synthetic_prototype
STA-023,cilebut,Cilebut,Bogor,2024,1,2024-01,290060,9357,synthetic_prototype
STA-023,cilebut,Cilebut,Bogor,2024,2,2024-02,289267,10331,synthetic_prototype
STA-023,cilebut,Cilebut,Bogor,2024,3,2024-03,312064,10067,synthetic_prototype
STA-023,cilebut,Cilebut,Bogor,2024,4,2024-04,287692,9590,synthetic_prototype
STA-023,cilebut,Cilebut,Bogor,2024,5,2024-05,310958,10031,synthetic_prototype
STA-023,cilebut,Cilebut,Bogor,2024,6,2024-06,278372,9279,synthetic_prototype
STA-023,cilebut,Cilebut,Bogor,2024,7,2024-07,281488,9080,synthetic_prototype
STA-023,cilebut,Cilebut,Bogor,2024,8,2024-08,308776,9961,synthetic_prototype
STA-023,cilebut,Cilebut,Bogor,2024,9,2024-09,327049,10902,synthetic_prototype
STA-023,cilebut,Cilebut,Bogor,2024,10,2024-10,360145,11618,synthetic_prototype
STA-023,cilebut,Cilebut,Bogor,2024,11,2024-11,340940,11365,synthetic_prototype
STA-023,cilebut,Cilebut,Bogor,2024,12,2024-12,288696,9313,synthetic_prototype
STA-024,bogor,Bogor,Bogor,2024,1,2024-01,1161724,37475,synthetic_prototype
STA-024,bogor,Bogor,Bogor,2024,2,2024-02,1126716,40240,synthetic_prototype
STA-024,bogor,Bogor,Bogor,2024,3,2024-03,1131218,36491,synthetic_prototype
STA-024,bogor,Bogor,Bogor,2024,4,2024-04,1122865,37429,synthetic_prototype
STA-024,bogor,Bogor,Bogor,2024,5,2024-05,1173646,37860,synthetic_prototype
STA-024,bogor,Bogor,Bogor,2024,6,2024-06,1117164,37239,synthetic_prototype
STA-024,bogor,Bogor,Bogor,2024,7,2024-07,1109280,35783,synthetic_prototype
STA-024,bogor,Bogor,Bogor,2024,8,2024-08,1340501,43242,synthetic_prototype
STA-024,bogor,Bogor,Bogor,2024,9,2024-09,1310119,43671,synthetic_prototype
STA-024,bogor,Bogor,Bogor,2024,10,2024-10,1318499,42532,synthetic_prototype
STA-024,bogor,Bogor,Bogor,2024,11,2024-11,1361561,45385,synthetic_prototype
STA-024,bogor,Bogor,Bogor,2024,12,2024-12,1066560,34405,synthetic_prototype
STA-001,jakartakota,Jakarta Kota,Bogor,2025,1,2025-01,1186045,38260,synthetic_prototype
STA-001,jakartakota,Jakarta Kota,Bogor,2025,2,2025-02,1251575,44699,synthetic_prototype
STA-001,jakartakota,Jakarta Kota,Bogor,2025,3,2025-03,1228311,39623,synthetic_prototype
STA-001,jakartakota,Jakarta Kota,Bogor,2025,4,2025-04,1296989,43233,synthetic_prototype
STA-001,jakartakota,Jakarta Kota,Bogor,2025,5,2025-05,1362897,43964,synthetic_prototype
STA-001,jakartakota,Jakarta Kota,Bogor,2025,6,2025-06,1181130,39371,synthetic_prototype
STA-001,jakartakota,Jakarta Kota,Bogor,2025,7,2025-07,1204712,38862,synthetic_prototype
STA-001,jakartakota,Jakarta Kota,Bogor,2025,8,2025-08,1452584,46858,synthetic_prototype
STA-001,jakartakota,Jakarta Kota,Bogor,2025,9,2025-09,1380772,46026,synthetic_prototype
STA-001,jakartakota,Jakarta Kota,Bogor,2025,10,2025-10,1423965,45934,synthetic_prototype
STA-001,jakartakota,Jakarta Kota,Bogor,2025,11,2025-11,1371243,45708,synthetic_prototype
STA-001,jakartakota,Jakarta Kota,Bogor,2025,12,2025-12,1198087,38648,synthetic_prototype
STA-002,jayakarta,Jayakarta,Bogor,2025,1,2025-01,141632,4569,synthetic_prototype
STA-002,jayakarta,Jayakarta,Bogor,2025,2,2025-02,136798,4886,synthetic_prototype
STA-002,jayakarta,Jayakarta,Bogor,2025,3,2025-03,152747,4927,synthetic_prototype
STA-002,jayakarta,Jayakarta,Bogor,2025,4,2025-04,141931,4731,synthetic_prototype
STA-002,jayakarta,Jayakarta,Bogor,2025,5,2025-05,159886,5158,synthetic_prototype
STA-002,jayakarta,Jayakarta,Bogor,2025,6,2025-06,141996,4733,synthetic_prototype
STA-002,jayakarta,Jayakarta,Bogor,2025,7,2025-07,142769,4605,synthetic_prototype
STA-002,jayakarta,Jayakarta,Bogor,2025,8,2025-08,152188,4909,synthetic_prototype
STA-002,jayakarta,Jayakarta,Bogor,2025,9,2025-09,158200,5273,synthetic_prototype
STA-002,jayakarta,Jayakarta,Bogor,2025,10,2025-10,158055,5099,synthetic_prototype
STA-002,jayakarta,Jayakarta,Bogor,2025,11,2025-11,160076,5336,synthetic_prototype
STA-002,jayakarta,Jayakarta,Bogor,2025,12,2025-12,146879,4738,synthetic_prototype
STA-003,manggabesar,Mangga Besar,Bogor,2025,1,2025-01,141230,4556,synthetic_prototype
STA-003,manggabesar,Mangga Besar,Bogor,2025,2,2025-02,136424,4872,synthetic_prototype
STA-003,manggabesar,Mangga Besar,Bogor,2025,3,2025-03,157609,5084,synthetic_prototype
STA-003,manggabesar,Mangga Besar,Bogor,2025,4,2025-04,152541,5085,synthetic_prototype
STA-003,manggabesar,Mangga Besar,Bogor,2025,5,2025-05,159474,5144,synthetic_prototype
STA-003,manggabesar,Mangga Besar,Bogor,2025,6,2025-06,150645,5022,synthetic_prototype
STA-003,manggabesar,Mangga Besar,Bogor,2025,7,2025-07,132837,4285,synthetic_prototype
STA-003,manggabesar,Mangga Besar,Bogor,2025,8,2025-08,147622,4762,synthetic_prototype
STA-003,manggabesar,Mangga Besar,Bogor,2025,9,2025-09,148548,4952,synthetic_prototype
STA-003,manggabesar,Mangga Besar,Bogor,2025,10,2025-10,174339,5624,synthetic_prototype
STA-003,manggabesar,Mangga Besar,Bogor,2025,11,2025-11,167238,5575,synthetic_prototype
STA-003,manggabesar,Mangga Besar,Bogor,2025,12,2025-12,144373,4657,synthetic_prototype
STA-004,sawahbesar,Sawah Besar,Bogor,2025,1,2025-01,138615,4471,synthetic_prototype
STA-004,sawahbesar,Sawah Besar,Bogor,2025,2,2025-02,135272,4831,synthetic_prototype
STA-004,sawahbesar,Sawah Besar,Bogor,2025,3,2025-03,167211,5394,synthetic_prototype
STA-004,sawahbesar,Sawah Besar,Bogor,2025,4,2025-04,145443,4848,synthetic_prototype
STA-004,sawahbesar,Sawah Besar,Bogor,2025,5,2025-05,157567,5083,synthetic_prototype
STA-004,sawahbesar,Sawah Besar,Bogor,2025,6,2025-06,144194,4806,synthetic_prototype
STA-004,sawahbesar,Sawah Besar,Bogor,2025,7,2025-07,139717,4507,synthetic_prototype
STA-004,sawahbesar,Sawah Besar,Bogor,2025,8,2025-08,156748,5056,synthetic_prototype
STA-004,sawahbesar,Sawah Besar,Bogor,2025,9,2025-09,154870,5162,synthetic_prototype
STA-004,sawahbesar,Sawah Besar,Bogor,2025,10,2025-10,167598,5406,synthetic_prototype
STA-004,sawahbesar,Sawah Besar,Bogor,2025,11,2025-11,175241,5841,synthetic_prototype
STA-004,sawahbesar,Sawah Besar,Bogor,2025,12,2025-12,152482,4919,synthetic_prototype
STA-005,juanda,Juanda,Bogor,2025,1,2025-01,312462,10079,synthetic_prototype
STA-005,juanda,Juanda,Bogor,2025,2,2025-02,297327,10619,synthetic_prototype
STA-005,juanda,Juanda,Bogor,2025,3,2025-03,313461,10112,synthetic_prototype
STA-005,juanda,Juanda,Bogor,2025,4,2025-04,308502,10283,synthetic_prototype
STA-005,juanda,Juanda,Bogor,2025,5,2025-05,336921,10868,synthetic_prototype
STA-005,juanda,Juanda,Bogor,2025,6,2025-06,313412,10447,synthetic_prototype
STA-005,juanda,Juanda,Bogor,2025,7,2025-07,273857,8834,synthetic_prototype
STA-005,juanda,Juanda,Bogor,2025,8,2025-08,353276,11396,synthetic_prototype
STA-005,juanda,Juanda,Bogor,2025,9,2025-09,340534,11351,synthetic_prototype
STA-005,juanda,Juanda,Bogor,2025,10,2025-10,346472,11177,synthetic_prototype
STA-005,juanda,Juanda,Bogor,2025,11,2025-11,335089,11170,synthetic_prototype
STA-005,juanda,Juanda,Bogor,2025,12,2025-12,289537,9340,synthetic_prototype
STA-006,gondangdia,Gondangdia,Bogor,2025,1,2025-01,303415,9788,synthetic_prototype
STA-006,gondangdia,Gondangdia,Bogor,2025,2,2025-02,304424,10872,synthetic_prototype
STA-006,gondangdia,Gondangdia,Bogor,2025,3,2025-03,309540,9985,synthetic_prototype
STA-006,gondangdia,Gondangdia,Bogor,2025,4,2025-04,293999,9800,synthetic_prototype
STA-006,gondangdia,Gondangdia,Bogor,2025,5,2025-05,331657,10699,synthetic_prototype
STA-006,gondangdia,Gondangdia,Bogor,2025,6,2025-06,320316,10677,synthetic_prototype
STA-006,gondangdia,Gondangdia,Bogor,2025,7,2025-07,290692,9377,synthetic_prototype
STA-006,gondangdia,Gondangdia,Bogor,2025,8,2025-08,312892,10093,synthetic_prototype
STA-006,gondangdia,Gondangdia,Bogor,2025,9,2025-09,339331,11311,synthetic_prototype
STA-006,gondangdia,Gondangdia,Bogor,2025,10,2025-10,348646,11247,synthetic_prototype
STA-006,gondangdia,Gondangdia,Bogor,2025,11,2025-11,311554,10385,synthetic_prototype
STA-006,gondangdia,Gondangdia,Bogor,2025,12,2025-12,309388,9980,synthetic_prototype
STA-007,cikini,Cikini,Bogor,2025,1,2025-01,291029,9388,synthetic_prototype
STA-007,cikini,Cikini,Bogor,2025,2,2025-02,311987,11142,synthetic_prototype
STA-007,cikini,Cikini,Bogor,2025,3,2025-03,350519,11307,synthetic_prototype
STA-007,cikini,Cikini,Bogor,2025,4,2025-04,324034,10801,synthetic_prototype
STA-007,cikini,Cikini,Bogor,2025,5,2025-05,332556,10728,synthetic_prototype
STA-007,cikini,Cikini,Bogor,2025,6,2025-06,286980,9566,synthetic_prototype
STA-007,cikini,Cikini,Bogor,2025,7,2025-07,323979,10451,synthetic_prototype
STA-007,cikini,Cikini,Bogor,2025,8,2025-08,333697,10764,synthetic_prototype
STA-007,cikini,Cikini,Bogor,2025,9,2025-09,342891,11430,synthetic_prototype
STA-007,cikini,Cikini,Bogor,2025,10,2025-10,352151,11360,synthetic_prototype
STA-007,cikini,Cikini,Bogor,2025,11,2025-11,351994,11733,synthetic_prototype
STA-007,cikini,Cikini,Bogor,2025,12,2025-12,308271,9944,synthetic_prototype
STA-008,manggarai,Manggarai,Bogor,2025,1,2025-01,1148010,37033,synthetic_prototype
STA-008,manggarai,Manggarai,Bogor,2025,2,2025-02,1187579,42414,synthetic_prototype
STA-008,manggarai,Manggarai,Bogor,2025,3,2025-03,1303814,42059,synthetic_prototype
STA-008,manggarai,Manggarai,Bogor,2025,4,2025-04,1213289,40443,synthetic_prototype
STA-008,manggarai,Manggarai,Bogor,2025,5,2025-05,1306348,42140,synthetic_prototype
STA-008,manggarai,Manggarai,Bogor,2025,6,2025-06,1206195,40206,synthetic_prototype
STA-008,manggarai,Manggarai,Bogor,2025,7,2025-07,1162988,37516,synthetic_prototype
STA-008,manggarai,Manggarai,Bogor,2025,8,2025-08,1411745,45540,synthetic_prototype
STA-008,manggarai,Manggarai,Bogor,2025,9,2025-09,1225442,40848,synthetic_prototype
STA-008,manggarai,Manggarai,Bogor,2025,10,2025-10,1471526,47469,synthetic_prototype
STA-008,manggarai,Manggarai,Bogor,2025,11,2025-11,1466538,48885,synthetic_prototype
STA-008,manggarai,Manggarai,Bogor,2025,12,2025-12,1137387,36690,synthetic_prototype
STA-009,tebet,Tebet,Bogor,2025,1,2025-01,579433,18691,synthetic_prototype
STA-009,tebet,Tebet,Bogor,2025,2,2025-02,598049,21359,synthetic_prototype
STA-009,tebet,Tebet,Bogor,2025,3,2025-03,616011,19871,synthetic_prototype
STA-009,tebet,Tebet,Bogor,2025,4,2025-04,600830,20028,synthetic_prototype
STA-009,tebet,Tebet,Bogor,2025,5,2025-05,642477,20725,synthetic_prototype
STA-009,tebet,Tebet,Bogor,2025,6,2025-06,642633,21421,synthetic_prototype
STA-009,tebet,Tebet,Bogor,2025,7,2025-07,609473,19660,synthetic_prototype
STA-009,tebet,Tebet,Bogor,2025,8,2025-08,699682,22570,synthetic_prototype
STA-009,tebet,Tebet,Bogor,2025,9,2025-09,705185,23506,synthetic_prototype
STA-009,tebet,Tebet,Bogor,2025,10,2025-10,673144,21714,synthetic_prototype
STA-009,tebet,Tebet,Bogor,2025,11,2025-11,683801,22793,synthetic_prototype
STA-009,tebet,Tebet,Bogor,2025,12,2025-12,632263,20396,synthetic_prototype
STA-010,cawang,Cawang,Bogor,2025,1,2025-01,558766,18025,synthetic_prototype
STA-010,cawang,Cawang,Bogor,2025,2,2025-02,624382,22299,synthetic_prototype
STA-010,cawang,Cawang,Bogor,2025,3,2025-03,646487,20854,synthetic_prototype
STA-010,cawang,Cawang,Bogor,2025,4,2025-04,610826,20361,synthetic_prototype
STA-010,cawang,Cawang,Bogor,2025,5,2025-05,691465,22305,synthetic_prototype
STA-010,cawang,Cawang,Bogor,2025,6,2025-06,611213,20374,synthetic_prototype
STA-010,cawang,Cawang,Bogor,2025,7,2025-07,579003,18678,synthetic_prototype
STA-010,cawang,Cawang,Bogor,2025,8,2025-08,696693,22474,synthetic_prototype
STA-010,cawang,Cawang,Bogor,2025,9,2025-09,655761,21859,synthetic_prototype
STA-010,cawang,Cawang,Bogor,2025,10,2025-10,722352,23302,synthetic_prototype
STA-010,cawang,Cawang,Bogor,2025,11,2025-11,715025,23834,synthetic_prototype
STA-010,cawang,Cawang,Bogor,2025,12,2025-12,612445,19756,synthetic_prototype
STA-011,durenkalibata,Duren Kalibata,Bogor,2025,1,2025-01,297575,9599,synthetic_prototype
STA-011,durenkalibata,Duren Kalibata,Bogor,2025,2,2025-02,288344,10298,synthetic_prototype
STA-011,durenkalibata,Duren Kalibata,Bogor,2025,3,2025-03,338444,10918,synthetic_prototype
STA-011,durenkalibata,Duren Kalibata,Bogor,2025,4,2025-04,307768,10259,synthetic_prototype
STA-011,durenkalibata,Duren Kalibata,Bogor,2025,5,2025-05,329143,10618,synthetic_prototype
STA-011,durenkalibata,Duren Kalibata,Bogor,2025,6,2025-06,312870,10429,synthetic_prototype
STA-011,durenkalibata,Duren Kalibata,Bogor,2025,7,2025-07,285467,9209,synthetic_prototype
STA-011,durenkalibata,Duren Kalibata,Bogor,2025,8,2025-08,314153,10134,synthetic_prototype
STA-011,durenkalibata,Duren Kalibata,Bogor,2025,9,2025-09,321361,10712,synthetic_prototype
STA-011,durenkalibata,Duren Kalibata,Bogor,2025,10,2025-10,361036,11646,synthetic_prototype
STA-011,durenkalibata,Duren Kalibata,Bogor,2025,11,2025-11,331341,11045,synthetic_prototype
STA-011,durenkalibata,Duren Kalibata,Bogor,2025,12,2025-12,331825,10704,synthetic_prototype
STA-012,pasarminggu,Pasar Minggu,Bogor,2025,1,2025-01,538561,17373,synthetic_prototype
STA-012,pasarminggu,Pasar Minggu,Bogor,2025,2,2025-02,648263,23152,synthetic_prototype
STA-012,pasarminggu,Pasar Minggu,Bogor,2025,3,2025-03,658272,21235,synthetic_prototype
STA-012,pasarminggu,Pasar Minggu,Bogor,2025,4,2025-04,617725,20591,synthetic_prototype
STA-012,pasarminggu,Pasar Minggu,Bogor,2025,5,2025-05,657690,21216,synthetic_prototype
STA-012,pasarminggu,Pasar Minggu,Bogor,2025,6,2025-06,610129,20338,synthetic_prototype
STA-012,pasarminggu,Pasar Minggu,Bogor,2025,7,2025-07,586601,18923,synthetic_prototype
STA-012,pasarminggu,Pasar Minggu,Bogor,2025,8,2025-08,695201,22426,synthetic_prototype
STA-012,pasarminggu,Pasar Minggu,Bogor,2025,9,2025-09,688532,22951,synthetic_prototype
STA-012,pasarminggu,Pasar Minggu,Bogor,2025,10,2025-10,709221,22878,synthetic_prototype
STA-012,pasarminggu,Pasar Minggu,Bogor,2025,11,2025-11,688296,22943,synthetic_prototype
STA-012,pasarminggu,Pasar Minggu,Bogor,2025,12,2025-12,618711,19958,synthetic_prototype
STA-013,pasarminggubaru,Pasar Minggu Baru,Bogor,2025,1,2025-01,297359,9592,synthetic_prototype
STA-013,pasarminggubaru,Pasar Minggu Baru,Bogor,2025,2,2025-02,282770,10099,synthetic_prototype
STA-013,pasarminggubaru,Pasar Minggu Baru,Bogor,2025,3,2025-03,308780,9961,synthetic_prototype
STA-013,pasarminggubaru,Pasar Minggu Baru,Bogor,2025,4,2025-04,319280,10643,synthetic_prototype
STA-013,pasarminggubaru,Pasar Minggu Baru,Bogor,2025,5,2025-05,338470,10918,synthetic_prototype
STA-013,pasarminggubaru,Pasar Minggu Baru,Bogor,2025,6,2025-06,298060,9935,synthetic_prototype
STA-013,pasarminggubaru,Pasar Minggu Baru,Bogor,2025,7,2025-07,293959,9483,synthetic_prototype
STA-013,pasarminggubaru,Pasar Minggu Baru,Bogor,2025,8,2025-08,337537,10888,synthetic_prototype
STA-013,pasarminggubaru,Pasar Minggu Baru,Bogor,2025,9,2025-09,335301,11177,synthetic_prototype
STA-013,pasarminggubaru,Pasar Minggu Baru,Bogor,2025,10,2025-10,341517,11017,synthetic_prototype
STA-013,pasarminggubaru,Pasar Minggu Baru,Bogor,2025,11,2025-11,351963,11732,synthetic_prototype
STA-013,pasarminggubaru,Pasar Minggu Baru,Bogor,2025,12,2025-12,297927,9611,synthetic_prototype
STA-014,tanjungbarat,Tanjung Barat,Bogor,2025,1,2025-01,298539,9630,synthetic_prototype
STA-014,tanjungbarat,Tanjung Barat,Bogor,2025,2,2025-02,282862,10102,synthetic_prototype
STA-014,tanjungbarat,Tanjung Barat,Bogor,2025,3,2025-03,339817,10962,synthetic_prototype
STA-014,tanjungbarat,Tanjung Barat,Bogor,2025,4,2025-04,315923,10531,synthetic_prototype
STA-014,tanjungbarat,Tanjung Barat,Bogor,2025,5,2025-05,339615,10955,synthetic_prototype
STA-014,tanjungbarat,Tanjung Barat,Bogor,2025,6,2025-06,312073,10402,synthetic_prototype
STA-014,tanjungbarat,Tanjung Barat,Bogor,2025,7,2025-07,313311,10107,synthetic_prototype
STA-014,tanjungbarat,Tanjung Barat,Bogor,2025,8,2025-08,346416,11175,synthetic_prototype
STA-014,tanjungbarat,Tanjung Barat,Bogor,2025,9,2025-09,317465,10582,synthetic_prototype
STA-014,tanjungbarat,Tanjung Barat,Bogor,2025,10,2025-10,334450,10789,synthetic_prototype
STA-014,tanjungbarat,Tanjung Barat,Bogor,2025,11,2025-11,340499,11350,synthetic_prototype
STA-014,tanjungbarat,Tanjung Barat,Bogor,2025,12,2025-12,310385,10012,synthetic_prototype
STA-015,lentengagung,Lenteng Agung,Bogor,2025,1,2025-01,299825,9672,synthetic_prototype
STA-015,lentengagung,Lenteng Agung,Bogor,2025,2,2025-02,294722,10526,synthetic_prototype
STA-015,lentengagung,Lenteng Agung,Bogor,2025,3,2025-03,328819,10607,synthetic_prototype
STA-015,lentengagung,Lenteng Agung,Bogor,2025,4,2025-04,300693,10023,synthetic_prototype
STA-015,lentengagung,Lenteng Agung,Bogor,2025,5,2025-05,327949,10579,synthetic_prototype
STA-015,lentengagung,Lenteng Agung,Bogor,2025,6,2025-06,283375,9446,synthetic_prototype
STA-015,lentengagung,Lenteng Agung,Bogor,2025,7,2025-07,282895,9126,synthetic_prototype
STA-015,lentengagung,Lenteng Agung,Bogor,2025,8,2025-08,314909,10158,synthetic_prototype
STA-015,lentengagung,Lenteng Agung,Bogor,2025,9,2025-09,329322,10977,synthetic_prototype
STA-015,lentengagung,Lenteng Agung,Bogor,2025,10,2025-10,367347,11850,synthetic_prototype
STA-015,lentengagung,Lenteng Agung,Bogor,2025,11,2025-11,335965,11199,synthetic_prototype
STA-015,lentengagung,Lenteng Agung,Bogor,2025,12,2025-12,342710,11055,synthetic_prototype
STA-016,univpancasila,Universitas Pancasila,Bogor,2025,1,2025-01,139785,4509,synthetic_prototype
STA-016,univpancasila,Universitas Pancasila,Bogor,2025,2,2025-02,142696,5096,synthetic_prototype
STA-016,univpancasila,Universitas Pancasila,Bogor,2025,3,2025-03,147081,4745,synthetic_prototype
STA-016,univpancasila,Universitas Pancasila,Bogor,2025,4,2025-04,148748,4958,synthetic_prototype
STA-016,univpancasila,Universitas Pancasila,Bogor,2025,5,2025-05,153268,4944,synthetic_prototype
STA-016,univpancasila,Universitas Pancasila,Bogor,2025,6,2025-06,140810,4694,synthetic_prototype
STA-016,univpancasila,Universitas Pancasila,Bogor,2025,7,2025-07,151117,4875,synthetic_prototype
STA-016,univpancasila,Universitas Pancasila,Bogor,2025,8,2025-08,154760,4992,synthetic_prototype
STA-016,univpancasila,Universitas Pancasila,Bogor,2025,9,2025-09,167278,5576,synthetic_prototype
STA-016,univpancasila,Universitas Pancasila,Bogor,2025,10,2025-10,159869,5157,synthetic_prototype
STA-016,univpancasila,Universitas Pancasila,Bogor,2025,11,2025-11,162744,5425,synthetic_prototype
STA-016,univpancasila,Universitas Pancasila,Bogor,2025,12,2025-12,154944,4998,synthetic_prototype
STA-017,univindonesia,Universitas Indonesia,Bogor,2025,1,2025-01,286376,9238,synthetic_prototype
STA-017,univindonesia,Universitas Indonesia,Bogor,2025,2,2025-02,325540,11626,synthetic_prototype
STA-017,univindonesia,Universitas Indonesia,Bogor,2025,3,2025-03,335621,10826,synthetic_prototype
STA-017,univindonesia,Universitas Indonesia,Bogor,2025,4,2025-04,303086,10103,synthetic_prototype
STA-017,univindonesia,Universitas Indonesia,Bogor,2025,5,2025-05,344676,11119,synthetic_prototype
STA-017,univindonesia,Universitas Indonesia,Bogor,2025,6,2025-06,311951,10398,synthetic_prototype
STA-017,univindonesia,Universitas Indonesia,Bogor,2025,7,2025-07,301049,9711,synthetic_prototype
STA-017,univindonesia,Universitas Indonesia,Bogor,2025,8,2025-08,311999,10064,synthetic_prototype
STA-017,univindonesia,Universitas Indonesia,Bogor,2025,9,2025-09,332732,11091,synthetic_prototype
STA-017,univindonesia,Universitas Indonesia,Bogor,2025,10,2025-10,349001,11258,synthetic_prototype
STA-017,univindonesia,Universitas Indonesia,Bogor,2025,11,2025-11,348188,11606,synthetic_prototype
STA-017,univindonesia,Universitas Indonesia,Bogor,2025,12,2025-12,317759,10250,synthetic_prototype
STA-018,pondokcina,Pondok Cina,Bogor,2025,1,2025-01,295830,9543,synthetic_prototype
STA-018,pondokcina,Pondok Cina,Bogor,2025,2,2025-02,287321,10261,synthetic_prototype
STA-018,pondokcina,Pondok Cina,Bogor,2025,3,2025-03,331344,10689,synthetic_prototype
STA-018,pondokcina,Pondok Cina,Bogor,2025,4,2025-04,317634,10588,synthetic_prototype
STA-018,pondokcina,Pondok Cina,Bogor,2025,5,2025-05,343700,11087,synthetic_prototype
STA-018,pondokcina,Pondok Cina,Bogor,2025,6,2025-06,313251,10442,synthetic_prototype
STA-018,pondokcina,Pondok Cina,Bogor,2025,7,2025-07,303541,9792,synthetic_prototype
STA-018,pondokcina,Pondok Cina,Bogor,2025,8,2025-08,339023,10936,synthetic_prototype
STA-018,pondokcina,Pondok Cina,Bogor,2025,9,2025-09,341738,11391,synthetic_prototype
STA-018,pondokcina,Pondok Cina,Bogor,2025,10,2025-10,329072,10615,synthetic_prototype
STA-018,pondokcina,Pondok Cina,Bogor,2025,11,2025-11,355229,11841,synthetic_prototype
STA-018,pondokcina,Pondok Cina,Bogor,2025,12,2025-12,312637,10085,synthetic_prototype
STA-019,depokbaru,Depok Baru,Bogor,2025,1,2025-01,593868,19157,synthetic_prototype
STA-019,depokbaru,Depok Baru,Bogor,2025,2,2025-02,576065,20574,synthetic_prototype
STA-019,depokbaru,Depok Baru,Bogor,2025,3,2025-03,624535,20146,synthetic_prototype
STA-019,depokbaru,Depok Baru,Bogor,2025,4,2025-04,646247,21542,synthetic_prototype
STA-019,depokbaru,Depok Baru,Bogor,2025,5,2025-05,671281,21654,synthetic_prototype
STA-019,depokbaru,Depok Baru,Bogor,2025,6,2025-06,616912,20564,synthetic_prototype
STA-019,depokbaru,Depok Baru,Bogor,2025,7,2025-07,588151,18973,synthetic_prototype
STA-019,depokbaru,Depok Baru,Bogor,2025,8,2025-08,666610,21504,synthetic_prototype
STA-019,depokbaru,Depok Baru,Bogor,2025,9,2025-09,711124,23704,synthetic_prototype
STA-019,depokbaru,Depok Baru,Bogor,2025,10,2025-10,690431,22272,synthetic_prototype
STA-019,depokbaru,Depok Baru,Bogor,2025,11,2025-11,701141,23371,synthetic_prototype
STA-019,depokbaru,Depok Baru,Bogor,2025,12,2025-12,608657,19634,synthetic_prototype
STA-020,depok,Depok,Bogor,2025,1,2025-01,577275,18622,synthetic_prototype
STA-020,depok,Depok,Bogor,2025,2,2025-02,599561,21413,synthetic_prototype
STA-020,depok,Depok,Bogor,2025,3,2025-03,658562,21244,synthetic_prototype
STA-020,depok,Depok,Bogor,2025,4,2025-04,608248,20275,synthetic_prototype
STA-020,depok,Depok,Bogor,2025,5,2025-05,706117,22778,synthetic_prototype
STA-020,depok,Depok,Bogor,2025,6,2025-06,579051,19302,synthetic_prototype
STA-020,depok,Depok,Bogor,2025,7,2025-07,583094,18809,synthetic_prototype
STA-020,depok,Depok,Bogor,2025,8,2025-08,654106,21100,synthetic_prototype
STA-020,depok,Depok,Bogor,2025,9,2025-09,725070,24169,synthetic_prototype
STA-020,depok,Depok,Bogor,2025,10,2025-10,710525,22920,synthetic_prototype
STA-020,depok,Depok,Bogor,2025,11,2025-11,727283,24243,synthetic_prototype
STA-020,depok,Depok,Bogor,2025,12,2025-12,583274,18815,synthetic_prototype
STA-021,citayam,Citayam,Bogor,2025,1,2025-01,1187523,38307,synthetic_prototype
STA-021,citayam,Citayam,Bogor,2025,2,2025-02,1257343,44905,synthetic_prototype
STA-021,citayam,Citayam,Bogor,2025,3,2025-03,1309821,42252,synthetic_prototype
STA-021,citayam,Citayam,Bogor,2025,4,2025-04,1293106,43104,synthetic_prototype
STA-021,citayam,Citayam,Bogor,2025,5,2025-05,1316866,42480,synthetic_prototype
STA-021,citayam,Citayam,Bogor,2025,6,2025-06,1268792,42293,synthetic_prototype
STA-021,citayam,Citayam,Bogor,2025,7,2025-07,1283017,41388,synthetic_prototype
STA-021,citayam,Citayam,Bogor,2025,8,2025-08,1312308,42333,synthetic_prototype
STA-021,citayam,Citayam,Bogor,2025,9,2025-09,1346372,44879,synthetic_prototype
STA-021,citayam,Citayam,Bogor,2025,10,2025-10,1491935,48127,synthetic_prototype
STA-021,citayam,Citayam,Bogor,2025,11,2025-11,1485172,49506,synthetic_prototype
STA-021,citayam,Citayam,Bogor,2025,12,2025-12,1214309,39171,synthetic_prototype
STA-022,bojonggede,Bojonggede,Bogor,2025,1,2025-01,577611,18633,synthetic_prototype
STA-022,bojonggede,Bojonggede,Bogor,2025,2,2025-02,600226,21437,synthetic_prototype
STA-022,bojonggede,Bojonggede,Bogor,2025,3,2025-03,617658,19924,synthetic_prototype
STA-022,bojonggede,Bojonggede,Bogor,2025,4,2025-04,597337,19911,synthetic_prototype
STA-022,bojonggede,Bojonggede,Bogor,2025,5,2025-05,645339,20817,synthetic_prototype
STA-022,bojonggede,Bojonggede,Bogor,2025,6,2025-06,582097,19403,synthetic_prototype
STA-022,bojonggede,Bojonggede,Bogor,2025,7,2025-07,586670,18925,synthetic_prototype
STA-022,bojonggede,Bojonggede,Bogor,2025,8,2025-08,672055,21679,synthetic_prototype
STA-022,bojonggede,Bojonggede,Bogor,2025,9,2025-09,727908,24264,synthetic_prototype
STA-022,bojonggede,Bojonggede,Bogor,2025,10,2025-10,676830,21833,synthetic_prototype
STA-022,bojonggede,Bojonggede,Bogor,2025,11,2025-11,725955,24198,synthetic_prototype
STA-022,bojonggede,Bojonggede,Bogor,2025,12,2025-12,614816,19833,synthetic_prototype
STA-023,cilebut,Cilebut,Bogor,2025,1,2025-01,293161,9457,synthetic_prototype
STA-023,cilebut,Cilebut,Bogor,2025,2,2025-02,311727,11133,synthetic_prototype
STA-023,cilebut,Cilebut,Bogor,2025,3,2025-03,311723,10056,synthetic_prototype
STA-023,cilebut,Cilebut,Bogor,2025,4,2025-04,314804,10493,synthetic_prototype
STA-023,cilebut,Cilebut,Bogor,2025,5,2025-05,338410,10916,synthetic_prototype
STA-023,cilebut,Cilebut,Bogor,2025,6,2025-06,306185,10206,synthetic_prototype
STA-023,cilebut,Cilebut,Bogor,2025,7,2025-07,297140,9585,synthetic_prototype
STA-023,cilebut,Cilebut,Bogor,2025,8,2025-08,365604,11794,synthetic_prototype
STA-023,cilebut,Cilebut,Bogor,2025,9,2025-09,333958,11132,synthetic_prototype
STA-023,cilebut,Cilebut,Bogor,2025,10,2025-10,345004,11129,synthetic_prototype
STA-023,cilebut,Cilebut,Bogor,2025,11,2025-11,340523,11351,synthetic_prototype
STA-023,cilebut,Cilebut,Bogor,2025,12,2025-12,303172,9780,synthetic_prototype
STA-024,bogor,Bogor,Bogor,2025,1,2025-01,1145015,36936,synthetic_prototype
STA-024,bogor,Bogor,Bogor,2025,2,2025-02,1271883,45424,synthetic_prototype
STA-024,bogor,Bogor,Bogor,2025,3,2025-03,1379704,44507,synthetic_prototype
STA-024,bogor,Bogor,Bogor,2025,4,2025-04,1211933,40398,synthetic_prototype
STA-024,bogor,Bogor,Bogor,2025,5,2025-05,1299919,41933,synthetic_prototype
STA-024,bogor,Bogor,Bogor,2025,6,2025-06,1223730,40791,synthetic_prototype
STA-024,bogor,Bogor,Bogor,2025,7,2025-07,1149018,37065,synthetic_prototype
STA-024,bogor,Bogor,Bogor,2025,8,2025-08,1365348,44043,synthetic_prototype
STA-024,bogor,Bogor,Bogor,2025,9,2025-09,1381927,46064,synthetic_prototype
STA-024,bogor,Bogor,Bogor,2025,10,2025-10,1324480,42725,synthetic_prototype
STA-024,bogor,Bogor,Bogor,2025,11,2025-11,1483380,49446,synthetic_prototype
STA-024,bogor,Bogor,Bogor,2025,12,2025-12,1329341,42882,synthetic_prototype
STA-025,cibinong,Cibinong,Nambo,2023,1,2023-01,165963,5354,synthetic_prototype
STA-025,cibinong,Cibinong,Nambo,2023,2,2023-02,173078,6181,synthetic_prototype
STA-025,cibinong,Cibinong,Nambo,2023,3,2023-03,191198,6168,synthetic_prototype
STA-025,cibinong,Cibinong,Nambo,2023,4,2023-04,181988,6066,synthetic_prototype
STA-025,cibinong,Cibinong,Nambo,2023,5,2023-05,199837,6446,synthetic_prototype
STA-025,cibinong,Cibinong,Nambo,2023,6,2023-06,187898,6263,synthetic_prototype
STA-025,cibinong,Cibinong,Nambo,2023,7,2023-07,168929,5449,synthetic_prototype
STA-025,cibinong,Cibinong,Nambo,2023,8,2023-08,186661,6021,synthetic_prototype
STA-025,cibinong,Cibinong,Nambo,2023,9,2023-09,187537,6251,synthetic_prototype
STA-025,cibinong,Cibinong,Nambo,2023,10,2023-10,198191,6393,synthetic_prototype
STA-025,cibinong,Cibinong,Nambo,2023,11,2023-11,202001,6733,synthetic_prototype
STA-025,cibinong,Cibinong,Nambo,2023,12,2023-12,192476,6209,synthetic_prototype
STA-026,nambo,Nambo,Nambo,2023,1,2023-01,77751,2508,synthetic_prototype
STA-026,nambo,Nambo,Nambo,2023,2,2023-02,82776,2956,synthetic_prototype
STA-026,nambo,Nambo,Nambo,2023,3,2023-03,88159,2844,synthetic_prototype
STA-026,nambo,Nambo,Nambo,2023,4,2023-04,87790,2926,synthetic_prototype
STA-026,nambo,Nambo,Nambo,2023,5,2023-05,100048,3227,synthetic_prototype
STA-026,nambo,Nambo,Nambo,2023,6,2023-06,79436,2648,synthetic_prototype
STA-026,nambo,Nambo,Nambo,2023,7,2023-07,77841,2511,synthetic_prototype
STA-026,nambo,Nambo,Nambo,2023,8,2023-08,93739,3024,synthetic_prototype
STA-026,nambo,Nambo,Nambo,2023,9,2023-09,95154,3172,synthetic_prototype
STA-026,nambo,Nambo,Nambo,2023,10,2023-10,102312,3300,synthetic_prototype
STA-026,nambo,Nambo,Nambo,2023,11,2023-11,96597,3220,synthetic_prototype
STA-026,nambo,Nambo,Nambo,2023,12,2023-12,82602,2665,synthetic_prototype
STA-027,pondokrajeg,Pondok Rajeg,Nambo,2023,1,2023-01,81271,2622,synthetic_prototype
STA-027,pondokrajeg,Pondok Rajeg,Nambo,2023,2,2023-02,85680,3060,synthetic_prototype
STA-027,pondokrajeg,Pondok Rajeg,Nambo,2023,3,2023-03,91112,2939,synthetic_prototype
STA-027,pondokrajeg,Pondok Rajeg,Nambo,2023,4,2023-04,85507,2850,synthetic_prototype
STA-027,pondokrajeg,Pondok Rajeg,Nambo,2023,5,2023-05,94740,3056,synthetic_prototype
STA-027,pondokrajeg,Pondok Rajeg,Nambo,2023,6,2023-06,84956,2832,synthetic_prototype
STA-027,pondokrajeg,Pondok Rajeg,Nambo,2023,7,2023-07,83785,2703,synthetic_prototype
STA-027,pondokrajeg,Pondok Rajeg,Nambo,2023,8,2023-08,92316,2978,synthetic_prototype
STA-027,pondokrajeg,Pondok Rajeg,Nambo,2023,9,2023-09,92009,3067,synthetic_prototype
STA-027,pondokrajeg,Pondok Rajeg,Nambo,2023,10,2023-10,95833,3091,synthetic_prototype
STA-027,pondokrajeg,Pondok Rajeg,Nambo,2023,11,2023-11,98948,3298,synthetic_prototype
STA-027,pondokrajeg,Pondok Rajeg,Nambo,2023,12,2023-12,81067,2615,synthetic_prototype
STA-025,cibinong,Cibinong,Nambo,2024,1,2024-01,182137,5875,synthetic_prototype
STA-025,cibinong,Cibinong,Nambo,2024,2,2024-02,182555,6520,synthetic_prototype
STA-025,cibinong,Cibinong,Nambo,2024,3,2024-03,199663,6441,synthetic_prototype
STA-025,cibinong,Cibinong,Nambo,2024,4,2024-04,199151,6638,synthetic_prototype
STA-025,cibinong,Cibinong,Nambo,2024,5,2024-05,206987,6677,synthetic_prototype
STA-025,cibinong,Cibinong,Nambo,2024,6,2024-06,183820,6127,synthetic_prototype
STA-025,cibinong,Cibinong,Nambo,2024,7,2024-07,169727,5475,synthetic_prototype
STA-025,cibinong,Cibinong,Nambo,2024,8,2024-08,209495,6758,synthetic_prototype
STA-025,cibinong,Cibinong,Nambo,2024,9,2024-09,214812,7160,synthetic_prototype
STA-025,cibinong,Cibinong,Nambo,2024,10,2024-10,234026,7549,synthetic_prototype
STA-025,cibinong,Cibinong,Nambo,2024,11,2024-11,210767,7026,synthetic_prototype
STA-025,cibinong,Cibinong,Nambo,2024,12,2024-12,191123,6165,synthetic_prototype
STA-026,nambo,Nambo,Nambo,2024,1,2024-01,84597,2729,synthetic_prototype
STA-026,nambo,Nambo,Nambo,2024,2,2024-02,92015,3286,synthetic_prototype
STA-026,nambo,Nambo,Nambo,2024,3,2024-03,92714,2991,synthetic_prototype
STA-026,nambo,Nambo,Nambo,2024,4,2024-04,89402,2980,synthetic_prototype
STA-026,nambo,Nambo,Nambo,2024,5,2024-05,98192,3167,synthetic_prototype
STA-026,nambo,Nambo,Nambo,2024,6,2024-06,86262,2875,synthetic_prototype
STA-026,nambo,Nambo,Nambo,2024,7,2024-07,82266,2654,synthetic_prototype
STA-026,nambo,Nambo,Nambo,2024,8,2024-08,95667,3086,synthetic_prototype
STA-026,nambo,Nambo,Nambo,2024,9,2024-09,101919,3397,synthetic_prototype
STA-026,nambo,Nambo,Nambo,2024,10,2024-10,96387,3109,synthetic_prototype
STA-026,nambo,Nambo,Nambo,2024,11,2024-11,100113,3337,synthetic_prototype
STA-026,nambo,Nambo,Nambo,2024,12,2024-12,85939,2772,synthetic_prototype
STA-027,pondokrajeg,Pondok Rajeg,Nambo,2024,1,2024-01,87766,2831,synthetic_prototype
STA-027,pondokrajeg,Pondok Rajeg,Nambo,2024,2,2024-02,81280,2903,synthetic_prototype
STA-027,pondokrajeg,Pondok Rajeg,Nambo,2024,3,2024-03,90988,2935,synthetic_prototype
STA-027,pondokrajeg,Pondok Rajeg,Nambo,2024,4,2024-04,89749,2992,synthetic_prototype
STA-027,pondokrajeg,Pondok Rajeg,Nambo,2024,5,2024-05,101864,3286,synthetic_prototype
STA-027,pondokrajeg,Pondok Rajeg,Nambo,2024,6,2024-06,85398,2847,synthetic_prototype
STA-027,pondokrajeg,Pondok Rajeg,Nambo,2024,7,2024-07,81902,2642,synthetic_prototype
STA-027,pondokrajeg,Pondok Rajeg,Nambo,2024,8,2024-08,102073,3293,synthetic_prototype
STA-027,pondokrajeg,Pondok Rajeg,Nambo,2024,9,2024-09,92062,3069,synthetic_prototype
STA-027,pondokrajeg,Pondok Rajeg,Nambo,2024,10,2024-10,91674,2957,synthetic_prototype
STA-027,pondokrajeg,Pondok Rajeg,Nambo,2024,11,2024-11,101336,3378,synthetic_prototype
STA-027,pondokrajeg,Pondok Rajeg,Nambo,2024,12,2024-12,86640,2795,synthetic_prototype
STA-025,cibinong,Cibinong,Nambo,2025,1,2025-01,181627,5859,synthetic_prototype
STA-025,cibinong,Cibinong,Nambo,2025,2,2025-02,201219,7186,synthetic_prototype
STA-025,cibinong,Cibinong,Nambo,2025,3,2025-03,212455,6853,synthetic_prototype
STA-025,cibinong,Cibinong,Nambo,2025,4,2025-04,195373,6512,synthetic_prototype
STA-025,cibinong,Cibinong,Nambo,2025,5,2025-05,205616,6633,synthetic_prototype
STA-025,cibinong,Cibinong,Nambo,2025,6,2025-06,200326,6678,synthetic_prototype
STA-025,cibinong,Cibinong,Nambo,2025,7,2025-07,194287,6267,synthetic_prototype
STA-025,cibinong,Cibinong,Nambo,2025,8,2025-08,213759,6895,synthetic_prototype
STA-025,cibinong,Cibinong,Nambo,2025,9,2025-09,237242,7908,synthetic_prototype
STA-025,cibinong,Cibinong,Nambo,2025,10,2025-10,217509,7016,synthetic_prototype
STA-025,cibinong,Cibinong,Nambo,2025,11,2025-11,211393,7046,synthetic_prototype
STA-025,cibinong,Cibinong,Nambo,2025,12,2025-12,194351,6269,synthetic_prototype
STA-026,nambo,Nambo,Nambo,2025,1,2025-01,88208,2845,synthetic_prototype
STA-026,nambo,Nambo,Nambo,2025,2,2025-02,92203,3293,synthetic_prototype
STA-026,nambo,Nambo,Nambo,2025,3,2025-03,97240,3137,synthetic_prototype
STA-026,nambo,Nambo,Nambo,2025,4,2025-04,94592,3153,synthetic_prototype
STA-026,nambo,Nambo,Nambo,2025,5,2025-05,96070,3099,synthetic_prototype
STA-026,nambo,Nambo,Nambo,2025,6,2025-06,95549,3185,synthetic_prototype
STA-026,nambo,Nambo,Nambo,2025,7,2025-07,88078,2841,synthetic_prototype
STA-026,nambo,Nambo,Nambo,2025,8,2025-08,104627,3375,synthetic_prototype
STA-026,nambo,Nambo,Nambo,2025,9,2025-09,104510,3484,synthetic_prototype
STA-026,nambo,Nambo,Nambo,2025,10,2025-10,107980,3483,synthetic_prototype
STA-026,nambo,Nambo,Nambo,2025,11,2025-11,107455,3582,synthetic_prototype
STA-026,nambo,Nambo,Nambo,2025,12,2025-12,94949,3063,synthetic_prototype
STA-027,pondokrajeg,Pondok Rajeg,Nambo,2025,1,2025-01,90641,2924,synthetic_prototype
STA-027,pondokrajeg,Pondok Rajeg,Nambo,2025,2,2025-02,96169,3435,synthetic_prototype
STA-027,pondokrajeg,Pondok Rajeg,Nambo,2025,3,2025-03,98960,3192,synthetic_prototype
STA-027,pondokrajeg,Pondok Rajeg,Nambo,2025,4,2025-04,95924,3197,synthetic_prototype
STA-027,pondokrajeg,Pondok Rajeg,Nambo,2025,5,2025-05,100770,3251,synthetic_prototype
STA-027,pondokrajeg,Pondok Rajeg,Nambo,2025,6,2025-06,95536,3185,synthetic_prototype
STA-027,pondokrajeg,Pondok Rajeg,Nambo,2025,7,2025-07,85978,2773,synthetic_prototype
STA-027,pondokrajeg,Pondok Rajeg,Nambo,2025,8,2025-08,107366,3463,synthetic_prototype
STA-027,pondokrajeg,Pondok Rajeg,Nambo,2025,9,2025-09,102931,3431,synthetic_prototype
STA-027,pondokrajeg,Pondok Rajeg,Nambo,2025,10,2025-10,99974,3225,synthetic_prototype
STA-027,pondokrajeg,Pondok Rajeg,Nambo,2025,11,2025-11,105599,3520,synthetic_prototype
STA-027,pondokrajeg,Pondok Rajeg,Nambo,2025,12,2025-12,90737,2927,synthetic_prototype
STA-028,kampungbandan,Kampung Bandan,Cikarang,2023,1,2023-01,606255,19557,synthetic_prototype
STA-028,kampungbandan,Kampung Bandan,Cikarang,2023,2,2023-02,590262,21081,synthetic_prototype
STA-028,kampungbandan,Kampung Bandan,Cikarang,2023,3,2023-03,640072,20647,synthetic_prototype
STA-028,kampungbandan,Kampung Bandan,Cikarang,2023,4,2023-04,572324,19077,synthetic_prototype
STA-028,kampungbandan,Kampung Bandan,Cikarang,2023,5,2023-05,659110,21262,synthetic_prototype
STA-028,kampungbandan,Kampung Bandan,Cikarang,2023,6,2023-06,541436,18048,synthetic_prototype
STA-028,kampungbandan,Kampung Bandan,Cikarang,2023,7,2023-07,549372,17722,synthetic_prototype
STA-028,kampungbandan,Kampung Bandan,Cikarang,2023,8,2023-08,684956,22095,synthetic_prototype
STA-028,kampungbandan,Kampung Bandan,Cikarang,2023,9,2023-09,705797,23527,synthetic_prototype
STA-028,kampungbandan,Kampung Bandan,Cikarang,2023,10,2023-10,715818,23091,synthetic_prototype
STA-028,kampungbandan,Kampung Bandan,Cikarang,2023,11,2023-11,670351,22345,synthetic_prototype
STA-028,kampungbandan,Kampung Bandan,Cikarang,2023,12,2023-12,617936,19933,synthetic_prototype
STA-029,angke,Angke,Cikarang,2023,1,2023-01,146612,4729,synthetic_prototype
STA-029,angke,Angke,Cikarang,2023,2,2023-02,144500,5161,synthetic_prototype
STA-029,angke,Angke,Cikarang,2023,3,2023-03,172723,5572,synthetic_prototype
STA-029,angke,Angke,Cikarang,2023,4,2023-04,160211,5340,synthetic_prototype
STA-029,angke,Angke,Cikarang,2023,5,2023-05,166330,5365,synthetic_prototype
STA-029,angke,Angke,Cikarang,2023,6,2023-06,150053,5002,synthetic_prototype
STA-029,angke,Angke,Cikarang,2023,7,2023-07,147855,4770,synthetic_prototype
STA-029,angke,Angke,Cikarang,2023,8,2023-08,152612,4923,synthetic_prototype
STA-029,angke,Angke,Cikarang,2023,9,2023-09,169380,5646,synthetic_prototype
STA-029,angke,Angke,Cikarang,2023,10,2023-10,171159,5521,synthetic_prototype
STA-029,angke,Angke,Cikarang,2023,11,2023-11,167346,5578,synthetic_prototype
STA-029,angke,Angke,Cikarang,2023,12,2023-12,153039,4937,synthetic_prototype
STA-030,duri,Duri,Cikarang,2023,1,2023-01,628709,20281,synthetic_prototype
STA-030,duri,Duri,Cikarang,2023,2,2023-02,621620,22201,synthetic_prototype
STA-030,duri,Duri,Cikarang,2023,3,2023-03,636814,20542,synthetic_prototype
STA-030,duri,Duri,Cikarang,2023,4,2023-04,633298,21110,synthetic_prototype
STA-030,duri,Duri,Cikarang,2023,5,2023-05,708827,22865,synthetic_prototype
STA-030,duri,Duri,Cikarang,2023,6,2023-06,621742,20725,synthetic_prototype
STA-030,duri,Duri,Cikarang,2023,7,2023-07,587932,18966,synthetic_prototype
STA-030,duri,Duri,Cikarang,2023,8,2023-08,647535,20888,synthetic_prototype
STA-030,duri,Duri,Cikarang,2023,9,2023-09,703400,23447,synthetic_prototype
STA-030,duri,Duri,Cikarang,2023,10,2023-10,714917,23062,synthetic_prototype
STA-030,duri,Duri,Cikarang,2023,11,2023-11,722292,24076,synthetic_prototype
STA-030,duri,Duri,Cikarang,2023,12,2023-12,634848,20479,synthetic_prototype
STA-031,tanahabang,Tanah Abang,Cikarang,2023,1,2023-01,611157,19715,synthetic_prototype
STA-031,tanahabang,Tanah Abang,Cikarang,2023,2,2023-02,593108,21182,synthetic_prototype
STA-031,tanahabang,Tanah Abang,Cikarang,2023,3,2023-03,686045,22130,synthetic_prototype
STA-031,tanahabang,Tanah Abang,Cikarang,2023,4,2023-04,624011,20800,synthetic_prototype
STA-031,tanahabang,Tanah Abang,Cikarang,2023,5,2023-05,726975,23451,synthetic_prototype
STA-031,tanahabang,Tanah Abang,Cikarang,2023,6,2023-06,583038,19435,synthetic_prototype
STA-031,tanahabang,Tanah Abang,Cikarang,2023,7,2023-07,627261,20234,synthetic_prototype
STA-031,tanahabang,Tanah Abang,Cikarang,2023,8,2023-08,670000,21613,synthetic_prototype
STA-031,tanahabang,Tanah Abang,Cikarang,2023,9,2023-09,666458,22215,synthetic_prototype
STA-031,tanahabang,Tanah Abang,Cikarang,2023,10,2023-10,690216,22265,synthetic_prototype
STA-031,tanahabang,Tanah Abang,Cikarang,2023,11,2023-11,688387,22946,synthetic_prototype
STA-031,tanahabang,Tanah Abang,Cikarang,2023,12,2023-12,629622,20310,synthetic_prototype
STA-032,karet,Karet,Cikarang,2023,1,2023-01,149699,4829,synthetic_prototype
STA-032,karet,Karet,Cikarang,2023,2,2023-02,148043,5287,synthetic_prototype
STA-032,karet,Karet,Cikarang,2023,3,2023-03,162767,5251,synthetic_prototype
STA-032,karet,Karet,Cikarang,2023,4,2023-04,168042,5601,synthetic_prototype
STA-032,karet,Karet,Cikarang,2023,5,2023-05,179409,5787,synthetic_prototype
STA-032,karet,Karet,Cikarang,2023,6,2023-06,152507,5084,synthetic_prototype
STA-032,karet,Karet,Cikarang,2023,7,2023-07,146856,4737,synthetic_prototype
STA-032,karet,Karet,Cikarang,2023,8,2023-08,166982,5387,synthetic_prototype
STA-032,karet,Karet,Cikarang,2023,9,2023-09,175270,5842,synthetic_prototype
STA-032,karet,Karet,Cikarang,2023,10,2023-10,168761,5444,synthetic_prototype
STA-032,karet,Karet,Cikarang,2023,11,2023-11,172535,5751,synthetic_prototype
STA-032,karet,Karet,Cikarang,2023,12,2023-12,144449,4660,synthetic_prototype
STA-033,sudirmanbaru,BNI City,Cikarang,2023,1,2023-01,297949,9611,synthetic_prototype
STA-033,sudirmanbaru,BNI City,Cikarang,2023,2,2023-02,310887,11103,synthetic_prototype
STA-033,sudirmanbaru,BNI City,Cikarang,2023,3,2023-03,319553,10308,synthetic_prototype
STA-033,sudirmanbaru,BNI City,Cikarang,2023,4,2023-04,329048,10968,synthetic_prototype
STA-033,sudirmanbaru,BNI City,Cikarang,2023,5,2023-05,319171,10296,synthetic_prototype
STA-033,sudirmanbaru,BNI City,Cikarang,2023,6,2023-06,282223,9407,synthetic_prototype
STA-033,sudirmanbaru,BNI City,Cikarang,2023,7,2023-07,295899,9545,synthetic_prototype
STA-033,sudirmanbaru,BNI City,Cikarang,2023,8,2023-08,346289,11171,synthetic_prototype
STA-033,sudirmanbaru,BNI City,Cikarang,2023,9,2023-09,365190,12173,synthetic_prototype
STA-033,sudirmanbaru,BNI City,Cikarang,2023,10,2023-10,345460,11144,synthetic_prototype
STA-033,sudirmanbaru,BNI City,Cikarang,2023,11,2023-11,363705,12124,synthetic_prototype
STA-033,sudirmanbaru,BNI City,Cikarang,2023,12,2023-12,309082,9970,synthetic_prototype
STA-034,sudirman,Sudirman,Cikarang,2023,1,2023-01,291241,9395,synthetic_prototype
STA-034,sudirman,Sudirman,Cikarang,2023,2,2023-02,313753,11205,synthetic_prototype
STA-034,sudirman,Sudirman,Cikarang,2023,3,2023-03,334354,10786,synthetic_prototype
STA-034,sudirman,Sudirman,Cikarang,2023,4,2023-04,290039,9668,synthetic_prototype
STA-034,sudirman,Sudirman,Cikarang,2023,5,2023-05,355450,11466,synthetic_prototype
STA-034,sudirman,Sudirman,Cikarang,2023,6,2023-06,316332,10544,synthetic_prototype
STA-034,sudirman,Sudirman,Cikarang,2023,7,2023-07,285928,9223,synthetic_prototype
STA-034,sudirman,Sudirman,Cikarang,2023,8,2023-08,337630,10891,synthetic_prototype
STA-034,sudirman,Sudirman,Cikarang,2023,9,2023-09,348905,11630,synthetic_prototype
STA-034,sudirman,Sudirman,Cikarang,2023,10,2023-10,355589,11471,synthetic_prototype
STA-034,sudirman,Sudirman,Cikarang,2023,11,2023-11,340986,11366,synthetic_prototype
STA-034,sudirman,Sudirman,Cikarang,2023,12,2023-12,301242,9717,synthetic_prototype
STA-035,matraman,Matraman,Cikarang,2023,1,2023-01,146483,4725,synthetic_prototype
STA-035,matraman,Matraman,Cikarang,2023,2,2023-02,158628,5665,synthetic_prototype
STA-035,matraman,Matraman,Cikarang,2023,3,2023-03,166468,5370,synthetic_prototype
STA-035,matraman,Matraman,Cikarang,2023,4,2023-04,152485,5083,synthetic_prototype
STA-035,matraman,Matraman,Cikarang,2023,5,2023-05,172993,5580,synthetic_prototype
STA-035,matraman,Matraman,Cikarang,2023,6,2023-06,132812,4427,synthetic_prototype
STA-035,matraman,Matraman,Cikarang,2023,7,2023-07,153371,4947,synthetic_prototype
STA-035,matraman,Matraman,Cikarang,2023,8,2023-08,154619,4988,synthetic_prototype
STA-035,matraman,Matraman,Cikarang,2023,9,2023-09,168592,5620,synthetic_prototype
STA-035,matraman,Matraman,Cikarang,2023,10,2023-10,168079,5422,synthetic_prototype
STA-035,matraman,Matraman,Cikarang,2023,11,2023-11,165302,5510,synthetic_prototype
STA-035,matraman,Matraman,Cikarang,2023,12,2023-12,161966,5225,synthetic_prototype
STA-036,jatinegara,Jatinegara,Cikarang,2023,1,2023-01,575560,18566,synthetic_prototype
STA-036,jatinegara,Jatinegara,Cikarang,2023,2,2023-02,614484,21946,synthetic_prototype
STA-036,jatinegara,Jatinegara,Cikarang,2023,3,2023-03,650480,20983,synthetic_prototype
STA-036,jatinegara,Jatinegara,Cikarang,2023,4,2023-04,630932,21031,synthetic_prototype
STA-036,jatinegara,Jatinegara,Cikarang,2023,5,2023-05,673317,21720,synthetic_prototype
STA-036,jatinegara,Jatinegara,Cikarang,2023,6,2023-06,568797,18960,synthetic_prototype
STA-036,jatinegara,Jatinegara,Cikarang,2023,7,2023-07,609907,19674,synthetic_prototype
STA-036,jatinegara,Jatinegara,Cikarang,2023,8,2023-08,651608,21020,synthetic_prototype
STA-036,jatinegara,Jatinegara,Cikarang,2023,9,2023-09,641682,21389,synthetic_prototype
STA-036,jatinegara,Jatinegara,Cikarang,2023,10,2023-10,691786,22316,synthetic_prototype
STA-036,jatinegara,Jatinegara,Cikarang,2023,11,2023-11,739183,24639,synthetic_prototype
STA-036,jatinegara,Jatinegara,Cikarang,2023,12,2023-12,640173,20651,synthetic_prototype
STA-037,klender,Klender,Cikarang,2023,1,2023-01,289176,9328,synthetic_prototype
STA-037,klender,Klender,Cikarang,2023,2,2023-02,298808,10672,synthetic_prototype
STA-037,klender,Klender,Cikarang,2023,3,2023-03,321659,10376,synthetic_prototype
STA-037,klender,Klender,Cikarang,2023,4,2023-04,335274,11176,synthetic_prototype
STA-037,klender,Klender,Cikarang,2023,5,2023-05,340754,10992,synthetic_prototype
STA-037,klender,Klender,Cikarang,2023,6,2023-06,304940,10165,synthetic_prototype
STA-037,klender,Klender,Cikarang,2023,7,2023-07,305352,9850,synthetic_prototype
STA-037,klender,Klender,Cikarang,2023,8,2023-08,335543,10824,synthetic_prototype
STA-037,klender,Klender,Cikarang,2023,9,2023-09,338599,11287,synthetic_prototype
STA-037,klender,Klender,Cikarang,2023,10,2023-10,349155,11263,synthetic_prototype
STA-037,klender,Klender,Cikarang,2023,11,2023-11,347662,11589,synthetic_prototype
STA-037,klender,Klender,Cikarang,2023,12,2023-12,309098,9971,synthetic_prototype
STA-038,buaran,Buaran,Cikarang,2023,1,2023-01,150901,4868,synthetic_prototype
STA-038,buaran,Buaran,Cikarang,2023,2,2023-02,151835,5423,synthetic_prototype
STA-038,buaran,Buaran,Cikarang,2023,3,2023-03,167700,5410,synthetic_prototype
STA-038,buaran,Buaran,Cikarang,2023,4,2023-04,154279,5143,synthetic_prototype
STA-038,buaran,Buaran,Cikarang,2023,5,2023-05,168341,5430,synthetic_prototype
STA-038,buaran,Buaran,Cikarang,2023,6,2023-06,137911,4597,synthetic_prototype
STA-038,buaran,Buaran,Cikarang,2023,7,2023-07,152007,4903,synthetic_prototype
STA-038,buaran,Buaran,Cikarang,2023,8,2023-08,168487,5435,synthetic_prototype
STA-038,buaran,Buaran,Cikarang,2023,9,2023-09,177901,5930,synthetic_prototype
STA-038,buaran,Buaran,Cikarang,2023,10,2023-10,155574,5019,synthetic_prototype
STA-038,buaran,Buaran,Cikarang,2023,11,2023-11,188893,6296,synthetic_prototype
STA-038,buaran,Buaran,Cikarang,2023,12,2023-12,153915,4965,synthetic_prototype
STA-039,klenderbaru,Klender Baru,Cikarang,2023,1,2023-01,71462,2305,synthetic_prototype
STA-039,klenderbaru,Klender Baru,Cikarang,2023,2,2023-02,67768,2420,synthetic_prototype
STA-039,klenderbaru,Klender Baru,Cikarang,2023,3,2023-03,77895,2513,synthetic_prototype
STA-039,klenderbaru,Klender Baru,Cikarang,2023,4,2023-04,69186,2306,synthetic_prototype
STA-039,klenderbaru,Klender Baru,Cikarang,2023,5,2023-05,76359,2463,synthetic_prototype
STA-039,klenderbaru,Klender Baru,Cikarang,2023,6,2023-06,75304,2510,synthetic_prototype
STA-039,klenderbaru,Klender Baru,Cikarang,2023,7,2023-07,67906,2191,synthetic_prototype
STA-039,klenderbaru,Klender Baru,Cikarang,2023,8,2023-08,78227,2523,synthetic_prototype
STA-039,klenderbaru,Klender Baru,Cikarang,2023,9,2023-09,82612,2754,synthetic_prototype
STA-039,klenderbaru,Klender Baru,Cikarang,2023,10,2023-10,83742,2701,synthetic_prototype
STA-039,klenderbaru,Klender Baru,Cikarang,2023,11,2023-11,81843,2728,synthetic_prototype
STA-039,klenderbaru,Klender Baru,Cikarang,2023,12,2023-12,73284,2364,synthetic_prototype
STA-040,cakung,Cakung,Cikarang,2023,1,2023-01,160730,5185,synthetic_prototype
STA-040,cakung,Cakung,Cikarang,2023,2,2023-02,151171,5399,synthetic_prototype
STA-040,cakung,Cakung,Cikarang,2023,3,2023-03,164236,5298,synthetic_prototype
STA-040,cakung,Cakung,Cikarang,2023,4,2023-04,161284,5376,synthetic_prototype
STA-040,cakung,Cakung,Cikarang,2023,5,2023-05,175234,5653,synthetic_prototype
STA-040,cakung,Cakung,Cikarang,2023,6,2023-06,157008,5234,synthetic_prototype
STA-040,cakung,Cakung,Cikarang,2023,7,2023-07,150379,4851,synthetic_prototype
STA-040,cakung,Cakung,Cikarang,2023,8,2023-08,158586,5116,synthetic_prototype
STA-040,cakung,Cakung,Cikarang,2023,9,2023-09,182249,6075,synthetic_prototype
STA-040,cakung,Cakung,Cikarang,2023,10,2023-10,167891,5416,synthetic_prototype
STA-040,cakung,Cakung,Cikarang,2023,11,2023-11,176441,5881,synthetic_prototype
STA-040,cakung,Cakung,Cikarang,2023,12,2023-12,150109,4842,synthetic_prototype
STA-041,kranji,Kranji,Cikarang,2023,1,2023-01,292514,9436,synthetic_prototype
STA-041,kranji,Kranji,Cikarang,2023,2,2023-02,307027,10965,synthetic_prototype
STA-041,kranji,Kranji,Cikarang,2023,3,2023-03,330040,10646,synthetic_prototype
STA-041,kranji,Kranji,Cikarang,2023,4,2023-04,314783,10493,synthetic_prototype
STA-041,kranji,Kranji,Cikarang,2023,5,2023-05,357291,11526,synthetic_prototype
STA-041,kranji,Kranji,Cikarang,2023,6,2023-06,305222,10174,synthetic_prototype
STA-041,kranji,Kranji,Cikarang,2023,7,2023-07,290402,9368,synthetic_prototype
STA-041,kranji,Kranji,Cikarang,2023,8,2023-08,345186,11135,synthetic_prototype
STA-041,kranji,Kranji,Cikarang,2023,9,2023-09,358423,11947,synthetic_prototype
STA-041,kranji,Kranji,Cikarang,2023,10,2023-10,334639,10795,synthetic_prototype
STA-041,kranji,Kranji,Cikarang,2023,11,2023-11,356993,11900,synthetic_prototype
STA-041,kranji,Kranji,Cikarang,2023,12,2023-12,318241,10266,synthetic_prototype
STA-042,bekasi,Bekasi,Cikarang,2023,1,2023-01,579552,18695,synthetic_prototype
STA-042,bekasi,Bekasi,Cikarang,2023,2,2023-02,639436,22837,synthetic_prototype
STA-042,bekasi,Bekasi,Cikarang,2023,3,2023-03,647791,20896,synthetic_prototype
STA-042,bekasi,Bekasi,Cikarang,2023,4,2023-04,622228,20741,synthetic_prototype
STA-042,bekasi,Bekasi,Cikarang,2023,5,2023-05,666607,21503,synthetic_prototype
STA-042,bekasi,Bekasi,Cikarang,2023,6,2023-06,599940,19998,synthetic_prototype
STA-042,bekasi,Bekasi,Cikarang,2023,7,2023-07,560813,18091,synthetic_prototype
STA-042,bekasi,Bekasi,Cikarang,2023,8,2023-08,626447,20208,synthetic_prototype
STA-042,bekasi,Bekasi,Cikarang,2023,9,2023-09,727932,24264,synthetic_prototype
STA-042,bekasi,Bekasi,Cikarang,2023,10,2023-10,679994,21935,synthetic_prototype
STA-042,bekasi,Bekasi,Cikarang,2023,11,2023-11,669670,22322,synthetic_prototype
STA-042,bekasi,Bekasi,Cikarang,2023,12,2023-12,565790,18251,synthetic_prototype
STA-043,bekasitimur,Bekasi Timur,Cikarang,2023,1,2023-01,142885,4609,synthetic_prototype
STA-043,bekasitimur,Bekasi Timur,Cikarang,2023,2,2023-02,143502,5125,synthetic_prototype
STA-043,bekasitimur,Bekasi Timur,Cikarang,2023,3,2023-03,173626,5601,synthetic_prototype
STA-043,bekasitimur,Bekasi Timur,Cikarang,2023,4,2023-04,161031,5368,synthetic_prototype
STA-043,bekasitimur,Bekasi Timur,Cikarang,2023,5,2023-05,163194,5264,synthetic_prototype
STA-043,bekasitimur,Bekasi Timur,Cikarang,2023,6,2023-06,163396,5447,synthetic_prototype
STA-043,bekasitimur,Bekasi Timur,Cikarang,2023,7,2023-07,152391,4916,synthetic_prototype
STA-043,bekasitimur,Bekasi Timur,Cikarang,2023,8,2023-08,164025,5291,synthetic_prototype
STA-043,bekasitimur,Bekasi Timur,Cikarang,2023,9,2023-09,153969,5132,synthetic_prototype
STA-043,bekasitimur,Bekasi Timur,Cikarang,2023,10,2023-10,192084,6196,synthetic_prototype
STA-043,bekasitimur,Bekasi Timur,Cikarang,2023,11,2023-11,164640,5488,synthetic_prototype
STA-043,bekasitimur,Bekasi Timur,Cikarang,2023,12,2023-12,144592,4664,synthetic_prototype
STA-044,tambun,Tambun,Cikarang,2023,1,2023-01,152631,4924,synthetic_prototype
STA-044,tambun,Tambun,Cikarang,2023,2,2023-02,166308,5940,synthetic_prototype
STA-044,tambun,Tambun,Cikarang,2023,3,2023-03,171947,5547,synthetic_prototype
STA-044,tambun,Tambun,Cikarang,2023,4,2023-04,158270,5276,synthetic_prototype
STA-044,tambun,Tambun,Cikarang,2023,5,2023-05,171805,5542,synthetic_prototype
STA-044,tambun,Tambun,Cikarang,2023,6,2023-06,155008,5167,synthetic_prototype
STA-044,tambun,Tambun,Cikarang,2023,7,2023-07,151084,4874,synthetic_prototype
STA-044,tambun,Tambun,Cikarang,2023,8,2023-08,168053,5421,synthetic_prototype
STA-044,tambun,Tambun,Cikarang,2023,9,2023-09,171785,5726,synthetic_prototype
STA-044,tambun,Tambun,Cikarang,2023,10,2023-10,175519,5662,synthetic_prototype
STA-044,tambun,Tambun,Cikarang,2023,11,2023-11,169073,5636,synthetic_prototype
STA-044,tambun,Tambun,Cikarang,2023,12,2023-12,153041,4937,synthetic_prototype
STA-045,cibitung,Cibitung,Cikarang,2023,1,2023-01,273407,8820,synthetic_prototype
STA-045,cibitung,Cibitung,Cikarang,2023,2,2023-02,301850,10780,synthetic_prototype
STA-045,cibitung,Cibitung,Cikarang,2023,3,2023-03,312966,10096,synthetic_prototype
STA-045,cibitung,Cibitung,Cikarang,2023,4,2023-04,295894,9863,synthetic_prototype
STA-045,cibitung,Cibitung,Cikarang,2023,5,2023-05,338042,10905,synthetic_prototype
STA-045,cibitung,Cibitung,Cikarang,2023,6,2023-06,316475,10549,synthetic_prototype
STA-045,cibitung,Cibitung,Cikarang,2023,7,2023-07,304039,9808,synthetic_prototype
STA-045,cibitung,Cibitung,Cikarang,2023,8,2023-08,311489,10048,synthetic_prototype
STA-045,cibitung,Cibitung,Cikarang,2023,9,2023-09,328600,10953,synthetic_prototype
STA-045,cibitung,Cibitung,Cikarang,2023,10,2023-10,365162,11779,synthetic_prototype
STA-045,cibitung,Cibitung,Cikarang,2023,11,2023-11,334959,11165,synthetic_prototype
STA-045,cibitung,Cibitung,Cikarang,2023,12,2023-12,306777,9896,synthetic_prototype
STA-046,telagamurni,Metland Telaga Murni,Cikarang,2023,1,2023-01,69934,2256,synthetic_prototype
STA-046,telagamurni,Metland Telaga Murni,Cikarang,2023,2,2023-02,67970,2428,synthetic_prototype
STA-046,telagamurni,Metland Telaga Murni,Cikarang,2023,3,2023-03,76352,2463,synthetic_prototype
STA-046,telagamurni,Metland Telaga Murni,Cikarang,2023,4,2023-04,68376,2279,synthetic_prototype
STA-046,telagamurni,Metland Telaga Murni,Cikarang,2023,5,2023-05,76429,2465,synthetic_prototype
STA-046,telagamurni,Metland Telaga Murni,Cikarang,2023,6,2023-06,70844,2361,synthetic_prototype
STA-046,telagamurni,Metland Telaga Murni,Cikarang,2023,7,2023-07,64068,2067,synthetic_prototype
STA-046,telagamurni,Metland Telaga Murni,Cikarang,2023,8,2023-08,78919,2546,synthetic_prototype
STA-046,telagamurni,Metland Telaga Murni,Cikarang,2023,9,2023-09,79770,2659,synthetic_prototype
STA-046,telagamurni,Metland Telaga Murni,Cikarang,2023,10,2023-10,83929,2707,synthetic_prototype
STA-046,telagamurni,Metland Telaga Murni,Cikarang,2023,11,2023-11,82082,2736,synthetic_prototype
STA-046,telagamurni,Metland Telaga Murni,Cikarang,2023,12,2023-12,76171,2457,synthetic_prototype
STA-047,cikarang,Cikarang,Cikarang,2023,1,2023-01,294735,9508,synthetic_prototype
STA-047,cikarang,Cikarang,Cikarang,2023,2,2023-02,297837,10637,synthetic_prototype
STA-047,cikarang,Cikarang,Cikarang,2023,3,2023-03,327445,10563,synthetic_prototype
STA-047,cikarang,Cikarang,Cikarang,2023,4,2023-04,316286,10543,synthetic_prototype
STA-047,cikarang,Cikarang,Cikarang,2023,5,2023-05,336283,10848,synthetic_prototype
STA-047,cikarang,Cikarang,Cikarang,2023,6,2023-06,300270,10009,synthetic_prototype
STA-047,cikarang,Cikarang,Cikarang,2023,7,2023-07,285031,9195,synthetic_prototype
STA-047,cikarang,Cikarang,Cikarang,2023,8,2023-08,323555,10437,synthetic_prototype
STA-047,cikarang,Cikarang,Cikarang,2023,9,2023-09,322948,10765,synthetic_prototype
STA-047,cikarang,Cikarang,Cikarang,2023,10,2023-10,376548,12147,synthetic_prototype
STA-047,cikarang,Cikarang,Cikarang,2023,11,2023-11,331313,11044,synthetic_prototype
STA-047,cikarang,Cikarang,Cikarang,2023,12,2023-12,300979,9709,synthetic_prototype
STA-028,kampungbandan,Kampung Bandan,Cikarang,2024,1,2024-01,602719,19443,synthetic_prototype
STA-028,kampungbandan,Kampung Bandan,Cikarang,2024,2,2024-02,664191,23721,synthetic_prototype
STA-028,kampungbandan,Kampung Bandan,Cikarang,2024,3,2024-03,681367,21980,synthetic_prototype
STA-028,kampungbandan,Kampung Bandan,Cikarang,2024,4,2024-04,687719,22924,synthetic_prototype
STA-028,kampungbandan,Kampung Bandan,Cikarang,2024,5,2024-05,691055,22292,synthetic_prototype
STA-028,kampungbandan,Kampung Bandan,Cikarang,2024,6,2024-06,641421,21381,synthetic_prototype
STA-028,kampungbandan,Kampung Bandan,Cikarang,2024,7,2024-07,599817,19349,synthetic_prototype
STA-028,kampungbandan,Kampung Bandan,Cikarang,2024,8,2024-08,763639,24634,synthetic_prototype
STA-028,kampungbandan,Kampung Bandan,Cikarang,2024,9,2024-09,689585,22986,synthetic_prototype
STA-028,kampungbandan,Kampung Bandan,Cikarang,2024,10,2024-10,753891,24319,synthetic_prototype
STA-028,kampungbandan,Kampung Bandan,Cikarang,2024,11,2024-11,756470,25216,synthetic_prototype
STA-028,kampungbandan,Kampung Bandan,Cikarang,2024,12,2024-12,665869,21480,synthetic_prototype
STA-029,angke,Angke,Cikarang,2024,1,2024-01,153988,4967,synthetic_prototype
STA-029,angke,Angke,Cikarang,2024,2,2024-02,159476,5696,synthetic_prototype
STA-029,angke,Angke,Cikarang,2024,3,2024-03,172677,5570,synthetic_prototype
STA-029,angke,Angke,Cikarang,2024,4,2024-04,162793,5426,synthetic_prototype
STA-029,angke,Angke,Cikarang,2024,5,2024-05,184392,5948,synthetic_prototype
STA-029,angke,Angke,Cikarang,2024,6,2024-06,172607,5754,synthetic_prototype
STA-029,angke,Angke,Cikarang,2024,7,2024-07,151678,4893,synthetic_prototype
STA-029,angke,Angke,Cikarang,2024,8,2024-08,166189,5361,synthetic_prototype
STA-029,angke,Angke,Cikarang,2024,9,2024-09,180355,6012,synthetic_prototype
STA-029,angke,Angke,Cikarang,2024,10,2024-10,205375,6625,synthetic_prototype
STA-029,angke,Angke,Cikarang,2024,11,2024-11,178512,5950,synthetic_prototype
STA-029,angke,Angke,Cikarang,2024,12,2024-12,174493,5629,synthetic_prototype
STA-030,duri,Duri,Cikarang,2024,1,2024-01,662196,21361,synthetic_prototype
STA-030,duri,Duri,Cikarang,2024,2,2024-02,627038,22394,synthetic_prototype
STA-030,duri,Duri,Cikarang,2024,3,2024-03,705195,22748,synthetic_prototype
STA-030,duri,Duri,Cikarang,2024,4,2024-04,697693,23256,synthetic_prototype
STA-030,duri,Duri,Cikarang,2024,5,2024-05,699417,22562,synthetic_prototype
STA-030,duri,Duri,Cikarang,2024,6,2024-06,629176,20973,synthetic_prototype
STA-030,duri,Duri,Cikarang,2024,7,2024-07,606113,19552,synthetic_prototype
STA-030,duri,Duri,Cikarang,2024,8,2024-08,674745,21766,synthetic_prototype
STA-030,duri,Duri,Cikarang,2024,9,2024-09,705175,23506,synthetic_prototype
STA-030,duri,Duri,Cikarang,2024,10,2024-10,708205,22845,synthetic_prototype
STA-030,duri,Duri,Cikarang,2024,11,2024-11,738773,24626,synthetic_prototype
STA-030,duri,Duri,Cikarang,2024,12,2024-12,634853,20479,synthetic_prototype
STA-031,tanahabang,Tanah Abang,Cikarang,2024,1,2024-01,626355,20205,synthetic_prototype
STA-031,tanahabang,Tanah Abang,Cikarang,2024,2,2024-02,601329,21476,synthetic_prototype
STA-031,tanahabang,Tanah Abang,Cikarang,2024,3,2024-03,698628,22536,synthetic_prototype
STA-031,tanahabang,Tanah Abang,Cikarang,2024,4,2024-04,676866,22562,synthetic_prototype
STA-031,tanahabang,Tanah Abang,Cikarang,2024,5,2024-05,653550,21082,synthetic_prototype
STA-031,tanahabang,Tanah Abang,Cikarang,2024,6,2024-06,643833,21461,synthetic_prototype
STA-031,tanahabang,Tanah Abang,Cikarang,2024,7,2024-07,651025,21001,synthetic_prototype
STA-031,tanahabang,Tanah Abang,Cikarang,2024,8,2024-08,669263,21589,synthetic_prototype
STA-031,tanahabang,Tanah Abang,Cikarang,2024,9,2024-09,772413,25747,synthetic_prototype
STA-031,tanahabang,Tanah Abang,Cikarang,2024,10,2024-10,757143,24424,synthetic_prototype
STA-031,tanahabang,Tanah Abang,Cikarang,2024,11,2024-11,716962,23899,synthetic_prototype
STA-031,tanahabang,Tanah Abang,Cikarang,2024,12,2024-12,653566,21083,synthetic_prototype
STA-032,karet,Karet,Cikarang,2024,1,2024-01,158602,5116,synthetic_prototype
STA-032,karet,Karet,Cikarang,2024,2,2024-02,160796,5743,synthetic_prototype
STA-032,karet,Karet,Cikarang,2024,3,2024-03,176090,5680,synthetic_prototype
STA-032,karet,Karet,Cikarang,2024,4,2024-04,157726,5258,synthetic_prototype
STA-032,karet,Karet,Cikarang,2024,5,2024-05,178749,5766,synthetic_prototype
STA-032,karet,Karet,Cikarang,2024,6,2024-06,149617,4987,synthetic_prototype
STA-032,karet,Karet,Cikarang,2024,7,2024-07,154447,4982,synthetic_prototype
STA-032,karet,Karet,Cikarang,2024,8,2024-08,169466,5467,synthetic_prototype
STA-032,karet,Karet,Cikarang,2024,9,2024-09,175669,5856,synthetic_prototype
STA-032,karet,Karet,Cikarang,2024,10,2024-10,195370,6302,synthetic_prototype
STA-032,karet,Karet,Cikarang,2024,11,2024-11,192493,6416,synthetic_prototype
STA-032,karet,Karet,Cikarang,2024,12,2024-12,167746,5411,synthetic_prototype
STA-033,sudirmanbaru,BNI City,Cikarang,2024,1,2024-01,296719,9572,synthetic_prototype
STA-033,sudirmanbaru,BNI City,Cikarang,2024,2,2024-02,316560,11306,synthetic_prototype
STA-033,sudirmanbaru,BNI City,Cikarang,2024,3,2024-03,361479,11661,synthetic_prototype
STA-033,sudirmanbaru,BNI City,Cikarang,2024,4,2024-04,329370,10979,synthetic_prototype
STA-033,sudirmanbaru,BNI City,Cikarang,2024,5,2024-05,388036,12517,synthetic_prototype
STA-033,sudirmanbaru,BNI City,Cikarang,2024,6,2024-06,322161,10739,synthetic_prototype
STA-033,sudirmanbaru,BNI City,Cikarang,2024,7,2024-07,312659,10086,synthetic_prototype
STA-033,sudirmanbaru,BNI City,Cikarang,2024,8,2024-08,347298,11203,synthetic_prototype
STA-033,sudirmanbaru,BNI City,Cikarang,2024,9,2024-09,363922,12131,synthetic_prototype
STA-033,sudirmanbaru,BNI City,Cikarang,2024,10,2024-10,370060,11937,synthetic_prototype
STA-033,sudirmanbaru,BNI City,Cikarang,2024,11,2024-11,379332,12644,synthetic_prototype
STA-033,sudirmanbaru,BNI City,Cikarang,2024,12,2024-12,340046,10969,synthetic_prototype
STA-034,sudirman,Sudirman,Cikarang,2024,1,2024-01,300521,9694,synthetic_prototype
STA-034,sudirman,Sudirman,Cikarang,2024,2,2024-02,303545,10841,synthetic_prototype
STA-034,sudirman,Sudirman,Cikarang,2024,3,2024-03,319429,10304,synthetic_prototype
STA-034,sudirman,Sudirman,Cikarang,2024,4,2024-04,334168,11139,synthetic_prototype
STA-034,sudirman,Sudirman,Cikarang,2024,5,2024-05,339421,10949,synthetic_prototype
STA-034,sudirman,Sudirman,Cikarang,2024,6,2024-06,289857,9662,synthetic_prototype
STA-034,sudirman,Sudirman,Cikarang,2024,7,2024-07,315098,10164,synthetic_prototype
STA-034,sudirman,Sudirman,Cikarang,2024,8,2024-08,386712,12475,synthetic_prototype
STA-034,sudirman,Sudirman,Cikarang,2024,9,2024-09,361900,12063,synthetic_prototype
STA-034,sudirman,Sudirman,Cikarang,2024,10,2024-10,384819,12414,synthetic_prototype
STA-034,sudirman,Sudirman,Cikarang,2024,11,2024-11,370091,12336,synthetic_prototype
STA-034,sudirman,Sudirman,Cikarang,2024,12,2024-12,326218,10523,synthetic_prototype
STA-035,matraman,Matraman,Cikarang,2024,1,2024-01,160841,5188,synthetic_prototype
STA-035,matraman,Matraman,Cikarang,2024,2,2024-02,158447,5659,synthetic_prototype
STA-035,matraman,Matraman,Cikarang,2024,3,2024-03,174219,5620,synthetic_prototype
STA-035,matraman,Matraman,Cikarang,2024,4,2024-04,165864,5529,synthetic_prototype
STA-035,matraman,Matraman,Cikarang,2024,5,2024-05,172802,5574,synthetic_prototype
STA-035,matraman,Matraman,Cikarang,2024,6,2024-06,164878,5496,synthetic_prototype
STA-035,matraman,Matraman,Cikarang,2024,7,2024-07,154052,4969,synthetic_prototype
STA-035,matraman,Matraman,Cikarang,2024,8,2024-08,170508,5500,synthetic_prototype
STA-035,matraman,Matraman,Cikarang,2024,9,2024-09,184878,6163,synthetic_prototype
STA-035,matraman,Matraman,Cikarang,2024,10,2024-10,179475,5790,synthetic_prototype
STA-035,matraman,Matraman,Cikarang,2024,11,2024-11,184649,6155,synthetic_prototype
STA-035,matraman,Matraman,Cikarang,2024,12,2024-12,163697,5281,synthetic_prototype
STA-036,jatinegara,Jatinegara,Cikarang,2024,1,2024-01,647506,20887,synthetic_prototype
STA-036,jatinegara,Jatinegara,Cikarang,2024,2,2024-02,653413,23336,synthetic_prototype
STA-036,jatinegara,Jatinegara,Cikarang,2024,3,2024-03,688812,22220,synthetic_prototype
STA-036,jatinegara,Jatinegara,Cikarang,2024,4,2024-04,676453,22548,synthetic_prototype
STA-036,jatinegara,Jatinegara,Cikarang,2024,5,2024-05,749679,24183,synthetic_prototype
STA-036,jatinegara,Jatinegara,Cikarang,2024,6,2024-06,648495,21616,synthetic_prototype
STA-036,jatinegara,Jatinegara,Cikarang,2024,7,2024-07,620809,20026,synthetic_prototype
STA-036,jatinegara,Jatinegara,Cikarang,2024,8,2024-08,666388,21496,synthetic_prototype
STA-036,jatinegara,Jatinegara,Cikarang,2024,9,2024-09,693132,23104,synthetic_prototype
STA-036,jatinegara,Jatinegara,Cikarang,2024,10,2024-10,735571,23728,synthetic_prototype
STA-036,jatinegara,Jatinegara,Cikarang,2024,11,2024-11,719780,23993,synthetic_prototype
STA-036,jatinegara,Jatinegara,Cikarang,2024,12,2024-12,650128,20972,synthetic_prototype
STA-037,klender,Klender,Cikarang,2024,1,2024-01,310979,10032,synthetic_prototype
STA-037,klender,Klender,Cikarang,2024,2,2024-02,327411,11693,synthetic_prototype
STA-037,klender,Klender,Cikarang,2024,3,2024-03,343779,11090,synthetic_prototype
STA-037,klender,Klender,Cikarang,2024,4,2024-04,333887,11130,synthetic_prototype
STA-037,klender,Klender,Cikarang,2024,5,2024-05,356009,11484,synthetic_prototype
STA-037,klender,Klender,Cikarang,2024,6,2024-06,292108,9737,synthetic_prototype
STA-037,klender,Klender,Cikarang,2024,7,2024-07,298617,9633,synthetic_prototype
STA-037,klender,Klender,Cikarang,2024,8,2024-08,349619,11278,synthetic_prototype
STA-037,klender,Klender,Cikarang,2024,9,2024-09,344472,11482,synthetic_prototype
STA-037,klender,Klender,Cikarang,2024,10,2024-10,381266,12299,synthetic_prototype
STA-037,klender,Klender,Cikarang,2024,11,2024-11,391470,13049,synthetic_prototype
STA-037,klender,Klender,Cikarang,2024,12,2024-12,343480,11080,synthetic_prototype
STA-038,buaran,Buaran,Cikarang,2024,1,2024-01,153813,4962,synthetic_prototype
STA-038,buaran,Buaran,Cikarang,2024,2,2024-02,169868,6067,synthetic_prototype
STA-038,buaran,Buaran,Cikarang,2024,3,2024-03,173400,5594,synthetic_prototype
STA-038,buaran,Buaran,Cikarang,2024,4,2024-04,161548,5385,synthetic_prototype
STA-038,buaran,Buaran,Cikarang,2024,5,2024-05,173190,5587,synthetic_prototype
STA-038,buaran,Buaran,Cikarang,2024,6,2024-06,156666,5222,synthetic_prototype
STA-038,buaran,Buaran,Cikarang,2024,7,2024-07,152729,4927,synthetic_prototype
STA-038,buaran,Buaran,Cikarang,2024,8,2024-08,177021,5710,synthetic_prototype
STA-038,buaran,Buaran,Cikarang,2024,9,2024-09,182156,6072,synthetic_prototype
STA-038,buaran,Buaran,Cikarang,2024,10,2024-10,186188,6006,synthetic_prototype
STA-038,buaran,Buaran,Cikarang,2024,11,2024-11,187665,6256,synthetic_prototype
STA-038,buaran,Buaran,Cikarang,2024,12,2024-12,171555,5534,synthetic_prototype
STA-039,klenderbaru,Klender Baru,Cikarang,2024,1,2024-01,75147,2424,synthetic_prototype
STA-039,klenderbaru,Klender Baru,Cikarang,2024,2,2024-02,70367,2513,synthetic_prototype
STA-039,klenderbaru,Klender Baru,Cikarang,2024,3,2024-03,72224,2330,synthetic_prototype
STA-039,klenderbaru,Klender Baru,Cikarang,2024,4,2024-04,79275,2642,synthetic_prototype
STA-039,klenderbaru,Klender Baru,Cikarang,2024,5,2024-05,78325,2527,synthetic_prototype
STA-039,klenderbaru,Klender Baru,Cikarang,2024,6,2024-06,73341,2445,synthetic_prototype
STA-039,klenderbaru,Klender Baru,Cikarang,2024,7,2024-07,69009,2226,synthetic_prototype
STA-039,klenderbaru,Klender Baru,Cikarang,2024,8,2024-08,76136,2456,synthetic_prototype
STA-039,klenderbaru,Klender Baru,Cikarang,2024,9,2024-09,86293,2876,synthetic_prototype
STA-039,klenderbaru,Klender Baru,Cikarang,2024,10,2024-10,89515,2888,synthetic_prototype
STA-039,klenderbaru,Klender Baru,Cikarang,2024,11,2024-11,84088,2803,synthetic_prototype
STA-039,klenderbaru,Klender Baru,Cikarang,2024,12,2024-12,68499,2210,synthetic_prototype
STA-040,cakung,Cakung,Cikarang,2024,1,2024-01,151748,4895,synthetic_prototype
STA-040,cakung,Cakung,Cikarang,2024,2,2024-02,162821,5815,synthetic_prototype
STA-040,cakung,Cakung,Cikarang,2024,3,2024-03,162178,5232,synthetic_prototype
STA-040,cakung,Cakung,Cikarang,2024,4,2024-04,164957,5499,synthetic_prototype
STA-040,cakung,Cakung,Cikarang,2024,5,2024-05,177438,5724,synthetic_prototype
STA-040,cakung,Cakung,Cikarang,2024,6,2024-06,162260,5409,synthetic_prototype
STA-040,cakung,Cakung,Cikarang,2024,7,2024-07,155880,5028,synthetic_prototype
STA-040,cakung,Cakung,Cikarang,2024,8,2024-08,168979,5451,synthetic_prototype
STA-040,cakung,Cakung,Cikarang,2024,9,2024-09,189657,6322,synthetic_prototype
STA-040,cakung,Cakung,Cikarang,2024,10,2024-10,184985,5967,synthetic_prototype
STA-040,cakung,Cakung,Cikarang,2024,11,2024-11,184240,6141,synthetic_prototype
STA-040,cakung,Cakung,Cikarang,2024,12,2024-12,157643,5085,synthetic_prototype
STA-041,kranji,Kranji,Cikarang,2024,1,2024-01,304774,9831,synthetic_prototype
STA-041,kranji,Kranji,Cikarang,2024,2,2024-02,309271,11045,synthetic_prototype
STA-041,kranji,Kranji,Cikarang,2024,3,2024-03,342366,11044,synthetic_prototype
STA-041,kranji,Kranji,Cikarang,2024,4,2024-04,349937,11665,synthetic_prototype
STA-041,kranji,Kranji,Cikarang,2024,5,2024-05,335607,10826,synthetic_prototype
STA-041,kranji,Kranji,Cikarang,2024,6,2024-06,296700,9890,synthetic_prototype
STA-041,kranji,Kranji,Cikarang,2024,7,2024-07,328534,10598,synthetic_prototype
STA-041,kranji,Kranji,Cikarang,2024,8,2024-08,348701,11248,synthetic_prototype
STA-041,kranji,Kranji,Cikarang,2024,9,2024-09,352300,11743,synthetic_prototype
STA-041,kranji,Kranji,Cikarang,2024,10,2024-10,387818,12510,synthetic_prototype
STA-041,kranji,Kranji,Cikarang,2024,11,2024-11,359947,11998,synthetic_prototype
STA-041,kranji,Kranji,Cikarang,2024,12,2024-12,351435,11337,synthetic_prototype
STA-042,bekasi,Bekasi,Cikarang,2024,1,2024-01,637379,20561,synthetic_prototype
STA-042,bekasi,Bekasi,Cikarang,2024,2,2024-02,628722,22454,synthetic_prototype
STA-042,bekasi,Bekasi,Cikarang,2024,3,2024-03,749001,24161,synthetic_prototype
STA-042,bekasi,Bekasi,Cikarang,2024,4,2024-04,639156,21305,synthetic_prototype
STA-042,bekasi,Bekasi,Cikarang,2024,5,2024-05,731268,23589,synthetic_prototype
STA-042,bekasi,Bekasi,Cikarang,2024,6,2024-06,641936,21398,synthetic_prototype
STA-042,bekasi,Bekasi,Cikarang,2024,7,2024-07,652864,21060,synthetic_prototype
STA-042,bekasi,Bekasi,Cikarang,2024,8,2024-08,747220,24104,synthetic_prototype
STA-042,bekasi,Bekasi,Cikarang,2024,9,2024-09,724904,24163,synthetic_prototype
STA-042,bekasi,Bekasi,Cikarang,2024,10,2024-10,722220,23297,synthetic_prototype
STA-042,bekasi,Bekasi,Cikarang,2024,11,2024-11,751341,25045,synthetic_prototype
STA-042,bekasi,Bekasi,Cikarang,2024,12,2024-12,637270,20557,synthetic_prototype
STA-043,bekasitimur,Bekasi Timur,Cikarang,2024,1,2024-01,167632,5407,synthetic_prototype
STA-043,bekasitimur,Bekasi Timur,Cikarang,2024,2,2024-02,161184,5757,synthetic_prototype
STA-043,bekasitimur,Bekasi Timur,Cikarang,2024,3,2024-03,169856,5479,synthetic_prototype
STA-043,bekasitimur,Bekasi Timur,Cikarang,2024,4,2024-04,164966,5499,synthetic_prototype
STA-043,bekasitimur,Bekasi Timur,Cikarang,2024,5,2024-05,167979,5419,synthetic_prototype
STA-043,bekasitimur,Bekasi Timur,Cikarang,2024,6,2024-06,152422,5081,synthetic_prototype
STA-043,bekasitimur,Bekasi Timur,Cikarang,2024,7,2024-07,162587,5245,synthetic_prototype
STA-043,bekasitimur,Bekasi Timur,Cikarang,2024,8,2024-08,171203,5523,synthetic_prototype
STA-043,bekasitimur,Bekasi Timur,Cikarang,2024,9,2024-09,173414,5780,synthetic_prototype
STA-043,bekasitimur,Bekasi Timur,Cikarang,2024,10,2024-10,190161,6134,synthetic_prototype
STA-043,bekasitimur,Bekasi Timur,Cikarang,2024,11,2024-11,193189,6440,synthetic_prototype
STA-043,bekasitimur,Bekasi Timur,Cikarang,2024,12,2024-12,168466,5434,synthetic_prototype
STA-044,tambun,Tambun,Cikarang,2024,1,2024-01,161319,5204,synthetic_prototype
STA-044,tambun,Tambun,Cikarang,2024,2,2024-02,155456,5552,synthetic_prototype
STA-044,tambun,Tambun,Cikarang,2024,3,2024-03,162572,5244,synthetic_prototype
STA-044,tambun,Tambun,Cikarang,2024,4,2024-04,173590,5786,synthetic_prototype
STA-044,tambun,Tambun,Cikarang,2024,5,2024-05,175255,5653,synthetic_prototype
STA-044,tambun,Tambun,Cikarang,2024,6,2024-06,156994,5233,synthetic_prototype
STA-044,tambun,Tambun,Cikarang,2024,7,2024-07,163380,5270,synthetic_prototype
STA-044,tambun,Tambun,Cikarang,2024,8,2024-08,179735,5798,synthetic_prototype
STA-044,tambun,Tambun,Cikarang,2024,9,2024-09,184294,6143,synthetic_prototype
STA-044,tambun,Tambun,Cikarang,2024,10,2024-10,202287,6525,synthetic_prototype
STA-044,tambun,Tambun,Cikarang,2024,11,2024-11,179694,5990,synthetic_prototype
STA-044,tambun,Tambun,Cikarang,2024,12,2024-12,169834,5479,synthetic_prototype
STA-045,cibitung,Cibitung,Cikarang,2024,1,2024-01,310983,10032,synthetic_prototype
STA-045,cibitung,Cibitung,Cikarang,2024,2,2024-02,324063,11574,synthetic_prototype
STA-045,cibitung,Cibitung,Cikarang,2024,3,2024-03,365828,11801,synthetic_prototype
STA-045,cibitung,Cibitung,Cikarang,2024,4,2024-04,334166,11139,synthetic_prototype
STA-045,cibitung,Cibitung,Cikarang,2024,5,2024-05,362739,11701,synthetic_prototype
STA-045,cibitung,Cibitung,Cikarang,2024,6,2024-06,330777,11026,synthetic_prototype
STA-045,cibitung,Cibitung,Cikarang,2024,7,2024-07,305746,9863,synthetic_prototype
STA-045,cibitung,Cibitung,Cikarang,2024,8,2024-08,339842,10963,synthetic_prototype
STA-045,cibitung,Cibitung,Cikarang,2024,9,2024-09,346860,11562,synthetic_prototype
STA-045,cibitung,Cibitung,Cikarang,2024,10,2024-10,343045,11066,synthetic_prototype
STA-045,cibitung,Cibitung,Cikarang,2024,11,2024-11,399223,13307,synthetic_prototype
STA-045,cibitung,Cibitung,Cikarang,2024,12,2024-12,313061,10099,synthetic_prototype
STA-046,telagamurni,Metland Telaga Murni,Cikarang,2024,1,2024-01,71757,2315,synthetic_prototype
STA-046,telagamurni,Metland Telaga Murni,Cikarang,2024,2,2024-02,73982,2642,synthetic_prototype
STA-046,telagamurni,Metland Telaga Murni,Cikarang,2024,3,2024-03,81431,2627,synthetic_prototype
STA-046,telagamurni,Metland Telaga Murni,Cikarang,2024,4,2024-04,78913,2630,synthetic_prototype
STA-046,telagamurni,Metland Telaga Murni,Cikarang,2024,5,2024-05,85706,2765,synthetic_prototype
STA-046,telagamurni,Metland Telaga Murni,Cikarang,2024,6,2024-06,72280,2409,synthetic_prototype
STA-046,telagamurni,Metland Telaga Murni,Cikarang,2024,7,2024-07,71913,2320,synthetic_prototype
STA-046,telagamurni,Metland Telaga Murni,Cikarang,2024,8,2024-08,82978,2677,synthetic_prototype
STA-046,telagamurni,Metland Telaga Murni,Cikarang,2024,9,2024-09,83623,2787,synthetic_prototype
STA-046,telagamurni,Metland Telaga Murni,Cikarang,2024,10,2024-10,92462,2983,synthetic_prototype
STA-046,telagamurni,Metland Telaga Murni,Cikarang,2024,11,2024-11,87763,2925,synthetic_prototype
STA-046,telagamurni,Metland Telaga Murni,Cikarang,2024,12,2024-12,78666,2538,synthetic_prototype
STA-047,cikarang,Cikarang,Cikarang,2024,1,2024-01,318503,10274,synthetic_prototype
STA-047,cikarang,Cikarang,Cikarang,2024,2,2024-02,335668,11988,synthetic_prototype
STA-047,cikarang,Cikarang,Cikarang,2024,3,2024-03,347247,11202,synthetic_prototype
STA-047,cikarang,Cikarang,Cikarang,2024,4,2024-04,310524,10351,synthetic_prototype
STA-047,cikarang,Cikarang,Cikarang,2024,5,2024-05,360770,11638,synthetic_prototype
STA-047,cikarang,Cikarang,Cikarang,2024,6,2024-06,308907,10297,synthetic_prototype
STA-047,cikarang,Cikarang,Cikarang,2024,7,2024-07,303715,9797,synthetic_prototype
STA-047,cikarang,Cikarang,Cikarang,2024,8,2024-08,359893,11609,synthetic_prototype
STA-047,cikarang,Cikarang,Cikarang,2024,9,2024-09,379918,12664,synthetic_prototype
STA-047,cikarang,Cikarang,Cikarang,2024,10,2024-10,372648,12021,synthetic_prototype
STA-047,cikarang,Cikarang,Cikarang,2024,11,2024-11,373440,12448,synthetic_prototype
STA-047,cikarang,Cikarang,Cikarang,2024,12,2024-12,349813,11284,synthetic_prototype
STA-028,kampungbandan,Kampung Bandan,Cikarang,2025,1,2025-01,662866,21383,synthetic_prototype
STA-028,kampungbandan,Kampung Bandan,Cikarang,2025,2,2025-02,749031,26751,synthetic_prototype
STA-028,kampungbandan,Kampung Bandan,Cikarang,2025,3,2025-03,745994,24064,synthetic_prototype
STA-028,kampungbandan,Kampung Bandan,Cikarang,2025,4,2025-04,644209,21474,synthetic_prototype
STA-028,kampungbandan,Kampung Bandan,Cikarang,2025,5,2025-05,774020,24968,synthetic_prototype
STA-028,kampungbandan,Kampung Bandan,Cikarang,2025,6,2025-06,681366,22712,synthetic_prototype
STA-028,kampungbandan,Kampung Bandan,Cikarang,2025,7,2025-07,690415,22271,synthetic_prototype
STA-028,kampungbandan,Kampung Bandan,Cikarang,2025,8,2025-08,764119,24649,synthetic_prototype
STA-028,kampungbandan,Kampung Bandan,Cikarang,2025,9,2025-09,761726,25391,synthetic_prototype
STA-028,kampungbandan,Kampung Bandan,Cikarang,2025,10,2025-10,749270,24170,synthetic_prototype
STA-028,kampungbandan,Kampung Bandan,Cikarang,2025,11,2025-11,774031,25801,synthetic_prototype
STA-028,kampungbandan,Kampung Bandan,Cikarang,2025,12,2025-12,669441,21595,synthetic_prototype
STA-029,angke,Angke,Cikarang,2025,1,2025-01,160324,5172,synthetic_prototype
STA-029,angke,Angke,Cikarang,2025,2,2025-02,173600,6200,synthetic_prototype
STA-029,angke,Angke,Cikarang,2025,3,2025-03,194555,6276,synthetic_prototype
STA-029,angke,Angke,Cikarang,2025,4,2025-04,175989,5866,synthetic_prototype
STA-029,angke,Angke,Cikarang,2025,5,2025-05,178858,5770,synthetic_prototype
STA-029,angke,Angke,Cikarang,2025,6,2025-06,170767,5692,synthetic_prototype
STA-029,angke,Angke,Cikarang,2025,7,2025-07,171992,5548,synthetic_prototype
STA-029,angke,Angke,Cikarang,2025,8,2025-08,181483,5854,synthetic_prototype
STA-029,angke,Angke,Cikarang,2025,9,2025-09,190465,6349,synthetic_prototype
STA-029,angke,Angke,Cikarang,2025,10,2025-10,197078,6357,synthetic_prototype
STA-029,angke,Angke,Cikarang,2025,11,2025-11,189012,6300,synthetic_prototype
STA-029,angke,Angke,Cikarang,2025,12,2025-12,177747,5734,synthetic_prototype
STA-030,duri,Duri,Cikarang,2025,1,2025-01,653367,21076,synthetic_prototype
STA-030,duri,Duri,Cikarang,2025,2,2025-02,689813,24636,synthetic_prototype
STA-030,duri,Duri,Cikarang,2025,3,2025-03,703596,22697,synthetic_prototype
STA-030,duri,Duri,Cikarang,2025,4,2025-04,680892,22696,synthetic_prototype
STA-030,duri,Duri,Cikarang,2025,5,2025-05,773089,24938,synthetic_prototype
STA-030,duri,Duri,Cikarang,2025,6,2025-06,661125,22038,synthetic_prototype
STA-030,duri,Duri,Cikarang,2025,7,2025-07,701897,22642,synthetic_prototype
STA-030,duri,Duri,Cikarang,2025,8,2025-08,732188,23619,synthetic_prototype
STA-030,duri,Duri,Cikarang,2025,9,2025-09,772852,25762,synthetic_prototype
STA-030,duri,Duri,Cikarang,2025,10,2025-10,817242,26363,synthetic_prototype
STA-030,duri,Duri,Cikarang,2025,11,2025-11,736273,24542,synthetic_prototype
STA-030,duri,Duri,Cikarang,2025,12,2025-12,644207,20781,synthetic_prototype
STA-031,tanahabang,Tanah Abang,Cikarang,2025,1,2025-01,616477,19886,synthetic_prototype
STA-031,tanahabang,Tanah Abang,Cikarang,2025,2,2025-02,712691,25453,synthetic_prototype
STA-031,tanahabang,Tanah Abang,Cikarang,2025,3,2025-03,713390,23013,synthetic_prototype
STA-031,tanahabang,Tanah Abang,Cikarang,2025,4,2025-04,763934,25464,synthetic_prototype
STA-031,tanahabang,Tanah Abang,Cikarang,2025,5,2025-05,734419,23691,synthetic_prototype
STA-031,tanahabang,Tanah Abang,Cikarang,2025,6,2025-06,676088,22536,synthetic_prototype
STA-031,tanahabang,Tanah Abang,Cikarang,2025,7,2025-07,697042,22485,synthetic_prototype
STA-031,tanahabang,Tanah Abang,Cikarang,2025,8,2025-08,803791,25929,synthetic_prototype
STA-031,tanahabang,Tanah Abang,Cikarang,2025,9,2025-09,829130,27638,synthetic_prototype
STA-031,tanahabang,Tanah Abang,Cikarang,2025,10,2025-10,825933,26643,synthetic_prototype
STA-031,tanahabang,Tanah Abang,Cikarang,2025,11,2025-11,812531,27084,synthetic_prototype
STA-031,tanahabang,Tanah Abang,Cikarang,2025,12,2025-12,709444,22885,synthetic_prototype
STA-032,karet,Karet,Cikarang,2025,1,2025-01,169246,5460,synthetic_prototype
STA-032,karet,Karet,Cikarang,2025,2,2025-02,165867,5924,synthetic_prototype
STA-032,karet,Karet,Cikarang,2025,3,2025-03,176404,5690,synthetic_prototype
STA-032,karet,Karet,Cikarang,2025,4,2025-04,173231,5774,synthetic_prototype
STA-032,karet,Karet,Cikarang,2025,5,2025-05,186565,6018,synthetic_prototype
STA-032,karet,Karet,Cikarang,2025,6,2025-06,164741,5491,synthetic_prototype
STA-032,karet,Karet,Cikarang,2025,7,2025-07,168708,5442,synthetic_prototype
STA-032,karet,Karet,Cikarang,2025,8,2025-08,193129,6230,synthetic_prototype
STA-032,karet,Karet,Cikarang,2025,9,2025-09,192169,6406,synthetic_prototype
STA-032,karet,Karet,Cikarang,2025,10,2025-10,208604,6729,synthetic_prototype
STA-032,karet,Karet,Cikarang,2025,11,2025-11,186227,6208,synthetic_prototype
STA-032,karet,Karet,Cikarang,2025,12,2025-12,171912,5546,synthetic_prototype
STA-033,sudirmanbaru,BNI City,Cikarang,2025,1,2025-01,318859,10286,synthetic_prototype
STA-033,sudirmanbaru,BNI City,Cikarang,2025,2,2025-02,313888,11210,synthetic_prototype
STA-033,sudirmanbaru,BNI City,Cikarang,2025,3,2025-03,363540,11727,synthetic_prototype
STA-033,sudirmanbaru,BNI City,Cikarang,2025,4,2025-04,344821,11494,synthetic_prototype
STA-033,sudirmanbaru,BNI City,Cikarang,2025,5,2025-05,398432,12853,synthetic_prototype
STA-033,sudirmanbaru,BNI City,Cikarang,2025,6,2025-06,344034,11468,synthetic_prototype
STA-033,sudirmanbaru,BNI City,Cikarang,2025,7,2025-07,314823,10156,synthetic_prototype
STA-033,sudirmanbaru,BNI City,Cikarang,2025,8,2025-08,399633,12891,synthetic_prototype
STA-033,sudirmanbaru,BNI City,Cikarang,2025,9,2025-09,401689,13390,synthetic_prototype
STA-033,sudirmanbaru,BNI City,Cikarang,2025,10,2025-10,403098,13003,synthetic_prototype
STA-033,sudirmanbaru,BNI City,Cikarang,2025,11,2025-11,386743,12891,synthetic_prototype
STA-033,sudirmanbaru,BNI City,Cikarang,2025,12,2025-12,333211,10749,synthetic_prototype
STA-034,sudirman,Sudirman,Cikarang,2025,1,2025-01,323384,10432,synthetic_prototype
STA-034,sudirman,Sudirman,Cikarang,2025,2,2025-02,353987,12642,synthetic_prototype
STA-034,sudirman,Sudirman,Cikarang,2025,3,2025-03,392242,12653,synthetic_prototype
STA-034,sudirman,Sudirman,Cikarang,2025,4,2025-04,367899,12263,synthetic_prototype
STA-034,sudirman,Sudirman,Cikarang,2025,5,2025-05,368342,11882,synthetic_prototype
STA-034,sudirman,Sudirman,Cikarang,2025,6,2025-06,320538,10685,synthetic_prototype
STA-034,sudirman,Sudirman,Cikarang,2025,7,2025-07,330122,10649,synthetic_prototype
STA-034,sudirman,Sudirman,Cikarang,2025,8,2025-08,345724,11152,synthetic_prototype
STA-034,sudirman,Sudirman,Cikarang,2025,9,2025-09,387934,12931,synthetic_prototype
STA-034,sudirman,Sudirman,Cikarang,2025,10,2025-10,391600,12632,synthetic_prototype
STA-034,sudirman,Sudirman,Cikarang,2025,11,2025-11,383003,12767,synthetic_prototype
STA-034,sudirman,Sudirman,Cikarang,2025,12,2025-12,324406,10465,synthetic_prototype
STA-035,matraman,Matraman,Cikarang,2025,1,2025-01,167508,5403,synthetic_prototype
STA-035,matraman,Matraman,Cikarang,2025,2,2025-02,165993,5928,synthetic_prototype
STA-035,matraman,Matraman,Cikarang,2025,3,2025-03,173838,5608,synthetic_prototype
STA-035,matraman,Matraman,Cikarang,2025,4,2025-04,153349,5112,synthetic_prototype
STA-035,matraman,Matraman,Cikarang,2025,5,2025-05,187637,6053,synthetic_prototype
STA-035,matraman,Matraman,Cikarang,2025,6,2025-06,179677,5989,synthetic_prototype
STA-035,matraman,Matraman,Cikarang,2025,7,2025-07,175042,5647,synthetic_prototype
STA-035,matraman,Matraman,Cikarang,2025,8,2025-08,182619,5891,synthetic_prototype
STA-035,matraman,Matraman,Cikarang,2025,9,2025-09,186879,6229,synthetic_prototype
STA-035,matraman,Matraman,Cikarang,2025,10,2025-10,200656,6473,synthetic_prototype
STA-035,matraman,Matraman,Cikarang,2025,11,2025-11,187346,6245,synthetic_prototype
STA-035,matraman,Matraman,Cikarang,2025,12,2025-12,175346,5656,synthetic_prototype
STA-036,jatinegara,Jatinegara,Cikarang,2025,1,2025-01,676662,21828,synthetic_prototype
STA-036,jatinegara,Jatinegara,Cikarang,2025,2,2025-02,711724,25419,synthetic_prototype
STA-036,jatinegara,Jatinegara,Cikarang,2025,3,2025-03,726571,23438,synthetic_prototype
STA-036,jatinegara,Jatinegara,Cikarang,2025,4,2025-04,687372,22912,synthetic_prototype
STA-036,jatinegara,Jatinegara,Cikarang,2025,5,2025-05,724990,23387,synthetic_prototype
STA-036,jatinegara,Jatinegara,Cikarang,2025,6,2025-06,648936,21631,synthetic_prototype
STA-036,jatinegara,Jatinegara,Cikarang,2025,7,2025-07,650596,20987,synthetic_prototype
STA-036,jatinegara,Jatinegara,Cikarang,2025,8,2025-08,755017,24355,synthetic_prototype
STA-036,jatinegara,Jatinegara,Cikarang,2025,9,2025-09,793959,26465,synthetic_prototype
STA-036,jatinegara,Jatinegara,Cikarang,2025,10,2025-10,762541,24598,synthetic_prototype
STA-036,jatinegara,Jatinegara,Cikarang,2025,11,2025-11,827163,27572,synthetic_prototype
STA-036,jatinegara,Jatinegara,Cikarang,2025,12,2025-12,685503,22113,synthetic_prototype
STA-037,klender,Klender,Cikarang,2025,1,2025-01,327991,10580,synthetic_prototype
STA-037,klender,Klender,Cikarang,2025,2,2025-02,329075,11753,synthetic_prototype
STA-037,klender,Klender,Cikarang,2025,3,2025-03,329377,10625,synthetic_prototype
STA-037,klender,Klender,Cikarang,2025,4,2025-04,358762,11959,synthetic_prototype
STA-037,klender,Klender,Cikarang,2025,5,2025-05,386762,12476,synthetic_prototype
STA-037,klender,Klender,Cikarang,2025,6,2025-06,331790,11060,synthetic_prototype
STA-037,klender,Klender,Cikarang,2025,7,2025-07,329151,10618,synthetic_prototype
STA-037,klender,Klender,Cikarang,2025,8,2025-08,379719,12249,synthetic_prototype
STA-037,klender,Klender,Cikarang,2025,9,2025-09,359046,11968,synthetic_prototype
STA-037,klender,Klender,Cikarang,2025,10,2025-10,385590,12438,synthetic_prototype
STA-037,klender,Klender,Cikarang,2025,11,2025-11,402678,13423,synthetic_prototype
STA-037,klender,Klender,Cikarang,2025,12,2025-12,329124,10617,synthetic_prototype
STA-038,buaran,Buaran,Cikarang,2025,1,2025-01,166063,5357,synthetic_prototype
STA-038,buaran,Buaran,Cikarang,2025,2,2025-02,160403,5729,synthetic_prototype
STA-038,buaran,Buaran,Cikarang,2025,3,2025-03,185775,5993,synthetic_prototype
STA-038,buaran,Buaran,Cikarang,2025,4,2025-04,173007,5767,synthetic_prototype
STA-038,buaran,Buaran,Cikarang,2025,5,2025-05,175708,5668,synthetic_prototype
STA-038,buaran,Buaran,Cikarang,2025,6,2025-06,175600,5853,synthetic_prototype
STA-038,buaran,Buaran,Cikarang,2025,7,2025-07,159313,5139,synthetic_prototype
STA-038,buaran,Buaran,Cikarang,2025,8,2025-08,179991,5806,synthetic_prototype
STA-038,buaran,Buaran,Cikarang,2025,9,2025-09,193028,6434,synthetic_prototype
STA-038,buaran,Buaran,Cikarang,2025,10,2025-10,206012,6646,synthetic_prototype
STA-038,buaran,Buaran,Cikarang,2025,11,2025-11,187210,6240,synthetic_prototype
STA-038,buaran,Buaran,Cikarang,2025,12,2025-12,173682,5603,synthetic_prototype
STA-039,klenderbaru,Klender Baru,Cikarang,2025,1,2025-01,77910,2513,synthetic_prototype
STA-039,klenderbaru,Klender Baru,Cikarang,2025,2,2025-02,81344,2905,synthetic_prototype
STA-039,klenderbaru,Klender Baru,Cikarang,2025,3,2025-03,85708,2765,synthetic_prototype
STA-039,klenderbaru,Klender Baru,Cikarang,2025,4,2025-04,79665,2656,synthetic_prototype
STA-039,klenderbaru,Klender Baru,Cikarang,2025,5,2025-05,84758,2734,synthetic_prototype
STA-039,klenderbaru,Klender Baru,Cikarang,2025,6,2025-06,78568,2619,synthetic_prototype
STA-039,klenderbaru,Klender Baru,Cikarang,2025,7,2025-07,73311,2365,synthetic_prototype
STA-039,klenderbaru,Klender Baru,Cikarang,2025,8,2025-08,76665,2473,synthetic_prototype
STA-039,klenderbaru,Klender Baru,Cikarang,2025,9,2025-09,90923,3031,synthetic_prototype
STA-039,klenderbaru,Klender Baru,Cikarang,2025,10,2025-10,95239,3072,synthetic_prototype
STA-039,klenderbaru,Klender Baru,Cikarang,2025,11,2025-11,82457,2749,synthetic_prototype
STA-039,klenderbaru,Klender Baru,Cikarang,2025,12,2025-12,77586,2503,synthetic_prototype
STA-040,cakung,Cakung,Cikarang,2025,1,2025-01,168201,5426,synthetic_prototype
STA-040,cakung,Cakung,Cikarang,2025,2,2025-02,183565,6556,synthetic_prototype
STA-040,cakung,Cakung,Cikarang,2025,3,2025-03,182525,5888,synthetic_prototype
STA-040,cakung,Cakung,Cikarang,2025,4,2025-04,168209,5607,synthetic_prototype
STA-040,cakung,Cakung,Cikarang,2025,5,2025-05,186470,6015,synthetic_prototype
STA-040,cakung,Cakung,Cikarang,2025,6,2025-06,177010,5900,synthetic_prototype
STA-040,cakung,Cakung,Cikarang,2025,7,2025-07,159895,5158,synthetic_prototype
STA-040,cakung,Cakung,Cikarang,2025,8,2025-08,180074,5809,synthetic_prototype
STA-040,cakung,Cakung,Cikarang,2025,9,2025-09,187794,6260,synthetic_prototype
STA-040,cakung,Cakung,Cikarang,2025,10,2025-10,189452,6111,synthetic_prototype
STA-040,cakung,Cakung,Cikarang,2025,11,2025-11,196097,6537,synthetic_prototype
STA-040,cakung,Cakung,Cikarang,2025,12,2025-12,184514,5952,synthetic_prototype
STA-041,kranji,Kranji,Cikarang,2025,1,2025-01,332514,10726,synthetic_prototype
STA-041,kranji,Kranji,Cikarang,2025,2,2025-02,335790,11992,synthetic_prototype
STA-041,kranji,Kranji,Cikarang,2025,3,2025-03,360489,11629,synthetic_prototype
STA-041,kranji,Kranji,Cikarang,2025,4,2025-04,324843,10828,synthetic_prototype
STA-041,kranji,Kranji,Cikarang,2025,5,2025-05,388960,12547,synthetic_prototype
STA-041,kranji,Kranji,Cikarang,2025,6,2025-06,334522,11151,synthetic_prototype
STA-041,kranji,Kranji,Cikarang,2025,7,2025-07,325902,10513,synthetic_prototype
STA-041,kranji,Kranji,Cikarang,2025,8,2025-08,419560,13534,synthetic_prototype
STA-041,kranji,Kranji,Cikarang,2025,9,2025-09,387560,12919,synthetic_prototype
STA-041,kranji,Kranji,Cikarang,2025,10,2025-10,382080,12325,synthetic_prototype
STA-041,kranji,Kranji,Cikarang,2025,11,2025-11,383623,12787,synthetic_prototype
STA-041,kranji,Kranji,Cikarang,2025,12,2025-12,362427,11691,synthetic_prototype
STA-042,bekasi,Bekasi,Cikarang,2025,1,2025-01,659518,21275,synthetic_prototype
STA-042,bekasi,Bekasi,Cikarang,2025,2,2025-02,639398,22836,synthetic_prototype
STA-042,bekasi,Bekasi,Cikarang,2025,3,2025-03,756316,24397,synthetic_prototype
STA-042,bekasi,Bekasi,Cikarang,2025,4,2025-04,674497,22483,synthetic_prototype
STA-042,bekasi,Bekasi,Cikarang,2025,5,2025-05,807680,26054,synthetic_prototype
STA-042,bekasi,Bekasi,Cikarang,2025,6,2025-06,700128,23338,synthetic_prototype
STA-042,bekasi,Bekasi,Cikarang,2025,7,2025-07,644796,20800,synthetic_prototype
STA-042,bekasi,Bekasi,Cikarang,2025,8,2025-08,782210,25233,synthetic_prototype
STA-042,bekasi,Bekasi,Cikarang,2025,9,2025-09,768047,25602,synthetic_prototype
STA-042,bekasi,Bekasi,Cikarang,2025,10,2025-10,814727,26282,synthetic_prototype
STA-042,bekasi,Bekasi,Cikarang,2025,11,2025-11,795692,26523,synthetic_prototype
STA-042,bekasi,Bekasi,Cikarang,2025,12,2025-12,669557,21599,synthetic_prototype
STA-043,bekasitimur,Bekasi Timur,Cikarang,2025,1,2025-01,159910,5158,synthetic_prototype
STA-043,bekasitimur,Bekasi Timur,Cikarang,2025,2,2025-02,176594,6307,synthetic_prototype
STA-043,bekasitimur,Bekasi Timur,Cikarang,2025,3,2025-03,179931,5804,synthetic_prototype
STA-043,bekasitimur,Bekasi Timur,Cikarang,2025,4,2025-04,170457,5682,synthetic_prototype
STA-043,bekasitimur,Bekasi Timur,Cikarang,2025,5,2025-05,180668,5828,synthetic_prototype
STA-043,bekasitimur,Bekasi Timur,Cikarang,2025,6,2025-06,170626,5688,synthetic_prototype
STA-043,bekasitimur,Bekasi Timur,Cikarang,2025,7,2025-07,177677,5732,synthetic_prototype
STA-043,bekasitimur,Bekasi Timur,Cikarang,2025,8,2025-08,178077,5744,synthetic_prototype
STA-043,bekasitimur,Bekasi Timur,Cikarang,2025,9,2025-09,191677,6389,synthetic_prototype
STA-043,bekasitimur,Bekasi Timur,Cikarang,2025,10,2025-10,208089,6713,synthetic_prototype
STA-043,bekasitimur,Bekasi Timur,Cikarang,2025,11,2025-11,194517,6484,synthetic_prototype
STA-043,bekasitimur,Bekasi Timur,Cikarang,2025,12,2025-12,176389,5690,synthetic_prototype
STA-044,tambun,Tambun,Cikarang,2025,1,2025-01,157160,5070,synthetic_prototype
STA-044,tambun,Tambun,Cikarang,2025,2,2025-02,172513,6161,synthetic_prototype
STA-044,tambun,Tambun,Cikarang,2025,3,2025-03,181008,5839,synthetic_prototype
STA-044,tambun,Tambun,Cikarang,2025,4,2025-04,180086,6003,synthetic_prototype
STA-044,tambun,Tambun,Cikarang,2025,5,2025-05,196766,6347,synthetic_prototype
STA-044,tambun,Tambun,Cikarang,2025,6,2025-06,185162,6172,synthetic_prototype
STA-044,tambun,Tambun,Cikarang,2025,7,2025-07,167941,5417,synthetic_prototype
STA-044,tambun,Tambun,Cikarang,2025,8,2025-08,188445,6079,synthetic_prototype
STA-044,tambun,Tambun,Cikarang,2025,9,2025-09,192980,6433,synthetic_prototype
STA-044,tambun,Tambun,Cikarang,2025,10,2025-10,194180,6264,synthetic_prototype
STA-044,tambun,Tambun,Cikarang,2025,11,2025-11,197781,6593,synthetic_prototype
STA-044,tambun,Tambun,Cikarang,2025,12,2025-12,171207,5523,synthetic_prototype
STA-045,cibitung,Cibitung,Cikarang,2025,1,2025-01,330484,10661,synthetic_prototype
STA-045,cibitung,Cibitung,Cikarang,2025,2,2025-02,357092,12753,synthetic_prototype
STA-045,cibitung,Cibitung,Cikarang,2025,3,2025-03,350061,11292,synthetic_prototype
STA-045,cibitung,Cibitung,Cikarang,2025,4,2025-04,362308,12077,synthetic_prototype
STA-045,cibitung,Cibitung,Cikarang,2025,5,2025-05,395482,12757,synthetic_prototype
STA-045,cibitung,Cibitung,Cikarang,2025,6,2025-06,333982,11133,synthetic_prototype
STA-045,cibitung,Cibitung,Cikarang,2025,7,2025-07,300410,9691,synthetic_prototype
STA-045,cibitung,Cibitung,Cikarang,2025,8,2025-08,362996,11710,synthetic_prototype
STA-045,cibitung,Cibitung,Cikarang,2025,9,2025-09,402853,13428,synthetic_prototype
STA-045,cibitung,Cibitung,Cikarang,2025,10,2025-10,393566,12696,synthetic_prototype
STA-045,cibitung,Cibitung,Cikarang,2025,11,2025-11,374678,12489,synthetic_prototype
STA-045,cibitung,Cibitung,Cikarang,2025,12,2025-12,339513,10952,synthetic_prototype
STA-046,telagamurni,Metland Telaga Murni,Cikarang,2025,1,2025-01,79172,2554,synthetic_prototype
STA-046,telagamurni,Metland Telaga Murni,Cikarang,2025,2,2025-02,80881,2889,synthetic_prototype
STA-046,telagamurni,Metland Telaga Murni,Cikarang,2025,3,2025-03,84294,2719,synthetic_prototype
STA-046,telagamurni,Metland Telaga Murni,Cikarang,2025,4,2025-04,79665,2656,synthetic_prototype
STA-046,telagamurni,Metland Telaga Murni,Cikarang,2025,5,2025-05,86287,2783,synthetic_prototype
STA-046,telagamurni,Metland Telaga Murni,Cikarang,2025,6,2025-06,75410,2514,synthetic_prototype
STA-046,telagamurni,Metland Telaga Murni,Cikarang,2025,7,2025-07,81546,2631,synthetic_prototype
STA-046,telagamurni,Metland Telaga Murni,Cikarang,2025,8,2025-08,85690,2764,synthetic_prototype
STA-046,telagamurni,Metland Telaga Murni,Cikarang,2025,9,2025-09,93713,3124,synthetic_prototype
STA-046,telagamurni,Metland Telaga Murni,Cikarang,2025,10,2025-10,97509,3145,synthetic_prototype
STA-046,telagamurni,Metland Telaga Murni,Cikarang,2025,11,2025-11,94701,3157,synthetic_prototype
STA-046,telagamurni,Metland Telaga Murni,Cikarang,2025,12,2025-12,79456,2563,synthetic_prototype
STA-047,cikarang,Cikarang,Cikarang,2025,1,2025-01,333573,10760,synthetic_prototype
STA-047,cikarang,Cikarang,Cikarang,2025,2,2025-02,338886,12103,synthetic_prototype
STA-047,cikarang,Cikarang,Cikarang,2025,3,2025-03,351561,11341,synthetic_prototype
STA-047,cikarang,Cikarang,Cikarang,2025,4,2025-04,351005,11700,synthetic_prototype
STA-047,cikarang,Cikarang,Cikarang,2025,5,2025-05,357971,11547,synthetic_prototype
STA-047,cikarang,Cikarang,Cikarang,2025,6,2025-06,351508,11717,synthetic_prototype
STA-047,cikarang,Cikarang,Cikarang,2025,7,2025-07,322171,10393,synthetic_prototype
STA-047,cikarang,Cikarang,Cikarang,2025,8,2025-08,375035,12098,synthetic_prototype
STA-047,cikarang,Cikarang,Cikarang,2025,9,2025-09,387323,12911,synthetic_prototype
STA-047,cikarang,Cikarang,Cikarang,2025,10,2025-10,389846,12576,synthetic_prototype
STA-047,cikarang,Cikarang,Cikarang,2025,11,2025-11,399438,13315,synthetic_prototype
STA-047,cikarang,Cikarang,Cikarang,2025,12,2025-12,339927,10965,synthetic_prototype
STA-048,grogol,Grogol,Tangerang,2023,1,2023-01,138563,4470,synthetic_prototype
STA-048,grogol,Grogol,Tangerang,2023,2,2023-02,130911,4675,synthetic_prototype
STA-048,grogol,Grogol,Tangerang,2023,3,2023-03,149526,4823,synthetic_prototype
STA-048,grogol,Grogol,Tangerang,2023,4,2023-04,152297,5077,synthetic_prototype
STA-048,grogol,Grogol,Tangerang,2023,5,2023-05,147106,4745,synthetic_prototype
STA-048,grogol,Grogol,Tangerang,2023,6,2023-06,133162,4439,synthetic_prototype
STA-048,grogol,Grogol,Tangerang,2023,7,2023-07,136649,4408,synthetic_prototype
STA-048,grogol,Grogol,Tangerang,2023,8,2023-08,152840,4930,synthetic_prototype
STA-048,grogol,Grogol,Tangerang,2023,9,2023-09,158404,5280,synthetic_prototype
STA-048,grogol,Grogol,Tangerang,2023,10,2023-10,163820,5285,synthetic_prototype
STA-048,grogol,Grogol,Tangerang,2023,11,2023-11,163230,5441,synthetic_prototype
STA-048,grogol,Grogol,Tangerang,2023,12,2023-12,147609,4762,synthetic_prototype
STA-049,pesing,Pesing,Tangerang,2023,1,2023-01,63509,2049,synthetic_prototype
STA-049,pesing,Pesing,Tangerang,2023,2,2023-02,63945,2284,synthetic_prototype
STA-049,pesing,Pesing,Tangerang,2023,3,2023-03,71295,2300,synthetic_prototype
STA-049,pesing,Pesing,Tangerang,2023,4,2023-04,70969,2366,synthetic_prototype
STA-049,pesing,Pesing,Tangerang,2023,5,2023-05,71131,2295,synthetic_prototype
STA-049,pesing,Pesing,Tangerang,2023,6,2023-06,61384,2046,synthetic_prototype
STA-049,pesing,Pesing,Tangerang,2023,7,2023-07,65252,2105,synthetic_prototype
STA-049,pesing,Pesing,Tangerang,2023,8,2023-08,70475,2273,synthetic_prototype
STA-049,pesing,Pesing,Tangerang,2023,9,2023-09,66564,2219,synthetic_prototype
STA-049,pesing,Pesing,Tangerang,2023,10,2023-10,77524,2501,synthetic_prototype
STA-049,pesing,Pesing,Tangerang,2023,11,2023-11,72697,2423,synthetic_prototype
STA-049,pesing,Pesing,Tangerang,2023,12,2023-12,65717,2120,synthetic_prototype
STA-050,tamankota,Taman Kota,Tangerang,2023,1,2023-01,135675,4377,synthetic_prototype
STA-050,tamankota,Taman Kota,Tangerang,2023,2,2023-02,139414,4979,synthetic_prototype
STA-050,tamankota,Taman Kota,Tangerang,2023,3,2023-03,152996,4935,synthetic_prototype
STA-050,tamankota,Taman Kota,Tangerang,2023,4,2023-04,138873,4629,synthetic_prototype
STA-050,tamankota,Taman Kota,Tangerang,2023,5,2023-05,156382,5045,synthetic_prototype
STA-050,tamankota,Taman Kota,Tangerang,2023,6,2023-06,135451,4515,synthetic_prototype
STA-050,tamankota,Taman Kota,Tangerang,2023,7,2023-07,137854,4447,synthetic_prototype
STA-050,tamankota,Taman Kota,Tangerang,2023,8,2023-08,155485,5016,synthetic_prototype
STA-050,tamankota,Taman Kota,Tangerang,2023,9,2023-09,150368,5012,synthetic_prototype
STA-050,tamankota,Taman Kota,Tangerang,2023,10,2023-10,167656,5408,synthetic_prototype
STA-050,tamankota,Taman Kota,Tangerang,2023,11,2023-11,155776,5193,synthetic_prototype
STA-050,tamankota,Taman Kota,Tangerang,2023,12,2023-12,145904,4707,synthetic_prototype
STA-051,bojongindah,Bojong Indah,Tangerang,2023,1,2023-01,63403,2045,synthetic_prototype
STA-051,bojongindah,Bojong Indah,Tangerang,2023,2,2023-02,69315,2476,synthetic_prototype
STA-051,bojongindah,Bojong Indah,Tangerang,2023,3,2023-03,68807,2220,synthetic_prototype
STA-051,bojongindah,Bojong Indah,Tangerang,2023,4,2023-04,65035,2168,synthetic_prototype
STA-051,bojongindah,Bojong Indah,Tangerang,2023,5,2023-05,71455,2305,synthetic_prototype
STA-051,bojongindah,Bojong Indah,Tangerang,2023,6,2023-06,63099,2103,synthetic_prototype
STA-051,bojongindah,Bojong Indah,Tangerang,2023,7,2023-07,64484,2080,synthetic_prototype
STA-051,bojongindah,Bojong Indah,Tangerang,2023,8,2023-08,66238,2137,synthetic_prototype
STA-051,bojongindah,Bojong Indah,Tangerang,2023,9,2023-09,69827,2328,synthetic_prototype
STA-051,bojongindah,Bojong Indah,Tangerang,2023,10,2023-10,71779,2315,synthetic_prototype
STA-051,bojongindah,Bojong Indah,Tangerang,2023,11,2023-11,77112,2570,synthetic_prototype
STA-051,bojongindah,Bojong Indah,Tangerang,2023,12,2023-12,70469,2273,synthetic_prototype
STA-052,rawabuaya,Rawa Buaya,Tangerang,2023,1,2023-01,133337,4301,synthetic_prototype
STA-052,rawabuaya,Rawa Buaya,Tangerang,2023,2,2023-02,137426,4908,synthetic_prototype
STA-052,rawabuaya,Rawa Buaya,Tangerang,2023,3,2023-03,149191,4813,synthetic_prototype
STA-052,rawabuaya,Rawa Buaya,Tangerang,2023,4,2023-04,147904,4930,synthetic_prototype
STA-052,rawabuaya,Rawa Buaya,Tangerang,2023,5,2023-05,147553,4760,synthetic_prototype
STA-052,rawabuaya,Rawa Buaya,Tangerang,2023,6,2023-06,138177,4606,synthetic_prototype
STA-052,rawabuaya,Rawa Buaya,Tangerang,2023,7,2023-07,139120,4488,synthetic_prototype
STA-052,rawabuaya,Rawa Buaya,Tangerang,2023,8,2023-08,154791,4993,synthetic_prototype
STA-052,rawabuaya,Rawa Buaya,Tangerang,2023,9,2023-09,157397,5247,synthetic_prototype
STA-052,rawabuaya,Rawa Buaya,Tangerang,2023,10,2023-10,167110,5391,synthetic_prototype
STA-052,rawabuaya,Rawa Buaya,Tangerang,2023,11,2023-11,141975,4732,synthetic_prototype
STA-052,rawabuaya,Rawa Buaya,Tangerang,2023,12,2023-12,145168,4683,synthetic_prototype
STA-053,kalideres,Kalideres,Tangerang,2023,1,2023-01,260788,8413,synthetic_prototype
STA-053,kalideres,Kalideres,Tangerang,2023,2,2023-02,256457,9159,synthetic_prototype
STA-053,kalideres,Kalideres,Tangerang,2023,3,2023-03,303633,9795,synthetic_prototype
STA-053,kalideres,Kalideres,Tangerang,2023,4,2023-04,298203,9940,synthetic_prototype
STA-053,kalideres,Kalideres,Tangerang,2023,5,2023-05,304790,9832,synthetic_prototype
STA-053,kalideres,Kalideres,Tangerang,2023,6,2023-06,284179,9473,synthetic_prototype
STA-053,kalideres,Kalideres,Tangerang,2023,7,2023-07,285064,9196,synthetic_prototype
STA-053,kalideres,Kalideres,Tangerang,2023,8,2023-08,319463,10305,synthetic_prototype
STA-053,kalideres,Kalideres,Tangerang,2023,9,2023-09,332921,11097,synthetic_prototype
STA-053,kalideres,Kalideres,Tangerang,2023,10,2023-10,330892,10674,synthetic_prototype
STA-053,kalideres,Kalideres,Tangerang,2023,11,2023-11,319338,10645,synthetic_prototype
STA-053,kalideres,Kalideres,Tangerang,2023,12,2023-12,264558,8534,synthetic_prototype
STA-054,poris,Poris,Tangerang,2023,1,2023-01,132579,4277,synthetic_prototype
STA-054,poris,Poris,Tangerang,2023,2,2023-02,133693,4775,synthetic_prototype
STA-054,poris,Poris,Tangerang,2023,3,2023-03,161693,5216,synthetic_prototype
STA-054,poris,Poris,Tangerang,2023,4,2023-04,140341,4678,synthetic_prototype
STA-054,poris,Poris,Tangerang,2023,5,2023-05,153993,4968,synthetic_prototype
STA-054,poris,Poris,Tangerang,2023,6,2023-06,139892,4663,synthetic_prototype
STA-054,poris,Poris,Tangerang,2023,7,2023-07,134130,4327,synthetic_prototype
STA-054,poris,Poris,Tangerang,2023,8,2023-08,162039,5227,synthetic_prototype
STA-054,poris,Poris,Tangerang,2023,9,2023-09,152322,5077,synthetic_prototype
STA-054,poris,Poris,Tangerang,2023,10,2023-10,161927,5223,synthetic_prototype
STA-054,poris,Poris,Tangerang,2023,11,2023-11,154461,5149,synthetic_prototype
STA-054,poris,Poris,Tangerang,2023,12,2023-12,133873,4318,synthetic_prototype
STA-055,batuceper,Batu Ceper,Tangerang,2023,1,2023-01,130620,4214,synthetic_prototype
STA-055,batuceper,Batu Ceper,Tangerang,2023,2,2023-02,138155,4934,synthetic_prototype
STA-055,batuceper,Batu Ceper,Tangerang,2023,3,2023-03,146219,4717,synthetic_prototype
STA-055,batuceper,Batu Ceper,Tangerang,2023,4,2023-04,137421,4581,synthetic_prototype
STA-055,batuceper,Batu Ceper,Tangerang,2023,5,2023-05,144617,4665,synthetic_prototype
STA-055,batuceper,Batu Ceper,Tangerang,2023,6,2023-06,136417,4547,synthetic_prototype
STA-055,batuceper,Batu Ceper,Tangerang,2023,7,2023-07,125838,4059,synthetic_prototype
STA-055,batuceper,Batu Ceper,Tangerang,2023,8,2023-08,156363,5044,synthetic_prototype
STA-055,batuceper,Batu Ceper,Tangerang,2023,9,2023-09,156728,5224,synthetic_prototype
STA-055,batuceper,Batu Ceper,Tangerang,2023,10,2023-10,151308,4881,synthetic_prototype
STA-055,batuceper,Batu Ceper,Tangerang,2023,11,2023-11,157219,5241,synthetic_prototype
STA-055,batuceper,Batu Ceper,Tangerang,2023,12,2023-12,137083,4422,synthetic_prototype
STA-056,tanahtinggi,Tanah Tinggi,Tangerang,2023,1,2023-01,63283,2041,synthetic_prototype
STA-056,tanahtinggi,Tanah Tinggi,Tangerang,2023,2,2023-02,68030,2430,synthetic_prototype
STA-056,tanahtinggi,Tanah Tinggi,Tangerang,2023,3,2023-03,64220,2072,synthetic_prototype
STA-056,tanahtinggi,Tanah Tinggi,Tangerang,2023,4,2023-04,66260,2209,synthetic_prototype
STA-056,tanahtinggi,Tanah Tinggi,Tangerang,2023,5,2023-05,71052,2292,synthetic_prototype
STA-056,tanahtinggi,Tanah Tinggi,Tangerang,2023,6,2023-06,65589,2186,synthetic_prototype
STA-056,tanahtinggi,Tanah Tinggi,Tangerang,2023,7,2023-07,63018,2033,synthetic_prototype
STA-056,tanahtinggi,Tanah Tinggi,Tangerang,2023,8,2023-08,68686,2216,synthetic_prototype
STA-056,tanahtinggi,Tanah Tinggi,Tangerang,2023,9,2023-09,71969,2399,synthetic_prototype
STA-056,tanahtinggi,Tanah Tinggi,Tangerang,2023,10,2023-10,72594,2342,synthetic_prototype
STA-056,tanahtinggi,Tanah Tinggi,Tangerang,2023,11,2023-11,77485,2583,synthetic_prototype
STA-056,tanahtinggi,Tanah Tinggi,Tangerang,2023,12,2023-12,66012,2129,synthetic_prototype
STA-057,tangerang,Tangerang,Tangerang,2023,1,2023-01,576319,18591,synthetic_prototype
STA-057,tangerang,Tangerang,Tangerang,2023,2,2023-02,552098,19718,synthetic_prototype
STA-057,tangerang,Tangerang,Tangerang,2023,3,2023-03,578235,18653,synthetic_prototype
STA-057,tangerang,Tangerang,Tangerang,2023,4,2023-04,531112,17704,synthetic_prototype
STA-057,tangerang,Tangerang,Tangerang,2023,5,2023-05,568742,18347,synthetic_prototype
STA-057,tangerang,Tangerang,Tangerang,2023,6,2023-06,512798,17093,synthetic_prototype
STA-057,tangerang,Tangerang,Tangerang,2023,7,2023-07,541311,17462,synthetic_prototype
STA-057,tangerang,Tangerang,Tangerang,2023,8,2023-08,619352,19979,synthetic_prototype
STA-057,tangerang,Tangerang,Tangerang,2023,9,2023-09,585333,19511,synthetic_prototype
STA-057,tangerang,Tangerang,Tangerang,2023,10,2023-10,665716,21475,synthetic_prototype
STA-057,tangerang,Tangerang,Tangerang,2023,11,2023-11,624451,20815,synthetic_prototype
STA-057,tangerang,Tangerang,Tangerang,2023,12,2023-12,568663,18344,synthetic_prototype
STA-048,grogol,Grogol,Tangerang,2024,1,2024-01,149658,4828,synthetic_prototype
STA-048,grogol,Grogol,Tangerang,2024,2,2024-02,150490,5375,synthetic_prototype
STA-048,grogol,Grogol,Tangerang,2024,3,2024-03,154535,4985,synthetic_prototype
STA-048,grogol,Grogol,Tangerang,2024,4,2024-04,143112,4770,synthetic_prototype
STA-048,grogol,Grogol,Tangerang,2024,5,2024-05,147050,4744,synthetic_prototype
STA-048,grogol,Grogol,Tangerang,2024,6,2024-06,139582,4653,synthetic_prototype
STA-048,grogol,Grogol,Tangerang,2024,7,2024-07,139404,4497,synthetic_prototype
STA-048,grogol,Grogol,Tangerang,2024,8,2024-08,153045,4937,synthetic_prototype
STA-048,grogol,Grogol,Tangerang,2024,9,2024-09,163162,5439,synthetic_prototype
STA-048,grogol,Grogol,Tangerang,2024,10,2024-10,169229,5459,synthetic_prototype
STA-048,grogol,Grogol,Tangerang,2024,11,2024-11,165644,5521,synthetic_prototype
STA-048,grogol,Grogol,Tangerang,2024,12,2024-12,144544,4663,synthetic_prototype
STA-049,pesing,Pesing,Tangerang,2024,1,2024-01,66052,2131,synthetic_prototype
STA-049,pesing,Pesing,Tangerang,2024,2,2024-02,68995,2464,synthetic_prototype
STA-049,pesing,Pesing,Tangerang,2024,3,2024-03,69719,2249,synthetic_prototype
STA-049,pesing,Pesing,Tangerang,2024,4,2024-04,73163,2439,synthetic_prototype
STA-049,pesing,Pesing,Tangerang,2024,5,2024-05,74790,2413,synthetic_prototype
STA-049,pesing,Pesing,Tangerang,2024,6,2024-06,67118,2237,synthetic_prototype
STA-049,pesing,Pesing,Tangerang,2024,7,2024-07,67468,2176,synthetic_prototype
STA-049,pesing,Pesing,Tangerang,2024,8,2024-08,75051,2421,synthetic_prototype
STA-049,pesing,Pesing,Tangerang,2024,9,2024-09,79462,2649,synthetic_prototype
STA-049,pesing,Pesing,Tangerang,2024,10,2024-10,79635,2569,synthetic_prototype
STA-049,pesing,Pesing,Tangerang,2024,11,2024-11,76091,2536,synthetic_prototype
STA-049,pesing,Pesing,Tangerang,2024,12,2024-12,70256,2266,synthetic_prototype
STA-050,tamankota,Taman Kota,Tangerang,2024,1,2024-01,134160,4328,synthetic_prototype
STA-050,tamankota,Taman Kota,Tangerang,2024,2,2024-02,145909,5211,synthetic_prototype
STA-050,tamankota,Taman Kota,Tangerang,2024,3,2024-03,156005,5032,synthetic_prototype
STA-050,tamankota,Taman Kota,Tangerang,2024,4,2024-04,147167,4906,synthetic_prototype
STA-050,tamankota,Taman Kota,Tangerang,2024,5,2024-05,160072,5164,synthetic_prototype
STA-050,tamankota,Taman Kota,Tangerang,2024,6,2024-06,132898,4430,synthetic_prototype
STA-050,tamankota,Taman Kota,Tangerang,2024,7,2024-07,137506,4436,synthetic_prototype
STA-050,tamankota,Taman Kota,Tangerang,2024,8,2024-08,159929,5159,synthetic_prototype
STA-050,tamankota,Taman Kota,Tangerang,2024,9,2024-09,165072,5502,synthetic_prototype
STA-050,tamankota,Taman Kota,Tangerang,2024,10,2024-10,161775,5219,synthetic_prototype
STA-050,tamankota,Taman Kota,Tangerang,2024,11,2024-11,175610,5854,synthetic_prototype
STA-050,tamankota,Taman Kota,Tangerang,2024,12,2024-12,143261,4621,synthetic_prototype
STA-051,bojongindah,Bojong Indah,Tangerang,2024,1,2024-01,68153,2198,synthetic_prototype
STA-051,bojongindah,Bojong Indah,Tangerang,2024,2,2024-02,68955,2463,synthetic_prototype
STA-051,bojongindah,Bojong Indah,Tangerang,2024,3,2024-03,71015,2291,synthetic_prototype
STA-051,bojongindah,Bojong Indah,Tangerang,2024,4,2024-04,74172,2472,synthetic_prototype
STA-051,bojongindah,Bojong Indah,Tangerang,2024,5,2024-05,71501,2306,synthetic_prototype
STA-051,bojongindah,Bojong Indah,Tangerang,2024,6,2024-06,69533,2318,synthetic_prototype
STA-051,bojongindah,Bojong Indah,Tangerang,2024,7,2024-07,68235,2201,synthetic_prototype
STA-051,bojongindah,Bojong Indah,Tangerang,2024,8,2024-08,72362,2334,synthetic_prototype
STA-051,bojongindah,Bojong Indah,Tangerang,2024,9,2024-09,80807,2694,synthetic_prototype
STA-051,bojongindah,Bojong Indah,Tangerang,2024,10,2024-10,77944,2514,synthetic_prototype
STA-051,bojongindah,Bojong Indah,Tangerang,2024,11,2024-11,78903,2630,synthetic_prototype
STA-051,bojongindah,Bojong Indah,Tangerang,2024,12,2024-12,69975,2257,synthetic_prototype
STA-052,rawabuaya,Rawa Buaya,Tangerang,2024,1,2024-01,139836,4511,synthetic_prototype
STA-052,rawabuaya,Rawa Buaya,Tangerang,2024,2,2024-02,149990,5357,synthetic_prototype
STA-052,rawabuaya,Rawa Buaya,Tangerang,2024,3,2024-03,161171,5199,synthetic_prototype
STA-052,rawabuaya,Rawa Buaya,Tangerang,2024,4,2024-04,138023,4601,synthetic_prototype
STA-052,rawabuaya,Rawa Buaya,Tangerang,2024,5,2024-05,169294,5461,synthetic_prototype
STA-052,rawabuaya,Rawa Buaya,Tangerang,2024,6,2024-06,134159,4472,synthetic_prototype
STA-052,rawabuaya,Rawa Buaya,Tangerang,2024,7,2024-07,146398,4723,synthetic_prototype
STA-052,rawabuaya,Rawa Buaya,Tangerang,2024,8,2024-08,166518,5372,synthetic_prototype
STA-052,rawabuaya,Rawa Buaya,Tangerang,2024,9,2024-09,156866,5229,synthetic_prototype
STA-052,rawabuaya,Rawa Buaya,Tangerang,2024,10,2024-10,165938,5353,synthetic_prototype
STA-052,rawabuaya,Rawa Buaya,Tangerang,2024,11,2024-11,159755,5325,synthetic_prototype
STA-052,rawabuaya,Rawa Buaya,Tangerang,2024,12,2024-12,147126,4746,synthetic_prototype
STA-053,kalideres,Kalideres,Tangerang,2024,1,2024-01,277719,8959,synthetic_prototype
STA-053,kalideres,Kalideres,Tangerang,2024,2,2024-02,299618,10701,synthetic_prototype
STA-053,kalideres,Kalideres,Tangerang,2024,3,2024-03,328801,10606,synthetic_prototype
STA-053,kalideres,Kalideres,Tangerang,2024,4,2024-04,313375,10446,synthetic_prototype
STA-053,kalideres,Kalideres,Tangerang,2024,5,2024-05,314563,10147,synthetic_prototype
STA-053,kalideres,Kalideres,Tangerang,2024,6,2024-06,285027,9501,synthetic_prototype
STA-053,kalideres,Kalideres,Tangerang,2024,7,2024-07,262249,8460,synthetic_prototype
STA-053,kalideres,Kalideres,Tangerang,2024,8,2024-08,308402,9948,synthetic_prototype
STA-053,kalideres,Kalideres,Tangerang,2024,9,2024-09,340708,11357,synthetic_prototype
STA-053,kalideres,Kalideres,Tangerang,2024,10,2024-10,359226,11588,synthetic_prototype
STA-053,kalideres,Kalideres,Tangerang,2024,11,2024-11,317791,10593,synthetic_prototype
STA-053,kalideres,Kalideres,Tangerang,2024,12,2024-12,289771,9347,synthetic_prototype
STA-054,poris,Poris,Tangerang,2024,1,2024-01,140443,4530,synthetic_prototype
STA-054,poris,Poris,Tangerang,2024,2,2024-02,146906,5247,synthetic_prototype
STA-054,poris,Poris,Tangerang,2024,3,2024-03,151154,4876,synthetic_prototype
STA-054,poris,Poris,Tangerang,2024,4,2024-04,150919,5031,synthetic_prototype
STA-054,poris,Poris,Tangerang,2024,5,2024-05,157850,5092,synthetic_prototype
STA-054,poris,Poris,Tangerang,2024,6,2024-06,143633,4788,synthetic_prototype
STA-054,poris,Poris,Tangerang,2024,7,2024-07,143664,4634,synthetic_prototype
STA-054,poris,Poris,Tangerang,2024,8,2024-08,159378,5141,synthetic_prototype
STA-054,poris,Poris,Tangerang,2024,9,2024-09,161160,5372,synthetic_prototype
STA-054,poris,Poris,Tangerang,2024,10,2024-10,167970,5418,synthetic_prototype
STA-054,poris,Poris,Tangerang,2024,11,2024-11,166557,5552,synthetic_prototype
STA-054,poris,Poris,Tangerang,2024,12,2024-12,146206,4716,synthetic_prototype
STA-055,batuceper,Batu Ceper,Tangerang,2024,1,2024-01,139136,4488,synthetic_prototype
STA-055,batuceper,Batu Ceper,Tangerang,2024,2,2024-02,154568,5520,synthetic_prototype
STA-055,batuceper,Batu Ceper,Tangerang,2024,3,2024-03,159718,5152,synthetic_prototype
STA-055,batuceper,Batu Ceper,Tangerang,2024,4,2024-04,146648,4888,synthetic_prototype
STA-055,batuceper,Batu Ceper,Tangerang,2024,5,2024-05,165385,5335,synthetic_prototype
STA-055,batuceper,Batu Ceper,Tangerang,2024,6,2024-06,141797,4727,synthetic_prototype
STA-055,batuceper,Batu Ceper,Tangerang,2024,7,2024-07,147189,4748,synthetic_prototype
STA-055,batuceper,Batu Ceper,Tangerang,2024,8,2024-08,161693,5216,synthetic_prototype
STA-055,batuceper,Batu Ceper,Tangerang,2024,9,2024-09,163320,5444,synthetic_prototype
STA-055,batuceper,Batu Ceper,Tangerang,2024,10,2024-10,171731,5540,synthetic_prototype
STA-055,batuceper,Batu Ceper,Tangerang,2024,11,2024-11,156645,5222,synthetic_prototype
STA-055,batuceper,Batu Ceper,Tangerang,2024,12,2024-12,141714,4571,synthetic_prototype
STA-056,tanahtinggi,Tanah Tinggi,Tangerang,2024,1,2024-01,62476,2015,synthetic_prototype
STA-056,tanahtinggi,Tanah Tinggi,Tangerang,2024,2,2024-02,68184,2435,synthetic_prototype
STA-056,tanahtinggi,Tanah Tinggi,Tangerang,2024,3,2024-03,77951,2515,synthetic_prototype
STA-056,tanahtinggi,Tanah Tinggi,Tangerang,2024,4,2024-04,75435,2514,synthetic_prototype
STA-056,tanahtinggi,Tanah Tinggi,Tangerang,2024,5,2024-05,77002,2484,synthetic_prototype
STA-056,tanahtinggi,Tanah Tinggi,Tangerang,2024,6,2024-06,68411,2280,synthetic_prototype
STA-056,tanahtinggi,Tanah Tinggi,Tangerang,2024,7,2024-07,60882,1964,synthetic_prototype
STA-056,tanahtinggi,Tanah Tinggi,Tangerang,2024,8,2024-08,72743,2347,synthetic_prototype
STA-056,tanahtinggi,Tanah Tinggi,Tangerang,2024,9,2024-09,74132,2471,synthetic_prototype
STA-056,tanahtinggi,Tanah Tinggi,Tangerang,2024,10,2024-10,76776,2477,synthetic_prototype
STA-056,tanahtinggi,Tanah Tinggi,Tangerang,2024,11,2024-11,77477,2583,synthetic_prototype
STA-056,tanahtinggi,Tanah Tinggi,Tangerang,2024,12,2024-12,67946,2192,synthetic_prototype
STA-057,tangerang,Tangerang,Tangerang,2024,1,2024-01,517844,16705,synthetic_prototype
STA-057,tangerang,Tangerang,Tangerang,2024,2,2024-02,598498,21375,synthetic_prototype
STA-057,tangerang,Tangerang,Tangerang,2024,3,2024-03,598041,19292,synthetic_prototype
STA-057,tangerang,Tangerang,Tangerang,2024,4,2024-04,599291,19976,synthetic_prototype
STA-057,tangerang,Tangerang,Tangerang,2024,5,2024-05,696994,22484,synthetic_prototype
STA-057,tangerang,Tangerang,Tangerang,2024,6,2024-06,553724,18457,synthetic_prototype
STA-057,tangerang,Tangerang,Tangerang,2024,7,2024-07,505450,16305,synthetic_prototype
STA-057,tangerang,Tangerang,Tangerang,2024,8,2024-08,630059,20324,synthetic_prototype
STA-057,tangerang,Tangerang,Tangerang,2024,9,2024-09,684989,22833,synthetic_prototype
STA-057,tangerang,Tangerang,Tangerang,2024,10,2024-10,727704,23474,synthetic_prototype
STA-057,tangerang,Tangerang,Tangerang,2024,11,2024-11,635710,21190,synthetic_prototype
STA-057,tangerang,Tangerang,Tangerang,2024,12,2024-12,605404,19529,synthetic_prototype
STA-048,grogol,Grogol,Tangerang,2025,1,2025-01,144874,4673,synthetic_prototype
STA-048,grogol,Grogol,Tangerang,2025,2,2025-02,151895,5425,synthetic_prototype
STA-048,grogol,Grogol,Tangerang,2025,3,2025-03,181373,5851,synthetic_prototype
STA-048,grogol,Grogol,Tangerang,2025,4,2025-04,146454,4882,synthetic_prototype
STA-048,grogol,Grogol,Tangerang,2025,5,2025-05,170659,5505,synthetic_prototype
STA-048,grogol,Grogol,Tangerang,2025,6,2025-06,153725,5124,synthetic_prototype
STA-048,grogol,Grogol,Tangerang,2025,7,2025-07,154033,4969,synthetic_prototype
STA-048,grogol,Grogol,Tangerang,2025,8,2025-08,167960,5418,synthetic_prototype
STA-048,grogol,Grogol,Tangerang,2025,9,2025-09,174347,5812,synthetic_prototype
STA-048,grogol,Grogol,Tangerang,2025,10,2025-10,174370,5625,synthetic_prototype
STA-048,grogol,Grogol,Tangerang,2025,11,2025-11,177395,5913,synthetic_prototype
STA-048,grogol,Grogol,Tangerang,2025,12,2025-12,153683,4958,synthetic_prototype
STA-049,pesing,Pesing,Tangerang,2025,1,2025-01,70602,2277,synthetic_prototype
STA-049,pesing,Pesing,Tangerang,2025,2,2025-02,70133,2505,synthetic_prototype
STA-049,pesing,Pesing,Tangerang,2025,3,2025-03,77699,2506,synthetic_prototype
STA-049,pesing,Pesing,Tangerang,2025,4,2025-04,72632,2421,synthetic_prototype
STA-049,pesing,Pesing,Tangerang,2025,5,2025-05,82392,2658,synthetic_prototype
STA-049,pesing,Pesing,Tangerang,2025,6,2025-06,70276,2343,synthetic_prototype
STA-049,pesing,Pesing,Tangerang,2025,7,2025-07,64004,2065,synthetic_prototype
STA-049,pesing,Pesing,Tangerang,2025,8,2025-08,82016,2646,synthetic_prototype
STA-049,pesing,Pesing,Tangerang,2025,9,2025-09,77459,2582,synthetic_prototype
STA-049,pesing,Pesing,Tangerang,2025,10,2025-10,80506,2597,synthetic_prototype
STA-049,pesing,Pesing,Tangerang,2025,11,2025-11,79951,2665,synthetic_prototype
STA-049,pesing,Pesing,Tangerang,2025,12,2025-12,76715,2475,synthetic_prototype
STA-050,tamankota,Taman Kota,Tangerang,2025,1,2025-01,135010,4355,synthetic_prototype
STA-050,tamankota,Taman Kota,Tangerang,2025,2,2025-02,171687,6132,synthetic_prototype
STA-050,tamankota,Taman Kota,Tangerang,2025,3,2025-03,170952,5515,synthetic_prototype
STA-050,tamankota,Taman Kota,Tangerang,2025,4,2025-04,157214,5240,synthetic_prototype
STA-050,tamankota,Taman Kota,Tangerang,2025,5,2025-05,168573,5438,synthetic_prototype
STA-050,tamankota,Taman Kota,Tangerang,2025,6,2025-06,152625,5088,synthetic_prototype
STA-050,tamankota,Taman Kota,Tangerang,2025,7,2025-07,150698,4861,synthetic_prototype
STA-050,tamankota,Taman Kota,Tangerang,2025,8,2025-08,171622,5536,synthetic_prototype
STA-050,tamankota,Taman Kota,Tangerang,2025,9,2025-09,176052,5868,synthetic_prototype
STA-050,tamankota,Taman Kota,Tangerang,2025,10,2025-10,177780,5735,synthetic_prototype
STA-050,tamankota,Taman Kota,Tangerang,2025,11,2025-11,174120,5804,synthetic_prototype
STA-050,tamankota,Taman Kota,Tangerang,2025,12,2025-12,154879,4996,synthetic_prototype
STA-051,bojongindah,Bojong Indah,Tangerang,2025,1,2025-01,68353,2205,synthetic_prototype
STA-051,bojongindah,Bojong Indah,Tangerang,2025,2,2025-02,74414,2658,synthetic_prototype
STA-051,bojongindah,Bojong Indah,Tangerang,2025,3,2025-03,78361,2528,synthetic_prototype
STA-051,bojongindah,Bojong Indah,Tangerang,2025,4,2025-04,64164,2139,synthetic_prototype
STA-051,bojongindah,Bojong Indah,Tangerang,2025,5,2025-05,80909,2610,synthetic_prototype
STA-051,bojongindah,Bojong Indah,Tangerang,2025,6,2025-06,70969,2366,synthetic_prototype
STA-051,bojongindah,Bojong Indah,Tangerang,2025,7,2025-07,68838,2221,synthetic_prototype
STA-051,bojongindah,Bojong Indah,Tangerang,2025,8,2025-08,76862,2479,synthetic_prototype
STA-051,bojongindah,Bojong Indah,Tangerang,2025,9,2025-09,83985,2800,synthetic_prototype
STA-051,bojongindah,Bojong Indah,Tangerang,2025,10,2025-10,85801,2768,synthetic_prototype
STA-051,bojongindah,Bojong Indah,Tangerang,2025,11,2025-11,79370,2646,synthetic_prototype
STA-051,bojongindah,Bojong Indah,Tangerang,2025,12,2025-12,73901,2384,synthetic_prototype
STA-052,rawabuaya,Rawa Buaya,Tangerang,2025,1,2025-01,141884,4577,synthetic_prototype
STA-052,rawabuaya,Rawa Buaya,Tangerang,2025,2,2025-02,144124,5147,synthetic_prototype
STA-052,rawabuaya,Rawa Buaya,Tangerang,2025,3,2025-03,159912,5158,synthetic_prototype
STA-052,rawabuaya,Rawa Buaya,Tangerang,2025,4,2025-04,161198,5373,synthetic_prototype
STA-052,rawabuaya,Rawa Buaya,Tangerang,2025,5,2025-05,175385,5658,synthetic_prototype
STA-052,rawabuaya,Rawa Buaya,Tangerang,2025,6,2025-06,153999,5133,synthetic_prototype
STA-052,rawabuaya,Rawa Buaya,Tangerang,2025,7,2025-07,151903,4900,synthetic_prototype
STA-052,rawabuaya,Rawa Buaya,Tangerang,2025,8,2025-08,170758,5508,synthetic_prototype
STA-052,rawabuaya,Rawa Buaya,Tangerang,2025,9,2025-09,167806,5594,synthetic_prototype
STA-052,rawabuaya,Rawa Buaya,Tangerang,2025,10,2025-10,180206,5813,synthetic_prototype
STA-052,rawabuaya,Rawa Buaya,Tangerang,2025,11,2025-11,181124,6037,synthetic_prototype
STA-052,rawabuaya,Rawa Buaya,Tangerang,2025,12,2025-12,160524,5178,synthetic_prototype
STA-053,kalideres,Kalideres,Tangerang,2025,1,2025-01,309284,9977,synthetic_prototype
STA-053,kalideres,Kalideres,Tangerang,2025,2,2025-02,313728,11205,synthetic_prototype
STA-053,kalideres,Kalideres,Tangerang,2025,3,2025-03,332659,10731,synthetic_prototype
STA-053,kalideres,Kalideres,Tangerang,2025,4,2025-04,324986,10833,synthetic_prototype
STA-053,kalideres,Kalideres,Tangerang,2025,5,2025-05,337531,10888,synthetic_prototype
STA-053,kalideres,Kalideres,Tangerang,2025,6,2025-06,291158,9705,synthetic_prototype
STA-053,kalideres,Kalideres,Tangerang,2025,7,2025-07,293317,9462,synthetic_prototype
STA-053,kalideres,Kalideres,Tangerang,2025,8,2025-08,324639,10472,synthetic_prototype
STA-053,kalideres,Kalideres,Tangerang,2025,9,2025-09,335147,11172,synthetic_prototype
STA-053,kalideres,Kalideres,Tangerang,2025,10,2025-10,352243,11363,synthetic_prototype
STA-053,kalideres,Kalideres,Tangerang,2025,11,2025-11,339885,11330,synthetic_prototype
STA-053,kalideres,Kalideres,Tangerang,2025,12,2025-12,307806,9929,synthetic_prototype
STA-054,poris,Poris,Tangerang,2025,1,2025-01,136440,4401,synthetic_prototype
STA-054,poris,Poris,Tangerang,2025,2,2025-02,153843,5494,synthetic_prototype
STA-054,poris,Poris,Tangerang,2025,3,2025-03,164031,5291,synthetic_prototype
STA-054,poris,Poris,Tangerang,2025,4,2025-04,150730,5024,synthetic_prototype
STA-054,poris,Poris,Tangerang,2025,5,2025-05,173399,5594,synthetic_prototype
STA-054,poris,Poris,Tangerang,2025,6,2025-06,156561,5219,synthetic_prototype
STA-054,poris,Poris,Tangerang,2025,7,2025-07,138129,4456,synthetic_prototype
STA-054,poris,Poris,Tangerang,2025,8,2025-08,162200,5232,synthetic_prototype
STA-054,poris,Poris,Tangerang,2025,9,2025-09,166926,5564,synthetic_prototype
STA-054,poris,Poris,Tangerang,2025,10,2025-10,170485,5500,synthetic_prototype
STA-054,poris,Poris,Tangerang,2025,11,2025-11,181328,6044,synthetic_prototype
STA-054,poris,Poris,Tangerang,2025,12,2025-12,154614,4988,synthetic_prototype
STA-055,batuceper,Batu Ceper,Tangerang,2025,1,2025-01,146059,4712,synthetic_prototype
STA-055,batuceper,Batu Ceper,Tangerang,2025,2,2025-02,140315,5011,synthetic_prototype
STA-055,batuceper,Batu Ceper,Tangerang,2025,3,2025-03,168193,5426,synthetic_prototype
STA-055,batuceper,Batu Ceper,Tangerang,2025,4,2025-04,148098,4937,synthetic_prototype
STA-055,batuceper,Batu Ceper,Tangerang,2025,5,2025-05,169349,5463,synthetic_prototype
STA-055,batuceper,Batu Ceper,Tangerang,2025,6,2025-06,152576,5086,synthetic_prototype
STA-055,batuceper,Batu Ceper,Tangerang,2025,7,2025-07,155656,5021,synthetic_prototype
STA-055,batuceper,Batu Ceper,Tangerang,2025,8,2025-08,158545,5114,synthetic_prototype
STA-055,batuceper,Batu Ceper,Tangerang,2025,9,2025-09,151423,5047,synthetic_prototype
STA-055,batuceper,Batu Ceper,Tangerang,2025,10,2025-10,178448,5756,synthetic_prototype
STA-055,batuceper,Batu Ceper,Tangerang,2025,11,2025-11,188145,6272,synthetic_prototype
STA-055,batuceper,Batu Ceper,Tangerang,2025,12,2025-12,163545,5276,synthetic_prototype
STA-056,tanahtinggi,Tanah Tinggi,Tangerang,2025,1,2025-01,69467,2241,synthetic_prototype
STA-056,tanahtinggi,Tanah Tinggi,Tangerang,2025,2,2025-02,69786,2492,synthetic_prototype
STA-056,tanahtinggi,Tanah Tinggi,Tangerang,2025,3,2025-03,79015,2549,synthetic_prototype
STA-056,tanahtinggi,Tanah Tinggi,Tangerang,2025,4,2025-04,69885,2330,synthetic_prototype
STA-056,tanahtinggi,Tanah Tinggi,Tangerang,2025,5,2025-05,80343,2592,synthetic_prototype
STA-056,tanahtinggi,Tanah Tinggi,Tangerang,2025,6,2025-06,71844,2395,synthetic_prototype
STA-056,tanahtinggi,Tanah Tinggi,Tangerang,2025,7,2025-07,71811,2316,synthetic_prototype
STA-056,tanahtinggi,Tanah Tinggi,Tangerang,2025,8,2025-08,86693,2797,synthetic_prototype
STA-056,tanahtinggi,Tanah Tinggi,Tangerang,2025,9,2025-09,81633,2721,synthetic_prototype
STA-056,tanahtinggi,Tanah Tinggi,Tangerang,2025,10,2025-10,80985,2612,synthetic_prototype
STA-056,tanahtinggi,Tanah Tinggi,Tangerang,2025,11,2025-11,81818,2727,synthetic_prototype
STA-056,tanahtinggi,Tanah Tinggi,Tangerang,2025,12,2025-12,67571,2180,synthetic_prototype
STA-057,tangerang,Tangerang,Tangerang,2025,1,2025-01,574077,18519,synthetic_prototype
STA-057,tangerang,Tangerang,Tangerang,2025,2,2025-02,600180,21435,synthetic_prototype
STA-057,tangerang,Tangerang,Tangerang,2025,3,2025-03,642342,20721,synthetic_prototype
STA-057,tangerang,Tangerang,Tangerang,2025,4,2025-04,627089,20903,synthetic_prototype
STA-057,tangerang,Tangerang,Tangerang,2025,5,2025-05,653548,21082,synthetic_prototype
STA-057,tangerang,Tangerang,Tangerang,2025,6,2025-06,630675,21022,synthetic_prototype
STA-057,tangerang,Tangerang,Tangerang,2025,7,2025-07,590491,19048,synthetic_prototype
STA-057,tangerang,Tangerang,Tangerang,2025,8,2025-08,668969,21580,synthetic_prototype
STA-057,tangerang,Tangerang,Tangerang,2025,9,2025-09,679865,22662,synthetic_prototype
STA-057,tangerang,Tangerang,Tangerang,2025,10,2025-10,712982,22999,synthetic_prototype
STA-057,tangerang,Tangerang,Tangerang,2025,11,2025-11,725192,24173,synthetic_prototype
STA-057,tangerang,Tangerang,Tangerang,2025,12,2025-12,601672,19409,synthetic_prototype
STA-058,palmerah,Palmerah,Rangkasbitung,2023,1,2023-01,226442,7305,synthetic_prototype
STA-058,palmerah,Palmerah,Rangkasbitung,2023,2,2023-02,237397,8478,synthetic_prototype
STA-058,palmerah,Palmerah,Rangkasbitung,2023,3,2023-03,244493,7887,synthetic_prototype
STA-058,palmerah,Palmerah,Rangkasbitung,2023,4,2023-04,237440,7915,synthetic_prototype
STA-058,palmerah,Palmerah,Rangkasbitung,2023,5,2023-05,261087,8422,synthetic_prototype
STA-058,palmerah,Palmerah,Rangkasbitung,2023,6,2023-06,246047,8202,synthetic_prototype
STA-058,palmerah,Palmerah,Rangkasbitung,2023,7,2023-07,235007,7581,synthetic_prototype
STA-058,palmerah,Palmerah,Rangkasbitung,2023,8,2023-08,265614,8568,synthetic_prototype
STA-058,palmerah,Palmerah,Rangkasbitung,2023,9,2023-09,280560,9352,synthetic_prototype
STA-058,palmerah,Palmerah,Rangkasbitung,2023,10,2023-10,277544,8953,synthetic_prototype
STA-058,palmerah,Palmerah,Rangkasbitung,2023,11,2023-11,280811,9360,synthetic_prototype
STA-058,palmerah,Palmerah,Rangkasbitung,2023,12,2023-12,244471,7886,synthetic_prototype
STA-059,kebayoran,Kebayoran,Rangkasbitung,2023,1,2023-01,470066,15163,synthetic_prototype
STA-059,kebayoran,Kebayoran,Rangkasbitung,2023,2,2023-02,469429,16765,synthetic_prototype
STA-059,kebayoran,Kebayoran,Rangkasbitung,2023,3,2023-03,466393,15045,synthetic_prototype
STA-059,kebayoran,Kebayoran,Rangkasbitung,2023,4,2023-04,488332,16278,synthetic_prototype
STA-059,kebayoran,Kebayoran,Rangkasbitung,2023,5,2023-05,562608,18149,synthetic_prototype
STA-059,kebayoran,Kebayoran,Rangkasbitung,2023,6,2023-06,493080,16436,synthetic_prototype
STA-059,kebayoran,Kebayoran,Rangkasbitung,2023,7,2023-07,483090,15584,synthetic_prototype
STA-059,kebayoran,Kebayoran,Rangkasbitung,2023,8,2023-08,553211,17846,synthetic_prototype
STA-059,kebayoran,Kebayoran,Rangkasbitung,2023,9,2023-09,544575,18152,synthetic_prototype
STA-059,kebayoran,Kebayoran,Rangkasbitung,2023,10,2023-10,562560,18147,synthetic_prototype
STA-059,kebayoran,Kebayoran,Rangkasbitung,2023,11,2023-11,539324,17977,synthetic_prototype
STA-059,kebayoran,Kebayoran,Rangkasbitung,2023,12,2023-12,484762,15637,synthetic_prototype
STA-060,pondokranji,Pondok Ranji,Rangkasbitung,2023,1,2023-01,238292,7687,synthetic_prototype
STA-060,pondokranji,Pondok Ranji,Rangkasbitung,2023,2,2023-02,251889,8996,synthetic_prototype
STA-060,pondokranji,Pondok Ranji,Rangkasbitung,2023,3,2023-03,256963,8289,synthetic_prototype
STA-060,pondokranji,Pondok Ranji,Rangkasbitung,2023,4,2023-04,241064,8035,synthetic_prototype
STA-060,pondokranji,Pondok Ranji,Rangkasbitung,2023,5,2023-05,266162,8586,synthetic_prototype
STA-060,pondokranji,Pondok Ranji,Rangkasbitung,2023,6,2023-06,243449,8115,synthetic_prototype
STA-060,pondokranji,Pondok Ranji,Rangkasbitung,2023,7,2023-07,219133,7069,synthetic_prototype
STA-060,pondokranji,Pondok Ranji,Rangkasbitung,2023,8,2023-08,239364,7721,synthetic_prototype
STA-060,pondokranji,Pondok Ranji,Rangkasbitung,2023,9,2023-09,265350,8845,synthetic_prototype
STA-060,pondokranji,Pondok Ranji,Rangkasbitung,2023,10,2023-10,265450,8563,synthetic_prototype
STA-060,pondokranji,Pondok Ranji,Rangkasbitung,2023,11,2023-11,270873,9029,synthetic_prototype
STA-060,pondokranji,Pondok Ranji,Rangkasbitung,2023,12,2023-12,244033,7872,synthetic_prototype
STA-061,jurangmangu,Jurangmangu,Rangkasbitung,2023,1,2023-01,228348,7366,synthetic_prototype
STA-061,jurangmangu,Jurangmangu,Rangkasbitung,2023,2,2023-02,254278,9081,synthetic_prototype
STA-061,jurangmangu,Jurangmangu,Rangkasbitung,2023,3,2023-03,261782,8445,synthetic_prototype
STA-061,jurangmangu,Jurangmangu,Rangkasbitung,2023,4,2023-04,248435,8281,synthetic_prototype
STA-061,jurangmangu,Jurangmangu,Rangkasbitung,2023,5,2023-05,272781,8799,synthetic_prototype
STA-061,jurangmangu,Jurangmangu,Rangkasbitung,2023,6,2023-06,226903,7563,synthetic_prototype
STA-061,jurangmangu,Jurangmangu,Rangkasbitung,2023,7,2023-07,242231,7814,synthetic_prototype
STA-061,jurangmangu,Jurangmangu,Rangkasbitung,2023,8,2023-08,262774,8477,synthetic_prototype
STA-061,jurangmangu,Jurangmangu,Rangkasbitung,2023,9,2023-09,278602,9287,synthetic_prototype
STA-061,jurangmangu,Jurangmangu,Rangkasbitung,2023,10,2023-10,267112,8617,synthetic_prototype
STA-061,jurangmangu,Jurangmangu,Rangkasbitung,2023,11,2023-11,259309,8644,synthetic_prototype
STA-061,jurangmangu,Jurangmangu,Rangkasbitung,2023,12,2023-12,253516,8178,synthetic_prototype
STA-062,sudimara,Sudimara,Rangkasbitung,2023,1,2023-01,236066,7615,synthetic_prototype
STA-062,sudimara,Sudimara,Rangkasbitung,2023,2,2023-02,231645,8273,synthetic_prototype
STA-062,sudimara,Sudimara,Rangkasbitung,2023,3,2023-03,249416,8046,synthetic_prototype
STA-062,sudimara,Sudimara,Rangkasbitung,2023,4,2023-04,256535,8551,synthetic_prototype
STA-062,sudimara,Sudimara,Rangkasbitung,2023,5,2023-05,253494,8177,synthetic_prototype
STA-062,sudimara,Sudimara,Rangkasbitung,2023,6,2023-06,253353,8445,synthetic_prototype
STA-062,sudimara,Sudimara,Rangkasbitung,2023,7,2023-07,224186,7232,synthetic_prototype
STA-062,sudimara,Sudimara,Rangkasbitung,2023,8,2023-08,270303,8719,synthetic_prototype
STA-062,sudimara,Sudimara,Rangkasbitung,2023,9,2023-09,267758,8925,synthetic_prototype
STA-062,sudimara,Sudimara,Rangkasbitung,2023,10,2023-10,285810,9220,synthetic_prototype
STA-062,sudimara,Sudimara,Rangkasbitung,2023,11,2023-11,270475,9016,synthetic_prototype
STA-062,sudimara,Sudimara,Rangkasbitung,2023,12,2023-12,243886,7867,synthetic_prototype
STA-063,rawabuntu,Rawa Buntu,Rangkasbitung,2023,1,2023-01,465890,15029,synthetic_prototype
STA-063,rawabuntu,Rawa Buntu,Rangkasbitung,2023,2,2023-02,461366,16477,synthetic_prototype
STA-063,rawabuntu,Rawa Buntu,Rangkasbitung,2023,3,2023-03,532124,17165,synthetic_prototype
STA-063,rawabuntu,Rawa Buntu,Rangkasbitung,2023,4,2023-04,480890,16030,synthetic_prototype
STA-063,rawabuntu,Rawa Buntu,Rangkasbitung,2023,5,2023-05,527447,17014,synthetic_prototype
STA-063,rawabuntu,Rawa Buntu,Rangkasbitung,2023,6,2023-06,456554,15218,synthetic_prototype
STA-063,rawabuntu,Rawa Buntu,Rangkasbitung,2023,7,2023-07,417456,13466,synthetic_prototype
STA-063,rawabuntu,Rawa Buntu,Rangkasbitung,2023,8,2023-08,523118,16875,synthetic_prototype
STA-063,rawabuntu,Rawa Buntu,Rangkasbitung,2023,9,2023-09,595019,19834,synthetic_prototype
STA-063,rawabuntu,Rawa Buntu,Rangkasbitung,2023,10,2023-10,575672,18570,synthetic_prototype
STA-063,rawabuntu,Rawa Buntu,Rangkasbitung,2023,11,2023-11,552560,18419,synthetic_prototype
STA-063,rawabuntu,Rawa Buntu,Rangkasbitung,2023,12,2023-12,485806,15671,synthetic_prototype
STA-064,serpong,Serpong,Rangkasbitung,2023,1,2023-01,465547,15018,synthetic_prototype
STA-064,serpong,Serpong,Rangkasbitung,2023,2,2023-02,491152,17541,synthetic_prototype
STA-064,serpong,Serpong,Rangkasbitung,2023,3,2023-03,492399,15884,synthetic_prototype
STA-064,serpong,Serpong,Rangkasbitung,2023,4,2023-04,512853,17095,synthetic_prototype
STA-064,serpong,Serpong,Rangkasbitung,2023,5,2023-05,547546,17663,synthetic_prototype
STA-064,serpong,Serpong,Rangkasbitung,2023,6,2023-06,489124,16304,synthetic_prototype
STA-064,serpong,Serpong,Rangkasbitung,2023,7,2023-07,473287,15267,synthetic_prototype
STA-064,serpong,Serpong,Rangkasbitung,2023,8,2023-08,527560,17018,synthetic_prototype
STA-064,serpong,Serpong,Rangkasbitung,2023,9,2023-09,557255,18575,synthetic_prototype
STA-064,serpong,Serpong,Rangkasbitung,2023,10,2023-10,571368,18431,synthetic_prototype
STA-064,serpong,Serpong,Rangkasbitung,2023,11,2023-11,545155,18172,synthetic_prototype
STA-064,serpong,Serpong,Rangkasbitung,2023,12,2023-12,479704,15474,synthetic_prototype
STA-065,cisauk,Cisauk,Rangkasbitung,2023,1,2023-01,233512,7533,synthetic_prototype
STA-065,cisauk,Cisauk,Rangkasbitung,2023,2,2023-02,255206,9114,synthetic_prototype
STA-065,cisauk,Cisauk,Rangkasbitung,2023,3,2023-03,245597,7922,synthetic_prototype
STA-065,cisauk,Cisauk,Rangkasbitung,2023,4,2023-04,231074,7702,synthetic_prototype
STA-065,cisauk,Cisauk,Rangkasbitung,2023,5,2023-05,267911,8642,synthetic_prototype
STA-065,cisauk,Cisauk,Rangkasbitung,2023,6,2023-06,238216,7941,synthetic_prototype
STA-065,cisauk,Cisauk,Rangkasbitung,2023,7,2023-07,234177,7554,synthetic_prototype
STA-065,cisauk,Cisauk,Rangkasbitung,2023,8,2023-08,266145,8585,synthetic_prototype
STA-065,cisauk,Cisauk,Rangkasbitung,2023,9,2023-09,268902,8963,synthetic_prototype
STA-065,cisauk,Cisauk,Rangkasbitung,2023,10,2023-10,295709,9539,synthetic_prototype
STA-065,cisauk,Cisauk,Rangkasbitung,2023,11,2023-11,258787,8626,synthetic_prototype
STA-065,cisauk,Cisauk,Rangkasbitung,2023,12,2023-12,237349,7656,synthetic_prototype
STA-066,cicayur,Cicayur,Rangkasbitung,2023,1,2023-01,108081,3486,synthetic_prototype
STA-066,cicayur,Cicayur,Rangkasbitung,2023,2,2023-02,104776,3742,synthetic_prototype
STA-066,cicayur,Cicayur,Rangkasbitung,2023,3,2023-03,119740,3863,synthetic_prototype
STA-066,cicayur,Cicayur,Rangkasbitung,2023,4,2023-04,122173,4072,synthetic_prototype
STA-066,cicayur,Cicayur,Rangkasbitung,2023,5,2023-05,124310,4010,synthetic_prototype
STA-066,cicayur,Cicayur,Rangkasbitung,2023,6,2023-06,111965,3732,synthetic_prototype
STA-066,cicayur,Cicayur,Rangkasbitung,2023,7,2023-07,103059,3324,synthetic_prototype
STA-066,cicayur,Cicayur,Rangkasbitung,2023,8,2023-08,119968,3870,synthetic_prototype
STA-066,cicayur,Cicayur,Rangkasbitung,2023,9,2023-09,124718,4157,synthetic_prototype
STA-066,cicayur,Cicayur,Rangkasbitung,2023,10,2023-10,128581,4148,synthetic_prototype
STA-066,cicayur,Cicayur,Rangkasbitung,2023,11,2023-11,135645,4522,synthetic_prototype
STA-066,cicayur,Cicayur,Rangkasbitung,2023,12,2023-12,117115,3778,synthetic_prototype
STA-067,parungpanjang,Parung Panjang,Rangkasbitung,2023,1,2023-01,444450,14337,synthetic_prototype
STA-067,parungpanjang,Parung Panjang,Rangkasbitung,2023,2,2023-02,485372,17335,synthetic_prototype
STA-067,parungpanjang,Parung Panjang,Rangkasbitung,2023,3,2023-03,527109,17004,synthetic_prototype
STA-067,parungpanjang,Parung Panjang,Rangkasbitung,2023,4,2023-04,513360,17112,synthetic_prototype
STA-067,parungpanjang,Parung Panjang,Rangkasbitung,2023,5,2023-05,565968,18257,synthetic_prototype
STA-067,parungpanjang,Parung Panjang,Rangkasbitung,2023,6,2023-06,456159,15205,synthetic_prototype
STA-067,parungpanjang,Parung Panjang,Rangkasbitung,2023,7,2023-07,450043,14518,synthetic_prototype
STA-067,parungpanjang,Parung Panjang,Rangkasbitung,2023,8,2023-08,500629,16149,synthetic_prototype
STA-067,parungpanjang,Parung Panjang,Rangkasbitung,2023,9,2023-09,537571,17919,synthetic_prototype
STA-067,parungpanjang,Parung Panjang,Rangkasbitung,2023,10,2023-10,568567,18341,synthetic_prototype
STA-067,parungpanjang,Parung Panjang,Rangkasbitung,2023,11,2023-11,574826,19161,synthetic_prototype
STA-067,parungpanjang,Parung Panjang,Rangkasbitung,2023,12,2023-12,489478,15790,synthetic_prototype
STA-068,cilejit,Cilejit,Rangkasbitung,2023,1,2023-01,107141,3456,synthetic_prototype
STA-068,cilejit,Cilejit,Rangkasbitung,2023,2,2023-02,112828,4030,synthetic_prototype
STA-068,cilejit,Cilejit,Rangkasbitung,2023,3,2023-03,116560,3760,synthetic_prototype
STA-068,cilejit,Cilejit,Rangkasbitung,2023,4,2023-04,124134,4138,synthetic_prototype
STA-068,cilejit,Cilejit,Rangkasbitung,2023,5,2023-05,116219,3749,synthetic_prototype
STA-068,cilejit,Cilejit,Rangkasbitung,2023,6,2023-06,111761,3725,synthetic_prototype
STA-068,cilejit,Cilejit,Rangkasbitung,2023,7,2023-07,117315,3784,synthetic_prototype
STA-068,cilejit,Cilejit,Rangkasbitung,2023,8,2023-08,123034,3969,synthetic_prototype
STA-068,cilejit,Cilejit,Rangkasbitung,2023,9,2023-09,125656,4189,synthetic_prototype
STA-068,cilejit,Cilejit,Rangkasbitung,2023,10,2023-10,128374,4141,synthetic_prototype
STA-068,cilejit,Cilejit,Rangkasbitung,2023,11,2023-11,128099,4270,synthetic_prototype
STA-068,cilejit,Cilejit,Rangkasbitung,2023,12,2023-12,120850,3898,synthetic_prototype
STA-069,daru,Daru,Rangkasbitung,2023,1,2023-01,98927,3191,synthetic_prototype
STA-069,daru,Daru,Rangkasbitung,2023,2,2023-02,119026,4251,synthetic_prototype
STA-069,daru,Daru,Rangkasbitung,2023,3,2023-03,113720,3668,synthetic_prototype
STA-069,daru,Daru,Rangkasbitung,2023,4,2023-04,113337,3778,synthetic_prototype
STA-069,daru,Daru,Rangkasbitung,2023,5,2023-05,122074,3938,synthetic_prototype
STA-069,daru,Daru,Rangkasbitung,2023,6,2023-06,113553,3785,synthetic_prototype
STA-069,daru,Daru,Rangkasbitung,2023,7,2023-07,101592,3277,synthetic_prototype
STA-069,daru,Daru,Rangkasbitung,2023,8,2023-08,125274,4041,synthetic_prototype
STA-069,daru,Daru,Rangkasbitung,2023,9,2023-09,136871,4562,synthetic_prototype
STA-069,daru,Daru,Rangkasbitung,2023,10,2023-10,123134,3972,synthetic_prototype
STA-069,daru,Daru,Rangkasbitung,2023,11,2023-11,130009,4334,synthetic_prototype
STA-069,daru,Daru,Rangkasbitung,2023,12,2023-12,111526,3598,synthetic_prototype
STA-070,tenjo,Tenjo,Rangkasbitung,2023,1,2023-01,236526,7630,synthetic_prototype
STA-070,tenjo,Tenjo,Rangkasbitung,2023,2,2023-02,240500,8589,synthetic_prototype
STA-070,tenjo,Tenjo,Rangkasbitung,2023,3,2023-03,251774,8122,synthetic_prototype
STA-070,tenjo,Tenjo,Rangkasbitung,2023,4,2023-04,250275,8342,synthetic_prototype
STA-070,tenjo,Tenjo,Rangkasbitung,2023,5,2023-05,285366,9205,synthetic_prototype
STA-070,tenjo,Tenjo,Rangkasbitung,2023,6,2023-06,235917,7864,synthetic_prototype
STA-070,tenjo,Tenjo,Rangkasbitung,2023,7,2023-07,239260,7718,synthetic_prototype
STA-070,tenjo,Tenjo,Rangkasbitung,2023,8,2023-08,249938,8063,synthetic_prototype
STA-070,tenjo,Tenjo,Rangkasbitung,2023,9,2023-09,260945,8698,synthetic_prototype
STA-070,tenjo,Tenjo,Rangkasbitung,2023,10,2023-10,284351,9173,synthetic_prototype
STA-070,tenjo,Tenjo,Rangkasbitung,2023,11,2023-11,292907,9764,synthetic_prototype
STA-070,tenjo,Tenjo,Rangkasbitung,2023,12,2023-12,248976,8031,synthetic_prototype
STA-071,tigaraksa,Tigaraksa,Rangkasbitung,2023,1,2023-01,229652,7408,synthetic_prototype
STA-071,tigaraksa,Tigaraksa,Rangkasbitung,2023,2,2023-02,240309,8582,synthetic_prototype
STA-071,tigaraksa,Tigaraksa,Rangkasbitung,2023,3,2023-03,245480,7919,synthetic_prototype
STA-071,tigaraksa,Tigaraksa,Rangkasbitung,2023,4,2023-04,251420,8381,synthetic_prototype
STA-071,tigaraksa,Tigaraksa,Rangkasbitung,2023,5,2023-05,275550,8889,synthetic_prototype
STA-071,tigaraksa,Tigaraksa,Rangkasbitung,2023,6,2023-06,233433,7781,synthetic_prototype
STA-071,tigaraksa,Tigaraksa,Rangkasbitung,2023,7,2023-07,228191,7361,synthetic_prototype
STA-071,tigaraksa,Tigaraksa,Rangkasbitung,2023,8,2023-08,266376,8593,synthetic_prototype
STA-071,tigaraksa,Tigaraksa,Rangkasbitung,2023,9,2023-09,266585,8886,synthetic_prototype
STA-071,tigaraksa,Tigaraksa,Rangkasbitung,2023,10,2023-10,278339,8979,synthetic_prototype
STA-071,tigaraksa,Tigaraksa,Rangkasbitung,2023,11,2023-11,299715,9990,synthetic_prototype
STA-071,tigaraksa,Tigaraksa,Rangkasbitung,2023,12,2023-12,243059,7841,synthetic_prototype
STA-072,cikoya,Cikoya,Rangkasbitung,2023,1,2023-01,106974,3451,synthetic_prototype
STA-072,cikoya,Cikoya,Rangkasbitung,2023,2,2023-02,109243,3902,synthetic_prototype
STA-072,cikoya,Cikoya,Rangkasbitung,2023,3,2023-03,124178,4006,synthetic_prototype
STA-072,cikoya,Cikoya,Rangkasbitung,2023,4,2023-04,113729,3791,synthetic_prototype
STA-072,cikoya,Cikoya,Rangkasbitung,2023,5,2023-05,120980,3903,synthetic_prototype
STA-072,cikoya,Cikoya,Rangkasbitung,2023,6,2023-06,116805,3894,synthetic_prototype
STA-072,cikoya,Cikoya,Rangkasbitung,2023,7,2023-07,114692,3700,synthetic_prototype
STA-072,cikoya,Cikoya,Rangkasbitung,2023,8,2023-08,120046,3872,synthetic_prototype
STA-072,cikoya,Cikoya,Rangkasbitung,2023,9,2023-09,117164,3905,synthetic_prototype
STA-072,cikoya,Cikoya,Rangkasbitung,2023,10,2023-10,135484,4370,synthetic_prototype
STA-072,cikoya,Cikoya,Rangkasbitung,2023,11,2023-11,125496,4183,synthetic_prototype
STA-072,cikoya,Cikoya,Rangkasbitung,2023,12,2023-12,118182,3812,synthetic_prototype
STA-073,maja,Maja,Rangkasbitung,2023,1,2023-01,214237,6911,synthetic_prototype
STA-073,maja,Maja,Rangkasbitung,2023,2,2023-02,248896,8889,synthetic_prototype
STA-073,maja,Maja,Rangkasbitung,2023,3,2023-03,245886,7932,synthetic_prototype
STA-073,maja,Maja,Rangkasbitung,2023,4,2023-04,252660,8422,synthetic_prototype
STA-073,maja,Maja,Rangkasbitung,2023,5,2023-05,266309,8591,synthetic_prototype
STA-073,maja,Maja,Rangkasbitung,2023,6,2023-06,228661,7622,synthetic_prototype
STA-073,maja,Maja,Rangkasbitung,2023,7,2023-07,228778,7380,synthetic_prototype
STA-073,maja,Maja,Rangkasbitung,2023,8,2023-08,270809,8736,synthetic_prototype
STA-073,maja,Maja,Rangkasbitung,2023,9,2023-09,272474,9082,synthetic_prototype
STA-073,maja,Maja,Rangkasbitung,2023,10,2023-10,285601,9213,synthetic_prototype
STA-073,maja,Maja,Rangkasbitung,2023,11,2023-11,298352,9945,synthetic_prototype
STA-073,maja,Maja,Rangkasbitung,2023,12,2023-12,230124,7423,synthetic_prototype
STA-074,citeras,Citeras,Rangkasbitung,2023,1,2023-01,115550,3727,synthetic_prototype
STA-074,citeras,Citeras,Rangkasbitung,2023,2,2023-02,112615,4022,synthetic_prototype
STA-074,citeras,Citeras,Rangkasbitung,2023,3,2023-03,116253,3750,synthetic_prototype
STA-074,citeras,Citeras,Rangkasbitung,2023,4,2023-04,108463,3615,synthetic_prototype
STA-074,citeras,Citeras,Rangkasbitung,2023,5,2023-05,123267,3976,synthetic_prototype
STA-074,citeras,Citeras,Rangkasbitung,2023,6,2023-06,115031,3834,synthetic_prototype
STA-074,citeras,Citeras,Rangkasbitung,2023,7,2023-07,107976,3483,synthetic_prototype
STA-074,citeras,Citeras,Rangkasbitung,2023,8,2023-08,130435,4208,synthetic_prototype
STA-074,citeras,Citeras,Rangkasbitung,2023,9,2023-09,119268,3976,synthetic_prototype
STA-074,citeras,Citeras,Rangkasbitung,2023,10,2023-10,130173,4199,synthetic_prototype
STA-074,citeras,Citeras,Rangkasbitung,2023,11,2023-11,122566,4086,synthetic_prototype
STA-074,citeras,Citeras,Rangkasbitung,2023,12,2023-12,116225,3749,synthetic_prototype
STA-075,rangkasbitung,Rangkasbitung,Rangkasbitung,2023,1,2023-01,481629,15536,synthetic_prototype
STA-075,rangkasbitung,Rangkasbitung,Rangkasbitung,2023,2,2023-02,472544,16877,synthetic_prototype
STA-075,rangkasbitung,Rangkasbitung,Rangkasbitung,2023,3,2023-03,462974,14935,synthetic_prototype
STA-075,rangkasbitung,Rangkasbitung,Rangkasbitung,2023,4,2023-04,494876,16496,synthetic_prototype
STA-075,rangkasbitung,Rangkasbitung,Rangkasbitung,2023,5,2023-05,541613,17471,synthetic_prototype
STA-075,rangkasbitung,Rangkasbitung,Rangkasbitung,2023,6,2023-06,483154,16105,synthetic_prototype
STA-075,rangkasbitung,Rangkasbitung,Rangkasbitung,2023,7,2023-07,488121,15746,synthetic_prototype
STA-075,rangkasbitung,Rangkasbitung,Rangkasbitung,2023,8,2023-08,504562,16276,synthetic_prototype
STA-075,rangkasbitung,Rangkasbitung,Rangkasbitung,2023,9,2023-09,557415,18580,synthetic_prototype
STA-075,rangkasbitung,Rangkasbitung,Rangkasbitung,2023,10,2023-10,584779,18864,synthetic_prototype
STA-075,rangkasbitung,Rangkasbitung,Rangkasbitung,2023,11,2023-11,513645,17122,synthetic_prototype
STA-075,rangkasbitung,Rangkasbitung,Rangkasbitung,2023,12,2023-12,497247,16040,synthetic_prototype
STA-058,palmerah,Palmerah,Rangkasbitung,2024,1,2024-01,256910,8287,synthetic_prototype
STA-058,palmerah,Palmerah,Rangkasbitung,2024,2,2024-02,270054,9645,synthetic_prototype
STA-058,palmerah,Palmerah,Rangkasbitung,2024,3,2024-03,295382,9528,synthetic_prototype
STA-058,palmerah,Palmerah,Rangkasbitung,2024,4,2024-04,271370,9046,synthetic_prototype
STA-058,palmerah,Palmerah,Rangkasbitung,2024,5,2024-05,291960,9418,synthetic_prototype
STA-058,palmerah,Palmerah,Rangkasbitung,2024,6,2024-06,268390,8946,synthetic_prototype
STA-058,palmerah,Palmerah,Rangkasbitung,2024,7,2024-07,250794,8090,synthetic_prototype
STA-058,palmerah,Palmerah,Rangkasbitung,2024,8,2024-08,284251,9169,synthetic_prototype
STA-058,palmerah,Palmerah,Rangkasbitung,2024,9,2024-09,314210,10474,synthetic_prototype
STA-058,palmerah,Palmerah,Rangkasbitung,2024,10,2024-10,300179,9683,synthetic_prototype
STA-058,palmerah,Palmerah,Rangkasbitung,2024,11,2024-11,320032,10668,synthetic_prototype
STA-058,palmerah,Palmerah,Rangkasbitung,2024,12,2024-12,281885,9093,synthetic_prototype
STA-059,kebayoran,Kebayoran,Rangkasbitung,2024,1,2024-01,488195,15748,synthetic_prototype
STA-059,kebayoran,Kebayoran,Rangkasbitung,2024,2,2024-02,527189,18828,synthetic_prototype
STA-059,kebayoran,Kebayoran,Rangkasbitung,2024,3,2024-03,610492,19693,synthetic_prototype
STA-059,kebayoran,Kebayoran,Rangkasbitung,2024,4,2024-04,531804,17727,synthetic_prototype
STA-059,kebayoran,Kebayoran,Rangkasbitung,2024,5,2024-05,588993,19000,synthetic_prototype
STA-059,kebayoran,Kebayoran,Rangkasbitung,2024,6,2024-06,545956,18199,synthetic_prototype
STA-059,kebayoran,Kebayoran,Rangkasbitung,2024,7,2024-07,540827,17446,synthetic_prototype
STA-059,kebayoran,Kebayoran,Rangkasbitung,2024,8,2024-08,588335,18979,synthetic_prototype
STA-059,kebayoran,Kebayoran,Rangkasbitung,2024,9,2024-09,597172,19906,synthetic_prototype
STA-059,kebayoran,Kebayoran,Rangkasbitung,2024,10,2024-10,665077,21454,synthetic_prototype
STA-059,kebayoran,Kebayoran,Rangkasbitung,2024,11,2024-11,666812,22227,synthetic_prototype
STA-059,kebayoran,Kebayoran,Rangkasbitung,2024,12,2024-12,575201,18555,synthetic_prototype
STA-060,pondokranji,Pondok Ranji,Rangkasbitung,2024,1,2024-01,263092,8487,synthetic_prototype
STA-060,pondokranji,Pondok Ranji,Rangkasbitung,2024,2,2024-02,262178,9364,synthetic_prototype
STA-060,pondokranji,Pondok Ranji,Rangkasbitung,2024,3,2024-03,281653,9086,synthetic_prototype
STA-060,pondokranji,Pondok Ranji,Rangkasbitung,2024,4,2024-04,282548,9418,synthetic_prototype
STA-060,pondokranji,Pondok Ranji,Rangkasbitung,2024,5,2024-05,305092,9842,synthetic_prototype
STA-060,pondokranji,Pondok Ranji,Rangkasbitung,2024,6,2024-06,283050,9435,synthetic_prototype
STA-060,pondokranji,Pondok Ranji,Rangkasbitung,2024,7,2024-07,269019,8678,synthetic_prototype
STA-060,pondokranji,Pondok Ranji,Rangkasbitung,2024,8,2024-08,279291,9009,synthetic_prototype
STA-060,pondokranji,Pondok Ranji,Rangkasbitung,2024,9,2024-09,318768,10626,synthetic_prototype
STA-060,pondokranji,Pondok Ranji,Rangkasbitung,2024,10,2024-10,302076,9744,synthetic_prototype
STA-060,pondokranji,Pondok Ranji,Rangkasbitung,2024,11,2024-11,306936,10231,synthetic_prototype
STA-060,pondokranji,Pondok Ranji,Rangkasbitung,2024,12,2024-12,279534,9017,synthetic_prototype
STA-061,jurangmangu,Jurangmangu,Rangkasbitung,2024,1,2024-01,283128,9133,synthetic_prototype
STA-061,jurangmangu,Jurangmangu,Rangkasbitung,2024,2,2024-02,304641,10880,synthetic_prototype
STA-061,jurangmangu,Jurangmangu,Rangkasbitung,2024,3,2024-03,298401,9626,synthetic_prototype
STA-061,jurangmangu,Jurangmangu,Rangkasbitung,2024,4,2024-04,274736,9158,synthetic_prototype
STA-061,jurangmangu,Jurangmangu,Rangkasbitung,2024,5,2024-05,306486,9887,synthetic_prototype
STA-061,jurangmangu,Jurangmangu,Rangkasbitung,2024,6,2024-06,277540,9251,synthetic_prototype
STA-061,jurangmangu,Jurangmangu,Rangkasbitung,2024,7,2024-07,258834,8349,synthetic_prototype
STA-061,jurangmangu,Jurangmangu,Rangkasbitung,2024,8,2024-08,318495,10274,synthetic_prototype
STA-061,jurangmangu,Jurangmangu,Rangkasbitung,2024,9,2024-09,308712,10290,synthetic_prototype
STA-061,jurangmangu,Jurangmangu,Rangkasbitung,2024,10,2024-10,320901,10352,synthetic_prototype
STA-061,jurangmangu,Jurangmangu,Rangkasbitung,2024,11,2024-11,320027,10668,synthetic_prototype
STA-061,jurangmangu,Jurangmangu,Rangkasbitung,2024,12,2024-12,281431,9078,synthetic_prototype
STA-062,sudimara,Sudimara,Rangkasbitung,2024,1,2024-01,270996,8742,synthetic_prototype
STA-062,sudimara,Sudimara,Rangkasbitung,2024,2,2024-02,264248,9437,synthetic_prototype
STA-062,sudimara,Sudimara,Rangkasbitung,2024,3,2024-03,284824,9188,synthetic_prototype
STA-062,sudimara,Sudimara,Rangkasbitung,2024,4,2024-04,264585,8820,synthetic_prototype
STA-062,sudimara,Sudimara,Rangkasbitung,2024,5,2024-05,305346,9850,synthetic_prototype
STA-062,sudimara,Sudimara,Rangkasbitung,2024,6,2024-06,276375,9212,synthetic_prototype
STA-062,sudimara,Sudimara,Rangkasbitung,2024,7,2024-07,266998,8613,synthetic_prototype
STA-062,sudimara,Sudimara,Rangkasbitung,2024,8,2024-08,317061,10228,synthetic_prototype
STA-062,sudimara,Sudimara,Rangkasbitung,2024,9,2024-09,305828,10194,synthetic_prototype
STA-062,sudimara,Sudimara,Rangkasbitung,2024,10,2024-10,323053,10421,synthetic_prototype
STA-062,sudimara,Sudimara,Rangkasbitung,2024,11,2024-11,298111,9937,synthetic_prototype
STA-062,sudimara,Sudimara,Rangkasbitung,2024,12,2024-12,272478,8790,synthetic_prototype
STA-063,rawabuntu,Rawa Buntu,Rangkasbitung,2024,1,2024-01,538985,17387,synthetic_prototype
STA-063,rawabuntu,Rawa Buntu,Rangkasbitung,2024,2,2024-02,560279,20010,synthetic_prototype
STA-063,rawabuntu,Rawa Buntu,Rangkasbitung,2024,3,2024-03,575810,18575,synthetic_prototype
STA-063,rawabuntu,Rawa Buntu,Rangkasbitung,2024,4,2024-04,551943,18398,synthetic_prototype
STA-063,rawabuntu,Rawa Buntu,Rangkasbitung,2024,5,2024-05,563704,18184,synthetic_prototype
STA-063,rawabuntu,Rawa Buntu,Rangkasbitung,2024,6,2024-06,528393,17613,synthetic_prototype
STA-063,rawabuntu,Rawa Buntu,Rangkasbitung,2024,7,2024-07,543072,17518,synthetic_prototype
STA-063,rawabuntu,Rawa Buntu,Rangkasbitung,2024,8,2024-08,607989,19613,synthetic_prototype
STA-063,rawabuntu,Rawa Buntu,Rangkasbitung,2024,9,2024-09,624047,20802,synthetic_prototype
STA-063,rawabuntu,Rawa Buntu,Rangkasbitung,2024,10,2024-10,630527,20340,synthetic_prototype
STA-063,rawabuntu,Rawa Buntu,Rangkasbitung,2024,11,2024-11,623624,20787,synthetic_prototype
STA-063,rawabuntu,Rawa Buntu,Rangkasbitung,2024,12,2024-12,538908,17384,synthetic_prototype
STA-064,serpong,Serpong,Rangkasbitung,2024,1,2024-01,539054,17389,synthetic_prototype
STA-064,serpong,Serpong,Rangkasbitung,2024,2,2024-02,551000,19679,synthetic_prototype
STA-064,serpong,Serpong,Rangkasbitung,2024,3,2024-03,594129,19165,synthetic_prototype
STA-064,serpong,Serpong,Rangkasbitung,2024,4,2024-04,541881,18063,synthetic_prototype
STA-064,serpong,Serpong,Rangkasbitung,2024,5,2024-05,548449,17692,synthetic_prototype
STA-064,serpong,Serpong,Rangkasbitung,2024,6,2024-06,559574,18652,synthetic_prototype
STA-064,serpong,Serpong,Rangkasbitung,2024,7,2024-07,514351,16592,synthetic_prototype
STA-064,serpong,Serpong,Rangkasbitung,2024,8,2024-08,573804,18510,synthetic_prototype
STA-064,serpong,Serpong,Rangkasbitung,2024,9,2024-09,628765,20959,synthetic_prototype
STA-064,serpong,Serpong,Rangkasbitung,2024,10,2024-10,619407,19981,synthetic_prototype
STA-064,serpong,Serpong,Rangkasbitung,2024,11,2024-11,649880,21663,synthetic_prototype
STA-064,serpong,Serpong,Rangkasbitung,2024,12,2024-12,567189,18296,synthetic_prototype
STA-065,cisauk,Cisauk,Rangkasbitung,2024,1,2024-01,269367,8689,synthetic_prototype
STA-065,cisauk,Cisauk,Rangkasbitung,2024,2,2024-02,256134,9148,synthetic_prototype
STA-065,cisauk,Cisauk,Rangkasbitung,2024,3,2024-03,305453,9853,synthetic_prototype
STA-065,cisauk,Cisauk,Rangkasbitung,2024,4,2024-04,279656,9322,synthetic_prototype
STA-065,cisauk,Cisauk,Rangkasbitung,2024,5,2024-05,295638,9537,synthetic_prototype
STA-065,cisauk,Cisauk,Rangkasbitung,2024,6,2024-06,269561,8985,synthetic_prototype
STA-065,cisauk,Cisauk,Rangkasbitung,2024,7,2024-07,243568,7857,synthetic_prototype
STA-065,cisauk,Cisauk,Rangkasbitung,2024,8,2024-08,302014,9742,synthetic_prototype
STA-065,cisauk,Cisauk,Rangkasbitung,2024,9,2024-09,293302,9777,synthetic_prototype
STA-065,cisauk,Cisauk,Rangkasbitung,2024,10,2024-10,297613,9600,synthetic_prototype
STA-065,cisauk,Cisauk,Rangkasbitung,2024,11,2024-11,292741,9758,synthetic_prototype
STA-065,cisauk,Cisauk,Rangkasbitung,2024,12,2024-12,289082,9325,synthetic_prototype
STA-066,cicayur,Cicayur,Rangkasbitung,2024,1,2024-01,119279,3848,synthetic_prototype
STA-066,cicayur,Cicayur,Rangkasbitung,2024,2,2024-02,134194,4793,synthetic_prototype
STA-066,cicayur,Cicayur,Rangkasbitung,2024,3,2024-03,133040,4292,synthetic_prototype
STA-066,cicayur,Cicayur,Rangkasbitung,2024,4,2024-04,120336,4011,synthetic_prototype
STA-066,cicayur,Cicayur,Rangkasbitung,2024,5,2024-05,133779,4315,synthetic_prototype
STA-066,cicayur,Cicayur,Rangkasbitung,2024,6,2024-06,131260,4375,synthetic_prototype
STA-066,cicayur,Cicayur,Rangkasbitung,2024,7,2024-07,121595,3922,synthetic_prototype
STA-066,cicayur,Cicayur,Rangkasbitung,2024,8,2024-08,135632,4375,synthetic_prototype
STA-066,cicayur,Cicayur,Rangkasbitung,2024,9,2024-09,143665,4789,synthetic_prototype
STA-066,cicayur,Cicayur,Rangkasbitung,2024,10,2024-10,149777,4832,synthetic_prototype
STA-066,cicayur,Cicayur,Rangkasbitung,2024,11,2024-11,151973,5066,synthetic_prototype
STA-066,cicayur,Cicayur,Rangkasbitung,2024,12,2024-12,136640,4408,synthetic_prototype
STA-067,parungpanjang,Parung Panjang,Rangkasbitung,2024,1,2024-01,516849,16673,synthetic_prototype
STA-067,parungpanjang,Parung Panjang,Rangkasbitung,2024,2,2024-02,513133,18326,synthetic_prototype
STA-067,parungpanjang,Parung Panjang,Rangkasbitung,2024,3,2024-03,573025,18485,synthetic_prototype
STA-067,parungpanjang,Parung Panjang,Rangkasbitung,2024,4,2024-04,559291,18643,synthetic_prototype
STA-067,parungpanjang,Parung Panjang,Rangkasbitung,2024,5,2024-05,577006,18613,synthetic_prototype
STA-067,parungpanjang,Parung Panjang,Rangkasbitung,2024,6,2024-06,515525,17184,synthetic_prototype
STA-067,parungpanjang,Parung Panjang,Rangkasbitung,2024,7,2024-07,531606,17149,synthetic_prototype
STA-067,parungpanjang,Parung Panjang,Rangkasbitung,2024,8,2024-08,593158,19134,synthetic_prototype
STA-067,parungpanjang,Parung Panjang,Rangkasbitung,2024,9,2024-09,612597,20420,synthetic_prototype
STA-067,parungpanjang,Parung Panjang,Rangkasbitung,2024,10,2024-10,610182,19683,synthetic_prototype
STA-067,parungpanjang,Parung Panjang,Rangkasbitung,2024,11,2024-11,617702,20590,synthetic_prototype
STA-067,parungpanjang,Parung Panjang,Rangkasbitung,2024,12,2024-12,533065,17196,synthetic_prototype
STA-068,cilejit,Cilejit,Rangkasbitung,2024,1,2024-01,126715,4088,synthetic_prototype
STA-068,cilejit,Cilejit,Rangkasbitung,2024,2,2024-02,131673,4703,synthetic_prototype
STA-068,cilejit,Cilejit,Rangkasbitung,2024,3,2024-03,125914,4062,synthetic_prototype
STA-068,cilejit,Cilejit,Rangkasbitung,2024,4,2024-04,124354,4145,synthetic_prototype
STA-068,cilejit,Cilejit,Rangkasbitung,2024,5,2024-05,131650,4247,synthetic_prototype
STA-068,cilejit,Cilejit,Rangkasbitung,2024,6,2024-06,121825,4061,synthetic_prototype
STA-068,cilejit,Cilejit,Rangkasbitung,2024,7,2024-07,121950,3934,synthetic_prototype
STA-068,cilejit,Cilejit,Rangkasbitung,2024,8,2024-08,130632,4214,synthetic_prototype
STA-068,cilejit,Cilejit,Rangkasbitung,2024,9,2024-09,137488,4583,synthetic_prototype
STA-068,cilejit,Cilejit,Rangkasbitung,2024,10,2024-10,140934,4546,synthetic_prototype
STA-068,cilejit,Cilejit,Rangkasbitung,2024,11,2024-11,146677,4889,synthetic_prototype
STA-068,cilejit,Cilejit,Rangkasbitung,2024,12,2024-12,129514,4178,synthetic_prototype
STA-069,daru,Daru,Rangkasbitung,2024,1,2024-01,118826,3833,synthetic_prototype
STA-069,daru,Daru,Rangkasbitung,2024,2,2024-02,127331,4548,synthetic_prototype
STA-069,daru,Daru,Rangkasbitung,2024,3,2024-03,132981,4290,synthetic_prototype
STA-069,daru,Daru,Rangkasbitung,2024,4,2024-04,127753,4258,synthetic_prototype
STA-069,daru,Daru,Rangkasbitung,2024,5,2024-05,149406,4820,synthetic_prototype
STA-069,daru,Daru,Rangkasbitung,2024,6,2024-06,131784,4393,synthetic_prototype
STA-069,daru,Daru,Rangkasbitung,2024,7,2024-07,115998,3742,synthetic_prototype
STA-069,daru,Daru,Rangkasbitung,2024,8,2024-08,143275,4622,synthetic_prototype
STA-069,daru,Daru,Rangkasbitung,2024,9,2024-09,147385,4913,synthetic_prototype
STA-069,daru,Daru,Rangkasbitung,2024,10,2024-10,140086,4519,synthetic_prototype
STA-069,daru,Daru,Rangkasbitung,2024,11,2024-11,150235,5008,synthetic_prototype
STA-069,daru,Daru,Rangkasbitung,2024,12,2024-12,137102,4423,synthetic_prototype
STA-070,tenjo,Tenjo,Rangkasbitung,2024,1,2024-01,250424,8078,synthetic_prototype
STA-070,tenjo,Tenjo,Rangkasbitung,2024,2,2024-02,260994,9321,synthetic_prototype
STA-070,tenjo,Tenjo,Rangkasbitung,2024,3,2024-03,303189,9780,synthetic_prototype
STA-070,tenjo,Tenjo,Rangkasbitung,2024,4,2024-04,279769,9326,synthetic_prototype
STA-070,tenjo,Tenjo,Rangkasbitung,2024,5,2024-05,306690,9893,synthetic_prototype
STA-070,tenjo,Tenjo,Rangkasbitung,2024,6,2024-06,271675,9056,synthetic_prototype
STA-070,tenjo,Tenjo,Rangkasbitung,2024,7,2024-07,266295,8590,synthetic_prototype
STA-070,tenjo,Tenjo,Rangkasbitung,2024,8,2024-08,281390,9077,synthetic_prototype
STA-070,tenjo,Tenjo,Rangkasbitung,2024,9,2024-09,318712,10624,synthetic_prototype
STA-070,tenjo,Tenjo,Rangkasbitung,2024,10,2024-10,329357,10624,synthetic_prototype
STA-070,tenjo,Tenjo,Rangkasbitung,2024,11,2024-11,308863,10295,synthetic_prototype
STA-070,tenjo,Tenjo,Rangkasbitung,2024,12,2024-12,276283,8912,synthetic_prototype
STA-071,tigaraksa,Tigaraksa,Rangkasbitung,2024,1,2024-01,246139,7940,synthetic_prototype
STA-071,tigaraksa,Tigaraksa,Rangkasbitung,2024,2,2024-02,276511,9875,synthetic_prototype
STA-071,tigaraksa,Tigaraksa,Rangkasbitung,2024,3,2024-03,297997,9613,synthetic_prototype
STA-071,tigaraksa,Tigaraksa,Rangkasbitung,2024,4,2024-04,276075,9202,synthetic_prototype
STA-071,tigaraksa,Tigaraksa,Rangkasbitung,2024,5,2024-05,313566,10115,synthetic_prototype
STA-071,tigaraksa,Tigaraksa,Rangkasbitung,2024,6,2024-06,264442,8815,synthetic_prototype
STA-071,tigaraksa,Tigaraksa,Rangkasbitung,2024,7,2024-07,268119,8649,synthetic_prototype
STA-071,tigaraksa,Tigaraksa,Rangkasbitung,2024,8,2024-08,285037,9195,synthetic_prototype
STA-071,tigaraksa,Tigaraksa,Rangkasbitung,2024,9,2024-09,305609,10187,synthetic_prototype
STA-071,tigaraksa,Tigaraksa,Rangkasbitung,2024,10,2024-10,312443,10079,synthetic_prototype
STA-071,tigaraksa,Tigaraksa,Rangkasbitung,2024,11,2024-11,314533,10484,synthetic_prototype
STA-071,tigaraksa,Tigaraksa,Rangkasbitung,2024,12,2024-12,272673,8796,synthetic_prototype
STA-072,cikoya,Cikoya,Rangkasbitung,2024,1,2024-01,121715,3926,synthetic_prototype
STA-072,cikoya,Cikoya,Rangkasbitung,2024,2,2024-02,130615,4665,synthetic_prototype
STA-072,cikoya,Cikoya,Rangkasbitung,2024,3,2024-03,133579,4309,synthetic_prototype
STA-072,cikoya,Cikoya,Rangkasbitung,2024,4,2024-04,120856,4029,synthetic_prototype
STA-072,cikoya,Cikoya,Rangkasbitung,2024,5,2024-05,149833,4833,synthetic_prototype
STA-072,cikoya,Cikoya,Rangkasbitung,2024,6,2024-06,131989,4400,synthetic_prototype
STA-072,cikoya,Cikoya,Rangkasbitung,2024,7,2024-07,116034,3743,synthetic_prototype
STA-072,cikoya,Cikoya,Rangkasbitung,2024,8,2024-08,142499,4597,synthetic_prototype
STA-072,cikoya,Cikoya,Rangkasbitung,2024,9,2024-09,139880,4663,synthetic_prototype
STA-072,cikoya,Cikoya,Rangkasbitung,2024,10,2024-10,148378,4786,synthetic_prototype
STA-072,cikoya,Cikoya,Rangkasbitung,2024,11,2024-11,147183,4906,synthetic_prototype
STA-072,cikoya,Cikoya,Rangkasbitung,2024,12,2024-12,127945,4127,synthetic_prototype
STA-073,maja,Maja,Rangkasbitung,2024,1,2024-01,253977,8193,synthetic_prototype
STA-073,maja,Maja,Rangkasbitung,2024,2,2024-02,263454,9409,synthetic_prototype
STA-073,maja,Maja,Rangkasbitung,2024,3,2024-03,280654,9053,synthetic_prototype
STA-073,maja,Maja,Rangkasbitung,2024,4,2024-04,267555,8918,synthetic_prototype
STA-073,maja,Maja,Rangkasbitung,2024,5,2024-05,299264,9654,synthetic_prototype
STA-073,maja,Maja,Rangkasbitung,2024,6,2024-06,260350,8678,synthetic_prototype
STA-073,maja,Maja,Rangkasbitung,2024,7,2024-07,269351,8689,synthetic_prototype
STA-073,maja,Maja,Rangkasbitung,2024,8,2024-08,314835,10156,synthetic_prototype
STA-073,maja,Maja,Rangkasbitung,2024,9,2024-09,298799,9960,synthetic_prototype
STA-073,maja,Maja,Rangkasbitung,2024,10,2024-10,317650,10247,synthetic_prototype
STA-073,maja,Maja,Rangkasbitung,2024,11,2024-11,317954,10598,synthetic_prototype
STA-073,maja,Maja,Rangkasbitung,2024,12,2024-12,281989,9096,synthetic_prototype
STA-074,citeras,Citeras,Rangkasbitung,2024,1,2024-01,122730,3959,synthetic_prototype
STA-074,citeras,Citeras,Rangkasbitung,2024,2,2024-02,130193,4650,synthetic_prototype
STA-074,citeras,Citeras,Rangkasbitung,2024,3,2024-03,138576,4470,synthetic_prototype
STA-074,citeras,Citeras,Rangkasbitung,2024,4,2024-04,122762,4092,synthetic_prototype
STA-074,citeras,Citeras,Rangkasbitung,2024,5,2024-05,144901,4674,synthetic_prototype
STA-074,citeras,Citeras,Rangkasbitung,2024,6,2024-06,129517,4317,synthetic_prototype
STA-074,citeras,Citeras,Rangkasbitung,2024,7,2024-07,118623,3827,synthetic_prototype
STA-074,citeras,Citeras,Rangkasbitung,2024,8,2024-08,138883,4480,synthetic_prototype
STA-074,citeras,Citeras,Rangkasbitung,2024,9,2024-09,146654,4888,synthetic_prototype
STA-074,citeras,Citeras,Rangkasbitung,2024,10,2024-10,145601,4697,synthetic_prototype
STA-074,citeras,Citeras,Rangkasbitung,2024,11,2024-11,151714,5057,synthetic_prototype
STA-074,citeras,Citeras,Rangkasbitung,2024,12,2024-12,141369,4560,synthetic_prototype
STA-075,rangkasbitung,Rangkasbitung,Rangkasbitung,2024,1,2024-01,507908,16384,synthetic_prototype
STA-075,rangkasbitung,Rangkasbitung,Rangkasbitung,2024,2,2024-02,511941,18284,synthetic_prototype
STA-075,rangkasbitung,Rangkasbitung,Rangkasbitung,2024,3,2024-03,589742,19024,synthetic_prototype
STA-075,rangkasbitung,Rangkasbitung,Rangkasbitung,2024,4,2024-04,569504,18983,synthetic_prototype
STA-075,rangkasbitung,Rangkasbitung,Rangkasbitung,2024,5,2024-05,594599,19181,synthetic_prototype
STA-075,rangkasbitung,Rangkasbitung,Rangkasbitung,2024,6,2024-06,567209,18907,synthetic_prototype
STA-075,rangkasbitung,Rangkasbitung,Rangkasbitung,2024,7,2024-07,496317,16010,synthetic_prototype
STA-075,rangkasbitung,Rangkasbitung,Rangkasbitung,2024,8,2024-08,610787,19703,synthetic_prototype
STA-075,rangkasbitung,Rangkasbitung,Rangkasbitung,2024,9,2024-09,596968,19899,synthetic_prototype
STA-075,rangkasbitung,Rangkasbitung,Rangkasbitung,2024,10,2024-10,672553,21695,synthetic_prototype
STA-075,rangkasbitung,Rangkasbitung,Rangkasbitung,2024,11,2024-11,673137,22438,synthetic_prototype
STA-075,rangkasbitung,Rangkasbitung,Rangkasbitung,2024,12,2024-12,536554,17308,synthetic_prototype
STA-058,palmerah,Palmerah,Rangkasbitung,2025,1,2025-01,281747,9089,synthetic_prototype
STA-058,palmerah,Palmerah,Rangkasbitung,2025,2,2025-02,307918,10997,synthetic_prototype
STA-058,palmerah,Palmerah,Rangkasbitung,2025,3,2025-03,315132,10166,synthetic_prototype
STA-058,palmerah,Palmerah,Rangkasbitung,2025,4,2025-04,303532,10118,synthetic_prototype
STA-058,palmerah,Palmerah,Rangkasbitung,2025,5,2025-05,330026,10646,synthetic_prototype
STA-058,palmerah,Palmerah,Rangkasbitung,2025,6,2025-06,271869,9062,synthetic_prototype
STA-058,palmerah,Palmerah,Rangkasbitung,2025,7,2025-07,287920,9288,synthetic_prototype
STA-058,palmerah,Palmerah,Rangkasbitung,2025,8,2025-08,317483,10241,synthetic_prototype
STA-058,palmerah,Palmerah,Rangkasbitung,2025,9,2025-09,329463,10982,synthetic_prototype
STA-058,palmerah,Palmerah,Rangkasbitung,2025,10,2025-10,365658,11795,synthetic_prototype
STA-058,palmerah,Palmerah,Rangkasbitung,2025,11,2025-11,325281,10843,synthetic_prototype
STA-058,palmerah,Palmerah,Rangkasbitung,2025,12,2025-12,313975,10128,synthetic_prototype
STA-059,kebayoran,Kebayoran,Rangkasbitung,2025,1,2025-01,569730,18378,synthetic_prototype
STA-059,kebayoran,Kebayoran,Rangkasbitung,2025,2,2025-02,588702,21025,synthetic_prototype
STA-059,kebayoran,Kebayoran,Rangkasbitung,2025,3,2025-03,660416,21304,synthetic_prototype
STA-059,kebayoran,Kebayoran,Rangkasbitung,2025,4,2025-04,616441,20548,synthetic_prototype
STA-059,kebayoran,Kebayoran,Rangkasbitung,2025,5,2025-05,674433,21756,synthetic_prototype
STA-059,kebayoran,Kebayoran,Rangkasbitung,2025,6,2025-06,611772,20392,synthetic_prototype
STA-059,kebayoran,Kebayoran,Rangkasbitung,2025,7,2025-07,568524,18339,synthetic_prototype
STA-059,kebayoran,Kebayoran,Rangkasbitung,2025,8,2025-08,636990,20548,synthetic_prototype
STA-059,kebayoran,Kebayoran,Rangkasbitung,2025,9,2025-09,643009,21434,synthetic_prototype
STA-059,kebayoran,Kebayoran,Rangkasbitung,2025,10,2025-10,668564,21567,synthetic_prototype
STA-059,kebayoran,Kebayoran,Rangkasbitung,2025,11,2025-11,765794,25526,synthetic_prototype
STA-059,kebayoran,Kebayoran,Rangkasbitung,2025,12,2025-12,638447,20595,synthetic_prototype
STA-060,pondokranji,Pondok Ranji,Rangkasbitung,2025,1,2025-01,272511,8791,synthetic_prototype
STA-060,pondokranji,Pondok Ranji,Rangkasbitung,2025,2,2025-02,281935,10069,synthetic_prototype
STA-060,pondokranji,Pondok Ranji,Rangkasbitung,2025,3,2025-03,326258,10524,synthetic_prototype
STA-060,pondokranji,Pondok Ranji,Rangkasbitung,2025,4,2025-04,310741,10358,synthetic_prototype
STA-060,pondokranji,Pondok Ranji,Rangkasbitung,2025,5,2025-05,336930,10869,synthetic_prototype
STA-060,pondokranji,Pondok Ranji,Rangkasbitung,2025,6,2025-06,291478,9716,synthetic_prototype
STA-060,pondokranji,Pondok Ranji,Rangkasbitung,2025,7,2025-07,286634,9246,synthetic_prototype
STA-060,pondokranji,Pondok Ranji,Rangkasbitung,2025,8,2025-08,330772,10670,synthetic_prototype
STA-060,pondokranji,Pondok Ranji,Rangkasbitung,2025,9,2025-09,337248,11242,synthetic_prototype
STA-060,pondokranji,Pondok Ranji,Rangkasbitung,2025,10,2025-10,315007,10162,synthetic_prototype
STA-060,pondokranji,Pondok Ranji,Rangkasbitung,2025,11,2025-11,339346,11312,synthetic_prototype
STA-060,pondokranji,Pondok Ranji,Rangkasbitung,2025,12,2025-12,293728,9475,synthetic_prototype
STA-061,jurangmangu,Jurangmangu,Rangkasbitung,2025,1,2025-01,290099,9358,synthetic_prototype
STA-061,jurangmangu,Jurangmangu,Rangkasbitung,2025,2,2025-02,333229,11901,synthetic_prototype
STA-061,jurangmangu,Jurangmangu,Rangkasbitung,2025,3,2025-03,324793,10477,synthetic_prototype
STA-061,jurangmangu,Jurangmangu,Rangkasbitung,2025,4,2025-04,300270,10009,synthetic_prototype
STA-061,jurangmangu,Jurangmangu,Rangkasbitung,2025,5,2025-05,341847,11027,synthetic_prototype
STA-061,jurangmangu,Jurangmangu,Rangkasbitung,2025,6,2025-06,300167,10006,synthetic_prototype
STA-061,jurangmangu,Jurangmangu,Rangkasbitung,2025,7,2025-07,292920,9449,synthetic_prototype
STA-061,jurangmangu,Jurangmangu,Rangkasbitung,2025,8,2025-08,334415,10788,synthetic_prototype
STA-061,jurangmangu,Jurangmangu,Rangkasbitung,2025,9,2025-09,363740,12125,synthetic_prototype
STA-061,jurangmangu,Jurangmangu,Rangkasbitung,2025,10,2025-10,330058,10647,synthetic_prototype
STA-061,jurangmangu,Jurangmangu,Rangkasbitung,2025,11,2025-11,348983,11633,synthetic_prototype
STA-061,jurangmangu,Jurangmangu,Rangkasbitung,2025,12,2025-12,292816,9446,synthetic_prototype
STA-062,sudimara,Sudimara,Rangkasbitung,2025,1,2025-01,294481,9499,synthetic_prototype
STA-062,sudimara,Sudimara,Rangkasbitung,2025,2,2025-02,286743,10241,synthetic_prototype
STA-062,sudimara,Sudimara,Rangkasbitung,2025,3,2025-03,314745,10153,synthetic_prototype
STA-062,sudimara,Sudimara,Rangkasbitung,2025,4,2025-04,300495,10016,synthetic_prototype
STA-062,sudimara,Sudimara,Rangkasbitung,2025,5,2025-05,342560,11050,synthetic_prototype
STA-062,sudimara,Sudimara,Rangkasbitung,2025,6,2025-06,305300,10177,synthetic_prototype
STA-062,sudimara,Sudimara,Rangkasbitung,2025,7,2025-07,273725,8830,synthetic_prototype
STA-062,sudimara,Sudimara,Rangkasbitung,2025,8,2025-08,327208,10555,synthetic_prototype
STA-062,sudimara,Sudimara,Rangkasbitung,2025,9,2025-09,326553,10885,synthetic_prototype
STA-062,sudimara,Sudimara,Rangkasbitung,2025,10,2025-10,328293,10590,synthetic_prototype
STA-062,sudimara,Sudimara,Rangkasbitung,2025,11,2025-11,339522,11317,synthetic_prototype
STA-062,sudimara,Sudimara,Rangkasbitung,2025,12,2025-12,300332,9688,synthetic_prototype
STA-063,rawabuntu,Rawa Buntu,Rangkasbitung,2025,1,2025-01,632087,20390,synthetic_prototype
STA-063,rawabuntu,Rawa Buntu,Rangkasbitung,2025,2,2025-02,605676,21631,synthetic_prototype
STA-063,rawabuntu,Rawa Buntu,Rangkasbitung,2025,3,2025-03,604901,19513,synthetic_prototype
STA-063,rawabuntu,Rawa Buntu,Rangkasbitung,2025,4,2025-04,594429,19814,synthetic_prototype
STA-063,rawabuntu,Rawa Buntu,Rangkasbitung,2025,5,2025-05,686322,22139,synthetic_prototype
STA-063,rawabuntu,Rawa Buntu,Rangkasbitung,2025,6,2025-06,638164,21272,synthetic_prototype
STA-063,rawabuntu,Rawa Buntu,Rangkasbitung,2025,7,2025-07,539608,17407,synthetic_prototype
STA-063,rawabuntu,Rawa Buntu,Rangkasbitung,2025,8,2025-08,603879,19480,synthetic_prototype
STA-063,rawabuntu,Rawa Buntu,Rangkasbitung,2025,9,2025-09,722492,24083,synthetic_prototype
STA-063,rawabuntu,Rawa Buntu,Rangkasbitung,2025,10,2025-10,702167,22651,synthetic_prototype
STA-063,rawabuntu,Rawa Buntu,Rangkasbitung,2025,11,2025-11,661199,22040,synthetic_prototype
STA-063,rawabuntu,Rawa Buntu,Rangkasbitung,2025,12,2025-12,621174,20038,synthetic_prototype
STA-064,serpong,Serpong,Rangkasbitung,2025,1,2025-01,515415,16626,synthetic_prototype
STA-064,serpong,Serpong,Rangkasbitung,2025,2,2025-02,595445,21266,synthetic_prototype
STA-064,serpong,Serpong,Rangkasbitung,2025,3,2025-03,648572,20922,synthetic_prototype
STA-064,serpong,Serpong,Rangkasbitung,2025,4,2025-04,630653,21022,synthetic_prototype
STA-064,serpong,Serpong,Rangkasbitung,2025,5,2025-05,632641,20408,synthetic_prototype
STA-064,serpong,Serpong,Rangkasbitung,2025,6,2025-06,590982,19699,synthetic_prototype
STA-064,serpong,Serpong,Rangkasbitung,2025,7,2025-07,554832,17898,synthetic_prototype
STA-064,serpong,Serpong,Rangkasbitung,2025,8,2025-08,659651,21279,synthetic_prototype
STA-064,serpong,Serpong,Rangkasbitung,2025,9,2025-09,648113,21604,synthetic_prototype
STA-064,serpong,Serpong,Rangkasbitung,2025,10,2025-10,680105,21939,synthetic_prototype
STA-064,serpong,Serpong,Rangkasbitung,2025,11,2025-11,657705,21924,synthetic_prototype
STA-064,serpong,Serpong,Rangkasbitung,2025,12,2025-12,624008,20129,synthetic_prototype
STA-065,cisauk,Cisauk,Rangkasbitung,2025,1,2025-01,297972,9612,synthetic_prototype
STA-065,cisauk,Cisauk,Rangkasbitung,2025,2,2025-02,294888,10532,synthetic_prototype
STA-065,cisauk,Cisauk,Rangkasbitung,2025,3,2025-03,320578,10341,synthetic_prototype
STA-065,cisauk,Cisauk,Rangkasbitung,2025,4,2025-04,286464,9549,synthetic_prototype
STA-065,cisauk,Cisauk,Rangkasbitung,2025,5,2025-05,325739,10508,synthetic_prototype
STA-065,cisauk,Cisauk,Rangkasbitung,2025,6,2025-06,293890,9796,synthetic_prototype
STA-065,cisauk,Cisauk,Rangkasbitung,2025,7,2025-07,318279,10267,synthetic_prototype
STA-065,cisauk,Cisauk,Rangkasbitung,2025,8,2025-08,311968,10063,synthetic_prototype
STA-065,cisauk,Cisauk,Rangkasbitung,2025,9,2025-09,355777,11859,synthetic_prototype
STA-065,cisauk,Cisauk,Rangkasbitung,2025,10,2025-10,359480,11596,synthetic_prototype
STA-065,cisauk,Cisauk,Rangkasbitung,2025,11,2025-11,346339,11545,synthetic_prototype
STA-065,cisauk,Cisauk,Rangkasbitung,2025,12,2025-12,325475,10499,synthetic_prototype
STA-066,cicayur,Cicayur,Rangkasbitung,2025,1,2025-01,136438,4401,synthetic_prototype
STA-066,cicayur,Cicayur,Rangkasbitung,2025,2,2025-02,141081,5039,synthetic_prototype
STA-066,cicayur,Cicayur,Rangkasbitung,2025,3,2025-03,149057,4808,synthetic_prototype
STA-066,cicayur,Cicayur,Rangkasbitung,2025,4,2025-04,148851,4962,synthetic_prototype
STA-066,cicayur,Cicayur,Rangkasbitung,2025,5,2025-05,160604,5181,synthetic_prototype
STA-066,cicayur,Cicayur,Rangkasbitung,2025,6,2025-06,133985,4466,synthetic_prototype
STA-066,cicayur,Cicayur,Rangkasbitung,2025,7,2025-07,127343,4108,synthetic_prototype
STA-066,cicayur,Cicayur,Rangkasbitung,2025,8,2025-08,151125,4875,synthetic_prototype
STA-066,cicayur,Cicayur,Rangkasbitung,2025,9,2025-09,151824,5061,synthetic_prototype
STA-066,cicayur,Cicayur,Rangkasbitung,2025,10,2025-10,160914,5191,synthetic_prototype
STA-066,cicayur,Cicayur,Rangkasbitung,2025,11,2025-11,167742,5591,synthetic_prototype
STA-066,cicayur,Cicayur,Rangkasbitung,2025,12,2025-12,139310,4494,synthetic_prototype
STA-067,parungpanjang,Parung Panjang,Rangkasbitung,2025,1,2025-01,575173,18554,synthetic_prototype
STA-067,parungpanjang,Parung Panjang,Rangkasbitung,2025,2,2025-02,596747,21312,synthetic_prototype
STA-067,parungpanjang,Parung Panjang,Rangkasbitung,2025,3,2025-03,661903,21352,synthetic_prototype
STA-067,parungpanjang,Parung Panjang,Rangkasbitung,2025,4,2025-04,553509,18450,synthetic_prototype
STA-067,parungpanjang,Parung Panjang,Rangkasbitung,2025,5,2025-05,643381,20754,synthetic_prototype
STA-067,parungpanjang,Parung Panjang,Rangkasbitung,2025,6,2025-06,593941,19798,synthetic_prototype
STA-067,parungpanjang,Parung Panjang,Rangkasbitung,2025,7,2025-07,603817,19478,synthetic_prototype
STA-067,parungpanjang,Parung Panjang,Rangkasbitung,2025,8,2025-08,640133,20649,synthetic_prototype
STA-067,parungpanjang,Parung Panjang,Rangkasbitung,2025,9,2025-09,621730,20724,synthetic_prototype
STA-067,parungpanjang,Parung Panjang,Rangkasbitung,2025,10,2025-10,708530,22856,synthetic_prototype
STA-067,parungpanjang,Parung Panjang,Rangkasbitung,2025,11,2025-11,667581,22253,synthetic_prototype
STA-067,parungpanjang,Parung Panjang,Rangkasbitung,2025,12,2025-12,579228,18685,synthetic_prototype
STA-068,cilejit,Cilejit,Rangkasbitung,2025,1,2025-01,131079,4228,synthetic_prototype
STA-068,cilejit,Cilejit,Rangkasbitung,2025,2,2025-02,137893,4925,synthetic_prototype
STA-068,cilejit,Cilejit,Rangkasbitung,2025,3,2025-03,145761,4702,synthetic_prototype
STA-068,cilejit,Cilejit,Rangkasbitung,2025,4,2025-04,129386,4313,synthetic_prototype
STA-068,cilejit,Cilejit,Rangkasbitung,2025,5,2025-05,159376,5141,synthetic_prototype
STA-068,cilejit,Cilejit,Rangkasbitung,2025,6,2025-06,144432,4814,synthetic_prototype
STA-068,cilejit,Cilejit,Rangkasbitung,2025,7,2025-07,137940,4450,synthetic_prototype
STA-068,cilejit,Cilejit,Rangkasbitung,2025,8,2025-08,145428,4691,synthetic_prototype
STA-068,cilejit,Cilejit,Rangkasbitung,2025,9,2025-09,155579,5186,synthetic_prototype
STA-068,cilejit,Cilejit,Rangkasbitung,2025,10,2025-10,161282,5203,synthetic_prototype
STA-068,cilejit,Cilejit,Rangkasbitung,2025,11,2025-11,163659,5455,synthetic_prototype
STA-068,cilejit,Cilejit,Rangkasbitung,2025,12,2025-12,145699,4700,synthetic_prototype
STA-069,daru,Daru,Rangkasbitung,2025,1,2025-01,130489,4209,synthetic_prototype
STA-069,daru,Daru,Rangkasbitung,2025,2,2025-02,139374,4978,synthetic_prototype
STA-069,daru,Daru,Rangkasbitung,2025,3,2025-03,152107,4907,synthetic_prototype
STA-069,daru,Daru,Rangkasbitung,2025,4,2025-04,150169,5006,synthetic_prototype
STA-069,daru,Daru,Rangkasbitung,2025,5,2025-05,158191,5103,synthetic_prototype
STA-069,daru,Daru,Rangkasbitung,2025,6,2025-06,141762,4725,synthetic_prototype
STA-069,daru,Daru,Rangkasbitung,2025,7,2025-07,134888,4351,synthetic_prototype
STA-069,daru,Daru,Rangkasbitung,2025,8,2025-08,160958,5192,synthetic_prototype
STA-069,daru,Daru,Rangkasbitung,2025,9,2025-09,159414,5314,synthetic_prototype
STA-069,daru,Daru,Rangkasbitung,2025,10,2025-10,155768,5025,synthetic_prototype
STA-069,daru,Daru,Rangkasbitung,2025,11,2025-11,168803,5627,synthetic_prototype
STA-069,daru,Daru,Rangkasbitung,2025,12,2025-12,145867,4705,synthetic_prototype
STA-070,tenjo,Tenjo,Rangkasbitung,2025,1,2025-01,282974,9128,synthetic_prototype
STA-070,tenjo,Tenjo,Rangkasbitung,2025,2,2025-02,291973,10428,synthetic_prototype
STA-070,tenjo,Tenjo,Rangkasbitung,2025,3,2025-03,323886,10448,synthetic_prototype
STA-070,tenjo,Tenjo,Rangkasbitung,2025,4,2025-04,309718,10324,synthetic_prototype
STA-070,tenjo,Tenjo,Rangkasbitung,2025,5,2025-05,332293,10719,synthetic_prototype
STA-070,tenjo,Tenjo,Rangkasbitung,2025,6,2025-06,298148,9938,synthetic_prototype
STA-070,tenjo,Tenjo,Rangkasbitung,2025,7,2025-07,307668,9925,synthetic_prototype
STA-070,tenjo,Tenjo,Rangkasbitung,2025,8,2025-08,340484,10983,synthetic_prototype
STA-070,tenjo,Tenjo,Rangkasbitung,2025,9,2025-09,338656,11289,synthetic_prototype
STA-070,tenjo,Tenjo,Rangkasbitung,2025,10,2025-10,358712,11571,synthetic_prototype
STA-070,tenjo,Tenjo,Rangkasbitung,2025,11,2025-11,328349,10945,synthetic_prototype
STA-070,tenjo,Tenjo,Rangkasbitung,2025,12,2025-12,308924,9965,synthetic_prototype
STA-071,tigaraksa,Tigaraksa,Rangkasbitung,2025,1,2025-01,308929,9965,synthetic_prototype
STA-071,tigaraksa,Tigaraksa,Rangkasbitung,2025,2,2025-02,295086,10539,synthetic_prototype
STA-071,tigaraksa,Tigaraksa,Rangkasbitung,2025,3,2025-03,309236,9975,synthetic_prototype
STA-071,tigaraksa,Tigaraksa,Rangkasbitung,2025,4,2025-04,296152,9872,synthetic_prototype
STA-071,tigaraksa,Tigaraksa,Rangkasbitung,2025,5,2025-05,315321,10172,synthetic_prototype
STA-071,tigaraksa,Tigaraksa,Rangkasbitung,2025,6,2025-06,285237,9508,synthetic_prototype
STA-071,tigaraksa,Tigaraksa,Rangkasbitung,2025,7,2025-07,283810,9155,synthetic_prototype
STA-071,tigaraksa,Tigaraksa,Rangkasbitung,2025,8,2025-08,308134,9940,synthetic_prototype
STA-071,tigaraksa,Tigaraksa,Rangkasbitung,2025,9,2025-09,336303,11210,synthetic_prototype
STA-071,tigaraksa,Tigaraksa,Rangkasbitung,2025,10,2025-10,358172,11554,synthetic_prototype
STA-071,tigaraksa,Tigaraksa,Rangkasbitung,2025,11,2025-11,330059,11002,synthetic_prototype
STA-071,tigaraksa,Tigaraksa,Rangkasbitung,2025,12,2025-12,322564,10405,synthetic_prototype
STA-072,cikoya,Cikoya,Rangkasbitung,2025,1,2025-01,137184,4425,synthetic_prototype
STA-072,cikoya,Cikoya,Rangkasbitung,2025,2,2025-02,144645,5166,synthetic_prototype
STA-072,cikoya,Cikoya,Rangkasbitung,2025,3,2025-03,145444,4692,synthetic_prototype
STA-072,cikoya,Cikoya,Rangkasbitung,2025,4,2025-04,146756,4892,synthetic_prototype
STA-072,cikoya,Cikoya,Rangkasbitung,2025,5,2025-05,147136,4746,synthetic_prototype
STA-072,cikoya,Cikoya,Rangkasbitung,2025,6,2025-06,142318,4744,synthetic_prototype
STA-072,cikoya,Cikoya,Rangkasbitung,2025,7,2025-07,135361,4366,synthetic_prototype
STA-072,cikoya,Cikoya,Rangkasbitung,2025,8,2025-08,155734,5024,synthetic_prototype
STA-072,cikoya,Cikoya,Rangkasbitung,2025,9,2025-09,149468,4982,synthetic_prototype
STA-072,cikoya,Cikoya,Rangkasbitung,2025,10,2025-10,155548,5018,synthetic_prototype
STA-072,cikoya,Cikoya,Rangkasbitung,2025,11,2025-11,163649,5455,synthetic_prototype
STA-072,cikoya,Cikoya,Rangkasbitung,2025,12,2025-12,136523,4404,synthetic_prototype
STA-073,maja,Maja,Rangkasbitung,2025,1,2025-01,293417,9465,synthetic_prototype
STA-073,maja,Maja,Rangkasbitung,2025,2,2025-02,281403,10050,synthetic_prototype
STA-073,maja,Maja,Rangkasbitung,2025,3,2025-03,330948,10676,synthetic_prototype
STA-073,maja,Maja,Rangkasbitung,2025,4,2025-04,289092,9636,synthetic_prototype
STA-073,maja,Maja,Rangkasbitung,2025,5,2025-05,336975,10870,synthetic_prototype
STA-073,maja,Maja,Rangkasbitung,2025,6,2025-06,301851,10062,synthetic_prototype
STA-073,maja,Maja,Rangkasbitung,2025,7,2025-07,280050,9034,synthetic_prototype
STA-073,maja,Maja,Rangkasbitung,2025,8,2025-08,334091,10777,synthetic_prototype
STA-073,maja,Maja,Rangkasbitung,2025,9,2025-09,339594,11320,synthetic_prototype
STA-073,maja,Maja,Rangkasbitung,2025,10,2025-10,338245,10911,synthetic_prototype
STA-073,maja,Maja,Rangkasbitung,2025,11,2025-11,328678,10956,synthetic_prototype
STA-073,maja,Maja,Rangkasbitung,2025,12,2025-12,280212,9039,synthetic_prototype
STA-074,citeras,Citeras,Rangkasbitung,2025,1,2025-01,136317,4397,synthetic_prototype
STA-074,citeras,Citeras,Rangkasbitung,2025,2,2025-02,130223,4651,synthetic_prototype
STA-074,citeras,Citeras,Rangkasbitung,2025,3,2025-03,149944,4837,synthetic_prototype
STA-074,citeras,Citeras,Rangkasbitung,2025,4,2025-04,140410,4680,synthetic_prototype
STA-074,citeras,Citeras,Rangkasbitung,2025,5,2025-05,158035,5098,synthetic_prototype
STA-074,citeras,Citeras,Rangkasbitung,2025,6,2025-06,135764,4525,synthetic_prototype
STA-074,citeras,Citeras,Rangkasbitung,2025,7,2025-07,132665,4280,synthetic_prototype
STA-074,citeras,Citeras,Rangkasbitung,2025,8,2025-08,156822,5059,synthetic_prototype
STA-074,citeras,Citeras,Rangkasbitung,2025,9,2025-09,158945,5298,synthetic_prototype
STA-074,citeras,Citeras,Rangkasbitung,2025,10,2025-10,163364,5270,synthetic_prototype
STA-074,citeras,Citeras,Rangkasbitung,2025,11,2025-11,162831,5428,synthetic_prototype
STA-074,citeras,Citeras,Rangkasbitung,2025,12,2025-12,133189,4296,synthetic_prototype
STA-075,rangkasbitung,Rangkasbitung,Rangkasbitung,2025,1,2025-01,593601,19148,synthetic_prototype
STA-075,rangkasbitung,Rangkasbitung,Rangkasbitung,2025,2,2025-02,609951,21784,synthetic_prototype
STA-075,rangkasbitung,Rangkasbitung,Rangkasbitung,2025,3,2025-03,614143,19811,synthetic_prototype
STA-075,rangkasbitung,Rangkasbitung,Rangkasbitung,2025,4,2025-04,602231,20074,synthetic_prototype
STA-075,rangkasbitung,Rangkasbitung,Rangkasbitung,2025,5,2025-05,658346,21237,synthetic_prototype
STA-075,rangkasbitung,Rangkasbitung,Rangkasbitung,2025,6,2025-06,585795,19526,synthetic_prototype
STA-075,rangkasbitung,Rangkasbitung,Rangkasbitung,2025,7,2025-07,583854,18834,synthetic_prototype
STA-075,rangkasbitung,Rangkasbitung,Rangkasbitung,2025,8,2025-08,690367,22270,synthetic_prototype
STA-075,rangkasbitung,Rangkasbitung,Rangkasbitung,2025,9,2025-09,701272,23376,synthetic_prototype
STA-075,rangkasbitung,Rangkasbitung,Rangkasbitung,2025,10,2025-10,655101,21132,synthetic_prototype
STA-075,rangkasbitung,Rangkasbitung,Rangkasbitung,2025,11,2025-11,702034,23401,synthetic_prototype
STA-075,rangkasbitung,Rangkasbitung,Rangkasbitung,2025,12,2025-12,640497,20661,synthetic_prototype
STA-076,ancol,Ancol,Tanjung Priok,2023,1,2023-01,142858,4608,synthetic_prototype
STA-076,ancol,Ancol,Tanjung Priok,2023,2,2023-02,151714,5418,synthetic_prototype
STA-076,ancol,Ancol,Tanjung Priok,2023,3,2023-03,168894,5448,synthetic_prototype
STA-076,ancol,Ancol,Tanjung Priok,2023,4,2023-04,154577,5153,synthetic_prototype
STA-076,ancol,Ancol,Tanjung Priok,2023,5,2023-05,162607,5245,synthetic_prototype
STA-076,ancol,Ancol,Tanjung Priok,2023,6,2023-06,149819,4994,synthetic_prototype
STA-076,ancol,Ancol,Tanjung Priok,2023,7,2023-07,141496,4564,synthetic_prototype
STA-076,ancol,Ancol,Tanjung Priok,2023,8,2023-08,159591,5148,synthetic_prototype
STA-076,ancol,Ancol,Tanjung Priok,2023,9,2023-09,161821,5394,synthetic_prototype
STA-076,ancol,Ancol,Tanjung Priok,2023,10,2023-10,179374,5786,synthetic_prototype
STA-076,ancol,Ancol,Tanjung Priok,2023,11,2023-11,161779,5393,synthetic_prototype
STA-076,ancol,Ancol,Tanjung Priok,2023,12,2023-12,157599,5084,synthetic_prototype
STA-077,tanjungpriok,Tanjung Priok,Tanjung Priok,2023,1,2023-01,307487,9919,synthetic_prototype
STA-077,tanjungpriok,Tanjung Priok,Tanjung Priok,2023,2,2023-02,294072,10503,synthetic_prototype
STA-077,tanjungpriok,Tanjung Priok,Tanjung Priok,2023,3,2023-03,339881,10964,synthetic_prototype
STA-077,tanjungpriok,Tanjung Priok,Tanjung Priok,2023,4,2023-04,291478,9716,synthetic_prototype
STA-077,tanjungpriok,Tanjung Priok,Tanjung Priok,2023,5,2023-05,353636,11408,synthetic_prototype
STA-077,tanjungpriok,Tanjung Priok,Tanjung Priok,2023,6,2023-06,319070,10636,synthetic_prototype
STA-077,tanjungpriok,Tanjung Priok,Tanjung Priok,2023,7,2023-07,294317,9494,synthetic_prototype
STA-077,tanjungpriok,Tanjung Priok,Tanjung Priok,2023,8,2023-08,343343,11076,synthetic_prototype
STA-077,tanjungpriok,Tanjung Priok,Tanjung Priok,2023,9,2023-09,379194,12640,synthetic_prototype
STA-077,tanjungpriok,Tanjung Priok,Tanjung Priok,2023,10,2023-10,354434,11433,synthetic_prototype
STA-077,tanjungpriok,Tanjung Priok,Tanjung Priok,2023,11,2023-11,343222,11441,synthetic_prototype
STA-077,tanjungpriok,Tanjung Priok,Tanjung Priok,2023,12,2023-12,337067,10873,synthetic_prototype
STA-076,ancol,Ancol,Tanjung Priok,2024,1,2024-01,157794,5090,synthetic_prototype
STA-076,ancol,Ancol,Tanjung Priok,2024,2,2024-02,151207,5400,synthetic_prototype
STA-076,ancol,Ancol,Tanjung Priok,2024,3,2024-03,169142,5456,synthetic_prototype
STA-076,ancol,Ancol,Tanjung Priok,2024,4,2024-04,162723,5424,synthetic_prototype
STA-076,ancol,Ancol,Tanjung Priok,2024,5,2024-05,162469,5241,synthetic_prototype
STA-076,ancol,Ancol,Tanjung Priok,2024,6,2024-06,146656,4889,synthetic_prototype
STA-076,ancol,Ancol,Tanjung Priok,2024,7,2024-07,153512,4952,synthetic_prototype
STA-076,ancol,Ancol,Tanjung Priok,2024,8,2024-08,176992,5709,synthetic_prototype
STA-076,ancol,Ancol,Tanjung Priok,2024,9,2024-09,174536,5818,synthetic_prototype
STA-076,ancol,Ancol,Tanjung Priok,2024,10,2024-10,169391,5464,synthetic_prototype
STA-076,ancol,Ancol,Tanjung Priok,2024,11,2024-11,187770,6259,synthetic_prototype
STA-076,ancol,Ancol,Tanjung Priok,2024,12,2024-12,151156,4876,synthetic_prototype
STA-077,tanjungpriok,Tanjung Priok,Tanjung Priok,2024,1,2024-01,309315,9978,synthetic_prototype
STA-077,tanjungpriok,Tanjung Priok,Tanjung Priok,2024,2,2024-02,328405,11729,synthetic_prototype
STA-077,tanjungpriok,Tanjung Priok,Tanjung Priok,2024,3,2024-03,370009,11936,synthetic_prototype
STA-077,tanjungpriok,Tanjung Priok,Tanjung Priok,2024,4,2024-04,342240,11408,synthetic_prototype
STA-077,tanjungpriok,Tanjung Priok,Tanjung Priok,2024,5,2024-05,364758,11766,synthetic_prototype
STA-077,tanjungpriok,Tanjung Priok,Tanjung Priok,2024,6,2024-06,326424,10881,synthetic_prototype
STA-077,tanjungpriok,Tanjung Priok,Tanjung Priok,2024,7,2024-07,314064,10131,synthetic_prototype
STA-077,tanjungpriok,Tanjung Priok,Tanjung Priok,2024,8,2024-08,363253,11718,synthetic_prototype
STA-077,tanjungpriok,Tanjung Priok,Tanjung Priok,2024,9,2024-09,328762,10959,synthetic_prototype
STA-077,tanjungpriok,Tanjung Priok,Tanjung Priok,2024,10,2024-10,371758,11992,synthetic_prototype
STA-077,tanjungpriok,Tanjung Priok,Tanjung Priok,2024,11,2024-11,376336,12545,synthetic_prototype
STA-077,tanjungpriok,Tanjung Priok,Tanjung Priok,2024,12,2024-12,315699,10184,synthetic_prototype
STA-076,ancol,Ancol,Tanjung Priok,2025,1,2025-01,154512,4984,synthetic_prototype
STA-076,ancol,Ancol,Tanjung Priok,2025,2,2025-02,155947,5570,synthetic_prototype
STA-076,ancol,Ancol,Tanjung Priok,2025,3,2025-03,180939,5837,synthetic_prototype
STA-076,ancol,Ancol,Tanjung Priok,2025,4,2025-04,170720,5691,synthetic_prototype
STA-076,ancol,Ancol,Tanjung Priok,2025,5,2025-05,170895,5513,synthetic_prototype
STA-076,ancol,Ancol,Tanjung Priok,2025,6,2025-06,154603,5153,synthetic_prototype
STA-076,ancol,Ancol,Tanjung Priok,2025,7,2025-07,151710,4894,synthetic_prototype
STA-076,ancol,Ancol,Tanjung Priok,2025,8,2025-08,169333,5462,synthetic_prototype
STA-076,ancol,Ancol,Tanjung Priok,2025,9,2025-09,178906,5964,synthetic_prototype
STA-076,ancol,Ancol,Tanjung Priok,2025,10,2025-10,177054,5711,synthetic_prototype
STA-076,ancol,Ancol,Tanjung Priok,2025,11,2025-11,172721,5757,synthetic_prototype
STA-076,ancol,Ancol,Tanjung Priok,2025,12,2025-12,164615,5310,synthetic_prototype
STA-077,tanjungpriok,Tanjung Priok,Tanjung Priok,2025,1,2025-01,334269,10783,synthetic_prototype
STA-077,tanjungpriok,Tanjung Priok,Tanjung Priok,2025,2,2025-02,326088,11646,synthetic_prototype
STA-077,tanjungpriok,Tanjung Priok,Tanjung Priok,2025,3,2025-03,375263,12105,synthetic_prototype
STA-077,tanjungpriok,Tanjung Priok,Tanjung Priok,2025,4,2025-04,335478,11183,synthetic_prototype
STA-077,tanjungpriok,Tanjung Priok,Tanjung Priok,2025,5,2025-05,376935,12159,synthetic_prototype
STA-077,tanjungpriok,Tanjung Priok,Tanjung Priok,2025,6,2025-06,344242,11475,synthetic_prototype
STA-077,tanjungpriok,Tanjung Priok,Tanjung Priok,2025,7,2025-07,325620,10504,synthetic_prototype
STA-077,tanjungpriok,Tanjung Priok,Tanjung Priok,2025,8,2025-08,376255,12137,synthetic_prototype
STA-077,tanjungpriok,Tanjung Priok,Tanjung Priok,2025,9,2025-09,372544,12418,synthetic_prototype
STA-077,tanjungpriok,Tanjung Priok,Tanjung Priok,2025,10,2025-10,388196,12522,synthetic_prototype
STA-077,tanjungpriok,Tanjung Priok,Tanjung Priok,2025,11,2025-11,384456,12815,synthetic_prototype
STA-077,tanjungpriok,Tanjung Priok,Tanjung Priok,2025,12,2025-12,333895,10771,synthetic_prototype
