record_id,station_code,station_id,station_name,line,period,passenger_volume_monthly,passenger_growth_yoy_pct,business_density_750m,poi_density_750m,pedestrian_access_index,land_property_availability_index,intermodal_connectivity_index,estimated_rental_index_rp_thousand_m2_month,distance_to_cbd_km,investment_potential_score,investment_priority,target_provenance,source_status
REG-STA-001-2023-01,STA-001,jakartakota,Jakarta Kota,Bogor,2023-01,1066497,6.22,162,159,84.38,36.59,68.49,142.51,4.7,65.13,Medium,synthetic_formula_with_seeded_noise,synthetic_prototype
REG-STA-001-2023-02,STA-001,jakartakota,Jakarta Kota,Bogor,2023-02,1074602,7.39,166,172,76.72,32.86,65.54,155.47,4.7,69.35,Medium,synthetic_formula_with_seeded_noise,synthetic_prototype
REG-STA-001-2023-03,STA-001,jakartakota,Jakarta Kota,Bogor,2023-03,1192014,5.79,168,177,85.32,32.74,69.97,146.72,4.7,67.42,Medium,synthetic_formula_with_seeded_noise,synthetic_prototype
REG-STA-001-2023-04,STA-001,jakartakota,Jakarta Kota,Bogor,2023-04,1171062,6.42,166,161,81.88,38.0,75.92,138.43,4.7,68.44,Medium,synthetic_formula_with_seeded_noise,synthetic_prototype
REG-STA-001-2023-05,STA-001,jakartakota,Jakarta Kota,Bogor,2023-05,1185560,5.46,167,171,77.83,31.75,71.91,144.95,4.7,68.07,Medium,synthetic_formula_with_seeded_noise,synthetic_prototype
REG-STA-001-2023-06,STA-001,jakartakota,Jakarta Kota,Bogor,2023-06,1058947,5.27,163,157,82.9,39.9,70.33,144.57,4.7,61.53,Medium,synthetic_formula_with_seeded_noise,synthetic_prototype
REG-STA-001-2023-07,STA-001,jakartakota,Jakarta Kota,Bogor,2023-07,1111777,7.54,165,175,79.69,31.57,66.97,143.01,4.7,65.03,Medium,synthetic_formula_with_seeded_noise,synthetic_prototype
REG-STA-001-2023-08,STA-001,jakartakota,Jakarta Kota,Bogor,2023-08,1221531,5.31,164,169,82.43,38.48,68.42,149.96,4.7,67.99,Medium,synthetic_formula_with_seeded_noise,synthetic_prototype
REG-STA-001-2023-09,STA-001,jakartakota,Jakarta Kota,Bogor,2023-09,1197097,6.03,168,172,81.92,37.93,70.74,161.2,4.7,74.19,High,synthetic_formula_with_seeded_noise,synthetic_prototype
REG-STA-001-2023-10,STA-001,jakartakota,Jakarta Kota,Bogor,2023-10,1282098,6.27,174,178,87.13,28.19,72.03,150.63,4.7,72.84,High,synthetic_formula_with_seeded_noise,synthetic_prototype
REG-STA-001-2023-11,STA-001,jakartakota,Jakarta Kota,Bogor,2023-11,1220200,7.69,172,169,81.46,38.55,74.86,153.61,4.7,76.69,High,synthetic_formula_with_seeded_noise,synthetic_prototype
REG-STA-001-2023-12,STA-001,jakartakota,Jakarta Kota,Bogor,2023-12,1083253,6.56,162,171,81.94,33.15,72.89,153.36,4.7,68.39,Medium,synthetic_formula_with_seeded_noise,synthetic_prototype
REG-STA-001-2024-01,STA-001,jakartakota,Jakarta Kota,Bogor,2024-01,1120923,6.17,161,168,77.84,27.24,69.73,146.22,4.7,62.77,Medium,synthetic_formula_with_seeded_noise,synthetic_prototype
REG-STA-001-2024-02,STA-001,jakartakota,Jakarta Kota,Bogor,2024-02,1116883,7.79,165,176,81.55,28.32,70.86,149.93,4.7,71.93,High,synthetic_formula_with_seeded_noise,synthetic_prototype
REG-STA-001-2024-03,STA-001,jakartakota,Jakarta Kota,Bogor,2024-03,1221373,5.96,161,158,77.66,34.09,65.9,144.26,4.7,73.05,High,synthetic_formula_with_seeded_noise,synthetic_prototype
REG-STA-001-2024-04,STA-001,jakartakota,Jakarta Kota,Bogor,2024-04,1146972,7.08,167,169,82.9,33.37,69.75,134.8,4.7,67.6,Medium,synthetic_formula_with_seeded_noise,synthetic_prototype
REG-STA-001-2024-05,STA-001,jakartakota,Jakarta Kota,Bogor,2024-05,1238669,5.77,167,167,79.85,33.54,68.62,153.79,4.7,71.6,High,synthetic_formula_with_seeded_noise,synthetic_prototype
REG-STA-001-2024-06,STA-001,jakartakota,Jakarta Kota,Bogor,2024-06,1171604,5.66,162,160,81.09,40.53,67.12,156.24,4.7,66.07,Medium,synthetic_formula_with_seeded_noise,synthetic_prototype
REG-STA-001-2024-07,STA-001,jakartakota,Jakarta Kota,Bogor,2024-07,1124293,5.59,161,166,83.67,33.05,70.67,144.03,4.7,66.71,Medium,synthetic_formula_with_seeded_noise,synthetic_prototype
REG-STA-001-2024-08,STA-001,jakartakota,Jakarta Kota,Bogor,2024-08,1221440,7.54,163,167,85.95,34.18,66.85,152.13,4.7,71.28,High,synthetic_formula_with_seeded_noise,synthetic_prototype
REG-STA-001-2024-09,STA-001,jakartakota,Jakarta Kota,Bogor,2024-09,1339743,6.46,177,189,83.52,31.95,70.12,153.42,4.7,76.72,High,synthetic_formula_with_seeded_noise,synthetic_prototype
REG-STA-001-2024-10,STA-001,jakartakota,Jakarta Kota,Bogor,2024-10,1346507,6.62,176,176,81.71,35.19,67.12,149.85,4.7,74.58,High,synthetic_formula_with_seeded_noise,synthetic_prototype
REG-STA-001-2024-11,STA-001,jakartakota,Jakarta Kota,Bogor,2024-11,1360689,6.2,172,167,81.43,33.09,77.33,144.38,4.7,67.1,Medium,synthetic_formula_with_seeded_noise,synthetic_prototype
REG-STA-001-2024-12,STA-001,jakartakota,Jakarta Kota,Bogor,2024-12,1199513,6.72,169,162,83.9,37.12,74.43,156.08,4.7,68.61,Medium,synthetic_formula_with_seeded_noise,synthetic_prototype
REG-STA-001-2025-01,STA-001,jakartakota,Jakarta Kota,Bogor,2025-01,1186045,6.47,168,164,84.27,34.46,71.72,145.81,4.7,71.72,High,synthetic_formula_with_seeded_noise,synthetic_prototype
REG-STA-001-2025-02,STA-001,jakartakota,Jakarta Kota,Bogor,2025-02,1251575,6.07,170,174,82.74,29.22,71.21,154.58,4.7,70.64,High,synthetic_formula_with_seeded_noise,synthetic_prototype
REG-STA-001-2025-03,STA-001,jakartakota,Jakarta Kota,Bogor,2025-03,1228311,7.48,169,169,85.13,40.03,68.12,150.3,4.7,75.44,High,synthetic_formula_with_seeded_noise,synthetic_prototype
REG-STA-001-2025-04,STA-001,jakartakota,Jakarta Kota,Bogor,2025-04,1296989,4.93,170,179,83.17,38.49,71.87,139.45,4.7,74.29,High,synthetic_formula_with_seeded_noise,synthetic_prototype
REG-STA-001-2025-05,STA-001,jakartakota,Jakarta Kota,Bogor,2025-05,1362897,6.47,177,192,82.09,33.4,69.67,143.63,4.7,68.53,Medium,synthetic_formula_with_seeded_noise,synthetic_prototype
REG-STA-001-2025-06,STA-001,jakartakota,Jakarta Kota,Bogor,2025-06,1181130,6.29,167,167,85.16,38.02,69.94,143.09,4.7,70.67,High,synthetic_formula_with_seeded_noise,synthetic_prototype
REG-STA-001-2025-07,STA-001,jakartakota,Jakarta Kota,Bogor,2025-07,1204712,6.46,171,175,76.31,30.93,64.01,146.11,4.7,69.3,Medium,synthetic_formula_with_seeded_noise,synthetic_prototype
REG-STA-001-2025-08,STA-001,jakartakota,Jakarta Kota,Bogor,2025-08,1452584,6.22,180,183,82.01,37.29,63.33,161.99,4.7,65.9,Medium,synthetic_formula_with_seeded_noise,synthetic_prototype
REG-STA-001-2025-09,STA-001,jakartakota,Jakarta Kota,Bogor,2025-09,1380772,6.81,174,173,84.28,29.89,65.29,161.38,4.7,73.32,High,synthetic_formula_with_seeded_noise,synthetic_prototype
REG-STA-001-2025-10,STA-001,jakartakota,Jakarta Kota,Bogor,2025-10,1423965,6.8,176,184,83.8,36.47,73.01,150.44,4.7,73.22,High,synthetic_formula_with_seeded_noise,synthetic_prototype
REG-STA-001-2025-11,STA-001,jakartakota,Jakarta Kota,Bogor,2025-11,1371243,6.17,178,180,83.11,33.86,68.18,144.42,4.7,77.86,High,synthetic_formula_with_seeded_noise,synthetic_prototype
REG-STA-001-2025-12,STA-001,jakartakota,Jakarta Kota,Bogor,2025-12,1198087,6.12,173,187,84.55,38.89,68.5,144.46,4.7,70.95,High,synthetic_formula_with_seeded_noise,synthetic_prototype
REG-STA-002-2023-01,STA-002,jayakarta,Jayakarta,Bogor,2023-01,123181,5.0,51,44,39.4,52.14,31.4,109.92,4.1,51.69,Medium,synthetic_formula_with_seeded_noise,synthetic_prototype
REG-STA-002-2023-02,STA-002,jayakarta,Jayakarta,Bogor,2023-02,116419,4.8,49,47,41.14,57.92,27.31,110.88,4.1,42.86,Low,synthetic_formula_with_seeded_noise,synthetic_prototype
REG-STA-002-2023-03,STA-002,jayakarta,Jayakarta,Bogor,2023-03,126203,4.67,51,53,41.36,55.14,32.11,105.59,4.1,43.82,Low,synthetic_formula_with_seeded_noise,synthetic_prototype
REG-STA-002-2023-04,STA-002,jayakarta,Jayakarta,Bogor,2023-04,125882,5.35,53,59,39.9,48.18,25.42,112.71,4.1,51.1,Medium,synthetic_formula_with_seeded_noise,synthetic_prototype
REG-STA-002-2023-05,STA-002,jayakarta,Jayakarta,Bogor,2023-05,133966,6.09,57,58,42.07,55.64,21.77,114.81,4.1,47.57,Medium,synthetic_formula_with_seeded_noise,synthetic_prototype
REG-STA-002-2023-06,STA-002,jayakarta,Jayakarta,Bogor,2023-06,126279,5.03,54,46,45.86,57.36,32.16,120.34,4.1,53.54,Medium,synthetic_formula_with_seeded_noise,synthetic_prototype
REG-STA-002-2023-07,STA-002,jayakarta,Jayakarta,Bogor,2023-07,117569,5.04,49,63,45.09,53.5,27.17,116.04,4.1,46.33,Medium,synthetic_formula_with_seeded_noise,synthetic_prototype
REG-STA-002-2023-08,STA-002,jayakarta,Jayakarta,Bogor,2023-08,130456,5.98,50,48,41.02,55.77,30.91,122.86,4.1,48.97,Medium,synthetic_formula_with_seeded_noise,synthetic_prototype
REG-STA-002-2023-09,STA-002,jayakarta,Jayakarta,Bogor,2023-09,150678,4.54,56,54,44.0,57.31,30.74,119.41,4.1,54.7,Medium,synthetic_formula_with_seeded_noise,synthetic_prototype
REG-STA-002-2023-10,STA-002,jayakarta,Jayakarta,Bogor,2023-10,145078,5.96,54,52,42.85,50.27,23.41,101.45,4.1,53.7,Medium,synthetic_formula_with_seeded_noise,synthetic_prototype
REG-STA-002-2023-11,STA-002,jayakarta,Jayakarta,Bogor,2023-11,145437,4.97,51,49,39.67,51.25,26.79,111.21,4.1,51.11,Medium,synthetic_formula_with_seeded_noise,synthetic_prototype
REG-STA-002-2023-12,STA-002,jayakarta,Jayakarta,Bogor,2023-12,121439,5.45,61,61,40.15,53.97,29.5,106.03,4.1,46.61,Medium,synthetic_formula_with_seeded_noise,synthetic_prototype
REG-STA-002-2024-01,STA-002,jayakarta,Jayakarta,Bogor,2024-01,125032,5.7,54,55,41.55,50.73,29.93,118.23,4.1,46.42,Medium,synthetic_formula_with_seeded_noise,synthetic_prototype
REG-STA-002-2024-02,STA-002,jayakarta,Jayakarta,Bogor,2024-02,130637,4.82,50,42,44.1,52.11,30.13,111.16,4.1,44.19,Low,synthetic_formula_with_seeded_noise,synthetic_prototype
REG-STA-002-2024-03,STA-002,jayakarta,Jayakarta,Bogor,2024-03,147984,4.62,55,53,45.11,54.62,24.26,112.91,4.1,48.67,Medium,synthetic_formula_with_seeded_noise,synthetic_prototype
REG-STA-002-2024-04,STA-002,jayakarta,Jayakarta,Bogor,2024-04,139838,4.62,54,51,43.6,59.55,24.13,110.78,4.1,45.56,Medium,synthetic_formula_with_seeded_noise,synthetic_prototype
REG-STA-002-2024-05,STA-002,jayakarta,Jayakarta,Bogor,2024-05,147876,6.21,60,54,38.89,52.68,28.58,109.97,4.1,53.45,Medium,synthetic_formula_with_seeded_noise,synthetic_prototype
REG-STA-002-2024-06,STA-002,jayakarta,Jayakarta,Bogor,2024-06,132815,4.67,52,48,40.34,49.07,28.12,118.38,4.1,51.36,Medium,synthetic_formula_with_seeded_noise,synthetic_prototype
REG-STA-002-2024-07,STA-002,jayakarta,Jayakarta,Bogor,2024-07,135929,4.87,55,54,40.59,50.4,28.32,115.35,4.1,49.83,Medium,synthetic_formula_with_seeded_noise,synthetic_prototype
REG-STA-002-2024-08,STA-002,jayakarta,Jayakarta,Bogor,2024-08,143095,5.0,55,51,43.67,54.07,25.81,108.66,4.1,44.68,Low,synthetic_formula_with_seeded_noise,synthetic_prototype
REG-STA-002-2024-09,STA-002,jayakarta,Jayakarta,Bogor,2024-09,154176,4.83,49,50,41.93,61.66,28.91,130.65,4.1,59.15,Medium,synthetic_formula_with_seeded_noise,synthetic_prototype
REG-STA-002-2024-10,STA-002,jayakarta,Jayakarta,Bogor,2024-10,153929,5.08,60,58,44.13,51.38,30.32,128.16,4.1,52.14,Medium,synthetic_formula_with_seeded_noise,synthetic_prototype
REG-STA-002-2024-11,STA-002,jayakarta,Jayakarta,Bogor,2024-11,152409,5.3,53,48,43.26,55.94,28.29,121.28,4.1,51.9,Medium,synthetic_formula_with_seeded_noise,synthetic_prototype
REG-STA-002-2024-12,STA-002,jayakarta,Jayakarta,Bogor,2024-12,142504,5.15,49,53,39.8,54.22,27.97,110.93,4.1,50.08,Medium,synthetic_formula_with_seeded_noise,synthetic_prototype
REG-STA-002-2025-01,STA-002,jayakarta,Jayakarta,Bogor,2025-01,141632,5.94,55,57,39.24,50.56,28.82,127.28,4.1,47.74,Medium,synthetic_formula_with_seeded_noise,synthetic_prototype
REG-STA-002-2025-02,STA-002,jayakarta,Jayakarta,Bogor,2025-02,136798,5.91,56,61,42.97,56.09,34.28,116.63,4.1,45.87,Medium,synthetic_formula_with_seeded_noise,synthetic_prototype
REG-STA-002-2025-03,STA-002,jayakarta,Jayakarta,Bogor,2025-03,152747,5.39,54,49,36.19,53.12,30.08,128.44,4.1,47.16,Medium,synthetic_formula_with_seeded_noise,synthetic_prototype
REG-STA-002-2025-04,STA-002,jayakarta,Jayakarta,Bogor,2025-04,141931,5.18,57,59,41.46,54.92,30.51,112.8,4.1,51.8,Medium,synthetic_formula_with_seeded_noise,synthetic_prototype
REG-STA-002-2025-05,STA-002,jayakarta,Jayakarta,Bogor,2025-05,159886,4.66,56,53,41.97,57.89,24.77,119.58,4.1,50.65,Medium,synthetic_formula_with_seeded_noise,synthetic_prototype
REG-STA-002-2025-06,STA-002,jayakarta,Jayakarta,Bogor,2025-06,141996,5.28,60,67,44.17,52.56,30.39,118.36,4.1,49.84,Medium,synthetic_formula_with_seeded_noise,synthetic_prototype
REG-STA-002-2025-07,STA-002,jayakarta,Jayakarta,Bogor,2025-07,142769,5.34,48,55,44.45,54.94,30.0,111.03,4.1,51.14,Medium,synthetic_formula_with_seeded_noise,synthetic_prototype
REG-STA-002-2025-08,STA-002,jayakarta,Jayakarta,Bogor,2025-08,152188,5.49,58,57,44.32,52.71,26.54,115.86,4.1,54.47,Medium,synthetic_formula_with_seeded_noise,synthetic_prototype
REG-STA-002-2025-09,STA-002,jayakarta,Jayakarta,Bogor,2025-09,158200,3.67,50,57,40.41,65.43,28.92,107.25,4.1,58.37,Medium,synthetic_formula_with_seeded_noise,synthetic_prototype
REG-STA-002-2025-10,STA-002,jayakarta,Jayakarta,Bogor,2025-10,158055,3.94,57,68,42.09,60.45,28.02,120.89,4.1,55.82,Medium,synthetic_formula_with_seeded_noise,synthetic_prototype
REG-STA-002-2025-11,STA-002,jayakarta,Jayakarta,Bogor,2025-11,160076,5.11,53,51,41.68,54.64,24.91,121.01,4.1,49.17,Medium,synthetic_formula_with_seeded_noise,synthetic_prototype
REG-STA-002-2025-12,STA-002,jayakarta,Jayakarta,Bogor,2025-12,146879,5.32,59,60,44.97,52.56,26.35,111.45,4.1,52.33,Medium,synthetic_formula_with_seeded_noise,synthetic_prototype
REG-STA-003-2023-01,STA-003,manggabesar,Mangga Besar,Bogor,2023-01,119344,6.25,52,44,39.72,32.42,23.88,117.85,3.2,35.89,Low,synthetic_formula_with_seeded_noise,synthetic_prototype
REG-STA-003-2023-02,STA-003,manggabesar,Mangga Besar,Bogor,2023-02,126626,4.67,57,59,37.37,41.84,31.46,106.49,3.2,46.19,Medium,synthetic_formula_with_seeded_noise,synthetic_prototype
REG-STA-003-2023-03,STA-003,manggabesar,Mangga Besar,Bogor,2023-03,129315,4.39,47,48,41.66,41.05,29.01,110.5,3.2,41.86,Low,synthetic_formula_with_seeded_noise,synthetic_prototype
REG-STA-003-2023-04,STA-003,manggabesar,Mangga Besar,Bogor,2023-04,130713,5.5,60,51,42.19,34.25,28.98,112.59,3.2,49.17,Medium,synthetic_formula_with_seeded_noise,synthetic_prototype
REG-STA-003-2023-05,STA-003,manggabesar,Mangga Besar,Bogor,2023-05,136268,5.21,53,59,45.08,40.4,22.35,115.54,3.2,42.92,Low,synthetic_formula_with_seeded_noise,synthetic_prototype
REG-STA-003-2023-06,STA-003,manggabesar,Mangga Besar,Bogor,2023-06,123256,5.65,52,51,43.15,37.93,30.45,120.05,3.2,47.71,Medium,synthetic_formula_with_seeded_noise,synthetic_prototype
REG-STA-003-2023-07,STA-003,manggabesar,Mangga Besar,Bogor,2023-07,119064,5.82,56,58,42.62,34.64,25.36,116.52,3.2,44.71,Low,synthetic_formula_with_seeded_noise,synthetic_prototype
REG-STA-003-2023-08,STA-003,manggabesar,Mangga Besar,Bogor,2023-08,148511,5.33,54,62,41.21,32.4,29.45,117.41,3.2,43.51,Low,synthetic_formula_with_seeded_noise,synthetic_prototype
REG-STA-003-2023-09,STA-003,manggabesar,Mangga Besar,Bogor,2023-09,142257,4.3,53,43,43.42,34.77,27.95,126.16,3.2,48.79,Medium,synthetic_formula_with_seeded_noise,synthetic_prototype
REG-STA-003-2023-10,STA-003,manggabesar,Mangga Besar,Bogor,2023-10,140206,4.72,58,54,43.69,39.76,28.17,124.67,3.2,48.25,Medium,synthetic_formula_with_seeded_noise,synthetic_prototype
REG-STA-003-2023-11,STA-003,manggabesar,Mangga Besar,Bogor,2023-11,149817,4.67,59,63,41.63,39.85,29.83,106.58,3.2,44.9,Low,synthetic_formula_with_seeded_noise,synthetic_prototype
REG-STA-003-2023-12,STA-003,manggabesar,Mangga Besar,Bogor,2023-12,122489,5.46,51,53,47.82,42.01,29.64,108.87,3.2,47.14,Medium,synthetic_formula_with_seeded_noise,synthetic_prototype
REG-STA-003-2024-01,STA-003,manggabesar,Mangga Besar,Bogor,2024-01,133590,4.97,60,53,42.26,38.73,29.28,109.54,3.2,42.09,Low,synthetic_formula_with_seeded_noise,synthetic_prototype
REG-STA-003-2024-02,STA-003,manggabesar,Mangga Besar,Bogor,2024-02,137979,5.47,51,56,39.84,42.84,28.45,117.52,3.2,48.65,Medium,synthetic_formula_with_seeded_noise,synthetic_prototype
REG-STA-003-2024-03,STA-003,manggabesar,Mangga Besar,Bogor,2024-03,151193,5.62,59,60,42.72,45.78,28.38,120.28,3.2,57.55,Medium,synthetic_formula_with_seeded_noise,synthetic_prototype
REG-STA-003-2024-04,STA-003,manggabesar,Mangga Besar,Bogor,2024-04,136620,4.71,54,53,44.92,42.81,35.59,108.77,3.2,47.15,Medium,synthetic_formula_with_seeded_noise,synthetic_prototype
REG-STA-003-2024-05,STA-003,manggabesar,Mangga Besar,Bogor,2024-05,152037,5.41,57,61,47.25,36.93,26.41,108.32,3.2,54.28,Medium,synthetic_formula_with_seeded_noise,synthetic_prototype
REG-STA-003-2024-06,STA-003,manggabesar,Mangga Besar,Bogor,2024-06,130554,4.59,56,57,37.93,44.15,30.5,127.99,3.2,44.05,Low,synthetic_formula_with_seeded_noise,synthetic_prototype
REG-STA-003-2024-07,STA-003,manggabesar,Mangga Besar,Bogor,2024-07,130997,5.52,55,58,42.5,35.78,28.61,104.96,3.2,39.2,Low,synthetic_formula_with_seeded_noise,synthetic_prototype
REG-STA-003-2024-08,STA-003,manggabesar,Mangga Besar,Bogor,2024-08,145800,4.29,58,56,47.05,40.33,23.89,106.41,3.2,46.94,Medium,synthetic_formula_with_seeded_noise,synthetic_prototype
REG-STA-003-2024-09,STA-003,manggabesar,Mangga Besar,Bogor,2024-09,151459,5.18,53,52,44.58,40.67,26.61,110.62,3.2,41.15,Low,synthetic_formula_with_seeded_noise,synthetic_prototype
REG-STA-003-2024-10,STA-003,manggabesar,Mangga Besar,Bogor,2024-10,158879,4.08,59,60,39.53,36.81,27.4,122.48,3.2,50.75,Medium,synthetic_formula_with_seeded_noise,synthetic_prototype
REG-STA-003-2024-11,STA-003,manggabesar,Mangga Besar,Bogor,2024-11,148716,6.1,56,58,43.23,41.77,27.92,112.18,3.2,46.18,Medium,synthetic_formula_with_seeded_noise,synthetic_prototype
REG-STA-003-2024-12,STA-003,manggabesar,Mangga Besar,Bogor,2024-12,147930,4.83,55,55,44.85,36.1,26.56,113.62,3.2,50.61,Medium,synthetic_formula_with_seeded_noise,synthetic_prototype
REG-STA-003-2025-01,STA-003,manggabesar,Mangga Besar,Bogor,2025-01,141230,5.05,57,62,41.13,43.19,29.02,118.13,3.2,48.77,Medium,synthetic_formula_with_seeded_noise,synthetic_prototype
REG-STA-003-2025-02,STA-003,manggabesar,Mangga Besar,Bogor,2025-02,136424,4.14,58,60,38.89,36.62,25.63,113.33,3.2,41.06,Low,synthetic_formula_with_seeded_noise,synthetic_prototype
REG-STA-003-2025-03,STA-003,manggabesar,Mangga Besar,Bogor,2025-03,157609,4.6,64,65,42.88,46.1,28.65,123.79,3.2,50.11,Medium,synthetic_formula_with_seeded_noise,synthetic_prototype
REG-STA-003-2025-04,STA-003,manggabesar,Mangga Besar,Bogor,2025-04,152541,4.96,56,54,36.4,45.78,26.54,121.31,3.2,45.86,Medium,synthetic_formula_with_seeded_noise,synthetic_prototype
REG-STA-003-2025-05,STA-003,manggabesar,Mangga Besar,Bogor,2025-05,159474,5.81,56,56,42.26,40.33,23.46,106.34,3.2,49.18,Medium,synthetic_formula_with_seeded_noise,synthetic_prototype
REG-STA-003-2025-06,STA-003,manggabesar,Mangga Besar,Bogor,2025-06,150645,5.48,62,70,42.32,41.92,23.41,118.27,3.2,46.67,Medium,synthetic_formula_with_seeded_noise,synthetic_prototype
REG-STA-003-2025-07,STA-003,manggabesar,Mangga Besar,Bogor,2025-07,132837,5.63,56,63,40.88,36.36,29.13,121.99,3.2,40.82,Low,synthetic_formula_with_seeded_noise,synthetic_prototype
REG-STA-003-2025-08,STA-003,manggabesar,Mangga Besar,Bogor,2025-08,147622,5.45,62,67,42.6,34.13,31.42,123.35,3.2,47.18,Medium,synthetic_formula_with_seeded_noise,synthetic_prototype
REG-STA-003-2025-09,STA-003,manggabesar,Mangga Besar,Bogor,2025-09,148548,5.4,60,58,42.43,43.66,29.99,125.8,3.2,45.6,Medium,synthetic_formula_with_seeded_noise,synthetic_prototype
REG-STA-003-2025-10,STA-003,manggabesar,Mangga Besar,Bogor,2025-10,174339,4.77,59,54,42.8,40.48,28.43,111.1,3.2,58.78,Medium,synthetic_formula_with_seeded_noise,synthetic_prototype
REG-STA-003-2025-11,STA-003,manggabesar,Mangga Besar,Bogor,2025-11,167238,3.43,58,51,42.8,42.55,26.51,111.6,3.2,54.8,Medium,synthetic_formula_with_seeded_noise,synthetic_prototype
REG-STA-003-2025-12,STA-003,manggabesar,Mangga Besar,Bogor,2025-12,144373,4.94,55,67,43.58,41.5,27.9,108.73,3.2,47.87,Medium,synthetic_formula_with_seeded_noise,synthetic_prototype
REG-STA-004-2023-01,STA-004,sawahbesar,Sawah Besar,Bogor,2023-01,123020,7.88,42,41,42.64,31.86,28.95,126.46,2.3,44.13,Low,synthetic_formula_with_seeded_noise,synthetic_prototype
REG-STA-004-2023-02,STA-004,sawahbesar,Sawah Besar,Bogor,2023-02,116185,8.16,46,46,43.87,37.03,28.07,115.52,2.3,45.73,Medium,synthetic_formula_with_seeded_noise,synthetic_prototype
REG-STA-004-2023-03,STA-004,sawahbesar,Sawah Besar,Bogor,2023-03,128354,8.72,40,47,44.09,40.97,25.68,121.94,2.3,46.31,Medium,synthetic_formula_with_seeded_noise,synthetic_prototype
REG-STA-004-2023-04,STA-004,sawahbesar,Sawah Besar,Bogor,2023-04,129792,9.2,40,45,43.16,30.9,26.04,121.53,2.3,47.28,Medium,synthetic_formula_with_seeded_noise,synthetic_prototype
REG-STA-004-2023-05,STA-004,sawahbesar,Sawah Besar,Bogor,2023-05,143747,8.13,39,38,49.16,34.95,27.85,117.29,2.3,45.65,Medium,synthetic_formula_with_seeded_noise,synthetic_prototype
REG-STA-004-2023-06,STA-004,sawahbesar,Sawah Besar,Bogor,2023-06,125566,7.56,43,46,50.84,40.63,33.24,109.27,2.3,52.27,Medium,synthetic_formula_with_seeded_noise,synthetic_prototype
REG-STA-004-2023-07,STA-004,sawahbesar,Sawah Besar,Bogor,2023-07,121436,8.21,40,49,50.56,36.27,33.11,120.59,2.3,44.25,Low,synthetic_formula_with_seeded_noise,synthetic_prototype
REG-STA-004-2023-08,STA-004,sawahbesar,Sawah Besar,Bogor,2023-08,136602,8.03,38,37,43.23,28.97,27.05,110.27,2.3,46.32,Medium,synthetic_formula_with_seeded_noise,synthetic_prototype
REG-STA-004-2023-09,STA-004,sawahbesar,Sawah Besar,Bogor,2023-09,133916,8.17,42,41,41.7,33.51,26.62,109.35,2.3,41.14,Low,synthetic_formula_with_seeded_noise,synthetic_prototype
REG-STA-004-2023-10,STA-004,sawahbesar,Sawah Besar,Bogor,2023-10,142185,8.56,46,50,45.62,28.48,29.85,118.83,2.3,46.5,Medium,synthetic_formula_with_seeded_noise,synthetic_prototype
REG-STA-004-2023-11,STA-004,sawahbesar,Sawah Besar,Bogor,2023-11,142372,8.03,44,46,44.82,31.48,36.27,118.38,2.3,49.02,Medium,synthetic_formula_with_seeded_noise,synthetic_prototype
REG-STA-004-2023-12,STA-004,sawahbesar,Sawah Besar,Bogor,2023-12,134223,8.29,38,35,46.62,26.82,25.53,133.53,2.3,48.14,Medium,synthetic_formula_with_seeded_noise,synthetic_prototype
REG-STA-004-2024-01,STA-004,sawahbesar,Sawah Besar,Bogor,2024-01,124116,7.31,48,43,43.6,31.44,32.85,113.84,2.3,47.68,Medium,synthetic_formula_with_seeded_noise,synthetic_prototype
REG-STA-004-2024-02,STA-004,sawahbesar,Sawah Besar,Bogor,2024-02,127141,7.85,38,29,43.38,29.45,26.92,114.57,2.3,46.94,Medium,synthetic_formula_with_seeded_noise,synthetic_prototype
REG-STA-004-2024-03,STA-004,sawahbesar,Sawah Besar,Bogor,2024-03,150346,8.58,44,47,46.89,36.8,24.71,128.23,2.3,52.08,Medium,synthetic_formula_with_seeded_noise,synthetic_prototype
REG-STA-004-2024-04,STA-004,sawahbesar,Sawah Besar,Bogor,2024-04,140827,8.64,39,47,44.59,19.86,30.21,114.46,2.3,51.1,Medium,synthetic_formula_with_seeded_noise,synthetic_prototype
REG-STA-004-2024-05,STA-004,sawahbesar,Sawah Besar,Bogor,2024-05,151695,8.04,37,40,43.5,28.83,31.01,122.26,2.3,54.9,Medium,synthetic_formula_with_seeded_noise,synthetic_prototype
REG-STA-004-2024-06,STA-004,sawahbesar,Sawah Besar,Bogor,2024-06,135517,8.91,47,53,45.32,31.81,20.65,121.63,2.3,44.62,Low,synthetic_formula_with_seeded_noise,synthetic_prototype
REG-STA-004-2024-07,STA-004,sawahbesar,Sawah Besar,Bogor,2024-07,129257,8.0,36,33,47.18,31.0,26.73,111.13,2.3,49.79,Medium,synthetic_formula_with_seeded_noise,synthetic_prototype
REG-STA-004-2024-08,STA-004,sawahbesar,Sawah Besar,Bogor,2024-08,141303,7.02,44,52,46.81,30.29,33.29,116.63,2.3,51.22,Medium,synthetic_formula_with_seeded_noise,synthetic_prototype
REG-STA-004-2024-09,STA-004,sawahbesar,Sawah Besar,Bogor,2024-09,151331,8.42,45,49,46.29,33.84,23.54,116.76,2.3,51.81,Medium,synthetic_formula_with_seeded_noise,synthetic_prototype
REG-STA-004-2024-10,STA-004,sawahbesar,Sawah Besar,Bogor,2024-10,150981,7.7,38,43,45.33,34.13,26.68,128.77,2.3,51.09,Medium,synthetic_formula_with_seeded_noise,synthetic_prototype
REG-STA-004-2024-11,STA-004,sawahbesar,Sawah Besar,Bogor,2024-11,159745,8.64,50,45,43.94,29.08,24.57,130.14,2.3,50.66,Medium,synthetic_formula_with_seeded_noise,synthetic_prototype
REG-STA-004-2024-12,STA-004,sawahbesar,Sawah Besar,Bogor,2024-12,135702,8.29,43,40,39.81,27.51,30.08,123.89,2.3,50.84,Medium,synthetic_formula_with_seeded_noise,synthetic_prototype
REG-STA-004-2025-01,STA-004,sawahbesar,Sawah Besar,Bogor,2025-01,138615,7.72,39,35,44.88,33.65,28.31,117.26,2.3,47.39,Medium,synthetic_formula_with_seeded_noise,synthetic_prototype
REG-STA-004-2025-02,STA-004,sawahbesar,Sawah Besar,Bogor,2025-02,135272,8.21,42,47,50.67,36.21,24.92,109.07,2.3,46.09,Medium,synthetic_formula_with_seeded_noise,synthetic_prototype
REG-STA-004-2025-03,STA-004,sawahbesar,Sawah Besar,Bogor,2025-03,167211,8.06,36,36,44.96,31.05,27.21,128.14,2.3,49.73,Medium,synthetic_formula_with_seeded_noise,synthetic_prototype
REG-STA-004-2025-04,STA-004,sawahbesar,Sawah Besar,Bogor,2025-04,145443,9.3,38,37,47.55,30.81,24.71,123.92,2.3,47.36,Medium,synthetic_formula_with_seeded_noise,synthetic_prototype
REG-STA-004-2025-05,STA-004,sawahbesar,Sawah Besar,Bogor,2025-05,157567,8.01,35,35,45.97,27.41,24.04,117.8,2.3,51.55,Medium,synthetic_formula_with_seeded_noise,synthetic_prototype
REG-STA-004-2025-06,STA-004,sawahbesar,Sawah Besar,Bogor,2025-06,144194,8.08,42,48,48.6,34.85,25.88,113.92,2.3,50.57,Medium,synthetic_formula_with_seeded_noise,synthetic_prototype
REG-STA-004-2025-07,STA-004,sawahbesar,Sawah Besar,Bogor,2025-07,139717,7.56,46,43,41.49,27.32,27.76,125.52,2.3,45.04,Medium,synthetic_formula_with_seeded_noise,synthetic_prototype
REG-STA-004-2025-08,STA-004,sawahbesar,Sawah Besar,Bogor,2025-08,156748,9.21,47,57,46.52,33.57,25.17,114.38,2.3,46.93,Medium,synthetic_formula_with_seeded_noise,synthetic_prototype
REG-STA-004-2025-09,STA-004,sawahbesar,Sawah Besar,Bogor,2025-09,154870,8.51,40,42,47.35,29.88,27.5,113.03,2.3,52.12,Medium,synthetic_formula_with_seeded_noise,synthetic_prototype
REG-STA-004-2025-10,STA-004,sawahbesar,Sawah Besar,Bogor,2025-10,167598,7.15,46,39,47.34,39.03,31.75,123.75,2.3,57.0,Medium,synthetic_formula_with_seeded_noise,synthetic_prototype
REG-STA-004-2025-11,STA-004,sawahbesar,Sawah Besar,Bogor,2025-11,175241,7.89,46,38,46.66,27.93,32.2,126.02,2.3,47.6,Medium,synthetic_formula_with_seeded_noise,synthetic_prototype
REG-STA-004-2025-12,STA-004,sawahbesar,Sawah Besar,Bogor,2025-12,152482,7.9,41,36,45.64,29.11,30.97,115.02,2.3,49.36,Medium,synthetic_formula_with_seeded_noise,synthetic_prototype
REG-STA-005-2023-01,STA-005,juanda,Juanda,Bogor,2023-01,265023,7.4,76,78,50.36,48.79,22.2,130.59,1.1,50.64,Medium,synthetic_formula_with_seeded_noise,synthetic_prototype
REG-STA-005-2023-02,STA-005,juanda,Juanda,Bogor,2023-02,251093,6.59,78,76,51.76,48.26,31.17,115.37,1.1,53.24,Medium,synthetic_formula_with_seeded_noise,synthetic_prototype
REG-STA-005-2023-03,STA-005,juanda,Juanda,Bogor,2023-03,294243,7.41,82,90,50.42,48.14,29.94,130.43,1.1,54.0,Medium,synthetic_formula_with_seeded_noise,synthetic_prototype
REG-STA-005-2023-04,STA-005,juanda,Juanda,Bogor,2023-04,271703,7.95,76,87,56.62,56.63,28.45,128.35,1.1,51.28,Medium,synthetic_formula_with_seeded_noise,synthetic_prototype
REG-STA-005-2023-05,STA-005,juanda,Juanda,Bogor,2023-05,291091,7.62,79,76,51.56,48.53,31.82,105.37,1.1,48.6,Medium,synthetic_formula_with_seeded_noise,synthetic_prototype
REG-STA-005-2023-06,STA-005,juanda,Juanda,Bogor,2023-06,273778,8.51,75,86,46.23,50.93,24.65,123.77,1.1,46.98,Medium,synthetic_formula_with_seeded_noise,synthetic_prototype
REG-STA-005-2023-07,STA-005,juanda,Juanda,Bogor,2023-07,272211,7.12,79,77,50.99,50.57,22.78,119.64,1.1,50.1,Medium,synthetic_formula_with_seeded_noise,synthetic_prototype
REG-STA-005-2023-08,STA-005,juanda,Juanda,Bogor,2023-08,307324,6.26,84,91,50.29,51.82,26.24,128.97,1.1,56.54,Medium,synthetic_formula_with_seeded_noise,synthetic_prototype
REG-STA-005-2023-09,STA-005,juanda,Juanda,Bogor,2023-09,294763,7.67,81,89,49.48,48.06,31.03,120.3,1.1,55.24,Medium,synthetic_formula_with_seeded_noise,synthetic_prototype
REG-STA-005-2023-10,STA-005,juanda,Juanda,Bogor,2023-10,309836,6.01,85,87,54.87,44.42,27.19,123.59,1.1,54.65,Medium,synthetic_formula_with_seeded_noise,synthetic_prototype
REG-STA-005-2023-11,STA-005,juanda,Juanda,Bogor,2023-11,314929,7.54,82,83,51.95,56.35,27.68,111.74,1.1,56.32,Medium,synthetic_formula_with_seeded_noise,synthetic_prototype
REG-STA-005-2023-12,STA-005,juanda,Juanda,Bogor,2023-12,286722,6.87,85,83,49.42,53.16,31.32,129.2,1.1,59.33,Medium,synthetic_formula_with_seeded_noise,synthetic_prototype
REG-STA-005-2024-01,STA-005,juanda,Juanda,Bogor,2024-01,267965,7.9,83,87,48.28,47.98,27.8,123.3,1.1,51.34,Medium,synthetic_formula_with_seeded_noise,synthetic_prototype
REG-STA-005-2024-02,STA-005,juanda,Juanda,Bogor,2024-02,282672,6.66,88,94,49.71,49.48,28.0,106.16,1.1,52.05,Medium,synthetic_formula_with_seeded_noise,synthetic_prototype
REG-STA-005-2024-03,STA-005,juanda,Juanda,Bogor,2024-03,312992,6.67,87,88,49.63,52.65,34.68,130.09,1.1,58.78,Medium,synthetic_formula_with_seeded_noise,synthetic_prototype
REG-STA-005-2024-04,STA-005,juanda,Juanda,Bogor,2024-04,285915,7.05,81,83,49.98,50.7,30.1,125.48,1.1,51.38,Medium,synthetic_formula_with_seeded_noise,synthetic_prototype
REG-STA-005-2024-05,STA-005,juanda,Juanda,Bogor,2024-05,306713,6.01,81,90,48.21,53.25,30.68,119.38,1.1,52.57,Medium,synthetic_formula_with_seeded_noise,synthetic_prototype
REG-STA-005-2024-06,STA-005,juanda,Juanda,Bogor,2024-06,286035,8.13,81,84,52.34,52.11,33.03,120.32,1.1,48.86,Medium,synthetic_formula_with_seeded_noise,synthetic_prototype
REG-STA-005-2024-07,STA-005,juanda,Juanda,Bogor,2024-07,279831,7.49,86,82,52.2,50.19,24.45,103.31,1.1,52.32,Medium,synthetic_formula_with_seeded_noise,synthetic_prototype
REG-STA-005-2024-08,STA-005,juanda,Juanda,Bogor,2024-08,307696,8.11,87,89,50.98,45.98,30.91,119.22,1.1,50.53,Medium,synthetic_formula_with_seeded_noise,synthetic_prototype
REG-STA-005-2024-09,STA-005,juanda,Juanda,Bogor,2024-09,317210,7.03,82,85,47.62,53.05,24.51,134.84,1.1,56.45,Medium,synthetic_formula_with_seeded_noise,synthetic_prototype
REG-STA-005-2024-10,STA-005,juanda,Juanda,Bogor,2024-10,335625,6.94,77,80,53.08,52.74,26.99,119.74,1.1,53.84,Medium,synthetic_formula_with_seeded_noise,synthetic_prototype
REG-STA-005-2024-11,STA-005,juanda,Juanda,Bogor,2024-11,310376,6.39,86,90,53.93,47.83,24.59,132.44,1.1,60.21,Medium,synthetic_formula_with_seeded_noise,synthetic_prototype
REG-STA-005-2024-12,STA-005,juanda,Juanda,Bogor,2024-12,276043,6.08,83,88,49.11,54.69,26.61,120.93,1.1,50.78,Medium,synthetic_formula_with_seeded_noise,synthetic_prototype
REG-STA-005-2025-01,STA-005,juanda,Juanda,Bogor,2025-01,312462,5.81,83,78,47.74,45.61,32.27,123.29,1.1,57.02,Medium,synthetic_formula_with_seeded_noise,synthetic_prototype
REG-STA-005-2025-02,STA-005,juanda,Juanda,Bogor,2025-02,297327,7.92,88,84,48.98,44.48,26.45,116.46,1.1,54.19,Medium,synthetic_formula_with_seeded_noise,synthetic_prototype
REG-STA-005-2025-03,STA-005,juanda,Juanda,Bogor,2025-03,313461,7.3,72,72,44.8,49.95,24.82,123.55,1.1,55.15,Medium,synthetic_formula_with_seeded_noise,synthetic_prototype
REG-STA-005-2025-04,STA-005,juanda,Juanda,Bogor,2025-04,308502,6.73,80,81,54.67,52.59,27.34,129.67,1.1,53.6,Medium,synthetic_formula_with_seeded_noise,synthetic_prototype
REG-STA-005-2025-05,STA-005,juanda,Juanda,Bogor,2025-05,336921,6.51,83,83,52.55,50.06,24.54,126.53,1.1,55.3,Medium,synthetic_formula_with_seeded_noise,synthetic_prototype
REG-STA-005-2025-06,STA-005,juanda,Juanda,Bogor,2025-06,313412,7.17,85,93,53.83,49.27,22.27,129.94,1.1,60.91,Medium,synthetic_formula_with_seeded_noise,synthetic_prototype
REG-STA-005-2025-07,STA-005,juanda,Juanda,Bogor,2025-07,273857,6.59,77,72,46.23,48.43,28.27,118.47,1.1,57.45,Medium,synthetic_formula_with_seeded_noise,synthetic_prototype
REG-STA-005-2025-08,STA-005,juanda,Juanda,Bogor,2025-08,353276,7.49,87,96,50.07,53.95,21.63,115.83,1.1,60.57,Medium,synthetic_formula_with_seeded_noise,synthetic_prototype
REG-STA-005-2025-09,STA-005,juanda,Juanda,Bogor,2025-09,340534,6.87,88,94,51.76,53.79,28.56,117.2,1.1,54.49,Medium,synthetic_formula_with_seeded_noise,synthetic_prototype
REG-STA-005-2025-10,STA-005,juanda,Juanda,Bogor,2025-10,346472,6.81,85,87,48.23,46.99,22.66,133.97,1.1,55.15,Medium,synthetic_formula_with_seeded_noise,synthetic_prototype
REG-STA-005-2025-11,STA-005,juanda,Juanda,Bogor,2025-11,335089,6.54,89,86,49.93,51.22,24.19,130.68,1.1,59.32,Medium,synthetic_formula_with_seeded_noise,synthetic_prototype
REG-STA-005-2025-12,STA-005,juanda,Juanda,Bogor,2025-12,289537,7.83,76,75,49.06,50.02,26.86,110.59,1.1,54.79,Medium,synthetic_formula_with_seeded_noise,synthetic_prototype
REG-STA-006-2023-01,STA-006,gondangdia,Gondangdia,Bogor,2023-01,256419,4.41,58,61,45.74,48.93,28.94,126.52,1.2,44.98,Low,synthetic_formula_with_seeded_noise,synthetic_prototype
REG-STA-006-2023-02,STA-006,gondangdia,Gondangdia,Bogor,2023-02,268138,3.87,59,57,50.35,49.04,30.92,99.64,1.2,49.17,Medium,synthetic_formula_with_seeded_noise,synthetic_prototype
REG-STA-006-2023-03,STA-006,gondangdia,Gondangdia,Bogor,2023-03,277623,4.78,65,62,46.6,45.59,33.03,127.64,1.2,49.88,Medium,synthetic_formula_with_seeded_noise,synthetic_prototype
REG-STA-006-2023-04,STA-006,gondangdia,Gondangdia,Bogor,2023-04,262750,4.42,60,68,48.45,38.16,33.46,124.37,1.2,45.57,Medium,synthetic_formula_with_seeded_noise,synthetic_prototype
REG-STA-006-2023-05,STA-006,gondangdia,Gondangdia,Bogor,2023-05,308916,3.88,65,59,46.43,50.81,23.72,116.91,1.2,49.64,Medium,synthetic_formula_with_seeded_noise,synthetic_prototype
REG-STA-006-2023-06,STA-006,gondangdia,Gondangdia,Bogor,2023-06,281737,5.08,64,71,45.9,43.95,28.24,111.31,1.2,49.08,Medium,synthetic_formula_with_seeded_noise,synthetic_prototype
REG-STA-006-2023-07,STA-006,gondangdia,Gondangdia,Bogor,2023-07,260677,4.21,64,63,51.49,42.5,26.31,135.12,1.2,48.88,Medium,synthetic_formula_with_seeded_noise,synthetic_prototype
REG-STA-006-2023-08,STA-006,gondangdia,Gondangdia,Bogor,2023-08,308180,3.28,67,63,50.67,50.75,32.79,120.83,1.2,50.67,Medium,synthetic_formula_with_seeded_noise,synthetic_prototype
REG-STA-006-2023-09,STA-006,gondangdia,Gondangdia,Bogor,2023-09,309413,4.02,67,69,47.26,42.53,24.61,121.6,1.2,50.2,Medium,synthetic_formula_with_seeded_noise,synthetic_prototype
REG-STA-006-2023-10,STA-006,gondangdia,Gondangdia,Bogor,2023-10,305620,2.79,59,59,50.64,45.06,31.19,118.05,1.2,48.22,Medium,synthetic_formula_with_seeded_noise,synthetic_prototype
REG-STA-006-2023-11,STA-006,gondangdia,Gondangdia,Bogor,2023-11,315304,4.46,74,77,44.61,49.42,26.75,103.03,1.2,55.69,Medium,synthetic_formula_with_seeded_noise,synthetic_prototype
REG-STA-006-2023-12,STA-006,gondangdia,Gondangdia,Bogor,2023-12,292931,4.1,70,78,45.58,44.09,28.26,117.3,1.2,47.43,Medium,synthetic_formula_with_seeded_noise,synthetic_prototype
REG-STA-006-2024-01,STA-006,gondangdia,Gondangdia,Bogor,2024-01,269152,2.64,70,64,50.63,43.13,30.99,113.38,1.2,51.4,Medium,synthetic_formula_with_seeded_noise,synthetic_prototype
REG-STA-006-2024-02,STA-006,gondangdia,Gondangdia,Bogor,2024-02,283908,3.57,64,71,46.43,47.37,28.03,127.73,1.2,44.96,Low,synthetic_formula_with_seeded_noise,synthetic_prototype
REG-STA-006-2024-03,STA-006,gondangdia,Gondangdia,Bogor,2024-03,311735,4.3,68,72,45.19,39.74,25.44,127.07,1.2,45.77,Medium,synthetic_formula_with_seeded_noise,synthetic_prototype
REG-STA-006-2024-04,STA-006,gondangdia,Gondangdia,Bogor,2024-04,309773,3.59,67,64,48.3,42.96,26.14,121.94,1.2,52.06,Medium,synthetic_formula_with_seeded_noise,synthetic_prototype
REG-STA-006-2024-05,STA-006,gondangdia,Gondangdia,Bogor,2024-05,328024,3.45,72,69,47.87,50.41,28.84,121.25,1.2,56.59,Medium,synthetic_formula_with_seeded_noise,synthetic_prototype
REG-STA-006-2024-06,STA-006,gondangdia,Gondangdia,Bogor,2024-06,281461,3.93,68,76,44.66,43.03,23.98,132.27,1.2,51.89,Medium,synthetic_formula_with_seeded_noise,synthetic_prototype
REG-STA-006-2024-07,STA-006,gondangdia,Gondangdia,Bogor,2024-07,276905,4.34,60,58,50.17,46.76,27.69,125.44,1.2,48.37,Medium,synthetic_formula_with_seeded_noise,synthetic_prototype
REG-STA-006-2024-08,STA-006,gondangdia,Gondangdia,Bogor,2024-08,301470,4.47,70,71,47.78,48.97,26.74,120.48,1.2,49.68,Medium,synthetic_formula_with_seeded_noise,synthetic_prototype
REG-STA-006-2024-09,STA-006,gondangdia,Gondangdia,Bogor,2024-09,323062,3.21,67,70,45.71,42.24,26.63,128.01,1.2,46.35,Medium,synthetic_formula_with_seeded_noise,synthetic_prototype
REG-STA-006-2024-10,STA-006,gondangdia,Gondangdia,Bogor,2024-10,328699,4.26,64,59,46.44,48.06,25.64,117.77,1.2,46.62,Medium,synthetic_formula_with_seeded_noise,synthetic_prototype
REG-STA-006-2024-11,STA-006,gondangdia,Gondangdia,Bogor,2024-11,333713,4.45,71,71,41.94,41.68,25.57,124.4,1.2,52.15,Medium,synthetic_formula_with_seeded_noise,synthetic_prototype
REG-STA-006-2024-12,STA-006,gondangdia,Gondangdia,Bogor,2024-12,282832,4.48,68,65,46.09,43.95,28.32,113.7,1.2,45.78,Medium,synthetic_formula_with_seeded_noise,synthetic_prototype
REG-STA-006-2025-01,STA-006,gondangdia,Gondangdia,Bogor,2025-01,303415,3.64,68,75,45.89,49.7,29.35,123.08,1.2,48.61,Medium,synthetic_formula_with_seeded_noise,synthetic_prototype
REG-STA-006-2025-02,STA-006,gondangdia,Gondangdia,Bogor,2025-02,304424,3.36,64,56,45.84,46.25,26.25,138.77,1.2,50.08,Medium,synthetic_formula_with_seeded_noise,synthetic_prototype
REG-STA-006-2025-03,STA-006,gondangdia,Gondangdia,Bogor,2025-03,309540,3.86,64,60,49.15,43.8,27.34,120.7,1.2,58.4,Medium,synthetic_formula_with_seeded_noise,synthetic_prototype
REG-STA-006-2025-04,STA-006,gondangdia,Gondangdia,Bogor,2025-04,293999,3.79,71,77,47.63,46.08,33.16,124.42,1.2,50.26,Medium,synthetic_formula_with_seeded_noise,synthetic_prototype
REG-STA-006-2025-05,STA-006,gondangdia,Gondangdia,Bogor,2025-05,331657,4.87,65,73,51.3,47.24,30.35,132.8,1.2,48.54,Medium,synthetic_formula_with_seeded_noise,synthetic_prototype
REG-STA-006-2025-06,STA-006,gondangdia,Gondangdia,Bogor,2025-06,320316,4.87,69,71,46.73,50.45,28.04,119.38,1.2,51.65,Medium,synthetic_formula_with_seeded_noise,synthetic_prototype
REG-STA-006-2025-07,STA-006,gondangdia,Gondangdia,Bogor,2025-07,290692,4.06,62,68,48.65,47.58,25.72,128.02,1.2,51.35,Medium,synthetic_formula_with_seeded_noise,synthetic_prototype
REG-STA-006-2025-08,STA-006,gondangdia,Gondangdia,Bogor,2025-08,312892,3.68,63,65,46.39,50.77,27.45,122.74,1.2,50.21,Medium,synthetic_formula_with_seeded_noise,synthetic_prototype
REG-STA-006-2025-09,STA-006,gondangdia,Gondangdia,Bogor,2025-09,339331,3.15,66,64,48.89,44.21,26.76,119.11,1.2,52.91,Medium,synthetic_formula_with_seeded_noise,synthetic_prototype
REG-STA-006-2025-10,STA-006,gondangdia,Gondangdia,Bogor,2025-10,348646,3.94,62,74,44.88,46.96,24.53,105.2,1.2,55.93,Medium,synthetic_formula_with_seeded_noise,synthetic_prototype
REG-STA-006-2025-11,STA-006,gondangdia,Gondangdia,Bogor,2025-11,311554,3.93,68,78,48.03,52.32,30.87,122.95,1.2,53.92,Medium,synthetic_formula_with_seeded_noise,synthetic_prototype
REG-STA-006-2025-12,STA-006,gondangdia,Gondangdia,Bogor,2025-12,309388,2.94,61,65,44.92,45.2,33.35,120.37,1.2,49.59,Medium,synthetic_formula_with_seeded_noise,synthetic_prototype
REG-STA-007-2023-01,STA-007,cikini,Cikini,Bogor,2023-01,261055,8.2,73,79,40.09,45.63,23.65,113.87,2.3,44.63,Low,synthetic_formula_with_seeded_noise,synthetic_prototype
REG-STA-007-2023-02,STA-007,cikini,Cikini,Bogor,2023-02,287051,6.33,71,72,42.35,39.24,29.84,136.26,2.3,45.69,Medium,synthetic_formula_with_seeded_noise,synthetic_prototype
REG-STA-007-2023-03,STA-007,cikini,Cikini,Bogor,2023-03,260038,6.88,73,75,41.26,36.64,30.6,129.43,2.3,51.4,Medium,synthetic_formula_with_seeded_noise,synthetic_prototype
REG-STA-007-2023-04,STA-007,cikini,Cikini,Bogor,2023-04,285026,7.07,76,68,44.64,41.05,30.01,120.07,2.3,53.82,Medium,synthetic_formula_with_seeded_noise,synthetic_prototype
REG-STA-007-2023-05,STA-007,cikini,Cikini,Bogor,2023-05,300234,6.25,71,69,43.5,38.9,21.97,111.18,2.3,44.44,Low,synthetic_formula_with_seeded_noise,synthetic_prototype
REG-STA-007-2023-06,STA-007,cikini,Cikini,Bogor,2023-06,264043,6.73,77,81,43.69,43.92,29.42,127.99,2.3,48.73,Medium,synthetic_formula_with_seeded_noise,synthetic_prototype
REG-STA-007-2023-07,STA-007,cikini,Cikini,Bogor,2023-07,262389,6.21,69,78,43.15,41.49,30.15,130.81,2.3,45.07,Medium,synthetic_formula_with_seeded_noise,synthetic_prototype
REG-STA-007-2023-08,STA-007,cikini,Cikini,Bogor,2023-08,272731,7.66,71,83,42.18,42.0,25.17,122.85,2.3,49.64,Medium,synthetic_formula_with_seeded_noise,synthetic_prototype
REG-STA-007-2023-09,STA-007,cikini,Cikini,Bogor,2023-09,302321,6.76,73,65,46.35,37.29,26.31,112.46,2.3,51.85,Medium,synthetic_formula_with_seeded_noise,synthetic_prototype
REG-STA-007-2023-10,STA-007,cikini,Cikini,Bogor,2023-10,318197,8.15,77,84,44.22,42.4,24.31,128.74,2.3,51.26,Medium,synthetic_formula_with_seeded_noise,synthetic_prototype
REG-STA-007-2023-11,STA-007,cikini,Cikini,Bogor,2023-11,329185,7.0,75,87,44.29,40.77,31.53,112.63,2.3,57.75,Medium,synthetic_formula_with_seeded_noise,synthetic_prototype
REG-STA-007-2023-12,STA-007,cikini,Cikini,Bogor,2023-12,270233,7.35,72,67,45.62,38.93,27.28,127.11,2.3,46.57,Medium,synthetic_formula_with_seeded_noise,synthetic_prototype
REG-STA-007-2024-01,STA-007,cikini,Cikini,Bogor,2024-01,282872,5.96,69,68,43.36,40.18,29.05,115.91,2.3,55.1,Medium,synthetic_formula_with_seeded_noise,synthetic_prototype
REG-STA-007-2024-02,STA-007,cikini,Cikini,Bogor,2024-02,303909,6.53,73,74,42.57,41.03,28.78,114.62,2.3,52.46,Medium,synthetic_formula_with_seeded_noise,synthetic_prototype
REG-STA-007-2024-03,STA-007,cikini,Cikini,Bogor,2024-03,306567,6.58,79,86,44.27,46.09,31.54,122.5,2.3,48.23,Medium,synthetic_formula_with_seeded_noise,synthetic_prototype
REG-STA-007-2024-04,STA-007,cikini,Cikini,Bogor,2024-04,297211,6.87,79,76,40.25,43.14,34.21,121.7,2.3,56.26,Medium,synthetic_formula_with_seeded_noise,synthetic_prototype
REG-STA-007-2024-05,STA-007,cikini,Cikini,Bogor,2024-05,325898,7.15,78,84,46.38,44.9,27.6,139.51,2.3,56.85,Medium,synthetic_formula_with_seeded_noise,synthetic_prototype
REG-STA-007-2024-06,STA-007,cikini,Cikini,Bogor,2024-06,278727,6.95,75,80,36.5,44.84,25.39,121.49,2.3,43.34,Low,synthetic_formula_with_seeded_noise,synthetic_prototype
REG-STA-007-2024-07,STA-007,cikini,Cikini,Bogor,2024-07,279600,7.04,75,83,39.69,39.67,27.31,132.92,2.3,54.01,Medium,synthetic_formula_with_seeded_noise,synthetic_prototype
REG-STA-007-2024-08,STA-007,cikini,Cikini,Bogor,2024-08,314223,5.95,77,88,41.36,41.69,21.08,126.54,2.3,53.96,Medium,synthetic_formula_with_seeded_noise,synthetic_prototype
REG-STA-007-2024-09,STA-007,cikini,Cikini,Bogor,2024-09,324565,6.13,87,94,42.9,38.09,29.4,127.37,2.3,56.74,Medium,synthetic_formula_with_seeded_noise,synthetic_prototype
REG-STA-007-2024-10,STA-007,cikini,Cikini,Bogor,2024-10,322257,6.06,79,86,43.47,39.19,32.84,125.99,2.3,56.12,Medium,synthetic_formula_with_seeded_noise,synthetic_prototype
REG-STA-007-2024-11,STA-007,cikini,Cikini,Bogor,2024-11,329783,5.84,79,81,40.43,41.33,24.49,122.98,2.3,53.97,Medium,synthetic_formula_with_seeded_noise,synthetic_prototype
REG-STA-007-2024-12,STA-007,cikini,Cikini,Bogor,2024-12,298338,6.12,68,70,39.96,42.04,22.01,122.73,2.3,50.84,Medium,synthetic_formula_with_seeded_noise,synthetic_prototype
REG-STA-007-2025-01,STA-007,cikini,Cikini,Bogor,2025-01,291029,6.21,73,77,41.24,42.23,30.43,119.9,2.3,51.16,Medium,synthetic_formula_with_seeded_noise,synthetic_prototype
REG-STA-007-2025-02,STA-007,cikini,Cikini,Bogor,2025-02,311987,6.87,73,77,43.98,39.29,25.14,116.6,2.3,50.93,Medium,synthetic_formula_with_seeded_noise,synthetic_prototype
REG-STA-007-2025-03,STA-007,cikini,Cikini,Bogor,2025-03,350519,6.68,81,87,45.76,43.99,25.25,125.17,2.3,53.81,Medium,synthetic_formula_with_seeded_noise,synthetic_prototype
REG-STA-007-2025-04,STA-007,cikini,Cikini,Bogor,2025-04,324034,7.55,73,83,42.5,38.93,26.23,111.42,2.3,47.78,Medium,synthetic_formula_with_seeded_noise,synthetic_prototype
REG-STA-007-2025-05,STA-007,cikini,Cikini,Bogor,2025-05,332556,6.55,82,74,41.64,42.99,29.49,118.49,2.3,60.72,Medium,synthetic_formula_with_seeded_noise,synthetic_prototype
REG-STA-007-2025-06,STA-007,cikini,Cikini,Bogor,2025-06,286980,6.75,81,73,41.97,43.02,25.57,127.55,2.3,51.23,Medium,synthetic_formula_with_seeded_noise,synthetic_prototype
REG-STA-007-2025-07,STA-007,cikini,Cikini,Bogor,2025-07,323979,7.23,78,79,39.35,35.44,31.25,128.67,2.3,52.18,Medium,synthetic_formula_with_seeded_noise,synthetic_prototype
REG-STA-007-2025-08,STA-007,cikini,Cikini,Bogor,2025-08,333697,6.32,80,85,38.49,36.89,28.51,135.23,2.3,47.86,Medium,synthetic_formula_with_seeded_noise,synthetic_prototype
REG-STA-007-2025-09,STA-007,cikini,Cikini,Bogor,2025-09,342891,6.24,78,77,36.61,38.96,35.03,125.55,2.3,50.72,Medium,synthetic_formula_with_seeded_noise,synthetic_prototype
REG-STA-007-2025-10,STA-007,cikini,Cikini,Bogor,2025-10,352151,5.91,80,88,38.15,43.16,26.28,112.43,2.3,58.73,Medium,synthetic_formula_with_seeded_noise,synthetic_prototype
REG-STA-007-2025-11,STA-007,cikini,Cikini,Bogor,2025-11,351994,6.41,77,78,40.93,38.64,29.57,129.11,2.3,54.89,Medium,synthetic_formula_with_seeded_noise,synthetic_prototype
REG-STA-007-2025-12,STA-007,cikini,Cikini,Bogor,2025-12,308271,6.74,73,76,50.02,40.14,25.25,119.49,2.3,55.29,Medium,synthetic_formula_with_seeded_noise,synthetic_prototype
REG-STA-008-2023-01,STA-008,manggarai,Manggarai,Bogor,2023-01,1011902,4.63,160,158,88.82,44.44,73.74,154.84,4.7,61.86,Medium,synthetic_formula_with_seeded_noise,synthetic_prototype
REG-STA-008-2023-02,STA-008,manggarai,Manggarai,Bogor,2023-02,1058890,4.06,162,170,84.37,42.11,76.94,148.5,4.7,71.96,High,synthetic_formula_with_seeded_noise,synthetic_prototype
REG-STA-008-2023-03,STA-008,manggarai,Manggarai,Bogor,2023-03,1204456,4.32,157,155,88.36,48.98,78.14,147.57,4.7,67.23,Medium,synthetic_formula_with_seeded_noise,synthetic_prototype
REG-STA-008-2023-04,STA-008,manggarai,Manggarai,Bogor,2023-04,1118331,3.5,162,160,88.37,35.04,82.99,148.37,4.7,64.36,Medium,synthetic_formula_with_seeded_noise,synthetic_prototype
REG-STA-008-2023-05,STA-008,manggarai,Manggarai,Bogor,2023-05,1171409,3.97,161,164,89.13,34.98,78.42,148.15,4.7,62.6,Medium,synthetic_formula_with_seeded_noise,synthetic_prototype
REG-STA-008-2023-06,STA-008,manggarai,Manggarai,Bogor,2023-06,1090905,4.96,155,157,88.91,36.73,81.3,146.88,4.7,70.83,High,synthetic_formula_with_seeded_noise,synthetic_prototype
REG-STA-008-2023-07,STA-008,manggarai,Manggarai,Bogor,2023-07,1049781,4.47,158,160,87.65,48.06,76.24,131.91,4.7,69.49,Medium,synthetic_formula_with_seeded_noise,synthetic_prototype
REG-STA-008-2023-08,STA-008,manggarai,Manggarai,Bogor,2023-08,1231070,4.73,166,162,88.51,42.6,77.61,149.01,4.7,77.45,High,synthetic_formula_with_seeded_noise,synthetic_prototype
REG-STA-008-2023-09,STA-008,manggarai,Manggarai,Bogor,2023-09,1185747,4.93,166,175,85.56,47.32,76.26,143.44,4.7,67.1,Medium,synthetic_formula_with_seeded_noise,synthetic_prototype
REG-STA-008-2023-10,STA-008,manggarai,Manggarai,Bogor,2023-10,1238418,3.7,161,166,85.07,46.81,74.79,149.29,4.7,71.23,High,synthetic_formula_with_seeded_noise,synthetic_prototype
REG-STA-008-2023-11,STA-008,manggarai,Manggarai,Bogor,2023-11,1223746,3.23,159,162,87.16,44.87,79.27,149.41,4.7,66.09,Medium,synthetic_formula_with_seeded_noise,synthetic_prototype
REG-STA-008-2023-12,STA-008,manggarai,Manggarai,Bogor,2023-12,1039198,5.19,150,150,87.96,39.62,76.49,139.21,4.7,70.08,High,synthetic_formula_with_seeded_noise,synthetic_prototype
REG-STA-008-2024-01,STA-008,manggarai,Manggarai,Bogor,2024-01,1172805,3.55,164,165,84.36,36.24,75.11,141.89,4.7,67.28,Medium,synthetic_formula_with_seeded_noise,synthetic_prototype
REG-STA-008-2024-02,STA-008,manggarai,Manggarai,Bogor,2024-02,1189363,4.62,159,163,86.11,38.97,80.06,146.73,4.7,74.93,High,synthetic_formula_with_seeded_noise,synthetic_prototype
REG-STA-008-2024-03,STA-008,manggarai,Manggarai,Bogor,2024-03,1337703,3.35,164,161,85.52,41.01,80.31,149.05,4.7,78.41,High,synthetic_formula_with_seeded_noise,synthetic_prototype
REG-STA-008-2024-04,STA-008,manggarai,Manggarai,Bogor,2024-04,1134132,4.35,155,153,83.18,40.98,75.4,165.18,4.7,73.65,High,synthetic_formula_with_seeded_noise,synthetic_prototype
REG-STA-008-2024-05,STA-008,manggarai,Manggarai,Bogor,2024-05,1312839,4.01,159,169,89.12,39.7,78.76,143.97,4.7,75.87,High,synthetic_formula_with_seeded_noise,synthetic_prototype
REG-STA-008-2024-06,STA-008,manggarai,Manggarai,Bogor,2024-06,1141406,4.2,162,161,85.1,44.33,79.95,142.36,4.7,72.84,High,synthetic_formula_with_seeded_noise,synthetic_prototype
REG-STA-008-2024-07,STA-008,manggarai,Manggarai,Bogor,2024-07,1205556,3.39,164,161,84.93,41.48,84.19,138.44,4.7,73.13,High,synthetic_formula_with_seeded_noise,synthetic_prototype
REG-STA-008-2024-08,STA-008,manggarai,Manggarai,Bogor,2024-08,1215642,4.28,158,159,88.49,40.13,78.88,140.7,4.7,72.27,High,synthetic_formula_with_seeded_noise,synthetic_prototype
REG-STA-008-2024-09,STA-008,manggarai,Manggarai,Bogor,2024-09,1249770,4.28,162,157,88.01,42.81,74.89,141.89,4.7,75.46,High,synthetic_formula_with_seeded_noise,synthetic_prototype
REG-STA-008-2024-10,STA-008,manggarai,Manggarai,Bogor,2024-10,1298265,4.46,164,166,81.76,39.12,77.28,139.47,4.7,73.19,High,synthetic_formula_with_seeded_noise,synthetic_prototype
REG-STA-008-2024-11,STA-008,manggarai,Manggarai,Bogor,2024-11,1205882,4.13,150,153,86.31,42.52,73.98,147.91,4.7,74.69,High,synthetic_formula_with_seeded_noise,synthetic_prototype
REG-STA-008-2024-12,STA-008,manggarai,Manggarai,Bogor,2024-12,1145439,5.07,157,159,85.23,38.7,78.41,141.21,4.7,63.28,Medium,synthetic_formula_with_seeded_noise,synthetic_prototype
REG-STA-008-2025-01,STA-008,manggarai,Manggarai,Bogor,2025-01,1148010,5.08,162,160,90.5,46.53,78.1,136.29,4.7,69.97,Medium,synthetic_formula_with_seeded_noise,synthetic_prototype
REG-STA-008-2025-02,STA-008,manggarai,Manggarai,Bogor,2025-02,1187579,5.22,166,169,83.71,48.85,75.52,144.73,4.7,69.62,Medium,synthetic_formula_with_seeded_noise,synthetic_prototype
REG-STA-008-2025-03,STA-008,manggarai,Manggarai,Bogor,2025-03,1303814,3.83,165,158,87.7,47.6,76.99,139.58,4.7,73.42,High,synthetic_formula_with_seeded_noise,synthetic_prototype
REG-STA-008-2025-04,STA-008,manggarai,Manggarai,Bogor,2025-04,1213289,5.22,161,167,89.53,37.18,77.58,130.11,4.7,65.84,Medium,synthetic_formula_with_seeded_noise,synthetic_prototype
REG-STA-008-2025-05,STA-008,manggarai,Manggarai,Bogor,2025-05,1306348,4.17,169,174,92.11,42.97,73.21,124.53,4.7,71.34,High,synthetic_formula_with_seeded_noise,synthetic_prototype
REG-STA-008-2025-06,STA-008,manggarai,Manggarai,Bogor,2025-06,1206195,4.75,168,174,89.38,38.98,78.21,146.79,4.7,71.07,High,synthetic_formula_with_seeded_noise,synthetic_prototype
REG-STA-008-2025-07,STA-008,manggarai,Manggarai,Bogor,2025-07,1162988,3.98,164,161,88.21,41.74,77.11,147.03,4.7,69.72,Medium,synthetic_formula_with_seeded_noise,synthetic_prototype
REG-STA-008-2025-08,STA-008,manggarai,Manggarai,Bogor,2025-08,1411745,3.89,161,162,86.65,43.1,76.6,140.45,4.7,63.52,Medium,synthetic_formula_with_seeded_noise,synthetic_prototype
REG-STA-008-2025-09,STA-008,manggarai,Manggarai,Bogor,2025-09,1225442,4.29,168,169,86.57,41.05,83.05,151.19,4.7,70.17,High,synthetic_formula_with_seeded_noise,synthetic_prototype
REG-STA-008-2025-10,STA-008,manggarai,Manggarai,Bogor,2025-10,1471526,3.69,169,170,83.39,41.12,73.54,146.51,4.7,77.68,High,synthetic_formula_with_seeded_noise,synthetic_prototype
REG-STA-008-2025-11,STA-008,manggarai,Manggarai,Bogor,2025-11,1466538,4.23,167,167,88.43,39.51,76.9,147.79,4.7,73.24,High,synthetic_formula_with_seeded_noise,synthetic_prototype
REG-STA-008-2025-12,STA-008,manggarai,Manggarai,Bogor,2025-12,1137387,4.78,161,159,87.29,40.28,81.79,131.04,4.7,68.74,Medium,synthetic_formula_with_seeded_noise,synthetic_prototype
REG-STA-009-2023-01,STA-009,tebet,Tebet,Bogor,2023-01,529053,3.68,88,85,38.45,47.2,25.92,131.07,6.2,46.97,Medium,synthetic_formula_with_seeded_noise,synthetic_prototype
REG-STA-009-2023-02,STA-009,tebet,Tebet,Bogor,2023-02,545930,4.89,88,89,35.27,45.53,29.11,124.94,6.2,55.86,Medium,synthetic_formula_with_seeded_noise,synthetic_prototype
REG-STA-009-2023-03,STA-009,tebet,Tebet,Bogor,2023-03,581074,4.29,96,95,39.54,45.19,31.68,137.76,6.2,54.04,Medium,synthetic_formula_with_seeded_noise,synthetic_prototype
REG-STA-009-2023-04,STA-009,tebet,Tebet,Bogor,2023-04,546729,4.3,88,88,37.91,48.8,26.27,132.75,6.2,46.47,Medium,synthetic_formula_with_seeded_noise,synthetic_prototype
REG-STA-009-2023-05,STA-009,tebet,Tebet,Bogor,2023-05,564507,4.45,93,90,40.07,47.19,25.76,127.76,6.2,47.66,Medium,synthetic_formula_with_seeded_noise,synthetic_prototype
REG-STA-009-2023-06,STA-009,tebet,Tebet,Bogor,2023-06,525486,3.86,84,87,41.06,52.48,27.8,129.55,6.2,43.5,Low,synthetic_formula_with_seeded_noise,synthetic_prototype
REG-STA-009-2023-07,STA-009,tebet,Tebet,Bogor,2023-07,515692,5.35,93,97,44.12,42.69,28.01,121.76,6.2,45.83,Medium,synthetic_formula_with_seeded_noise,synthetic_prototype
REG-STA-009-2023-08,STA-009,tebet,Tebet,Bogor,2023-08,573558,3.9,92,93,41.96,50.67,30.67,120.32,6.2,51.78,Medium,synthetic_formula_with_seeded_noise,synthetic_prototype
REG-STA-009-2023-09,STA-009,tebet,Tebet,Bogor,2023-09,606068,5.32,90,88,41.5,44.39,24.6,122.36,6.2,53.2,Medium,synthetic_formula_with_seeded_noise,synthetic_prototype
REG-STA-009-2023-10,STA-009,tebet,Tebet,Bogor,2023-10,637573,5.74,89,79,39.18,50.61,24.75,135.5,6.2,49.86,Medium,synthetic_formula_with_seeded_noise,synthetic_prototype
REG-STA-009-2023-11,STA-009,tebet,Tebet,Bogor,2023-11,668522,4.46,92,89,41.37,46.07,27.71,139.66,6.2,49.46,Medium,synthetic_formula_with_seeded_noise,synthetic_prototype
REG-STA-009-2023-12,STA-009,tebet,Tebet,Bogor,2023-12,555762,4.18,88,98,39.45,38.38,28.74,125.06,6.2,48.65,Medium,synthetic_formula_with_seeded_noise,synthetic_prototype
REG-STA-009-2024-01,STA-009,tebet,Tebet,Bogor,2024-01,537402,5.08,91,96,37.53,47.25,24.88,132.62,6.2,49.76,Medium,synthetic_formula_with_seeded_noise,synthetic_prototype
REG-STA-009-2024-02,STA-009,tebet,Tebet,Bogor,2024-02,576151,4.75,89,95,38.19,40.52,30.42,122.54,6.2,43.64,Low,synthetic_formula_with_seeded_noise,synthetic_prototype
REG-STA-009-2024-03,STA-009,tebet,Tebet,Bogor,2024-03,624231,4.86,94,88,39.96,43.19,32.58,126.56,6.2,47.42,Medium,synthetic_formula_with_seeded_noise,synthetic_prototype
REG-STA-009-2024-04,STA-009,tebet,Tebet,Bogor,2024-04,628926,4.42,94,96,35.86,55.2,24.65,136.69,6.2,54.33,Medium,synthetic_formula_with_seeded_noise,synthetic_prototype
REG-STA-009-2024-05,STA-009,tebet,Tebet,Bogor,2024-05,658401,3.98,98,100,38.32,38.1,24.65,133.87,6.2,51.18,Medium,synthetic_formula_with_seeded_noise,synthetic_prototype
REG-STA-009-2024-06,STA-009,tebet,Tebet,Bogor,2024-06,553474,5.28,86,89,42.7,48.03,27.65,126.6,6.2,48.32,Medium,synthetic_formula_with_seeded_noise,synthetic_prototype
REG-STA-009-2024-07,STA-009,tebet,Tebet,Bogor,2024-07,534314,4.93,85,88,38.72,47.48,32.23,127.83,6.2,51.43,Medium,synthetic_formula_with_seeded_noise,synthetic_prototype
REG-STA-009-2024-08,STA-009,tebet,Tebet,Bogor,2024-08,640489,4.81,99,98,36.74,43.56,33.57,123.96,6.2,48.24,Medium,synthetic_formula_with_seeded_noise,synthetic_prototype
REG-STA-009-2024-09,STA-009,tebet,Tebet,Bogor,2024-09,612457,4.43,92,92,39.39,46.94,29.19,130.43,6.2,54.91,Medium,synthetic_formula_with_seeded_noise,synthetic_prototype
REG-STA-009-2024-10,STA-009,tebet,Tebet,Bogor,2024-10,713801,5.05,89,92,35.76,38.92,25.56,121.35,6.2,50.83,Medium,synthetic_formula_with_seeded_noise,synthetic_prototype
REG-STA-009-2024-11,STA-009,tebet,Tebet,Bogor,2024-11,690006,4.14,86,92,38.67,50.82,27.5,127.15,6.2,48.41,Medium,synthetic_formula_with_seeded_noise,synthetic_prototype
REG-STA-009-2024-12,STA-009,tebet,Tebet,Bogor,2024-12,574043,5.15,93,99,38.26,50.51,21.02,121.16,6.2,52.67,Medium,synthetic_formula_with_seeded_noise,synthetic_prototype
REG-STA-009-2025-01,STA-009,tebet,Tebet,Bogor,2025-01,579433,4.14,100,104,42.15,50.06,24.79,132.12,6.2,50.9,Medium,synthetic_formula_with_seeded_noise,synthetic_prototype
REG-STA-009-2025-02,STA-009,tebet,Tebet,Bogor,2025-02,598049,4.57,91,95,43.44,48.34,30.03,123.84,6.2,52.66,Medium,synthetic_formula_with_seeded_noise,synthetic_prototype
REG-STA-009-2025-03,STA-009,tebet,Tebet,Bogor,2025-03,616011,4.79,89,88,43.07,46.37,29.0,137.08,6.2,48.98,Medium,synthetic_formula_with_seeded_noise,synthetic_prototype
REG-STA-009-2025-04,STA-009,tebet,Tebet,Bogor,2025-04,600830,4.0,89,88,42.22,47.58,27.46,144.35,6.2,52.54,Medium,synthetic_formula_with_seeded_noise,synthetic_prototype
REG-STA-009-2025-05,STA-009,tebet,Tebet,Bogor,2025-05,642477,5.97,95,94,36.62,35.66,29.41,124.98,6.2,52.21,Medium,synthetic_formula_with_seeded_noise,synthetic_prototype
REG-STA-009-2025-06,STA-009,tebet,Tebet,Bogor,2025-06,642633,3.82,97,100,36.41,47.61,27.58,133.26,6.2,54.37,Medium,synthetic_formula_with_seeded_noise,synthetic_prototype
REG-STA-009-2025-07,STA-009,tebet,Tebet,Bogor,2025-07,609473,3.67,90,84,41.92,45.28,32.62,126.27,6.2,55.08,Medium,synthetic_formula_with_seeded_noise,synthetic_prototype
REG-STA-009-2025-08,STA-009,tebet,Tebet,Bogor,2025-08,699682,3.77,92,101,37.38,46.81,25.9,127.11,6.2,57.73,Medium,synthetic_formula_with_seeded_noise,synthetic_prototype
REG-STA-009-2025-09,STA-009,tebet,Tebet,Bogor,2025-09,705185,3.83,92,103,42.22,48.44,26.85,132.55,6.2,56.57,Medium,synthetic_formula_with_seeded_noise,synthetic_prototype
REG-STA-009-2025-10,STA-009,tebet,Tebet,Bogor,2025-10,673144,4.02,94,91,41.16,47.05,25.91,128.45,6.2,53.18,Medium,synthetic_formula_with_seeded_noise,synthetic_prototype
REG-STA-009-2025-11,STA-009,tebet,Tebet,Bogor,2025-11,683801,4.34,96,93,35.84,51.36,22.94,124.28,6.2,50.64,Medium,synthetic_formula_with_seeded_noise,synthetic_prototype
REG-STA-009-2025-12,STA-009,tebet,Tebet,Bogor,2025-12,632263,4.51,92,83,44.91,47.14,33.79,120.45,6.2,58.46,Medium,synthetic_formula_with_seeded_noise,synthetic_prototype
REG-STA-010-2023-01,STA-010,cawang,Cawang,Bogor,2023-01,528247,7.35,85,89,43.52,46.33,25.17,127.93,8.5,49.57,Medium,synthetic_formula_with_seeded_noise,synthetic_prototype
REG-STA-010-2023-02,STA-010,cawang,Cawang,Bogor,2023-02,538680,7.08,89,87,49.35,43.76,29.92,134.48,8.5,49.85,Medium,synthetic_formula_with_seeded_noise,synthetic_prototype
REG-STA-010-2023-03,STA-010,cawang,Cawang,Bogor,2023-03,536367,7.42,84,86,49.26,48.61,31.04,120.51,8.5,53.0,Medium,synthetic_formula_with_seeded_noise,synthetic_prototype
REG-STA-010-2023-04,STA-010,cawang,Cawang,Bogor,2023-04,551322,6.9,95,92,43.06,41.48,34.17,130.89,8.5,57.26,Medium,synthetic_formula_with_seeded_noise,synthetic_prototype
REG-STA-010-2023-05,STA-010,cawang,Cawang,Bogor,2023-05,599826,7.57,86,93,48.16,40.83,30.1,121.83,8.5,52.0,Medium,synthetic_formula_with_seeded_noise,synthetic_prototype
REG-STA-010-2023-06,STA-010,cawang,Cawang,Bogor,2023-06,587141,7.04,89,94,45.06,41.47,30.58,110.41,8.5,49.79,Medium,synthetic_formula_with_seeded_noise,synthetic_prototype
REG-STA-010-2023-07,STA-010,cawang,Cawang,Bogor,2023-07,518837,7.36,85,84,47.7,44.33,29.32,117.64,8.5,52.74,Medium,synthetic_formula_with_seeded_noise,synthetic_prototype
REG-STA-010-2023-08,STA-010,cawang,Cawang,Bogor,2023-08,599722,7.78,87,95,45.74,47.78,27.69,114.11,8.5,53.21,Medium,synthetic_formula_with_seeded_noise,synthetic_prototype
REG-STA-010-2023-09,STA-010,cawang,Cawang,Bogor,2023-09,609156,7.71,95,94,44.33,52.72,27.12,129.05,8.5,51.04,Medium,synthetic_formula_with_seeded_noise,synthetic_prototype
REG-STA-010-2023-10,STA-010,cawang,Cawang,Bogor,2023-10,598101,6.6,94,103,50.17,44.04,27.81,128.31,8.5,58.19,Medium,synthetic_formula_with_seeded_noise,synthetic_prototype
REG-STA-010-2023-11,STA-010,cawang,Cawang,Bogor,2023-11,650039,7.72,89,96,45.59,45.18,27.51,124.61,8.5,57.15,Medium,synthetic_formula_with_seeded_noise,synthetic_prototype
REG-STA-010-2023-12,STA-010,cawang,Cawang,Bogor,2023-12,568508,6.49,77,87,46.13,45.47,29.09,119.31,8.5,52.77,Medium,synthetic_formula_with_seeded_noise,synthetic_prototype
REG-STA-010-2024-01,STA-010,cawang,Cawang,Bogor,2024-01,516253,7.23,86,87,42.43,43.16,29.76,108.64,8.5,52.46,Medium,synthetic_formula_with_seeded_noise,synthetic_prototype
REG-STA-010-2024-02,STA-010,cawang,Cawang,Bogor,2024-02,603721,7.73,84,86,46.36,41.6,27.45,126.71,8.5,49.87,Medium,synthetic_formula_with_seeded_noise,synthetic_prototype
REG-STA-010-2024-03,STA-010,cawang,Cawang,Bogor,2024-03,612992,8.62,89,91,49.62,43.32,34.88,119.42,8.5,57.74,Medium,synthetic_formula_with_seeded_noise,synthetic_prototype
REG-STA-010-2024-04,STA-010,cawang,Cawang,Bogor,2024-04,613988,7.07,90,93,45.12,42.13,30.83,119.73,8.5,56.98,Medium,synthetic_formula_with_seeded_noise,synthetic_prototype
REG-STA-010-2024-05,STA-010,cawang,Cawang,Bogor,2024-05,593834,7.21,91,87,48.82,44.81,26.17,125.26,8.5,53.6,Medium,synthetic_formula_with_seeded_noise,synthetic_prototype
REG-STA-010-2024-06,STA-010,cawang,Cawang,Bogor,2024-06,552965,6.52,97,104,44.78,40.04,31.84,123.57,8.5,55.55,Medium,synthetic_formula_with_seeded_noise,synthetic_prototype
REG-STA-010-2024-07,STA-010,cawang,Cawang,Bogor,2024-07,554348,7.72,92,87,48.48,50.53,27.23,128.71,8.5,58.5,Medium,synthetic_formula_with_seeded_noise,synthetic_prototype
REG-STA-010-2024-08,STA-010,cawang,Cawang,Bogor,2024-08,629310,6.61,94,93,43.43,48.87,30.39,123.47,8.5,52.94,Medium,synthetic_formula_with_seeded_noise,synthetic_prototype
REG-STA-010-2024-09,STA-010,cawang,Cawang,Bogor,2024-09,634963,7.41,87,96,46.72,45.57,31.32,133.08,8.5,55.25,Medium,synthetic_formula_with_seeded_noise,synthetic_prototype
REG-STA-010-2024-10,STA-010,cawang,Cawang,Bogor,2024-10,681648,7.13,93,105,47.23,48.0,26.58,122.11,8.5,54.28,Medium,synthetic_formula_with_seeded_noise,synthetic_prototype
REG-STA-010-2024-11,STA-010,cawang,Cawang,Bogor,2024-11,630781,7.07,91,90,45.82,48.31,20.79,133.31,8.5,51.48,Medium,synthetic_formula_with_seeded_noise,synthetic_prototype
REG-STA-010-2024-12,STA-010,cawang,Cawang,Bogor,2024-12,581690,7.26,92,100,43.76,48.28,22.99,134.31,8.5,49.13,Medium,synthetic_formula_with_seeded_noise,synthetic_prototype
REG-STA-010-2025-01,STA-010,cawang,Cawang,Bogor,2025-01,558766,6.55,90,89,45.96,41.67,25.1,128.73,8.5,49.17,Medium,synthetic_formula_with_seeded_noise,synthetic_prototype
REG-STA-010-2025-02,STA-010,cawang,Cawang,Bogor,2025-02,624382,7.43,91,92,48.79,47.23,24.22,118.01,8.5,52.49,Medium,synthetic_formula_with_seeded_noise,synthetic_prototype
REG-STA-010-2025-03,STA-010,cawang,Cawang,Bogor,2025-03,646487,8.03,80,73,41.07,41.87,21.77,117.4,8.5,49.92,Medium,synthetic_formula_with_seeded_noise,synthetic_prototype
REG-STA-010-2025-04,STA-010,cawang,Cawang,Bogor,2025-04,610826,6.72,96,96,50.32,46.21,29.97,121.72,8.5,56.48,Medium,synthetic_formula_with_seeded_noise,synthetic_prototype
REG-STA-010-2025-05,STA-010,cawang,Cawang,Bogor,2025-05,691465,7.74,98,94,45.96,46.5,32.08,126.23,8.5,54.73,Medium,synthetic_formula_with_seeded_noise,synthetic_prototype
REG-STA-010-2025-06,STA-010,cawang,Cawang,Bogor,2025-06,611213,7.68,81,81,45.91,40.53,28.7,125.21,8.5,50.46,Medium,synthetic_formula_with_seeded_noise,synthetic_prototype
REG-STA-010-2025-07,STA-010,cawang,Cawang,Bogor,2025-07,579003,7.87,89,94,46.94,47.46,24.44,125.66,8.5,52.89,Medium,synthetic_formula_with_seeded_noise,synthetic_prototype
REG-STA-010-2025-08,STA-010,cawang,Cawang,Bogor,2025-08,696693,6.83,92,86,45.4,43.61,23.41,139.38,8.5,55.84,Medium,synthetic_formula_with_seeded_noise,synthetic_prototype
REG-STA-010-2025-09,STA-010,cawang,Cawang,Bogor,2025-09,655761,7.48,94,100,46.47,43.63,30.78,120.39,8.5,54.45,Medium,synthetic_formula_with_seeded_noise,synthetic_prototype
REG-STA-010-2025-10,STA-010,cawang,Cawang,Bogor,2025-10,722352,6.67,100,100,47.41,54.06,29.88,143.09,8.5,69.07,Medium,synthetic_formula_with_seeded_noise,synthetic_prototype
REG-STA-010-2025-11,STA-010,cawang,Cawang,Bogor,2025-11,715025,6.7,88,85,45.66,45.19,20.49,112.33,8.5,57.06,Medium,synthetic_formula_with_seeded_noise,synthetic_prototype
REG-STA-010-2025-12,STA-010,cawang,Cawang,Bogor,2025-12,612445,6.58,86,83,47.36,49.49,27.86,120.46,8.5,58.52,Medium,synthetic_formula_with_seeded_noise,synthetic_prototype
REG-STA-011-2023-01,STA-011,durenkalibata,Duren Kalibata,Bogor,2023-01,269702,4.47,72,69,39.44,52.23,27.72,115.89,9.4,47.38,Medium,synthetic_formula_with_seeded_noise,synthetic_prototype
REG-STA-011-2023-02,STA-011,durenkalibata,Duren Kalibata,Bogor,2023-02,260317,4.68,74,79,38.61,46.23,23.85,123.88,9.4,37.12,Low,synthetic_formula_with_seeded_noise,synthetic_prototype
REG-STA-011-2023-03,STA-011,durenkalibata,Duren Kalibata,Bogor,2023-03,306777,4.42,70,73,44.03,45.94,24.56,110.14,9.4,44.49,Low,synthetic_formula_with_seeded_noise,synthetic_prototype
REG-STA-011-2023-04,STA-011,durenkalibata,Duren Kalibata,Bogor,2023-04,260480,4.05,71,71,42.34,54.55,25.65,110.28,9.4,47.59,Medium,synthetic_formula_with_seeded_noise,synthetic_prototype
REG-STA-011-2023-05,STA-011,durenkalibata,Duren Kalibata,Bogor,2023-05,306215,4.59,70,72,40.01,51.25,24.61,111.8,9.4,51.34,Medium,synthetic_formula_with_seeded_noise,synthetic_prototype
REG-STA-011-2023-06,STA-011,durenkalibata,Duren Kalibata,Bogor,2023-06,290654,3.65,73,67,46.27,47.66,24.83,97.01,9.4,47.69,Medium,synthetic_formula_with_seeded_noise,synthetic_prototype
REG-STA-011-2023-07,STA-011,durenkalibata,Duren Kalibata,Bogor,2023-07,251072,4.0,74,63,42.93,48.67,27.83,98.94,9.4,42.11,Low,synthetic_formula_with_seeded_noise,synthetic_prototype
REG-STA-011-2023-08,STA-011,durenkalibata,Duren Kalibata,Bogor,2023-08,289576,4.36,75,74,40.21,49.77,27.67,111.04,9.4,47.91,Medium,synthetic_formula_with_seeded_noise,synthetic_prototype
REG-STA-011-2023-09,STA-011,durenkalibata,Duren Kalibata,Bogor,2023-09,306217,4.11,67,60,37.14,48.16,26.44,107.11,9.4,43.76,Low,synthetic_formula_with_seeded_noise,synthetic_prototype
REG-STA-011-2023-10,STA-011,durenkalibata,Duren Kalibata,Bogor,2023-10,307398,3.93,76,84,39.35,55.0,23.87,110.17,9.4,47.16,Medium,synthetic_formula_with_seeded_noise,synthetic_prototype
REG-STA-011-2023-11,STA-011,durenkalibata,Duren Kalibata,Bogor,2023-11,291532,5.16,70,72,40.04,46.29,26.74,118.9,9.4,49.81,Medium,synthetic_formula_with_seeded_noise,synthetic_prototype
REG-STA-011-2023-12,STA-011,durenkalibata,Duren Kalibata,Bogor,2023-12,276710,3.91,70,76,39.88,43.82,25.67,97.04,9.4,44.74,Low,synthetic_formula_with_seeded_noise,synthetic_prototype
REG-STA-011-2024-01,STA-011,durenkalibata,Duren Kalibata,Bogor,2024-01,278449,4.54,79,78,37.38,46.54,32.79,118.51,9.4,49.09,Medium,synthetic_formula_with_seeded_noise,synthetic_prototype
REG-STA-011-2024-02,STA-011,durenkalibata,Duren Kalibata,Bogor,2024-02,292245,4.27,68,65,35.46,56.96,32.23,115.22,9.4,48.66,Medium,synthetic_formula_with_seeded_noise,synthetic_prototype
REG-STA-011-2024-03,STA-011,durenkalibata,Duren Kalibata,Bogor,2024-03,316671,4.89,70,70,40.48,45.25,32.87,101.48,9.4,53.53,Medium,synthetic_formula_with_seeded_noise,synthetic_prototype
REG-STA-011-2024-04,STA-011,durenkalibata,Duren Kalibata,Bogor,2024-04,279352,3.51,71,77,44.45,57.87,24.01,109.58,9.4,46.98,Medium,synthetic_formula_with_seeded_noise,synthetic_prototype
REG-STA-011-2024-05,STA-011,durenkalibata,Duren Kalibata,Bogor,2024-05,297682,4.22,70,62,40.93,48.14,28.49,134.91,9.4,45.35,Medium,synthetic_formula_with_seeded_noise,synthetic_prototype
REG-STA-011-2024-06,STA-011,durenkalibata,Duren Kalibata,Bogor,2024-06,297751,3.82,78,77,36.54,44.22,23.18,109.8,9.4,47.04,Medium,synthetic_formula_with_seeded_noise,synthetic_prototype
REG-STA-011-2024-07,STA-011,durenkalibata,Duren Kalibata,Bogor,2024-07,280799,4.23,74,73,42.68,45.02,31.25,118.26,9.4,43.42,Low,synthetic_formula_with_seeded_noise,synthetic_prototype
REG-STA-011-2024-08,STA-011,durenkalibata,Duren Kalibata,Bogor,2024-08,304661,4.83,70,74,38.6,48.55,25.92,113.98,9.4,54.71,Medium,synthetic_formula_with_seeded_noise,synthetic_prototype
REG-STA-011-2024-09,STA-011,durenkalibata,Duren Kalibata,Bogor,2024-09,343361,4.87,72,72,38.25,46.36,23.88,111.24,9.4,48.45,Medium,synthetic_formula_with_seeded_noise,synthetic_prototype
REG-STA-011-2024-10,STA-011,durenkalibata,Duren Kalibata,Bogor,2024-10,334077,3.8,70,69,42.0,52.94,22.3,118.54,9.4,53.74,Medium,synthetic_formula_with_seeded_noise,synthetic_prototype
REG-STA-011-2024-11,STA-011,durenkalibata,Duren Kalibata,Bogor,2024-11,345001,3.81,77,82,42.42,46.47,24.9,114.92,9.4,52.35,Medium,synthetic_formula_with_seeded_noise,synthetic_prototype
REG-STA-011-2024-12,STA-011,durenkalibata,Duren Kalibata,Bogor,2024-12,293301,3.44,73,70,45.28,53.09,29.0,119.5,9.4,48.84,Medium,synthetic_formula_with_seeded_noise,synthetic_prototype
REG-STA-011-2025-01,STA-011,durenkalibata,Duren Kalibata,Bogor,2025-01,297575,4.31,73,81,42.37,45.91,28.37,109.18,9.4,47.59,Medium,synthetic_formula_with_seeded_noise,synthetic_prototype
REG-STA-011-2025-02,STA-011,durenkalibata,Duren Kalibata,Bogor,2025-02,288344,3.97,69,71,41.32,46.68,29.75,104.18,9.4,51.5,Medium,synthetic_formula_with_seeded_noise,synthetic_prototype
REG-STA-011-2025-03,STA-011,durenkalibata,Duren Kalibata,Bogor,2025-03,338444,3.43,74,74,44.24,56.08,21.41,108.66,9.4,46.76,Medium,synthetic_formula_with_seeded_noise,synthetic_prototype
REG-STA-011-2025-04,STA-011,durenkalibata,Duren Kalibata,Bogor,2025-04,307768,3.8,76,75,42.23,45.91,29.16,105.96,9.4,47.0,Medium,synthetic_formula_with_seeded_noise,synthetic_prototype
REG-STA-011-2025-05,STA-011,durenkalibata,Duren Kalibata,Bogor,2025-05,329143,5.88,73,67,40.93,53.57,26.96,122.62,9.4,53.38,Medium,synthetic_formula_with_seeded_noise,synthetic_prototype
REG-STA-011-2025-06,STA-011,durenkalibata,Duren Kalibata,Bogor,2025-06,312870,4.4,72,76,38.62,45.34,29.86,123.88,9.4,48.21,Medium,synthetic_formula_with_seeded_noise,synthetic_prototype
REG-STA-011-2025-07,STA-011,durenkalibata,Duren Kalibata,Bogor,2025-07,285467,4.1,73,73,38.87,54.08,26.95,117.81,9.4,50.36,Medium,synthetic_formula_with_seeded_noise,synthetic_prototype
REG-STA-011-2025-08,STA-011,durenkalibata,Duren Kalibata,Bogor,2025-08,314153,5.55,75,71,40.3,41.57,28.46,106.29,9.4,48.99,Medium,synthetic_formula_with_seeded_noise,synthetic_prototype
REG-STA-011-2025-09,STA-011,durenkalibata,Duren Kalibata,Bogor,2025-09,321361,4.35,76,74,40.61,53.36,33.65,122.69,9.4,52.18,Medium,synthetic_formula_with_seeded_noise,synthetic_prototype
REG-STA-011-2025-10,STA-011,durenkalibata,Duren Kalibata,Bogor,2025-10,361036,4.94,69,63,37.12,41.98,23.93,111.23,9.4,57.88,Medium,synthetic_formula_with_seeded_noise,synthetic_prototype
REG-STA-011-2025-11,STA-011,durenkalibata,Duren Kalibata,Bogor,2025-11,331341,4.49,71,78,38.93,47.41,25.41,114.6,9.4,46.76,Medium,synthetic_formula_with_seeded_noise,synthetic_prototype
REG-STA-011-2025-12,STA-011,durenkalibata,Duren Kalibata,Bogor,2025-12,331825,4.96,79,77,46.38,50.07,28.54,106.18,9.4,51.73,Medium,synthetic_formula_with_seeded_noise,synthetic_prototype
REG-STA-012-2023-01,STA-012,pasarminggu,Pasar Minggu,Bogor,2023-01,500643,5.61,68,68,38.18,44.73,26.42,132.94,12.2,41.1,Low,synthetic_formula_with_seeded_noise,synthetic_prototype
REG-STA-012-2023-02,STA-012,pasarminggu,Pasar Minggu,Bogor,2023-02,550524,6.08,77,70,33.21,43.29,27.08,115.93,12.2,47.29,Medium,synthetic_formula_with_seeded_noise,synthetic_prototype
REG-STA-012-2023-03,STA-012,pasarminggu,Pasar Minggu,Bogor,2023-03,559590,5.4,72,70,39.58,43.57,21.93,120.16,12.2,50.83,Medium,synthetic_formula_with_seeded_noise,synthetic_prototype
REG-STA-012-2023-04,STA-012,pasarminggu,Pasar Minggu,Bogor,2023-04,586125,5.13,75,82,40.71,34.77,25.52,115.67,12.2,48.48,Medium,synthetic_formula_with_seeded_noise,synthetic_prototype
REG-STA-012-2023-05,STA-012,pasarminggu,Pasar Minggu,Bogor,2023-05,579637,6.12,75,69,35.55,34.39,30.55,118.0,12.2,43.03,Low,synthetic_formula_with_seeded_noise,synthetic_prototype
REG-STA-012-2023-06,STA-012,pasarminggu,Pasar Minggu,Bogor,2023-06,527594,5.48,74,73,37.0,38.11,26.39,106.99,12.2,42.1,Low,synthetic_formula_with_seeded_noise,synthetic_prototype
REG-STA-012-2023-07,STA-012,pasarminggu,Pasar Minggu,Bogor,2023-07,539874,5.4,77,80,37.47,38.44,30.96,120.05,12.2,47.96,Medium,synthetic_formula_with_seeded_noise,synthetic_prototype
REG-STA-012-2023-08,STA-012,pasarminggu,Pasar Minggu,Bogor,2023-08,563400,5.1,70,75,33.03,33.34,30.74,117.32,12.2,48.25,Medium,synthetic_formula_with_seeded_noise,synthetic_prototype
REG-STA-012-2023-09,STA-012,pasarminggu,Pasar Minggu,Bogor,2023-09,615553,4.92,81,79,37.36,35.77,30.7,117.63,12.2,51.61,Medium,synthetic_formula_with_seeded_noise,synthetic_prototype
REG-STA-012-2023-10,STA-012,pasarminggu,Pasar Minggu,Bogor,2023-10,660238,5.55,79,75,36.76,41.41,34.19,119.95,12.2,53.92,Medium,synthetic_formula_with_seeded_noise,synthetic_prototype
REG-STA-012-2023-11,STA-012,pasarminggu,Pasar Minggu,Bogor,2023-11,581653,5.8,76,75,45.05,36.74,28.33,118.34,12.2,56.29,Medium,synthetic_formula_with_seeded_noise,synthetic_prototype
REG-STA-012-2023-12,STA-012,pasarminggu,Pasar Minggu,Bogor,2023-12,555984,5.11,69,64,39.35,38.31,28.51,120.53,12.2,44.24,Low,synthetic_formula_with_seeded_noise,synthetic_prototype
REG-STA-012-2024-01,STA-012,pasarminggu,Pasar Minggu,Bogor,2024-01,599917,6.05,83,87,37.77,41.57,25.69,114.99,12.2,48.36,Medium,synthetic_formula_with_seeded_noise,synthetic_prototype
REG-STA-012-2024-02,STA-012,pasarminggu,Pasar Minggu,Bogor,2024-02,612918,5.63,82,81,39.68,39.38,30.37,121.54,12.2,47.32,Medium,synthetic_formula_with_seeded_noise,synthetic_prototype
REG-STA-012-2024-03,STA-012,pasarminggu,Pasar Minggu,Bogor,2024-03,609680,6.45,82,83,36.66,36.75,29.39,118.25,12.2,53.97,Medium,synthetic_formula_with_seeded_noise,synthetic_prototype
REG-STA-012-2024-04,STA-012,pasarminggu,Pasar Minggu,Bogor,2024-04,607758,6.11,77,87,35.37,37.85,29.45,123.61,12.2,49.45,Medium,synthetic_formula_with_seeded_noise,synthetic_prototype
REG-STA-012-2024-05,STA-012,pasarminggu,Pasar Minggu,Bogor,2024-05,650662,6.36,78,78,37.46,37.25,25.52,111.01,12.2,47.34,Medium,synthetic_formula_with_seeded_noise,synthetic_prototype
REG-STA-012-2024-06,STA-012,pasarminggu,Pasar Minggu,Bogor,2024-06,597564,5.77,77,72,35.98,37.08,23.44,108.75,12.2,43.54,Low,synthetic_formula_with_seeded_noise,synthetic_prototype
REG-STA-012-2024-07,STA-012,pasarminggu,Pasar Minggu,Bogor,2024-07,532840,4.88,77,71,40.24,42.68,31.08,113.98,12.2,46.78,Medium,synthetic_formula_with_seeded_noise,synthetic_prototype
REG-STA-012-2024-08,STA-012,pasarminggu,Pasar Minggu,Bogor,2024-08,645366,5.04,89,88,36.25,38.45,28.74,117.38,12.2,45.26,Medium,synthetic_formula_with_seeded_noise,synthetic_prototype
REG-STA-012-2024-09,STA-012,pasarminggu,Pasar Minggu,Bogor,2024-09,673979,5.45,88,79,31.76,37.58,27.57,121.73,12.2,50.96,Medium,synthetic_formula_with_seeded_noise,synthetic_prototype
REG-STA-012-2024-10,STA-012,pasarminggu,Pasar Minggu,Bogor,2024-10,618290,5.02,75,69,38.91,40.78,23.04,112.45,12.2,49.19,Medium,synthetic_formula_with_seeded_noise,synthetic_prototype
REG-STA-012-2024-11,STA-012,pasarminggu,Pasar Minggu,Bogor,2024-11,627733,6.39,84,88,38.75,46.33,27.68,119.84,12.2,55.75,Medium,synthetic_formula_with_seeded_noise,synthetic_prototype
REG-STA-012-2024-12,STA-012,pasarminggu,Pasar Minggu,Bogor,2024-12,537302,6.37,85,77,41.11,39.92,30.64,122.05,12.2,49.45,Medium,synthetic_formula_with_seeded_noise,synthetic_prototype
REG-STA-012-2025-01,STA-012,pasarminggu,Pasar Minggu,Bogor,2025-01,538561,5.65,71,72,33.5,40.96,26.19,117.59,12.2,54.31,Medium,synthetic_formula_with_seeded_noise,synthetic_prototype
REG-STA-012-2025-02,STA-012,pasarminggu,Pasar Minggu,Bogor,2025-02,648263,6.39,79,88,39.77,41.11,29.56,121.28,12.2,52.12,Medium,synthetic_formula_with_seeded_noise,synthetic_prototype
REG-STA-012-2025-03,STA-012,pasarminggu,Pasar Minggu,Bogor,2025-03,658272,4.61,76,76,38.68,46.63,28.61,110.16,12.2,59.31,Medium,synthetic_formula_with_seeded_noise,synthetic_prototype
REG-STA-012-2025-04,STA-012,pasarminggu,Pasar Minggu,Bogor,2025-04,617725,5.1,69,62,36.82,48.56,27.78,121.65,12.2,47.42,Medium,synthetic_formula_with_seeded_noise,synthetic_prototype
REG-STA-012-2025-05,STA-012,pasarminggu,Pasar Minggu,Bogor,2025-05,657690,5.5,80,81,34.29,36.66,32.86,116.89,12.2,46.24,Medium,synthetic_formula_with_seeded_noise,synthetic_prototype
REG-STA-012-2025-06,STA-012,pasarminggu,Pasar Minggu,Bogor,2025-06,610129,6.6,81,84,41.27,37.8,26.41,127.83,12.2,51.34,Medium,synthetic_formula_with_seeded_noise,synthetic_prototype
REG-STA-012-2025-07,STA-012,pasarminggu,Pasar Minggu,Bogor,2025-07,586601,5.0,76,74,36.67,38.26,26.77,130.05,12.2,46.98,Medium,synthetic_formula_with_seeded_noise,synthetic_prototype
REG-STA-012-2025-08,STA-012,pasarminggu,Pasar Minggu,Bogor,2025-08,695201,5.29,80,83,38.09,46.34,20.75,111.29,12.2,55.73,Medium,synthetic_formula_with_seeded_noise,synthetic_prototype
REG-STA-012-2025-09,STA-012,pasarminggu,Pasar Minggu,Bogor,2025-09,688532,4.94,83,85,37.07,37.4,26.15,120.52,12.2,52.63,Medium,synthetic_formula_with_seeded_noise,synthetic_prototype
REG-STA-012-2025-10,STA-012,pasarminggu,Pasar Minggu,Bogor,2025-10,709221,6.13,80,82,36.02,40.3,22.71,116.92,12.2,50.15,Medium,synthetic_formula_with_seeded_noise,synthetic_prototype
REG-STA-012-2025-11,STA-012,pasarminggu,Pasar Minggu,Bogor,2025-11,688296,5.21,85,84,38.07,44.35,30.62,119.57,12.2,53.1,Medium,synthetic_formula_with_seeded_noise,synthetic_prototype
REG-STA-012-2025-12,STA-012,pasarminggu,Pasar Minggu,Bogor,2025-12,618711,6.2,76,73,35.14,41.64,28.48,115.91,12.2,50.4,Medium,synthetic_formula_with_seeded_noise,synthetic_prototype
REG-STA-013-2023-01,STA-013,pasarminggubaru,Pasar Minggu Baru,Bogor,2023-01,264147,4.84,54,62,52.4,40.47,33.48,108.17,12.8,46.19,Medium,synthetic_formula_with_seeded_noise,synthetic_prototype
REG-STA-013-2023-02,STA-013,pasarminggubaru,Pasar Minggu Baru,Bogor,2023-02,278592,5.34,50,58,46.24,47.88,29.15,116.28,12.8,39.45,Low,synthetic_formula_with_seeded_noise,synthetic_prototype
REG-STA-013-2023-03,STA-013,pasarminggubaru,Pasar Minggu Baru,Bogor,2023-03,276105,5.07,52,50,49.69,39.84,27.32,118.56,12.8,46.02,Medium,synthetic_formula_with_seeded_noise,synthetic_prototype
REG-STA-013-2023-04,STA-013,pasarminggubaru,Pasar Minggu Baru,Bogor,2023-04,261378,5.3,48,40,47.06,45.63,30.14,103.65,12.8,46.67,Medium,synthetic_formula_with_seeded_noise,synthetic_prototype
REG-STA-013-2023-05,STA-013,pasarminggubaru,Pasar Minggu Baru,Bogor,2023-05,305438,4.21,51,50,52.5,44.87,31.33,114.01,12.8,48.46,Medium,synthetic_formula_with_seeded_noise,synthetic_prototype
REG-STA-013-2023-06,STA-013,pasarminggubaru,Pasar Minggu Baru,Bogor,2023-06,270414,5.86,51,55,47.4,44.25,29.23,118.44,12.8,50.05,Medium,synthetic_formula_with_seeded_noise,synthetic_prototype
REG-STA-013-2023-07,STA-013,pasarminggubaru,Pasar Minggu Baru,Bogor,2023-07,264049,4.77,47,43,48.3,43.95,29.56,120.1,12.8,51.77,Medium,synthetic_formula_with_seeded_noise,synthetic_prototype
REG-STA-013-2023-08,STA-013,pasarminggubaru,Pasar Minggu Baru,Bogor,2023-08,300393,4.86,59,56,46.31,42.65,24.27,114.88,12.8,46.78,Medium,synthetic_formula_with_seeded_noise,synthetic_prototype
REG-STA-013-2023-09,STA-013,pasarminggubaru,Pasar Minggu Baru,Bogor,2023-09,296705,4.44,57,54,43.84,47.64,32.07,106.52,12.8,43.77,Low,synthetic_formula_with_seeded_noise,synthetic_prototype
REG-STA-013-2023-10,STA-013,pasarminggubaru,Pasar Minggu Baru,Bogor,2023-10,316630,6.78,54,59,46.46,53.56,29.76,113.43,12.8,47.55,Medium,synthetic_formula_with_seeded_noise,synthetic_prototype
REG-STA-013-2023-11,STA-013,pasarminggubaru,Pasar Minggu Baru,Bogor,2023-11,314455,5.09,51,44,50.67,41.82,26.13,119.91,12.8,48.36,Medium,synthetic_formula_with_seeded_noise,synthetic_prototype
REG-STA-013-2023-12,STA-013,pasarminggubaru,Pasar Minggu Baru,Bogor,2023-12,268069,5.65,50,59,46.87,47.45,23.91,112.23,12.8,44.85,Low,synthetic_formula_with_seeded_noise,synthetic_prototype
REG-STA-013-2024-01,STA-013,pasarminggubaru,Pasar Minggu Baru,Bogor,2024-01,274129,5.49,49,50,47.23,53.84,31.44,103.23,12.8,51.11,Medium,synthetic_formula_with_seeded_noise,synthetic_prototype
REG-STA-013-2024-02,STA-013,pasarminggubaru,Pasar Minggu Baru,Bogor,2024-02,294572,5.3,56,59,46.85,50.55,24.34,112.12,12.8,50.18,Medium,synthetic_formula_with_seeded_noise,synthetic_prototype
REG-STA-013-2024-03,STA-013,pasarminggubaru,Pasar Minggu Baru,Bogor,2024-03,326410,4.64,58,58,46.28,49.48,22.32,117.68,12.8,50.38,Medium,synthetic_formula_with_seeded_noise,synthetic_prototype
REG-STA-013-2024-04,STA-013,pasarminggubaru,Pasar Minggu Baru,Bogor,2024-04,293378,4.88,53,54,42.71,44.2,25.56,108.77,12.8,42.77,Low,synthetic_formula_with_seeded_noise,synthetic_prototype
REG-STA-013-2024-05,STA-013,pasarminggubaru,Pasar Minggu Baru,Bogor,2024-05,337804,4.89,49,40,49.38,50.13,24.83,116.53,12.8,46.57,Medium,synthetic_formula_with_seeded_noise,synthetic_prototype
REG-STA-013-2024-06,STA-013,pasarminggubaru,Pasar Minggu Baru,Bogor,2024-06,267636,5.56,65,68,46.43,46.6,35.05,118.94,12.8,50.62,Medium,synthetic_formula_with_seeded_noise,synthetic_prototype
REG-STA-013-2024-07,STA-013,pasarminggubaru,Pasar Minggu Baru,Bogor,2024-07,258234,4.99,48,49,47.73,47.6,27.66,119.01,12.8,47.86,Medium,synthetic_formula_with_seeded_noise,synthetic_prototype
REG-STA-013-2024-08,STA-013,pasarminggubaru,Pasar Minggu Baru,Bogor,2024-08,313367,4.95,56,55,50.58,46.93,33.18,116.49,12.8,53.93,Medium,synthetic_formula_with_seeded_noise,synthetic_prototype
REG-STA-013-2024-09,STA-013,pasarminggubaru,Pasar Minggu Baru,Bogor,2024-09,328268,4.68,58,48,49.65,43.6,24.64,120.21,12.8,47.56,Medium,synthetic_formula_with_seeded_noise,synthetic_prototype
REG-STA-013-2024-10,STA-013,pasarminggubaru,Pasar Minggu Baru,Bogor,2024-10,332104,5.47,53,56,50.3,48.71,28.15,118.13,12.8,54.57,Medium,synthetic_formula_with_seeded_noise,synthetic_prototype
REG-STA-013-2024-11,STA-013,pasarminggubaru,Pasar Minggu Baru,Bogor,2024-11,302214,4.82,48,52,49.2,48.25,28.63,112.3,12.8,46.85,Medium,synthetic_formula_with_seeded_noise,synthetic_prototype
REG-STA-013-2024-12,STA-013,pasarminggubaru,Pasar Minggu Baru,Bogor,2024-12,291468,4.73,57,61,48.73,47.91,33.8,119.01,12.8,43.04,Low,synthetic_formula_with_seeded_noise,synthetic_prototype
REG-STA-013-2025-01,STA-013,pasarminggubaru,Pasar Minggu Baru,Bogor,2025-01,297359,5.38,55,49,43.71,47.01,25.41,106.18,12.8,47.66,Medium,synthetic_formula_with_seeded_noise,synthetic_prototype
REG-STA-013-2025-02,STA-013,pasarminggubaru,Pasar Minggu Baru,Bogor,2025-02,282770,5.54,60,66,43.09,42.58,27.77,112.22,12.8,52.17,Medium,synthetic_formula_with_seeded_noise,synthetic_prototype
REG-STA-013-2025-03,STA-013,pasarminggubaru,Pasar Minggu Baru,Bogor,2025-03,308780,5.45,57,50,51.28,47.29,27.2,120.06,12.8,50.33,Medium,synthetic_formula_with_seeded_noise,synthetic_prototype
REG-STA-013-2025-04,STA-013,pasarminggubaru,Pasar Minggu Baru,Bogor,2025-04,319280,5.87,54,50,46.67,46.35,27.11,104.93,12.8,51.45,Medium,synthetic_formula_with_seeded_noise,synthetic_prototype
REG-STA-013-2025-05,STA-013,pasarminggubaru,Pasar Minggu Baru,Bogor,2025-05,338470,5.08,53,49,44.97,46.78,29.76,98.62,12.8,47.57,Medium,synthetic_formula_with_seeded_noise,synthetic_prototype
REG-STA-013-2025-06,STA-013,pasarminggubaru,Pasar Minggu Baru,Bogor,2025-06,298060,4.64,52,53,44.21,51.66,19.69,108.06,12.8,54.61,Medium,synthetic_formula_with_seeded_noise,synthetic_prototype
REG-STA-013-2025-07,STA-013,pasarminggubaru,Pasar Minggu Baru,Bogor,2025-07,293959,4.14,42,41,48.48,48.17,21.73,122.71,12.8,48.1,Medium,synthetic_formula_with_seeded_noise,synthetic_prototype
REG-STA-013-2025-08,STA-013,pasarminggubaru,Pasar Minggu Baru,Bogor,2025-08,337537,4.93,51,54,47.81,51.24,26.72,110.65,12.8,55.35,Medium,synthetic_formula_with_seeded_noise,synthetic_prototype
REG-STA-013-2025-09,STA-013,pasarminggubaru,Pasar Minggu Baru,Bogor,2025-09,335301,4.75,55,55,50.05,48.59,30.25,109.12,12.8,60.15,Medium,synthetic_formula_with_seeded_noise,synthetic_prototype
REG-STA-013-2025-10,STA-013,pasarminggubaru,Pasar Minggu Baru,Bogor,2025-10,341517,5.06,50,52,47.52,41.48,24.91,109.49,12.8,50.29,Medium,synthetic_formula_with_seeded_noise,synthetic_prototype
REG-STA-013-2025-11,STA-013,pasarminggubaru,Pasar Minggu Baru,Bogor,2025-11,351963,5.39,50,45,47.38,52.07,31.43,110.34,12.8,60.29,Medium,synthetic_formula_with_seeded_noise,synthetic_prototype
REG-STA-013-2025-12,STA-013,pasarminggubaru,Pasar Minggu Baru,Bogor,2025-12,297927,5.92,48,48,47.71,51.26,26.72,106.02,12.8,44.39,Low,synthetic_formula_with_seeded_noise,synthetic_prototype
REG-STA-014-2023-01,STA-014,tanjungbarat,Tanjung Barat,Bogor,2023-01,280941,7.48,61,53,35.9,58.02,26.85,115.94,14.4,49.83,Medium,synthetic_formula_with_seeded_noise,synthetic_prototype
REG-STA-014-2023-02,STA-014,tanjungbarat,Tanjung Barat,Bogor,2023-02,275264,7.1,61,60,33.47,56.93,29.97,114.14,14.4,50.86,Medium,synthetic_formula_with_seeded_noise,synthetic_prototype
REG-STA-014-2023-03,STA-014,tanjungbarat,Tanjung Barat,Bogor,2023-03,276636,7.59,61,60,36.89,53.5,27.41,104.51,14.4,53.4,Medium,synthetic_formula_with_seeded_noise,synthetic_prototype
REG-STA-014-2023-04,STA-014,tanjungbarat,Tanjung Barat,Bogor,2023-04,283201,7.63,57,55,32.82,55.64,25.69,125.57,14.4,50.57,Medium,synthetic_formula_with_seeded_noise,synthetic_prototype
REG-STA-014-2023-05,STA-014,tanjungbarat,Tanjung Barat,Bogor,2023-05,287527,7.25,56,54,34.02,48.84,22.34,93.27,14.4,45.95,Medium,synthetic_formula_with_seeded_noise,synthetic_prototype
REG-STA-014-2023-06,STA-014,tanjungbarat,Tanjung Barat,Bogor,2023-06,275653,8.13,63,57,34.87,54.98,24.46,94.84,14.4,52.62,Medium,synthetic_formula_with_seeded_noise,synthetic_prototype
REG-STA-014-2023-07,STA-014,tanjungbarat,Tanjung Barat,Bogor,2023-07,273545,7.94,61,64,35.93,57.07,24.53,113.45,14.4,51.27,Medium,synthetic_formula_with_seeded_noise,synthetic_prototype
REG-STA-014-2023-08,STA-014,tanjungbarat,Tanjung Barat,Bogor,2023-08,286561,7.46,58,56,36.76,56.82,24.85,114.14,14.4,48.37,Medium,synthetic_formula_with_seeded_noise,synthetic_prototype
REG-STA-014-2023-09,STA-014,tanjungbarat,Tanjung Barat,Bogor,2023-09,316755,7.39,64,66,35.85,56.31,32.55,99.93,14.4,52.1,Medium,synthetic_formula_with_seeded_noise,synthetic_prototype
REG-STA-014-2023-10,STA-014,tanjungbarat,Tanjung Barat,Bogor,2023-10,318896,7.36,55,64,37.59,52.91,27.69,109.43,14.4,53.8,Medium,synthetic_formula_with_seeded_noise,synthetic_prototype
REG-STA-014-2023-11,STA-014,tanjungbarat,Tanjung Barat,Bogor,2023-11,321031,7.15,65,60,34.03,61.5,32.76,106.8,14.4,55.43,Medium,synthetic_formula_with_seeded_noise,synthetic_prototype
REG-STA-014-2023-12,STA-014,tanjungbarat,Tanjung Barat,Bogor,2023-12,296891,7.7,67,62,33.76,51.85,30.57,108.2,14.4,47.79,Medium,synthetic_formula_with_seeded_noise,synthetic_prototype
REG-STA-014-2024-01,STA-014,tanjungbarat,Tanjung Barat,Bogor,2024-01,262656,7.54,64,65,38.32,52.93,27.08,106.33,14.4,52.15,Medium,synthetic_formula_with_seeded_noise,synthetic_prototype
REG-STA-014-2024-02,STA-014,tanjungbarat,Tanjung Barat,Bogor,2024-02,294023,7.12,69,76,33.64,55.24,30.03,105.02,14.4,52.07,Medium,synthetic_formula_with_seeded_noise,synthetic_prototype
REG-STA-014-2024-03,STA-014,tanjungbarat,Tanjung Barat,Bogor,2024-03,312421,6.79,61,58,35.57,58.84,27.47,113.1,14.4,53.73,Medium,synthetic_formula_with_seeded_noise,synthetic_prototype
REG-STA-014-2024-04,STA-014,tanjungbarat,Tanjung Barat,Bogor,2024-04,281514,6.84,57,59,33.15,49.97,26.21,120.33,14.4,48.21,Medium,synthetic_formula_with_seeded_noise,synthetic_prototype
REG-STA-014-2024-05,STA-014,tanjungbarat,Tanjung Barat,Bogor,2024-05,310625,6.81,63,69,37.58,53.36,26.99,110.28,14.4,54.98,Medium,synthetic_formula_with_seeded_noise,synthetic_prototype
REG-STA-014-2024-06,STA-014,tanjungbarat,Tanjung Barat,Bogor,2024-06,271272,7.7,62,60,35.0,59.96,23.85,100.08,14.4,48.41,Medium,synthetic_formula_with_seeded_noise,synthetic_prototype
REG-STA-014-2024-07,STA-014,tanjungbarat,Tanjung Barat,Bogor,2024-07,276421,6.52,69,70,34.3,56.5,24.21,107.51,14.4,51.22,Medium,synthetic_formula_with_seeded_noise,synthetic_prototype
REG-STA-014-2024-08,STA-014,tanjungbarat,Tanjung Barat,Bogor,2024-08,326063,6.9,67,64,40.13,56.25,28.15,112.37,14.4,54.86,Medium,synthetic_formula_with_seeded_noise,synthetic_prototype
REG-STA-014-2024-09,STA-014,tanjungbarat,Tanjung Barat,Bogor,2024-09,310554,6.91,62,56,31.3,55.69,32.54,109.91,14.4,54.42,Medium,synthetic_formula_with_seeded_noise,synthetic_prototype
REG-STA-014-2024-10,STA-014,tanjungbarat,Tanjung Barat,Bogor,2024-10,339243,9.03,62,57,33.45,53.76,29.19,121.83,14.4,48.86,Medium,synthetic_formula_with_seeded_noise,synthetic_prototype
REG-STA-014-2024-11,STA-014,tanjungbarat,Tanjung Barat,Bogor,2024-11,322472,7.75,61,62,33.37,51.7,30.9,90.62,14.4,54.21,Medium,synthetic_formula_with_seeded_noise,synthetic_prototype
REG-STA-014-2024-12,STA-014,tanjungbarat,Tanjung Barat,Bogor,2024-12,283234,6.26,60,56,32.64,51.04,29.0,111.95,14.4,48.23,Medium,synthetic_formula_with_seeded_noise,synthetic_prototype
REG-STA-014-2025-01,STA-014,tanjungbarat,Tanjung Barat,Bogor,2025-01,298539,8.42,68,67,34.43,52.95,22.39,101.02,14.4,51.63,Medium,synthetic_formula_with_seeded_noise,synthetic_prototype
REG-STA-014-2025-02,STA-014,tanjungbarat,Tanjung Barat,Bogor,2025-02,282862,7.36,56,64,29.03,56.01,29.96,127.51,14.4,53.88,Medium,synthetic_formula_with_seeded_noise,synthetic_prototype
REG-STA-014-2025-03,STA-014,tanjungbarat,Tanjung Barat,Bogor,2025-03,339817,6.53,57,56,34.05,57.74,35.55,104.23,14.4,55.62,Medium,synthetic_formula_with_seeded_noise,synthetic_prototype
REG-STA-014-2025-04,STA-014,tanjungbarat,Tanjung Barat,Bogor,2025-04,315923,7.12,62,61,38.82,50.29,25.8,115.96,14.4,52.47,Medium,synthetic_formula_with_seeded_noise,synthetic_prototype
REG-STA-014-2025-05,STA-014,tanjungbarat,Tanjung Barat,Bogor,2025-05,339615,7.18,57,58,37.95,57.72,28.62,105.13,14.4,55.49,Medium,synthetic_formula_with_seeded_noise,synthetic_prototype
REG-STA-014-2025-06,STA-014,tanjungbarat,Tanjung Barat,Bogor,2025-06,312073,7.5,67,73,33.07,60.96,26.0,103.95,14.4,58.5,Medium,synthetic_formula_with_seeded_noise,synthetic_prototype
REG-STA-014-2025-07,STA-014,tanjungbarat,Tanjung Barat,Bogor,2025-07,313311,7.0,63,58,35.11,48.37,22.57,119.78,14.4,49.06,Medium,synthetic_formula_with_seeded_noise,synthetic_prototype
REG-STA-014-2025-08,STA-014,tanjungbarat,Tanjung Barat,Bogor,2025-08,346416,7.1,64,68,40.68,52.81,23.69,108.96,14.4,55.17,Medium,synthetic_formula_with_seeded_noise,synthetic_prototype
REG-STA-014-2025-09,STA-014,tanjungbarat,Tanjung Barat,Bogor,2025-09,317465,6.89,63,62,31.26,59.26,21.02,116.14,14.4,55.43,Medium,synthetic_formula_with_seeded_noise,synthetic_prototype
REG-STA-014-2025-10,STA-014,tanjungbarat,Tanjung Barat,Bogor,2025-10,334450,6.69,61,64,34.92,56.75,29.55,113.81,14.4,52.07,Medium,synthetic_formula_with_seeded_noise,synthetic_prototype
REG-STA-014-2025-11,STA-014,tanjungbarat,Tanjung Barat,Bogor,2025-11,340499,6.87,59,63,36.6,58.41,27.53,112.63,14.4,58.06,Medium,synthetic_formula_with_seeded_noise,synthetic_prototype
REG-STA-014-2025-12,STA-014,tanjungbarat,Tanjung Barat,Bogor,2025-12,310385,7.33,65,61,38.27,60.28,27.92,110.61,14.4,55.42,Medium,synthetic_formula_with_seeded_noise,synthetic_prototype
REG-STA-015-2023-01,STA-015,lentengagung,Lenteng Agung,Bogor,2023-01,258864,5.35,39,37,48.24,54.41,28.06,108.9,16.4,43.55,Low,synthetic_formula_with_seeded_noise,synthetic_prototype
REG-STA-015-2023-02,STA-015,lentengagung,Lenteng Agung,Bogor,2023-02,261999,4.47,44,46,38.26,54.63,26.86,93.14,16.4,48.39,Medium,synthetic_formula_with_seeded_noise,synthetic_prototype
REG-STA-015-2023-03,STA-015,lentengagung,Lenteng Agung,Bogor,2023-03,280142,4.68,43,45,44.59,50.76,29.82,108.4,16.4,46.79,Medium,synthetic_formula_with_seeded_noise,synthetic_prototype
REG-STA-015-2023-04,STA-015,lentengagung,Lenteng Agung,Bogor,2023-04,266949,4.61,47,44,39.51,58.63,30.18,106.86,16.4,46.04,Medium,synthetic_formula_with_seeded_noise,synthetic_prototype
REG-STA-015-2023-05,STA-015,lentengagung,Lenteng Agung,Bogor,2023-05,298269,5.4,48,49,47.53,52.65,29.67,99.82,16.4,48.6,Medium,synthetic_formula_with_seeded_noise,synthetic_prototype
REG-STA-015-2023-06,STA-015,lentengagung,Lenteng Agung,Bogor,2023-06,270886,4.28,43,52,46.66,51.27,28.51,95.92,16.4,42.05,Low,synthetic_formula_with_seeded_noise,synthetic_prototype
REG-STA-015-2023-07,STA-015,lentengagung,Lenteng Agung,Bogor,2023-07,264323,5.21,49,49,37.67,53.65,27.14,99.39,16.4,42.06,Low,synthetic_formula_with_seeded_noise,synthetic_prototype
REG-STA-015-2023-08,STA-015,lentengagung,Lenteng Agung,Bogor,2023-08,306090,4.35,48,48,48.05,53.55,29.26,105.71,16.4,49.23,Medium,synthetic_formula_with_seeded_noise,synthetic_prototype
REG-STA-015-2023-09,STA-015,lentengagung,Lenteng Agung,Bogor,2023-09,305160,4.66,43,38,46.03,52.19,28.62,102.52,16.4,48.55,Medium,synthetic_formula_with_seeded_noise,synthetic_prototype
REG-STA-015-2023-10,STA-015,lentengagung,Lenteng Agung,Bogor,2023-10,331956,5.23,48,45,40.86,49.67,30.17,102.33,16.4,48.08,Medium,synthetic_formula_with_seeded_noise,synthetic_prototype
REG-STA-015-2023-11,STA-015,lentengagung,Lenteng Agung,Bogor,2023-11,307521,4.7,49,55,44.05,55.41,30.14,113.44,16.4,49.58,Medium,synthetic_formula_with_seeded_noise,synthetic_prototype
REG-STA-015-2023-12,STA-015,lentengagung,Lenteng Agung,Bogor,2023-12,305979,5.02,46,35,43.59,57.21,33.02,99.81,16.4,53.09,Medium,synthetic_formula_with_seeded_noise,synthetic_prototype
REG-STA-015-2024-01,STA-015,lentengagung,Lenteng Agung,Bogor,2024-01,275929,4.81,47,45,40.49,53.3,26.78,115.42,16.4,50.85,Medium,synthetic_formula_with_seeded_noise,synthetic_prototype
REG-STA-015-2024-02,STA-015,lentengagung,Lenteng Agung,Bogor,2024-02,274495,4.59,46,41,43.48,48.73,27.81,104.0,16.4,47.38,Medium,synthetic_formula_with_seeded_noise,synthetic_prototype
REG-STA-015-2024-03,STA-015,lentengagung,Lenteng Agung,Bogor,2024-03,301087,3.82,47,41,43.94,58.19,27.64,108.43,16.4,49.17,Medium,synthetic_formula_with_seeded_noise,synthetic_prototype
REG-STA-015-2024-04,STA-015,lentengagung,Lenteng Agung,Bogor,2024-04,278495,4.88,51,55,44.1,54.16,25.62,113.58,16.4,50.7,Medium,synthetic_formula_with_seeded_noise,synthetic_prototype
REG-STA-015-2024-05,STA-015,lentengagung,Lenteng Agung,Bogor,2024-05,342067,4.33,50,52,40.95,60.47,23.76,106.48,16.4,48.04,Medium,synthetic_formula_with_seeded_noise,synthetic_prototype
REG-STA-015-2024-06,STA-015,lentengagung,Lenteng Agung,Bogor,2024-06,283673,4.3,49,55,43.3,55.9,24.99,108.47,16.4,48.27,Medium,synthetic_formula_with_seeded_noise,synthetic_prototype
REG-STA-015-2024-07,STA-015,lentengagung,Lenteng Agung,Bogor,2024-07,269359,4.67,45,38,42.08,49.33,25.77,95.2,16.4,48.81,Medium,synthetic_formula_with_seeded_noise,synthetic_prototype
REG-STA-015-2024-08,STA-015,lentengagung,Lenteng Agung,Bogor,2024-08,316753,4.42,47,45,39.25,65.98,25.49,106.15,16.4,53.71,Medium,synthetic_formula_with_seeded_noise,synthetic_prototype
REG-STA-015-2024-09,STA-015,lentengagung,Lenteng Agung,Bogor,2024-09,321849,4.57,46,36,45.02,49.92,25.31,102.64,16.4,47.81,Medium,synthetic_formula_with_seeded_noise,synthetic_prototype
REG-STA-015-2024-10,STA-015,lentengagung,Lenteng Agung,Bogor,2024-10,329600,4.98,51,62,39.99,57.7,21.2,106.82,16.4,53.67,Medium,synthetic_formula_with_seeded_noise,synthetic_prototype
REG-STA-015-2024-11,STA-015,lentengagung,Lenteng Agung,Bogor,2024-11,337553,5.32,56,57,42.22,51.29,24.42,96.77,16.4,49.96,Medium,synthetic_formula_with_seeded_noise,synthetic_prototype
REG-STA-015-2024-12,STA-015,lentengagung,Lenteng Agung,Bogor,2024-12,301374,4.39,47,40,41.23,55.18,29.36,109.2,16.4,48.17,Medium,synthetic_formula_with_seeded_noise,synthetic_prototype
REG-STA-015-2025-01,STA-015,lentengagung,Lenteng Agung,Bogor,2025-01,299825,4.85,43,30,43.79,52.92,27.06,111.33,16.4,46.39,Medium,synthetic_formula_with_seeded_noise,synthetic_prototype
REG-STA-015-2025-02,STA-015,lentengagung,Lenteng Agung,Bogor,2025-02,294722,5.16,43,48,40.29,60.29,22.49,100.62,16.4,47.87,Medium,synthetic_formula_with_seeded_noise,synthetic_prototype
REG-STA-015-2025-03,STA-015,lentengagung,Lenteng Agung,Bogor,2025-03,328819,4.39,51,54,42.0,55.95,30.75,103.12,16.4,52.61,Medium,synthetic_formula_with_seeded_noise,synthetic_prototype
REG-STA-015-2025-04,STA-015,lentengagung,Lenteng Agung,Bogor,2025-04,300693,5.33,52,53,46.52,54.78,32.15,111.11,16.4,48.73,Medium,synthetic_formula_with_seeded_noise,synthetic_prototype
REG-STA-015-2025-05,STA-015,lentengagung,Lenteng Agung,Bogor,2025-05,327949,4.81,46,50,41.54,60.48,30.02,113.27,16.4,51.7,Medium,synthetic_formula_with_seeded_noise,synthetic_prototype
REG-STA-015-2025-06,STA-015,lentengagung,Lenteng Agung,Bogor,2025-06,283375,5.15,45,52,40.94,55.03,26.08,103.97,16.4,45.96,Medium,synthetic_formula_with_seeded_noise,synthetic_prototype
REG-STA-015-2025-07,STA-015,lentengagung,Lenteng Agung,Bogor,2025-07,282895,3.97,47,46,43.9,51.67,26.77,104.19,16.4,47.97,Medium,synthetic_formula_with_seeded_noise,synthetic_prototype
REG-STA-015-2025-08,STA-015,lentengagung,Lenteng Agung,Bogor,2025-08,314909,5.98,46,40,41.74,49.15,30.91,98.53,16.4,48.95,Medium,synthetic_formula_with_seeded_noise,synthetic_prototype
REG-STA-015-2025-09,STA-015,lentengagung,Lenteng Agung,Bogor,2025-09,329322,6.08,48,48,41.66,54.56,28.11,120.64,16.4,55.11,Medium,synthetic_formula_with_seeded_noise,synthetic_prototype
REG-STA-015-2025-10,STA-015,lentengagung,Lenteng Agung,Bogor,2025-10,367347,4.88,47,49,40.05,52.15,29.91,102.71,16.4,56.7,Medium,synthetic_formula_with_seeded_noise,synthetic_prototype
REG-STA-015-2025-11,STA-015,lentengagung,Lenteng Agung,Bogor,2025-11,335965,5.2,53,59,43.75,56.48,29.76,103.13,16.4,48.43,Medium,synthetic_formula_with_seeded_noise,synthetic_prototype
REG-STA-015-2025-12,STA-015,lentengagung,Lenteng Agung,Bogor,2025-12,342710,5.15,52,44,39.25,57.08,28.27,92.29,16.4,51.05,Medium,synthetic_formula_with_seeded_noise,synthetic_prototype
REG-STA-016-2023-01,STA-016,univpancasila,Universitas Pancasila,Bogor,2023-01,125054,7.34,45,51,45.32,65.37,27.08,100.73,17.7,49.89,Medium,synthetic_formula_with_seeded_noise,synthetic_prototype
REG-STA-016-2023-02,STA-016,univpancasila,Universitas Pancasila,Bogor,2023-02,121745,6.91,44,45,40.31,59.93,27.42,100.54,17.7,44.84,Low,synthetic_formula_with_seeded_noise,synthetic_prototype
REG-STA-016-2023-03,STA-016,univpancasila,Universitas Pancasila,Bogor,2023-03,129749,8.03,38,36,42.95,68.12,25.62,88.53,17.7,50.26,Medium,synthetic_formula_with_seeded_noise,synthetic_prototype
REG-STA-016-2023-04,STA-016,univpancasila,Universitas Pancasila,Bogor,2023-04,131263,6.27,48,45,42.83,61.47,27.45,94.71,17.7,49.99,Medium,synthetic_formula_with_seeded_noise,synthetic_prototype
REG-STA-016-2023-05,STA-016,univpancasila,Universitas Pancasila,Bogor,2023-05,138375,6.08,50,46,47.45,61.89,27.02,109.56,17.7,53.84,Medium,synthetic_formula_with_seeded_noise,synthetic_prototype
REG-STA-016-2023-06,STA-016,univpancasila,Universitas Pancasila,Bogor,2023-06,128273,6.85,45,49,43.89,70.12,31.38,90.73,17.7,56.22,Medium,synthetic_formula_with_seeded_noise,synthetic_prototype
REG-STA-016-2023-07,STA-016,univpancasila,Universitas Pancasila,Bogor,2023-07,124310,6.58,48,55,44.2,60.43,26.57,99.44,17.7,45.03,Medium,synthetic_formula_with_seeded_noise,synthetic_prototype
REG-STA-016-2023-08,STA-016,univpancasila,Universitas Pancasila,Bogor,2023-08,137864,7.11,44,41,45.91,62.95,32.24,89.74,17.7,53.93,Medium,synthetic_formula_with_seeded_noise,synthetic_prototype
REG-STA-016-2023-09,STA-016,univpancasila,Universitas Pancasila,Bogor,2023-09,137513,6.42,48,44,41.62,62.98,31.57,103.3,17.7,44.46,Low,synthetic_formula_with_seeded_noise,synthetic_prototype
REG-STA-016-2023-10,STA-016,univpancasila,Universitas Pancasila,Bogor,2023-10,137529,6.25,44,39,43.77,65.6,26.83,96.91,17.7,52.29,Medium,synthetic_formula_with_seeded_noise,synthetic_prototype
REG-STA-016-2023-11,STA-016,univpancasila,Universitas Pancasila,Bogor,2023-11,142454,6.01,51,48,42.67,63.43,30.43,105.44,17.7,56.73,Medium,synthetic_formula_with_seeded_noise,synthetic_prototype
REG-STA-016-2023-12,STA-016,univpancasila,Universitas Pancasila,Bogor,2023-12,133190,7.1,47,41,43.29,63.73,27.13,105.73,17.7,50.62,Medium,synthetic_formula_with_seeded_noise,synthetic_prototype
REG-STA-016-2024-01,STA-016,univpancasila,Universitas Pancasila,Bogor,2024-01,126576,6.65,51,47,45.23,68.09,32.62,114.11,17.7,48.02,Medium,synthetic_formula_with_seeded_noise,synthetic_prototype
REG-STA-016-2024-02,STA-016,univpancasila,Universitas Pancasila,Bogor,2024-02,130553,7.29,39,39,45.76,65.21,28.48,107.11,17.7,54.24,Medium,synthetic_formula_with_seeded_noise,synthetic_prototype
REG-STA-016-2024-03,STA-016,univpancasila,Universitas Pancasila,Bogor,2024-03,142108,6.87,40,36,37.79,60.37,31.54,92.92,17.7,52.08,Medium,synthetic_formula_with_seeded_noise,synthetic_prototype
REG-STA-016-2024-04,STA-016,univpancasila,Universitas Pancasila,Bogor,2024-04,123936,6.46,40,33,45.32,61.19,26.98,96.81,17.7,44.65,Low,synthetic_formula_with_seeded_noise,synthetic_prototype
REG-STA-016-2024-05,STA-016,univpancasila,Universitas Pancasila,Bogor,2024-05,139030,7.38,57,49,39.57,57.82,27.56,99.9,17.7,46.47,Medium,synthetic_formula_with_seeded_noise,synthetic_prototype
REG-STA-016-2024-06,STA-016,univpancasila,Universitas Pancasila,Bogor,2024-06,139422,5.77,43,43,43.43,62.88,22.83,98.05,17.7,46.12,Medium,synthetic_formula_with_seeded_noise,synthetic_prototype
REG-STA-016-2024-07,STA-016,univpancasila,Universitas Pancasila,Bogor,2024-07,137829,6.16,39,26,42.21,67.15,27.44,101.91,17.7,55.61,Medium,synthetic_formula_with_seeded_noise,synthetic_prototype
REG-STA-016-2024-08,STA-016,univpancasila,Universitas Pancasila,Bogor,2024-08,145103,6.16,41,42,42.23,61.31,27.73,95.85,17.7,55.24,Medium,synthetic_formula_with_seeded_noise,synthetic_prototype
REG-STA-016-2024-09,STA-016,univpancasila,Universitas Pancasila,Bogor,2024-09,154353,5.6,44,57,42.62,63.45,26.01,96.14,17.7,46.88,Medium,synthetic_formula_with_seeded_noise,synthetic_prototype
REG-STA-016-2024-10,STA-016,univpancasila,Universitas Pancasila,Bogor,2024-10,157117,8.36,48,50,39.33,66.36,29.67,101.47,17.7,55.23,Medium,synthetic_formula_with_seeded_noise,synthetic_prototype
REG-STA-016-2024-11,STA-016,univpancasila,Universitas Pancasila,Bogor,2024-11,172682,6.44,48,46,42.39,59.37,29.3,95.54,17.7,55.44,Medium,synthetic_formula_with_seeded_noise,synthetic_prototype
REG-STA-016-2024-12,STA-016,univpancasila,Universitas Pancasila,Bogor,2024-12,142618,6.34,50,49,43.31,63.57,31.15,99.42,17.7,50.21,Medium,synthetic_formula_with_seeded_noise,synthetic_prototype
REG-STA-016-2025-01,STA-016,univpancasila,Universitas Pancasila,Bogor,2025-01,139785,6.63,47,44,39.41,62.94,30.7,103.81,17.7,54.69,Medium,synthetic_formula_with_seeded_noise,synthetic_prototype
REG-STA-016-2025-02,STA-016,univpancasila,Universitas Pancasila,Bogor,2025-02,142696,6.65,45,40,39.81,56.83,26.41,93.77,17.7,50.6,Medium,synthetic_formula_with_seeded_noise,synthetic_prototype
REG-STA-016-2025-03,STA-016,univpancasila,Universitas Pancasila,Bogor,2025-03,147081,5.95,51,44,43.12,63.96,27.4,89.12,17.7,50.17,Medium,synthetic_formula_with_seeded_noise,synthetic_prototype
REG-STA-016-2025-04,STA-016,univpancasila,Universitas Pancasila,Bogor,2025-04,148748,6.69,39,30,41.4,62.97,22.74,95.34,17.7,48.37,Medium,synthetic_formula_with_seeded_noise,synthetic_prototype
REG-STA-016-2025-05,STA-016,univpancasila,Universitas Pancasila,Bogor,2025-05,153268,6.46,48,43,41.17,64.7,28.73,107.01,17.7,51.12,Medium,synthetic_formula_with_seeded_noise,synthetic_prototype
REG-STA-016-2025-06,STA-016,univpancasila,Universitas Pancasila,Bogor,2025-06,140810,6.45,43,37,42.49,66.0,31.5,99.65,17.7,51.8,Medium,synthetic_formula_with_seeded_noise,synthetic_prototype
REG-STA-016-2025-07,STA-016,univpancasila,Universitas Pancasila,Bogor,2025-07,151117,5.98,35,41,42.07,61.13,24.82,94.52,17.7,52.65,Medium,synthetic_formula_with_seeded_noise,synthetic_prototype
REG-STA-016-2025-08,STA-016,univpancasila,Universitas Pancasila,Bogor,2025-08,154760,7.07,43,46,48.23,63.17,26.57,103.09,17.7,52.87,Medium,synthetic_formula_with_seeded_noise,synthetic_prototype
REG-STA-016-2025-09,STA-016,univpancasila,Universitas Pancasila,Bogor,2025-09,167278,6.09,44,51,43.3,62.71,27.64,93.72,17.7,54.89,Medium,synthetic_formula_with_seeded_noise,synthetic_prototype
REG-STA-016-2025-10,STA-016,univpancasila,Universitas Pancasila,Bogor,2025-10,159869,7.0,41,41,37.34,61.75,23.33,99.83,17.7,48.55,Medium,synthetic_formula_with_seeded_noise,synthetic_prototype
REG-STA-016-2025-11,STA-016,univpancasila,Universitas Pancasila,Bogor,2025-11,162744,7.19,50,47,41.45,59.2,22.92,89.27,17.7,53.25,Medium,synthetic_formula_with_seeded_noise,synthetic_prototype
REG-STA-016-2025-12,STA-016,univpancasila,Universitas Pancasila,Bogor,2025-12,154944,5.85,49,45,45.13,65.06,31.78,88.59,17.7,51.72,Medium,synthetic_formula_with_seeded_noise,synthetic_prototype
REG-STA-017-2023-01,STA-017,univindonesia,Universitas Indonesia,Bogor,2023-01,263669,7.56,61,55,36.59,55.25,27.48,106.06,20.6,46.5,Medium,synthetic_formula_with_seeded_noise,synthetic_prototype
REG-STA-017-2023-02,STA-017,univindonesia,Universitas Indonesia,Bogor,2023-02,256683,8.18,67,63,46.06,54.61,26.81,101.05,20.6,49.75,Medium,synthetic_formula_with_seeded_noise,synthetic_prototype
REG-STA-017-2023-03,STA-017,univindonesia,Universitas Indonesia,Bogor,2023-03,292490,7.72,75,71,42.34,53.4,35.13,106.37,20.6,50.28,Medium,synthetic_formula_with_seeded_noise,synthetic_prototype
REG-STA-017-2023-04,STA-017,univindonesia,Universitas Indonesia,Bogor,2023-04,280207,7.3,65,57,34.32,53.75,21.78,116.03,20.6,49.74,Medium,synthetic_formula_with_seeded_noise,synthetic_prototype
REG-STA-017-2023-05,STA-017,univindonesia,Universitas Indonesia,Bogor,2023-05,288614,8.1,67,69,36.32,54.8,25.86,97.19,20.6,52.42,Medium,synthetic_formula_with_seeded_noise,synthetic_prototype
REG-STA-017-2023-06,STA-017,univindonesia,Universitas Indonesia,Bogor,2023-06,268883,6.26,70,58,39.48,48.19,25.1,99.77,20.6,46.28,Medium,synthetic_formula_with_seeded_noise,synthetic_prototype
REG-STA-017-2023-07,STA-017,univindonesia,Universitas Indonesia,Bogor,2023-07,262038,6.75,64,68,41.65,53.58,31.12,96.01,20.6,48.33,Medium,synthetic_formula_with_seeded_noise,synthetic_prototype
REG-STA-017-2023-08,STA-017,univindonesia,Universitas Indonesia,Bogor,2023-08,282741,7.04,68,63,38.97,53.13,25.69,102.04,20.6,46.06,Medium,synthetic_formula_with_seeded_noise,synthetic_prototype
REG-STA-017-2023-09,STA-017,univindonesia,Universitas Indonesia,Bogor,2023-09,309366,7.59,67,60,39.01,46.64,26.35,99.92,20.6,53.66,Medium,synthetic_formula_with_seeded_noise,synthetic_prototype
REG-STA-017-2023-10,STA-017,univindonesia,Universitas Indonesia,Bogor,2023-10,320753,6.99,70,62,39.76,57.57,28.53,94.23,20.6,55.9,Medium,synthetic_formula_with_seeded_noise,synthetic_prototype
REG-STA-017-2023-11,STA-017,univindonesia,Universitas Indonesia,Bogor,2023-11,324276,7.55,77,77,36.2,57.35,29.58,107.2,20.6,56.56,Medium,synthetic_formula_with_seeded_noise,synthetic_prototype
REG-STA-017-2023-12,STA-017,univindonesia,Universitas Indonesia,Bogor,2023-12,287586,6.24,76,61,42.17,55.01,28.62,109.41,20.6,52.84,Medium,synthetic_formula_with_seeded_noise,synthetic_prototype
REG-STA-017-2024-01,STA-017,univindonesia,Universitas Indonesia,Bogor,2024-01,275698,7.49,73,71,39.49,57.04,33.35,105.78,20.6,58.19,Medium,synthetic_formula_with_seeded_noise,synthetic_prototype
REG-STA-017-2024-02,STA-017,univindonesia,Universitas Indonesia,Bogor,2024-02,275408,6.84,68,72,43.17,57.55,28.4,102.65,20.6,50.68,Medium,synthetic_formula_with_seeded_noise,synthetic_prototype
REG-STA-017-2024-03,STA-017,univindonesia,Universitas Indonesia,Bogor,2024-03,288121,6.13,68,67,33.09,51.19,25.13,104.19,20.6,49.09,Medium,synthetic_formula_with_seeded_noise,synthetic_prototype
REG-STA-017-2024-04,STA-017,univindonesia,Universitas Indonesia,Bogor,2024-04,294892,5.93,77,75,34.85,53.58,27.78,105.54,20.6,52.91,Medium,synthetic_formula_with_seeded_noise,synthetic_prototype
REG-STA-017-2024-05,STA-017,univindonesia,Universitas Indonesia,Bogor,2024-05,307549,6.74,72,69,40.53,53.67,27.43,114.4,20.6,51.1,Medium,synthetic_formula_with_seeded_noise,synthetic_prototype
REG-STA-017-2024-06,STA-017,univindonesia,Universitas Indonesia,Bogor,2024-06,267158,7.32,69,65,37.5,51.53,25.21,105.29,20.6,52.23,Medium,synthetic_formula_with_seeded_noise,synthetic_prototype
REG-STA-017-2024-07,STA-017,univindonesia,Universitas Indonesia,Bogor,2024-07,269949,7.31,64,63,37.67,54.36,28.73,101.16,20.6,54.86,Medium,synthetic_formula_with_seeded_noise,synthetic_prototype
REG-STA-017-2024-08,STA-017,univindonesia,Universitas Indonesia,Bogor,2024-08,300477,7.62,67,58,35.93,54.73,24.87,86.16,20.6,53.25,Medium,synthetic_formula_with_seeded_noise,synthetic_prototype
REG-STA-017-2024-09,STA-017,univindonesia,Universitas Indonesia,Bogor,2024-09,345120,7.65,72,63,38.75,51.24,30.35,95.5,20.6,59.52,Medium,synthetic_formula_with_seeded_noise,synthetic_prototype
REG-STA-017-2024-10,STA-017,univindonesia,Universitas Indonesia,Bogor,2024-10,344266,7.35,78,72,38.47,53.83,25.38,95.81,20.6,57.24,Medium,synthetic_formula_with_seeded_noise,synthetic_prototype
REG-STA-017-2024-11,STA-017,univindonesia,Universitas Indonesia,Bogor,2024-11,329355,7.14,64,66,39.23,51.12,29.66,98.84,20.6,51.45,Medium,synthetic_formula_with_seeded_noise,synthetic_prototype
REG-STA-017-2024-12,STA-017,univindonesia,Universitas Indonesia,Bogor,2024-12,309827,7.59,75,76,37.64,61.15,30.46,109.11,20.6,55.01,Medium,synthetic_formula_with_seeded_noise,synthetic_prototype
REG-STA-017-2025-01,STA-017,univindonesia,Universitas Indonesia,Bogor,2025-01,286376,7.15,67,74,36.53,53.9,22.34,109.83,20.6,51.46,Medium,synthetic_formula_with_seeded_noise,synthetic_prototype
REG-STA-017-2025-02,STA-017,univindonesia,Universitas Indonesia,Bogor,2025-02,325540,7.1,73,75,38.56,57.54,27.77,107.0,20.6,51.81,Medium,synthetic_formula_with_seeded_noise,synthetic_prototype
REG-STA-017-2025-03,STA-017,univindonesia,Universitas Indonesia,Bogor,2025-03,335621,6.35,75,72,38.38,49.99,26.53,99.22,20.6,50.86,Medium,synthetic_formula_with_seeded_noise,synthetic_prototype
REG-STA-017-2025-04,STA-017,univindonesia,Universitas Indonesia,Bogor,2025-04,303086,7.86,69,71,35.72,56.09,29.26,109.11,20.6,59.99,Medium,synthetic_formula_with_seeded_noise,synthetic_prototype
REG-STA-017-2025-05,STA-017,univindonesia,Universitas Indonesia,Bogor,2025-05,344676,7.24,75,68,38.38,51.68,28.93,101.18,20.6,54.35,Medium,synthetic_formula_with_seeded_noise,synthetic_prototype
REG-STA-017-2025-06,STA-017,univindonesia,Universitas Indonesia,Bogor,2025-06,311951,6.27,75,81,40.01,64.95,27.05,93.23,20.6,53.72,Medium,synthetic_formula_with_seeded_noise,synthetic_prototype
REG-STA-017-2025-07,STA-017,univindonesia,Universitas Indonesia,Bogor,2025-07,301049,6.25,74,63,38.36,54.58,24.31,102.49,20.6,57.56,Medium,synthetic_formula_with_seeded_noise,synthetic_prototype
REG-STA-017-2025-08,STA-017,univindonesia,Universitas Indonesia,Bogor,2025-08,311999,8.24,60,64,38.44,48.13,28.15,101.4,20.6,53.68,Medium,synthetic_formula_with_seeded_noise,synthetic_prototype
REG-STA-017-2025-09,STA-017,univindonesia,Universitas Indonesia,Bogor,2025-09,332732,7.55,71,64,35.72,49.81,33.11,108.98,20.6,60.02,Medium,synthetic_formula_with_seeded_noise,synthetic_prototype
REG-STA-017-2025-10,STA-017,univindonesia,Universitas Indonesia,Bogor,2025-10,349001,8.3,79,69,37.88,52.34,30.02,100.54,20.6,49.72,Medium,synthetic_formula_with_seeded_noise,synthetic_prototype
REG-STA-017-2025-11,STA-017,univindonesia,Universitas Indonesia,Bogor,2025-11,348188,6.86,63,63,40.2,54.16,27.62,95.65,20.6,55.13,Medium,synthetic_formula_with_seeded_noise,synthetic_prototype
REG-STA-017-2025-12,STA-017,univindonesia,Universitas Indonesia,Bogor,2025-12,317759,7.37,72,68,37.5,52.44,27.02,103.86,20.6,51.47,Medium,synthetic_formula_with_seeded_noise,synthetic_prototype
REG-STA-018-2023-01,STA-018,pondokcina,Pondok Cina,Bogor,2023-01,247023,7.45,66,76,47.68,53.7,29.91,95.47,21.5,46.89,Medium,synthetic_formula_with_seeded_noise,synthetic_prototype
REG-STA-018-2023-02,STA-018,pondokcina,Pondok Cina,Bogor,2023-02,260010,5.81,73,68,51.46,51.92,30.2,84.29,21.5,56.89,Medium,synthetic_formula_with_seeded_noise,synthetic_prototype
REG-STA-018-2023-03,STA-018,pondokcina,Pondok Cina,Bogor,2023-03,296462,6.07,77,81,45.12,44.13,27.7,102.5,21.5,47.51,Medium,synthetic_formula_with_seeded_noise,synthetic_prototype
REG-STA-018-2023-04,STA-018,pondokcina,Pondok Cina,Bogor,2023-04,281625,6.6,75,72,51.04,47.71,27.12,106.12,21.5,57.94,Medium,synthetic_formula_with_seeded_noise,synthetic_prototype
REG-STA-018-2023-05,STA-018,pondokcina,Pondok Cina,Bogor,2023-05,305356,7.1,69,60,45.47,46.7,30.73,110.39,21.5,57.34,Medium,synthetic_formula_with_seeded_noise,synthetic_prototype
REG-STA-018-2023-06,STA-018,pondokcina,Pondok Cina,Bogor,2023-06,308423,6.55,67,57,48.67,39.88,21.89,105.36,21.5,46.26,Medium,synthetic_formula_with_seeded_noise,synthetic_prototype
REG-STA-018-2023-07,STA-018,pondokcina,Pondok Cina,Bogor,2023-07,267400,6.95,73,69,48.07,51.93,26.98,88.49,21.5,51.45,Medium,synthetic_formula_with_seeded_noise,synthetic_prototype
REG-STA-018-2023-08,STA-018,pondokcina,Pondok Cina,Bogor,2023-08,309745,6.84,81,82,49.27,46.13,26.79,108.39,21.5,52.14,Medium,synthetic_formula_with_seeded_noise,synthetic_prototype
REG-STA-018-2023-09,STA-018,pondokcina,Pondok Cina,Bogor,2023-09,316640,7.0,71,67,45.88,41.64,30.53,111.02,21.5,49.25,Medium,synthetic_formula_with_seeded_noise,synthetic_prototype
REG-STA-018-2023-10,STA-018,pondokcina,Pondok Cina,Bogor,2023-10,321890,6.37,72,64,50.48,44.77,25.94,105.97,21.5,46.57,Medium,synthetic_formula_with_seeded_noise,synthetic_prototype
REG-STA-018-2023-11,STA-018,pondokcina,Pondok Cina,Bogor,2023-11,306891,6.31,71,62,52.65,46.9,26.51,104.63,21.5,55.13,Medium,synthetic_formula_with_seeded_noise,synthetic_prototype
REG-STA-018-2023-12,STA-018,pondokcina,Pondok Cina,Bogor,2023-12,284331,6.31,69,73,48.31,46.87,27.39,97.19,21.5,47.43,Medium,synthetic_formula_with_seeded_noise,synthetic_prototype
REG-STA-018-2024-01,STA-018,pondokcina,Pondok Cina,Bogor,2024-01,277973,6.7,75,74,43.04,43.87,31.72,115.3,21.5,50.97,Medium,synthetic_formula_with_seeded_noise,synthetic_prototype
REG-STA-018-2024-02,STA-018,pondokcina,Pondok Cina,Bogor,2024-02,276488,7.12,69,72,47.49,49.53,28.08,111.29,21.5,53.8,Medium,synthetic_formula_with_seeded_noise,synthetic_prototype
REG-STA-018-2024-03,STA-018,pondokcina,Pondok Cina,Bogor,2024-03,326665,6.81,68,79,47.02,46.51,22.08,112.24,21.5,53.4,Medium,synthetic_formula_with_seeded_noise,synthetic_prototype
REG-STA-018-2024-04,STA-018,pondokcina,Pondok Cina,Bogor,2024-04,298816,6.31,66,69,45.85,39.93,29.94,104.64,21.5,49.87,Medium,synthetic_formula_with_seeded_noise,synthetic_prototype
REG-STA-018-2024-05,STA-018,pondokcina,Pondok Cina,Bogor,2024-05,303985,6.36,68,69,47.46,48.62,29.54,101.27,21.5,46.06,Medium,synthetic_formula_with_seeded_noise,synthetic_prototype
REG-STA-018-2024-06,STA-018,pondokcina,Pondok Cina,Bogor,2024-06,281117,6.14,70,67,49.66,43.4,29.79,110.55,21.5,50.06,Medium,synthetic_formula_with_seeded_noise,synthetic_prototype
REG-STA-018-2024-07,STA-018,pondokcina,Pondok Cina,Bogor,2024-07,267410,7.37,70,76,48.49,40.68,24.98,94.42,21.5,46.79,Medium,synthetic_formula_with_seeded_noise,synthetic_prototype
REG-STA-018-2024-08,STA-018,pondokcina,Pondok Cina,Bogor,2024-08,296693,6.89,73,72,47.99,44.5,30.3,103.02,21.5,53.1,Medium,synthetic_formula_with_seeded_noise,synthetic_prototype
REG-STA-018-2024-09,STA-018,pondokcina,Pondok Cina,Bogor,2024-09,335279,7.24,73,72,48.3,47.28,21.01,105.43,21.5,54.88,Medium,synthetic_formula_with_seeded_noise,synthetic_prototype
REG-STA-018-2024-10,STA-018,pondokcina,Pondok Cina,Bogor,2024-10,357937,6.63,67,62,51.37,53.8,23.22,114.77,21.5,58.12,Medium,synthetic_formula_with_seeded_noise,synthetic_prototype
REG-STA-018-2024-11,STA-018,pondokcina,Pondok Cina,Bogor,2024-11,311029,6.31,72,68,51.29,44.45,29.5,97.8,21.5,54.85,Medium,synthetic_formula_with_seeded_noise,synthetic_prototype
REG-STA-018-2024-12,STA-018,pondokcina,Pondok Cina,Bogor,2024-12,299098,7.44,71,70,46.07,45.03,28.61,103.37,21.5,51.37,Medium,synthetic_formula_with_seeded_noise,synthetic_prototype
REG-STA-018-2025-01,STA-018,pondokcina,Pondok Cina,Bogor,2025-01,295830,6.71,74,76,46.33,49.47,23.73,103.11,21.5,47.74,Medium,synthetic_formula_with_seeded_noise,synthetic_prototype
REG-STA-018-2025-02,STA-018,pondokcina,Pondok Cina,Bogor,2025-02,287321,6.67,70,64,45.49,50.8,25.34,96.35,21.5,51.2,Medium,synthetic_formula_with_seeded_noise,synthetic_prototype
REG-STA-018-2025-03,STA-018,pondokcina,Pondok Cina,Bogor,2025-03,331344,5.97,68,62,43.71,57.53,30.64,97.83,21.5,58.93,Medium,synthetic_formula_with_seeded_noise,synthetic_prototype
REG-STA-018-2025-04,STA-018,pondokcina,Pondok Cina,Bogor,2025-04,317634,7.03,72,70,45.14,42.44,27.43,103.12,21.5,52.68,Medium,synthetic_formula_with_seeded_noise,synthetic_prototype
REG-STA-018-2025-05,STA-018,pondokcina,Pondok Cina,Bogor,2025-05,343700,5.43,68,68,45.19,46.8,29.14,105.12,21.5,56.48,Medium,synthetic_formula_with_seeded_noise,synthetic_prototype
REG-STA-018-2025-06,STA-018,pondokcina,Pondok Cina,Bogor,2025-06,313251,7.4,66,66,47.92,45.61,28.53,100.13,21.5,55.89,Medium,synthetic_formula_with_seeded_noise,synthetic_prototype
REG-STA-018-2025-07,STA-018,pondokcina,Pondok Cina,Bogor,2025-07,303541,6.74,74,80,52.2,50.93,29.51,86.49,21.5,53.06,Medium,synthetic_formula_with_seeded_noise,synthetic_prototype
REG-STA-018-2025-08,STA-018,pondokcina,Pondok Cina,Bogor,2025-08,339023,6.42,73,72,47.26,47.99,26.32,96.73,21.5,51.58,Medium,synthetic_formula_with_seeded_noise,synthetic_prototype
REG-STA-018-2025-09,STA-018,pondokcina,Pondok Cina,Bogor,2025-09,341738,5.16,83,83,45.76,36.14,21.34,111.19,21.5,57.83,Medium,synthetic_formula_with_seeded_noise,synthetic_prototype
REG-STA-018-2025-10,STA-018,pondokcina,Pondok Cina,Bogor,2025-10,329072,6.41,73,80,51.14,41.1,29.97,101.47,21.5,58.5,Medium,synthetic_formula_with_seeded_noise,synthetic_prototype
REG-STA-018-2025-11,STA-018,pondokcina,Pondok Cina,Bogor,2025-11,355229,6.47,73,63,45.52,50.84,24.71,102.75,21.5,57.28,Medium,synthetic_formula_with_seeded_noise,synthetic_prototype
REG-STA-018-2025-12,STA-018,pondokcina,Pondok Cina,Bogor,2025-12,312637,5.31,62,59,47.52,38.16,29.6,102.26,21.5,48.69,Medium,synthetic_formula_with_seeded_noise,synthetic_prototype
REG-STA-019-2023-01,STA-019,depokbaru,Depok Baru,Bogor,2023-01,506697,8.15,92,92,35.87,57.23,23.01,101.34,24.5,52.25,Medium,synthetic_formula_with_seeded_noise,synthetic_prototype
REG-STA-019-2023-02,STA-019,depokbaru,Depok Baru,Bogor,2023-02,535171,7.6,90,82,41.27,59.24,31.63,106.42,24.5,57.83,Medium,synthetic_formula_with_seeded_noise,synthetic_prototype
REG-STA-019-2023-03,STA-019,depokbaru,Depok Baru,Bogor,2023-03,569677,6.9,95,98,35.91,49.55,24.65,117.95,24.5,49.66,Medium,synthetic_formula_with_seeded_noise,synthetic_prototype
REG-STA-019-2023-04,STA-019,depokbaru,Depok Baru,Bogor,2023-04,553715,7.7,96,95,35.97,57.82,26.93,97.75,24.5,56.71,Medium,synthetic_formula_with_seeded_noise,synthetic_prototype
REG-STA-019-2023-05,STA-019,depokbaru,Depok Baru,Bogor,2023-05,653787,7.85,101,104,40.66,55.49,24.45,113.06,24.5,58.09,Medium,synthetic_formula_with_seeded_noise,synthetic_prototype
REG-STA-019-2023-06,STA-019,depokbaru,Depok Baru,Bogor,2023-06,494559,7.88,84,72,38.2,58.17,25.7,118.35,24.5,46.58,Medium,synthetic_formula_with_seeded_noise,synthetic_prototype
REG-STA-019-2023-07,STA-019,depokbaru,Depok Baru,Bogor,2023-07,537213,6.6,95,78,40.26,55.0,30.59,101.3,24.5,49.75,Medium,synthetic_formula_with_seeded_noise,synthetic_prototype
REG-STA-019-2023-08,STA-019,depokbaru,Depok Baru,Bogor,2023-08,554349,7.51,95,95,35.71,58.65,23.67,107.63,24.5,47.17,Medium,synthetic_formula_with_seeded_noise,synthetic_prototype
REG-STA-019-2023-09,STA-019,depokbaru,Depok Baru,Bogor,2023-09,598488,6.71,98,99,38.81,59.17,26.86,124.65,24.5,62.33,Medium,synthetic_formula_with_seeded_noise,synthetic_prototype
REG-STA-019-2023-10,STA-019,depokbaru,Depok Baru,Bogor,2023-10,654762,7.75,91,87,40.1,58.24,27.41,111.28,24.5,61.35,Medium,synthetic_formula_with_seeded_noise,synthetic_prototype
REG-STA-019-2023-11,STA-019,depokbaru,Depok Baru,Bogor,2023-11,623221,7.68,93,95,38.92,63.23,32.49,107.9,24.5,54.03,Medium,synthetic_formula_with_seeded_noise,synthetic_prototype
REG-STA-019-2023-12,STA-019,depokbaru,Depok Baru,Bogor,2023-12,528115,7.85,93,79,42.7,49.29,26.6,108.65,24.5,50.14,Medium,synthetic_formula_with_seeded_noise,synthetic_prototype
REG-STA-019-2024-01,STA-019,depokbaru,Depok Baru,Bogor,2024-01,539807,8.1,93,103,38.61,61.55,27.46,115.22,24.5,50.43,Medium,synthetic_formula_with_seeded_noise,synthetic_prototype
REG-STA-019-2024-02,STA-019,depokbaru,Depok Baru,Bogor,2024-02,561547,7.51,91,78,41.5,52.86,31.27,96.31,24.5,47.87,Medium,synthetic_formula_with_seeded_noise,synthetic_prototype
REG-STA-019-2024-03,STA-019,depokbaru,Depok Baru,Bogor,2024-03,601221,8.0,102,95,37.65,51.28,28.25,98.94,24.5,49.96,Medium,synthetic_formula_with_seeded_noise,synthetic_prototype
REG-STA-019-2024-04,STA-019,depokbaru,Depok Baru,Bogor,2024-04,564804,8.28,95,90,40.63,59.52,22.77,106.41,24.5,49.7,Medium,synthetic_formula_with_seeded_noise,synthetic_prototype
REG-STA-019-2024-05,STA-019,depokbaru,Depok Baru,Bogor,2024-05,635518,7.73,96,90,37.04,53.36,27.88,114.42,24.5,53.27,Medium,synthetic_formula_with_seeded_noise,synthetic_prototype
REG-STA-019-2024-06,STA-019,depokbaru,Depok Baru,Bogor,2024-06,547717,8.05,90,92,36.53,57.79,28.99,105.62,24.5,48.54,Medium,synthetic_formula_with_seeded_noise,synthetic_prototype
REG-STA-019-2024-07,STA-019,depokbaru,Depok Baru,Bogor,2024-07,560227,6.47,87,87,33.96,49.82,27.91,110.22,24.5,54.04,Medium,synthetic_formula_with_seeded_noise,synthetic_prototype
REG-STA-019-2024-08,STA-019,depokbaru,Depok Baru,Bogor,2024-08,626867,6.71,98,89,44.71,59.17,30.98,105.92,24.5,58.09,Medium,synthetic_formula_with_seeded_noise,synthetic_prototype
REG-STA-019-2024-09,STA-019,depokbaru,Depok Baru,Bogor,2024-09,640423,7.22,92,86,42.17,52.58,28.34,114.85,24.5,54.38,Medium,synthetic_formula_with_seeded_noise,synthetic_prototype
REG-STA-019-2024-10,STA-019,depokbaru,Depok Baru,Bogor,2024-10,640934,6.51,95,100,36.24,56.63,26.81,99.69,24.5,52.26,Medium,synthetic_formula_with_seeded_noise,synthetic_prototype
REG-STA-019-2024-11,STA-019,depokbaru,Depok Baru,Bogor,2024-11,643718,7.01,98,85,37.45,56.69,25.44,123.25,24.5,54.75,Medium,synthetic_formula_with_seeded_noise,synthetic_prototype
REG-STA-019-2024-12,STA-019,depokbaru,Depok Baru,Bogor,2024-12,602699,6.86,101,91,40.86,61.02,26.86,99.01,24.5,59.68,Medium,synthetic_formula_with_seeded_noise,synthetic_prototype
REG-STA-019-2025-01,STA-019,depokbaru,Depok Baru,Bogor,2025-01,593868,7.81,101,90,37.94,56.59,30.23,112.47,24.5,53.77,Medium,synthetic_formula_with_seeded_noise,synthetic_prototype
REG-STA-019-2025-02,STA-019,depokbaru,Depok Baru,Bogor,2025-02,576065,7.38,97,93,35.46,58.14,28.42,109.51,24.5,48.24,Medium,synthetic_formula_with_seeded_noise,synthetic_prototype
REG-STA-019-2025-03,STA-019,depokbaru,Depok Baru,Bogor,2025-03,624535,7.47,96,98,41.63,58.87,28.91,100.99,24.5,56.04,Medium,synthetic_formula_with_seeded_noise,synthetic_prototype
REG-STA-019-2025-04,STA-019,depokbaru,Depok Baru,Bogor,2025-04,646247,6.92,105,102,38.86,52.37,26.71,100.22,24.5,55.62,Medium,synthetic_formula_with_seeded_noise,synthetic_prototype
REG-STA-019-2025-05,STA-019,depokbaru,Depok Baru,Bogor,2025-05,671281,8.46,103,102,34.8,50.26,24.81,104.41,24.5,49.53,Medium,synthetic_formula_with_seeded_noise,synthetic_prototype
REG-STA-019-2025-06,STA-019,depokbaru,Depok Baru,Bogor,2025-06,616912,7.3,102,100,40.84,55.39,29.68,110.79,24.5,58.76,Medium,synthetic_formula_with_seeded_noise,synthetic_prototype
REG-STA-019-2025-07,STA-019,depokbaru,Depok Baru,Bogor,2025-07,588151,6.47,91,94,40.88,53.37,28.69,109.32,24.5,53.13,Medium,synthetic_formula_with_seeded_noise,synthetic_prototype
REG-STA-019-2025-08,STA-019,depokbaru,Depok Baru,Bogor,2025-08,666610,6.79,107,112,39.66,57.38,26.5,105.19,24.5,58.64,Medium,synthetic_formula_with_seeded_noise,synthetic_prototype
REG-STA-019-2025-09,STA-019,depokbaru,Depok Baru,Bogor,2025-09,711124,7.54,104,99,36.45,53.21,24.34,104.73,24.5,48.31,Medium,synthetic_formula_with_seeded_noise,synthetic_prototype
REG-STA-019-2025-10,STA-019,depokbaru,Depok Baru,Bogor,2025-10,690431,7.64,100,94,38.03,56.4,30.43,110.72,24.5,59.83,Medium,synthetic_formula_with_seeded_noise,synthetic_prototype
REG-STA-019-2025-11,STA-019,depokbaru,Depok Baru,Bogor,2025-11,701141,6.33,96,86,37.36,61.54,30.69,108.96,24.5,59.84,Medium,synthetic_formula_with_seeded_noise,synthetic_prototype
REG-STA-019-2025-12,STA-019,depokbaru,Depok Baru,Bogor,2025-12,608657,7.78,96,85,40.35,49.11,21.98,113.28,24.5,51.99,Medium,synthetic_formula_with_seeded_noise,synthetic_prototype
REG-STA-020-2023-01,STA-020,depok,Depok,Bogor,2023-01,507900,7.68,84,82,39.18,47.56,27.94,98.97,25,55.32,Medium,synthetic_formula_with_seeded_noise,synthetic_prototype
REG-STA-020-2023-02,STA-020,depok,Depok,Bogor,2023-02,554976,8.26,75,81,39.3,49.57,26.53,101.04,25,49.74,Medium,synthetic_formula_with_seeded_noise,synthetic_prototype
REG-STA-020-2023-03,STA-020,depok,Depok,Bogor,2023-03,563983,8.15,74,73,40.43,43.51,33.62,106.32,25,49.9,Medium,synthetic_formula_with_seeded_noise,synthetic_prototype
REG-STA-020-2023-04,STA-020,depok,Depok,Bogor,2023-04,556686,8.47,83,80,38.57,53.05,24.22,100.29,25,49.61,Medium,synthetic_formula_with_seeded_noise,synthetic_prototype
REG-STA-020-2023-05,STA-020,depok,Depok,Bogor,2023-05,599475,6.57,76,69,41.29,47.62,28.44,108.66,25,52.06,Medium,synthetic_formula_with_seeded_noise,synthetic_prototype
REG-STA-020-2023-06,STA-020,depok,Depok,Bogor,2023-06,520548,8.45,75,71,43.69,48.97,24.75,108.32,25,49.05,Medium,synthetic_formula_with_seeded_noise,synthetic_prototype
REG-STA-020-2023-07,STA-020,depok,Depok,Bogor,2023-07,567699,7.89,75,73,38.9,44.11,25.62,99.87,25,50.12,Medium,synthetic_formula_with_seeded_noise,synthetic_prototype
REG-STA-020-2023-08,STA-020,depok,Depok,Bogor,2023-08,607601,8.48,76,69,41.38,45.22,22.44,113.71,25,54.34,Medium,synthetic_formula_with_seeded_noise,synthetic_prototype
REG-STA-020-2023-09,STA-020,depok,Depok,Bogor,2023-09,560590,7.84,81,77,41.44,51.74,19.78,113.11,25,50.49,Medium,synthetic_formula_with_seeded_noise,synthetic_prototype
REG-STA-020-2023-10,STA-020,depok,Depok,Bogor,2023-10,632112,8.08,83,73,36.29,42.43,26.61,113.08,25,51.82,Medium,synthetic_formula_with_seeded_noise,synthetic_prototype
REG-STA-020-2023-11,STA-020,depok,Depok,Bogor,2023-11,605167,8.31,81,78,43.04,52.02,28.58,97.34,25,55.21,Medium,synthetic_formula_with_seeded_noise,synthetic_prototype
REG-STA-020-2023-12,STA-020,depok,Depok,Bogor,2023-12,570726,7.85,81,78,40.69,51.75,27.2,105.96,25,52.8,Medium,synthetic_formula_with_seeded_noise,synthetic_prototype
REG-STA-020-2024-01,STA-020,depok,Depok,Bogor,2024-01,565337,7.68,79,82,41.49,51.94,27.13,117.99,25,56.55,Medium,synthetic_formula_with_seeded_noise,synthetic_prototype
REG-STA-020-2024-02,STA-020,depok,Depok,Bogor,2024-02,550312,7.65,73,65,38.8,55.33,27.07,99.85,25,46.99,Medium,synthetic_formula_with_seeded_noise,synthetic_prototype
REG-STA-020-2024-03,STA-020,depok,Depok,Bogor,2024-03,618260,7.16,82,79,41.5,48.41,22.49,109.03,25,51.68,Medium,synthetic_formula_with_seeded_noise,synthetic_prototype
REG-STA-020-2024-04,STA-020,depok,Depok,Bogor,2024-04,602605,8.38,91,90,37.7,47.48,31.49,109.96,25,51.37,Medium,synthetic_formula_with_seeded_noise,synthetic_prototype
REG-STA-020-2024-05,STA-020,depok,Depok,Bogor,2024-05,591932,7.93,87,88,43.52,52.09,24.14,109.42,25,49.33,Medium,synthetic_formula_with_seeded_noise,synthetic_prototype
REG-STA-020-2024-06,STA-020,depok,Depok,Bogor,2024-06,578861,7.04,74,66,36.76,53.07,29.61,103.84,25,52.53,Medium,synthetic_formula_with_seeded_noise,synthetic_prototype
REG-STA-020-2024-07,STA-020,depok,Depok,Bogor,2024-07,539542,8.25,76,67,40.25,48.98,25.23,108.98,25,46.92,Medium,synthetic_formula_with_seeded_noise,synthetic_prototype
REG-STA-020-2024-08,STA-020,depok,Depok,Bogor,2024-08,642466,7.51,82,83,45.59,49.79,25.12,98.35,25,59.89,Medium,synthetic_formula_with_seeded_noise,synthetic_prototype
REG-STA-020-2024-09,STA-020,depok,Depok,Bogor,2024-09,626863,7.26,77,74,41.77,50.96,27.28,103.12,25,57.56,Medium,synthetic_formula_with_seeded_noise,synthetic_prototype
REG-STA-020-2024-10,STA-020,depok,Depok,Bogor,2024-10,617063,8.38,83,87,38.85,55.64,22.89,110.77,25,54.85,Medium,synthetic_formula_with_seeded_noise,synthetic_prototype
REG-STA-020-2024-11,STA-020,depok,Depok,Bogor,2024-11,616023,8.81,82,88,41.33,47.61,26.07,100.83,25,55.29,Medium,synthetic_formula_with_seeded_noise,synthetic_prototype
REG-STA-020-2024-12,STA-020,depok,Depok,Bogor,2024-12,586148,8.09,75,72,38.43,50.42,29.37,117.41,25,48.82,Medium,synthetic_formula_with_seeded_noise,synthetic_prototype
REG-STA-020-2025-01,STA-020,depok,Depok,Bogor,2025-01,577275,8.98,82,77,35.53,51.0,28.66,103.84,25,49.95,Medium,synthetic_formula_with_seeded_noise,synthetic_prototype
REG-STA-020-2025-02,STA-020,depok,Depok,Bogor,2025-02,599561,7.54,78,67,41.94,54.29,30.27,106.14,25,53.38,Medium,synthetic_formula_with_seeded_noise,synthetic_prototype
REG-STA-020-2025-03,STA-020,depok,Depok,Bogor,2025-03,658562,7.22,84,83,40.54,56.31,21.41,113.2,25,52.04,Medium,synthetic_formula_with_seeded_noise,synthetic_prototype
REG-STA-020-2025-04,STA-020,depok,Depok,Bogor,2025-04,608248,7.21,81,88,39.73,56.1,24.98,113.97,25,54.76,Medium,synthetic_formula_with_seeded_noise,synthetic_prototype
REG-STA-020-2025-05,STA-020,depok,Depok,Bogor,2025-05,706117,8.08,86,74,44.85,53.26,28.54,111.66,25,60.31,Medium,synthetic_formula_with_seeded_noise,synthetic_prototype
REG-STA-020-2025-06,STA-020,depok,Depok,Bogor,2025-06,579051,8.23,82,87,37.95,52.27,31.04,96.53,25,52.73,Medium,synthetic_formula_with_seeded_noise,synthetic_prototype
REG-STA-020-2025-07,STA-020,depok,Depok,Bogor,2025-07,583094,8.68,77,68,37.85,53.97,27.68,105.17,25,54.57,Medium,synthetic_formula_with_seeded_noise,synthetic_prototype
REG-STA-020-2025-08,STA-020,depok,Depok,Bogor,2025-08,654106,7.66,83,78,42.61,54.63,30.14,114.56,25,59.87,Medium,synthetic_formula_with_seeded_noise,synthetic_prototype
REG-STA-020-2025-09,STA-020,depok,Depok,Bogor,2025-09,725070,8.68,88,85,43.24,47.06,30.26,99.04,25,57.5,Medium,synthetic_formula_with_seeded_noise,synthetic_prototype
REG-STA-020-2025-10,STA-020,depok,Depok,Bogor,2025-10,710525,8.01,83,78,41.49,52.65,27.67,108.55,25,59.02,Medium,synthetic_formula_with_seeded_noise,synthetic_prototype
REG-STA-020-2025-11,STA-020,depok,Depok,Bogor,2025-11,727283,9.33,88,82,40.25,53.12,22.81,102.81,25,55.35,Medium,synthetic_formula_with_seeded_noise,synthetic_prototype
REG-STA-020-2025-12,STA-020,depok,Depok,Bogor,2025-12,583274,7.98,81,77,38.74,52.68,25.51,104.31,25,51.01,Medium,synthetic_formula_with_seeded_noise,synthetic_prototype
REG-STA-021-2023-01,STA-021,citayam,Citayam,Bogor,2023-01,1012570,9.65,157,158,76.97,58.3,73.9,115.36,29.6,75.03,High,synthetic_formula_with_seeded_noise,synthetic_prototype
REG-STA-021-2023-02,STA-021,citayam,Citayam,Bogor,2023-02,1075619,9.95,161,149,75.84,54.67,67.83,129.26,29.6,72.15,High,synthetic_formula_with_seeded_noise,synthetic_prototype
REG-STA-021-2023-03,STA-021,citayam,Citayam,Bogor,2023-03,1185382,10.27,159,147,73.99,50.13,68.55,128.72,29.6,69.39,Medium,synthetic_formula_with_seeded_noise,synthetic_prototype
REG-STA-021-2023-04,STA-021,citayam,Citayam,Bogor,2023-04,1142042,10.45,163,159,75.46,61.28,70.51,111.15,29.6,75.7,High,synthetic_formula_with_seeded_noise,synthetic_prototype
REG-STA-021-2023-05,STA-021,citayam,Citayam,Bogor,2023-05,1139310,9.93,162,158,81.11,59.06,72.3,122.59,29.6,78.49,High,synthetic_formula_with_seeded_noise,synthetic_prototype
REG-STA-021-2023-06,STA-021,citayam,Citayam,Bogor,2023-06,1054656,10.49,169,154,77.5,59.43,66.16,133.16,29.6,74.52,High,synthetic_formula_with_seeded_noise,synthetic_prototype
REG-STA-021-2023-07,STA-021,citayam,Citayam,Bogor,2023-07,1025854,10.62,162,156,78.16,49.94,67.97,119.84,29.6,72.93,High,synthetic_formula_with_seeded_noise,synthetic_prototype
REG-STA-021-2023-08,STA-021,citayam,Citayam,Bogor,2023-08,1154178,11.13,159,149,80.77,54.31,65.86,124.35,29.6,72.56,High,synthetic_formula_with_seeded_noise,synthetic_prototype
REG-STA-021-2023-09,STA-021,citayam,Citayam,Bogor,2023-09,1306162,10.73,167,160,79.5,48.54,67.56,120.67,29.6,79.69,High,synthetic_formula_with_seeded_noise,synthetic_prototype
REG-STA-021-2023-10,STA-021,citayam,Citayam,Bogor,2023-10,1275193,9.87,169,149,77.65,51.68,67.81,114.57,29.6,72.64,High,synthetic_formula_with_seeded_noise,synthetic_prototype
REG-STA-021-2023-11,STA-021,citayam,Citayam,Bogor,2023-11,1180542,9.71,159,145,75.16,56.19,73.78,118.01,29.6,79.03,High,synthetic_formula_with_seeded_noise,synthetic_prototype
REG-STA-021-2023-12,STA-021,citayam,Citayam,Bogor,2023-12,1144342,9.67,170,162,77.44,55.95,66.68,129.67,29.6,82.12,High,synthetic_formula_with_seeded_noise,synthetic_prototype
REG-STA-021-2024-01,STA-021,citayam,Citayam,Bogor,2024-01,1119979,10.37,160,153,77.29,56.28,67.82,116.25,29.6,75.82,High,synthetic_formula_with_seeded_noise,synthetic_prototype
REG-STA-021-2024-02,STA-021,citayam,Citayam,Bogor,2024-02,1103980,9.1,161,154,76.58,50.72,74.1,106.7,29.6,72.73,High,synthetic_formula_with_seeded_noise,synthetic_prototype
REG-STA-021-2024-03,STA-021,citayam,Citayam,Bogor,2024-03,1263087,10.23,160,150,71.84,56.84,76.9,123.63,29.6,80.33,High,synthetic_formula_with_seeded_noise,synthetic_prototype
REG-STA-021-2024-04,STA-021,citayam,Citayam,Bogor,2024-04,1092283,10.59,160,142,80.12,49.15,66.44,133.43,29.6,65.98,Medium,synthetic_formula_with_seeded_noise,synthetic_prototype
REG-STA-021-2024-05,STA-021,citayam,Citayam,Bogor,2024-05,1265222,10.87,165,157,76.78,50.26,71.71,119.06,29.6,79.34,High,synthetic_formula_with_seeded_noise,synthetic_prototype
REG-STA-021-2024-06,STA-021,citayam,Citayam,Bogor,2024-06,1078208,10.47,154,139,73.57,54.56,66.04,121.88,29.6,72.03,High,synthetic_formula_with_seeded_noise,synthetic_prototype
REG-STA-021-2024-07,STA-021,citayam,Citayam,Bogor,2024-07,1079562,10.01,155,139,81.88,52.37,68.78,117.37,29.6,70.94,High,synthetic_formula_with_seeded_noise,synthetic_prototype
REG-STA-021-2024-08,STA-021,citayam,Citayam,Bogor,2024-08,1258641,9.43,164,154,74.62,49.65,66.57,122.22,29.6,77.7,High,synthetic_formula_with_seeded_noise,synthetic_prototype
REG-STA-021-2024-09,STA-021,citayam,Citayam,Bogor,2024-09,1248700,9.0,161,153,79.44,51.99,67.6,131.29,29.6,79.75,High,synthetic_formula_with_seeded_noise,synthetic_prototype
REG-STA-021-2024-10,STA-021,citayam,Citayam,Bogor,2024-10,1309696,9.68,166,155,75.75,51.17,70.64,129.91,29.6,72.91,High,synthetic_formula_with_seeded_noise,synthetic_prototype
REG-STA-021-2024-11,STA-021,citayam,Citayam,Bogor,2024-11,1370886,8.76,165,155,81.36,56.18,73.82,118.2,29.6,77.98,High,synthetic_formula_with_seeded_noise,synthetic_prototype
REG-STA-021-2024-12,STA-021,citayam,Citayam,Bogor,2024-12,1143046,10.02,157,150,78.86,59.33,69.14,117.65,29.6,77.22,High,synthetic_formula_with_seeded_noise,synthetic_prototype
REG-STA-021-2025-01,STA-021,citayam,Citayam,Bogor,2025-01,1187523,9.78,166,156,80.2,59.37,67.36,124.89,29.6,70.48,High,synthetic_formula_with_seeded_noise,synthetic_prototype
REG-STA-021-2025-02,STA-021,citayam,Citayam,Bogor,2025-02,1257343,10.82,167,157,78.89,54.02,71.81,135.29,29.6,81.03,High,synthetic_formula_with_seeded_noise,synthetic_prototype
REG-STA-021-2025-03,STA-021,citayam,Citayam,Bogor,2025-03,1309821,10.55,178,165,78.97,52.46,68.05,111.0,29.6,75.04,High,synthetic_formula_with_seeded_noise,synthetic_prototype
REG-STA-021-2025-04,STA-021,citayam,Citayam,Bogor,2025-04,1293106,10.88,165,156,77.91,56.73,70.34,130.89,29.6,74.28,High,synthetic_formula_with_seeded_noise,synthetic_prototype
REG-STA-021-2025-05,STA-021,citayam,Citayam,Bogor,2025-05,1316866,10.57,164,149,77.56,51.61,74.44,108.82,29.6,76.68,High,synthetic_formula_with_seeded_noise,synthetic_prototype
REG-STA-021-2025-06,STA-021,citayam,Citayam,Bogor,2025-06,1268792,10.29,170,159,78.0,55.65,63.58,125.38,29.6,73.97,High,synthetic_formula_with_seeded_noise,synthetic_prototype
REG-STA-021-2025-07,STA-021,citayam,Citayam,Bogor,2025-07,1283017,10.46,167,160,76.14,52.56,69.19,115.45,29.6,83.27,High,synthetic_formula_with_seeded_noise,synthetic_prototype
REG-STA-021-2025-08,STA-021,citayam,Citayam,Bogor,2025-08,1312308,8.8,169,164,75.29,42.81,69.47,110.79,29.6,80.15,High,synthetic_formula_with_seeded_noise,synthetic_prototype
REG-STA-021-2025-09,STA-021,citayam,Citayam,Bogor,2025-09,1346372,10.02,163,151,73.34,46.27,71.56,132.53,29.6,78.37,High,synthetic_formula_with_seeded_noise,synthetic_prototype
REG-STA-021-2025-10,STA-021,citayam,Citayam,Bogor,2025-10,1491935,9.94,167,159,84.2,53.73,68.24,124.69,29.6,88.01,High,synthetic_formula_with_seeded_noise,synthetic_prototype
REG-STA-021-2025-11,STA-021,citayam,Citayam,Bogor,2025-11,1485172,9.6,176,159,79.45,55.72,72.29,123.93,29.6,74.36,High,synthetic_formula_with_seeded_noise,synthetic_prototype
REG-STA-021-2025-12,STA-021,citayam,Citayam,Bogor,2025-12,1214309,9.41,171,163,79.96,53.93,72.49,123.37,29.6,69.16,Medium,synthetic_formula_with_seeded_noise,synthetic_prototype
REG-STA-022-2023-01,STA-022,bojonggede,Bojonggede,Bogor,2023-01,567244,5.68,78,71,32.16,57.94,28.56,97.05,32.7,41.48,Low,synthetic_formula_with_seeded_noise,synthetic_prototype
REG-STA-022-2023-02,STA-022,bojonggede,Bojonggede,Bogor,2023-02,562602,5.22,79,65,32.08,52.31,30.14,83.61,32.7,48.73,Medium,synthetic_formula_with_seeded_noise,synthetic_prototype
REG-STA-022-2023-03,STA-022,bojonggede,Bojonggede,Bogor,2023-03,545648,5.76,66,59,32.85,56.77,26.95,85.78,32.7,47.85,Medium,synthetic_formula_with_seeded_noise,synthetic_prototype
REG-STA-022-2023-04,STA-022,bojonggede,Bojonggede,Bogor,2023-04,541218,4.91,73,59,31.54,58.82,24.45,89.71,32.7,46.54,Medium,synthetic_formula_with_seeded_noise,synthetic_prototype
REG-STA-022-2023-05,STA-022,bojonggede,Bojonggede,Bogor,2023-05,628708,5.41,66,51,32.79,53.03,24.58,91.05,32.7,54.23,Medium,synthetic_formula_with_seeded_noise,synthetic_prototype
REG-STA-022-2023-06,STA-022,bojonggede,Bojonggede,Bogor,2023-06,519350,5.05,72,66,32.56,60.57,34.58,94.74,32.7,51.26,Medium,synthetic_formula_with_seeded_noise,synthetic_prototype
REG-STA-022-2023-07,STA-022,bojonggede,Bojonggede,Bogor,2023-07,532142,5.41,63,60,33.88,58.5,25.53,94.22,32.7,46.64,Medium,synthetic_formula_with_seeded_noise,synthetic_prototype
REG-STA-022-2023-08,STA-022,bojonggede,Bojonggede,Bogor,2023-08,610936,4.16,67,65,29.35,65.08,27.92,111.34,32.7,45.2,Medium,synthetic_formula_with_seeded_noise,synthetic_prototype
REG-STA-022-2023-09,STA-022,bojonggede,Bojonggede,Bogor,2023-09,587386,5.32,71,66,34.71,56.22,25.71,87.2,32.7,54.1,Medium,synthetic_formula_with_seeded_noise,synthetic_prototype
REG-STA-022-2023-10,STA-022,bojonggede,Bojonggede,Bogor,2023-10,625938,5.08,74,62,30.44,55.8,30.58,103.47,32.7,51.2,Medium,synthetic_formula_with_seeded_noise,synthetic_prototype
REG-STA-022-2023-11,STA-022,bojonggede,Bojonggede,Bogor,2023-11,541029,5.15,76,70,34.32,59.7,32.98,101.72,32.7,54.85,Medium,synthetic_formula_with_seeded_noise,synthetic_prototype
REG-STA-022-2023-12,STA-022,bojonggede,Bojonggede,Bogor,2023-12,529293,5.25,76,67,34.76,55.54,28.57,95.07,32.7,47.99,Medium,synthetic_formula_with_seeded_noise,synthetic_prototype
REG-STA-022-2024-01,STA-022,bojonggede,Bojonggede,Bogor,2024-01,572758,5.26,71,73,35.61,62.44,30.49,104.53,32.7,50.75,Medium,synthetic_formula_with_seeded_noise,synthetic_prototype
REG-STA-022-2024-02,STA-022,bojonggede,Bojonggede,Bogor,2024-02,546826,5.54,66,65,30.31,59.05,26.31,103.23,32.7,46.35,Medium,synthetic_formula_with_seeded_noise,synthetic_prototype
REG-STA-022-2024-03,STA-022,bojonggede,Bojonggede,Bogor,2024-03,628863,5.74,72,75,32.39,60.91,22.53,89.79,32.7,45.74,Medium,synthetic_formula_with_seeded_noise,synthetic_prototype
REG-STA-022-2024-04,STA-022,bojonggede,Bojonggede,Bogor,2024-04,618756,5.4,73,66,28.09,55.74,24.1,89.73,32.7,47.83,Medium,synthetic_formula_with_seeded_noise,synthetic_prototype
REG-STA-022-2024-05,STA-022,bojonggede,Bojonggede,Bogor,2024-05,571578,6.26,67,58,29.99,51.81,26.54,99.06,32.7,48.79,Medium,synthetic_formula_with_seeded_noise,synthetic_prototype
REG-STA-022-2024-06,STA-022,bojonggede,Bojonggede,Bogor,2024-06,548489,5.73,73,75,30.6,59.44,29.65,86.33,32.7,46.76,Medium,synthetic_formula_with_seeded_noise,synthetic_prototype
REG-STA-022-2024-07,STA-022,bojonggede,Bojonggede,Bogor,2024-07,567025,5.18,66,64,33.6,56.1,26.36,91.78,32.7,46.1,Medium,synthetic_formula_with_seeded_noise,synthetic_prototype
REG-STA-022-2024-08,STA-022,bojonggede,Bojonggede,Bogor,2024-08,623028,5.49,78,82,30.4,55.27,22.9,82.47,32.7,49.86,Medium,synthetic_formula_with_seeded_noise,synthetic_prototype
REG-STA-022-2024-09,STA-022,bojonggede,Bojonggede,Bogor,2024-09,656203,5.01,67,67,30.77,62.73,24.49,93.28,32.7,53.47,Medium,synthetic_formula_with_seeded_noise,synthetic_prototype
REG-STA-022-2024-10,STA-022,bojonggede,Bojonggede,Bogor,2024-10,649010,5.26,70,74,36.8,54.82,31.66,109.74,32.7,54.1,Medium,synthetic_formula_with_seeded_noise,synthetic_prototype
REG-STA-022-2024-11,STA-022,bojonggede,Bojonggede,Bogor,2024-11,661202,4.95,64,67,32.96,59.29,29.67,92.95,32.7,51.59,Medium,synthetic_formula_with_seeded_noise,synthetic_prototype
REG-STA-022-2024-12,STA-022,bojonggede,Bojonggede,Bogor,2024-12,581379,5.34,69,58,33.19,60.51,31.15,92.28,32.7,52.31,Medium,synthetic_formula_with_seeded_noise,synthetic_prototype
REG-STA-022-2025-01,STA-022,bojonggede,Bojonggede,Bogor,2025-01,577611,4.49,78,75,36.47,56.96,28.12,101.43,32.7,49.0,Medium,synthetic_formula_with_seeded_noise,synthetic_prototype
REG-STA-022-2025-02,STA-022,bojonggede,Bojonggede,Bogor,2025-02,600226,5.5,75,68,27.65,58.4,25.64,93.81,32.7,53.44,Medium,synthetic_formula_with_seeded_noise,synthetic_prototype
REG-STA-022-2025-03,STA-022,bojonggede,Bojonggede,Bogor,2025-03,617658,5.17,71,64,33.92,59.71,32.95,92.99,32.7,49.01,Medium,synthetic_formula_with_seeded_noise,synthetic_prototype
REG-STA-022-2025-04,STA-022,bojonggede,Bojonggede,Bogor,2025-04,597337,4.67,65,69,33.29,63.25,28.55,101.01,32.7,49.95,Medium,synthetic_formula_with_seeded_noise,synthetic_prototype
REG-STA-022-2025-05,STA-022,bojonggede,Bojonggede,Bogor,2025-05,645339,5.1,75,69,37.4,54.8,30.03,103.24,32.7,56.61,Medium,synthetic_formula_with_seeded_noise,synthetic_prototype
REG-STA-022-2025-06,STA-022,bojonggede,Bojonggede,Bogor,2025-06,582097,5.39,70,68,31.21,61.65,21.23,94.62,32.7,47.35,Medium,synthetic_formula_with_seeded_noise,synthetic_prototype
REG-STA-022-2025-07,STA-022,bojonggede,Bojonggede,Bogor,2025-07,586670,5.29,76,70,30.01,57.39,30.13,108.52,32.7,45.62,Medium,synthetic_formula_with_seeded_noise,synthetic_prototype
REG-STA-022-2025-08,STA-022,bojonggede,Bojonggede,Bogor,2025-08,672055,5.71,75,60,31.83,62.29,26.54,95.19,32.7,54.06,Medium,synthetic_formula_with_seeded_noise,synthetic_prototype
REG-STA-022-2025-09,STA-022,bojonggede,Bojonggede,Bogor,2025-09,727908,6.94,71,70,27.54,53.44,24.15,89.5,32.7,53.75,Medium,synthetic_formula_with_seeded_noise,synthetic_prototype
REG-STA-022-2025-10,STA-022,bojonggede,Bojonggede,Bogor,2025-10,676830,5.56,78,72,37.37,56.23,25.45,86.47,32.7,49.76,Medium,synthetic_formula_with_seeded_noise,synthetic_prototype
REG-STA-022-2025-11,STA-022,bojonggede,Bojonggede,Bogor,2025-11,725955,5.81,73,61,35.43,61.49,27.82,101.27,32.7,60.09,Medium,synthetic_formula_with_seeded_noise,synthetic_prototype
REG-STA-022-2025-12,STA-022,bojonggede,Bojonggede,Bogor,2025-12,614816,6.01,67,68,33.33,59.53,27.53,91.69,32.7,52.69,Medium,synthetic_formula_with_seeded_noise,synthetic_prototype
REG-STA-023-2023-01,STA-023,cilebut,Cilebut,Bogor,2023-01,258789,5.52,47,38,37.56,67.77,26.9,79.9,38.7,47.02,Medium,synthetic_formula_with_seeded_noise,synthetic_prototype
REG-STA-023-2023-02,STA-023,cilebut,Cilebut,Bogor,2023-02,256661,5.73,47,46,39.17,74.42,27.06,69.41,38.7,47.39,Medium,synthetic_formula_with_seeded_noise,synthetic_prototype
REG-STA-023-2023-03,STA-023,cilebut,Cilebut,Bogor,2023-03,309445,5.27,60,54,35.02,73.22,34.52,76.54,38.7,52.36,Medium,synthetic_formula_with_seeded_noise,synthetic_prototype
REG-STA-023-2023-04,STA-023,cilebut,Cilebut,Bogor,2023-04,260168,4.96,52,59,37.81,68.88,26.97,79.51,38.7,47.49,Medium,synthetic_formula_with_seeded_noise,synthetic_prototype
REG-STA-023-2023-05,STA-023,cilebut,Cilebut,Bogor,2023-05,293926,4.29,51,37,40.4,62.71,26.6,81.59,38.7,50.89,Medium,synthetic_formula_with_seeded_noise,synthetic_prototype
REG-STA-023-2023-06,STA-023,cilebut,Cilebut,Bogor,2023-06,268637,5.13,55,50,40.25,68.87,25.87,84.7,38.7,47.37,Medium,synthetic_formula_with_seeded_noise,synthetic_prototype
REG-STA-023-2023-07,STA-023,cilebut,Cilebut,Bogor,2023-07,276501,5.07,51,46,31.52,71.34,34.26,72.58,38.7,47.58,Medium,synthetic_formula_with_seeded_noise,synthetic_prototype
REG-STA-023-2023-08,STA-023,cilebut,Cilebut,Bogor,2023-08,279270,5.08,49,48,38.42,71.09,27.17,75.6,38.7,44.8,Low,synthetic_formula_with_seeded_noise,synthetic_prototype
REG-STA-023-2023-09,STA-023,cilebut,Cilebut,Bogor,2023-09,319192,4.36,53,54,39.75,67.59,23.48,83.11,38.7,50.14,Medium,synthetic_formula_with_seeded_noise,synthetic_prototype
REG-STA-023-2023-10,STA-023,cilebut,Cilebut,Bogor,2023-10,313844,4.85,52,53,29.22,74.56,27.42,73.51,38.7,56.55,Medium,synthetic_formula_with_seeded_noise,synthetic_prototype
REG-STA-023-2023-11,STA-023,cilebut,Cilebut,Bogor,2023-11,298608,5.25,59,51,32.89,77.91,27.15,78.21,38.7,56.25,Medium,synthetic_formula_with_seeded_noise,synthetic_prototype
REG-STA-023-2023-12,STA-023,cilebut,Cilebut,Bogor,2023-12,281054,4.65,61,62,35.78,72.08,26.88,75.91,38.7,45.77,Medium,synthetic_formula_with_seeded_noise,synthetic_prototype
REG-STA-023-2024-01,STA-023,cilebut,Cilebut,Bogor,2024-01,290060,3.97,54,43,36.62,73.88,28.19,80.39,38.7,44.43,Low,synthetic_formula_with_seeded_noise,synthetic_prototype
REG-STA-023-2024-02,STA-023,cilebut,Cilebut,Bogor,2024-02,289267,5.22,58,55,36.26,65.57,28.24,83.48,38.7,46.72,Medium,synthetic_formula_with_seeded_noise,synthetic_prototype
REG-STA-023-2024-03,STA-023,cilebut,Cilebut,Bogor,2024-03,312064,4.67,58,52,34.32,73.89,26.77,84.14,38.7,58.78,Medium,synthetic_formula_with_seeded_noise,synthetic_prototype
REG-STA-023-2024-04,STA-023,cilebut,Cilebut,Bogor,2024-04,287692,4.67,62,55,33.15,68.94,29.39,78.81,38.7,56.17,Medium,synthetic_formula_with_seeded_noise,synthetic_prototype
REG-STA-023-2024-05,STA-023,cilebut,Cilebut,Bogor,2024-05,310958,5.55,52,44,34.04,69.0,25.25,85.5,38.7,52.64,Medium,synthetic_formula_with_seeded_noise,synthetic_prototype
REG-STA-023-2024-06,STA-023,cilebut,Cilebut,Bogor,2024-06,278372,5.39,54,50,36.77,70.3,32.85,89.29,38.7,49.56,Medium,synthetic_formula_with_seeded_noise,synthetic_prototype
REG-STA-023-2024-07,STA-023,cilebut,Cilebut,Bogor,2024-07,281488,5.59,57,54,33.84,76.16,26.42,81.25,38.7,45.81,Medium,synthetic_formula_with_seeded_noise,synthetic_prototype
REG-STA-023-2024-08,STA-023,cilebut,Cilebut,Bogor,2024-08,308776,4.27,56,51,40.1,70.08,23.87,94.15,38.7,51.43,Medium,synthetic_formula_with_seeded_noise,synthetic_prototype
REG-STA-023-2024-09,STA-023,cilebut,Cilebut,Bogor,2024-09,327049,5.08,53,55,37.85,66.82,27.64,78.5,38.7,52.36,Medium,synthetic_formula_with_seeded_noise,synthetic_prototype
REG-STA-023-2024-10,STA-023,cilebut,Cilebut,Bogor,2024-10,360145,5.38,60,53,37.55,76.88,28.29,77.17,38.7,58.97,Medium,synthetic_formula_with_seeded_noise,synthetic_prototype
REG-STA-023-2024-11,STA-023,cilebut,Cilebut,Bogor,2024-11,340940,5.28,60,54,36.62,70.75,26.62,88.79,38.7,52.43,Medium,synthetic_formula_with_seeded_noise,synthetic_prototype
REG-STA-023-2024-12,STA-023,cilebut,Cilebut,Bogor,2024-12,288696,6.56,54,47,37.67,73.67,26.37,77.09,38.7,51.21,Medium,synthetic_formula_with_seeded_noise,synthetic_prototype
REG-STA-023-2025-01,STA-023,cilebut,Cilebut,Bogor,2025-01,293161,5.06,54,44,36.33,72.55,30.84,86.06,38.7,52.19,Medium,synthetic_formula_with_seeded_noise,synthetic_prototype
REG-STA-023-2025-02,STA-023,cilebut,Cilebut,Bogor,2025-02,311727,4.42,62,56,35.72,72.03,31.3,101.3,38.7,56.48,Medium,synthetic_formula_with_seeded_noise,synthetic_prototype
REG-STA-023-2025-03,STA-023,cilebut,Cilebut,Bogor,2025-03,311723,5.44,62,55,37.09,67.17,29.08,86.88,38.7,46.79,Medium,synthetic_formula_with_seeded_noise,synthetic_prototype
REG-STA-023-2025-04,STA-023,cilebut,Cilebut,Bogor,2025-04,314804,4.33,56,59,32.29,71.3,26.43,80.0,38.7,53.27,Medium,synthetic_formula_with_seeded_noise,synthetic_prototype
REG-STA-023-2025-05,STA-023,cilebut,Cilebut,Bogor,2025-05,338410,5.36,62,49,33.55,77.36,27.67,85.53,38.7,57.1,Medium,synthetic_formula_with_seeded_noise,synthetic_prototype
REG-STA-023-2025-06,STA-023,cilebut,Cilebut,Bogor,2025-06,306185,5.5,51,50,36.56,71.81,29.49,79.14,38.7,48.86,Medium,synthetic_formula_with_seeded_noise,synthetic_prototype
REG-STA-023-2025-07,STA-023,cilebut,Cilebut,Bogor,2025-07,297140,5.13,55,49,36.68,69.72,25.57,81.75,38.7,49.45,Medium,synthetic_formula_with_seeded_noise,synthetic_prototype
REG-STA-023-2025-08,STA-023,cilebut,Cilebut,Bogor,2025-08,365604,4.34,54,51,39.35,72.22,30.74,88.95,38.7,57.2,Medium,synthetic_formula_with_seeded_noise,synthetic_prototype
REG-STA-023-2025-09,STA-023,cilebut,Cilebut,Bogor,2025-09,333958,5.3,51,51,37.34,68.73,26.14,85.61,38.7,55.97,Medium,synthetic_formula_with_seeded_noise,synthetic_prototype
REG-STA-023-2025-10,STA-023,cilebut,Cilebut,Bogor,2025-10,345004,5.6,59,59,33.77,73.89,22.66,81.96,38.7,55.05,Medium,synthetic_formula_with_seeded_noise,synthetic_prototype
REG-STA-023-2025-11,STA-023,cilebut,Cilebut,Bogor,2025-11,340523,5.14,56,50,36.81,69.53,31.32,82.29,38.7,53.91,Medium,synthetic_formula_with_seeded_noise,synthetic_prototype
REG-STA-023-2025-12,STA-023,cilebut,Cilebut,Bogor,2025-12,303172,4.11,59,58,33.83,72.92,26.99,77.88,38.7,46.3,Medium,synthetic_formula_with_seeded_noise,synthetic_prototype
REG-STA-024-2023-01,STA-024,bogor,Bogor,Bogor,2023-01,1054047,8.89,140,128,65.38,55.66,67.21,102.51,46.8,63.48,Medium,synthetic_formula_with_seeded_noise,synthetic_prototype
REG-STA-024-2023-02,STA-024,bogor,Bogor,Bogor,2023-02,1054635,9.03,146,126,69.94,52.56,62.61,81.81,46.8,71.55,High,synthetic_formula_with_seeded_noise,synthetic_prototype
REG-STA-024-2023-03,STA-024,bogor,Bogor,Bogor,2023-03,1165156,9.49,145,128,71.65,60.64,67.62,100.71,46.8,71.99,High,synthetic_formula_with_seeded_noise,synthetic_prototype
REG-STA-024-2023-04,STA-024,bogor,Bogor,Bogor,2023-04,1086803,9.61,147,124,62.63,51.23,63.14,105.76,46.8,63.95,Medium,synthetic_formula_with_seeded_noise,synthetic_prototype
REG-STA-024-2023-05,STA-024,bogor,Bogor,Bogor,2023-05,1202203,8.47,153,139,72.06,56.91,57.86,97.13,46.8,72.86,High,synthetic_formula_with_seeded_noise,synthetic_prototype
REG-STA-024-2023-06,STA-024,bogor,Bogor,Bogor,2023-06,1097270,8.22,141,126,69.66,50.15,61.53,103.34,46.8,64.54,Medium,synthetic_formula_with_seeded_noise,synthetic_prototype
REG-STA-024-2023-07,STA-024,bogor,Bogor,Bogor,2023-07,1112062,9.54,148,130,70.14,53.25,63.89,105.47,46.8,70.26,High,synthetic_formula_with_seeded_noise,synthetic_prototype
REG-STA-024-2023-08,STA-024,bogor,Bogor,Bogor,2023-08,1126470,8.89,147,128,68.57,54.6,63.14,95.7,46.8,67.15,Medium,synthetic_formula_with_seeded_noise,synthetic_prototype
REG-STA-024-2023-09,STA-024,bogor,Bogor,Bogor,2023-09,1324100,8.75,151,138,67.65,61.08,66.32,93.67,46.8,73.22,High,synthetic_formula_with_seeded_noise,synthetic_prototype
REG-STA-024-2023-10,STA-024,bogor,Bogor,Bogor,2023-10,1156880,9.22,143,125,70.5,57.18,61.08,107.25,46.8,70.54,High,synthetic_formula_with_seeded_noise,synthetic_prototype
REG-STA-024-2023-11,STA-024,bogor,Bogor,Bogor,2023-11,1235697,7.74,161,146,70.74,56.3,63.19,98.35,46.8,69.72,Medium,synthetic_formula_with_seeded_noise,synthetic_prototype
REG-STA-024-2023-12,STA-024,bogor,Bogor,Bogor,2023-12,1129792,7.84,146,123,67.61,49.92,61.75,103.31,46.8,69.9,Medium,synthetic_formula_with_seeded_noise,synthetic_prototype
REG-STA-024-2024-01,STA-024,bogor,Bogor,Bogor,2024-01,1161724,8.74,152,135,71.93,56.23,64.36,100.06,46.8,75.37,High,synthetic_formula_with_seeded_noise,synthetic_prototype
REG-STA-024-2024-02,STA-024,bogor,Bogor,Bogor,2024-02,1126716,8.72,153,134,72.72,61.06,64.03,89.9,46.8,74.81,High,synthetic_formula_with_seeded_noise,synthetic_prototype
REG-STA-024-2024-03,STA-024,bogor,Bogor,Bogor,2024-03,1131218,8.54,152,129,66.15,56.69,61.42,108.12,46.8,72.38,High,synthetic_formula_with_seeded_noise,synthetic_prototype
REG-STA-024-2024-04,STA-024,bogor,Bogor,Bogor,2024-04,1122865,8.79,145,124,70.08,53.98,59.89,95.34,46.8,75.07,High,synthetic_formula_with_seeded_noise,synthetic_prototype
REG-STA-024-2024-05,STA-024,bogor,Bogor,Bogor,2024-05,1173646,9.12,147,130,70.74,54.19,67.75,90.63,46.8,72.69,High,synthetic_formula_with_seeded_noise,synthetic_prototype
REG-STA-024-2024-06,STA-024,bogor,Bogor,Bogor,2024-06,1117164,9.04,146,131,72.08,51.16,67.08,106.13,46.8,73.6,High,synthetic_formula_with_seeded_noise,synthetic_prototype
REG-STA-024-2024-07,STA-024,bogor,Bogor,Bogor,2024-07,1109280,9.28,144,125,73.12,53.09,59.79,106.94,46.8,72.58,High,synthetic_formula_with_seeded_noise,synthetic_prototype
REG-STA-024-2024-08,STA-024,bogor,Bogor,Bogor,2024-08,1340501,8.74,150,132,74.69,55.24,59.91,118.31,46.8,70.94,High,synthetic_formula_with_seeded_noise,synthetic_prototype
REG-STA-024-2024-09,STA-024,bogor,Bogor,Bogor,2024-09,1310119,7.53,149,134,67.92,53.31,63.73,107.79,46.8,71.2,High,synthetic_formula_with_seeded_noise,synthetic_prototype
REG-STA-024-2024-10,STA-024,bogor,Bogor,Bogor,2024-10,1318499,9.48,152,139,66.06,56.41,62.48,96.92,46.8,66.48,Medium,synthetic_formula_with_seeded_noise,synthetic_prototype
REG-STA-024-2024-11,STA-024,bogor,Bogor,Bogor,2024-11,1361561,8.47,159,133,70.06,56.24,68.85,104.42,46.8,80.99,High,synthetic_formula_with_seeded_noise,synthetic_prototype
REG-STA-024-2024-12,STA-024,bogor,Bogor,Bogor,2024-12,1066560,8.76,142,127,71.92,51.56,65.67,98.77,46.8,68.07,Medium,synthetic_formula_with_seeded_noise,synthetic_prototype
REG-STA-024-2025-01,STA-024,bogor,Bogor,Bogor,2025-01,1145015,8.84,148,129,73.42,55.6,63.56,98.77,46.8,67.01,Medium,synthetic_formula_with_seeded_noise,synthetic_prototype
REG-STA-024-2025-02,STA-024,bogor,Bogor,Bogor,2025-02,1271883,7.42,157,144,73.02,46.05,64.69,100.44,46.8,73.95,High,synthetic_formula_with_seeded_noise,synthetic_prototype
REG-STA-024-2025-03,STA-024,bogor,Bogor,Bogor,2025-03,1379704,8.8,155,140,72.07,55.3,62.56,100.42,46.8,69.46,Medium,synthetic_formula_with_seeded_noise,synthetic_prototype
REG-STA-024-2025-04,STA-024,bogor,Bogor,Bogor,2025-04,1211933,9.85,151,132,72.76,60.37,58.3,87.47,46.8,67.97,Medium,synthetic_formula_with_seeded_noise,synthetic_prototype
REG-STA-024-2025-05,STA-024,bogor,Bogor,Bogor,2025-05,1299919,8.86,152,129,72.3,51.26,58.64,97.27,46.8,72.01,High,synthetic_formula_with_seeded_noise,synthetic_prototype
REG-STA-024-2025-06,STA-024,bogor,Bogor,Bogor,2025-06,1223730,7.83,141,125,70.64,56.25,66.54,98.96,46.8,73.25,High,synthetic_formula_with_seeded_noise,synthetic_prototype
REG-STA-024-2025-07,STA-024,bogor,Bogor,Bogor,2025-07,1149018,8.16,143,127,69.82,52.66,60.41,99.15,46.8,68.32,Medium,synthetic_formula_with_seeded_noise,synthetic_prototype
REG-STA-024-2025-08,STA-024,bogor,Bogor,Bogor,2025-08,1365348,9.2,151,133,70.44,54.69,64.18,101.19,46.8,67.89,Medium,synthetic_formula_with_seeded_noise,synthetic_prototype
REG-STA-024-2025-09,STA-024,bogor,Bogor,Bogor,2025-09,1381927,8.34,158,134,73.41,55.02,63.92,109.95,46.8,76.52,High,synthetic_formula_with_seeded_noise,synthetic_prototype
REG-STA-024-2025-10,STA-024,bogor,Bogor,Bogor,2025-10,1324480,8.92,159,145,71.71,52.73,58.37,86.71,46.8,71.48,High,synthetic_formula_with_seeded_noise,synthetic_prototype
REG-STA-024-2025-11,STA-024,bogor,Bogor,Bogor,2025-11,1483380,9.06,150,129,68.99,50.1,65.37,96.49,46.8,77.64,High,synthetic_formula_with_seeded_noise,synthetic_prototype
REG-STA-024-2025-12,STA-024,bogor,Bogor,Bogor,2025-12,1329341,8.85,149,134,71.75,59.9,69.24,99.46,46.8,74.56,High,synthetic_formula_with_seeded_noise,synthetic_prototype
REG-STA-025-2023-01,STA-025,cibinong,Cibinong,Nambo,2023-01,165963,2.79,35,36,32.65,69.48,24.45,78.99,34.3,44.54,Low,synthetic_formula_with_seeded_noise,synthetic_prototype
REG-STA-025-2023-02,STA-025,cibinong,Cibinong,Nambo,2023-02,173078,3.64,35,39,36.85,63.31,29.26,83.41,34.3,43.88,Low,synthetic_formula_with_seeded_noise,synthetic_prototype
REG-STA-025-2023-03,STA-025,cibinong,Cibinong,Nambo,2023-03,191198,4.38,31,29,36.35,67.37,28.11,87.94,34.3,47.31,Medium,synthetic_formula_with_seeded_noise,synthetic_prototype
REG-STA-025-2023-04,STA-025,cibinong,Cibinong,Nambo,2023-04,181988,3.35,38,40,38.71,64.05,20.45,87.2,34.3,49.33,Medium,synthetic_formula_with_seeded_noise,synthetic_prototype
REG-STA-025-2023-05,STA-025,cibinong,Cibinong,Nambo,2023-05,199837,2.8,39,44,36.79,70.33,27.07,88.83,34.3,49.05,Medium,synthetic_formula_with_seeded_noise,synthetic_prototype
REG-STA-025-2023-06,STA-025,cibinong,Cibinong,Nambo,2023-06,187898,3.98,24,27,36.55,63.62,26.24,82.39,34.3,42.99,Low,synthetic_formula_with_seeded_noise,synthetic_prototype
REG-STA-025-2023-07,STA-025,cibinong,Cibinong,Nambo,2023-07,168929,3.44,27,23,39.1,63.65,27.98,80.37,34.3,48.01,Medium,synthetic_formula_with_seeded_noise,synthetic_prototype
REG-STA-025-2023-08,STA-025,cibinong,Cibinong,Nambo,2023-08,186661,3.2,35,26,37.16,61.77,27.79,77.65,34.3,45.73,Medium,synthetic_formula_with_seeded_noise,synthetic_prototype
REG-STA-025-2023-09,STA-025,cibinong,Cibinong,Nambo,2023-09,187537,3.93,31,29,37.29,65.54,29.89,82.56,34.3,47.35,Medium,synthetic_formula_with_seeded_noise,synthetic_prototype
REG-STA-025-2023-10,STA-025,cibinong,Cibinong,Nambo,2023-10,198191,4.23,39,37,38.28,68.58,24.6,83.36,34.3,42.2,Low,synthetic_formula_with_seeded_noise,synthetic_prototype
REG-STA-025-2023-11,STA-025,cibinong,Cibinong,Nambo,2023-11,202001,3.41,28,27,39.13,62.6,30.82,76.18,34.3,49.11,Medium,synthetic_formula_with_seeded_noise,synthetic_prototype
REG-STA-025-2023-12,STA-025,cibinong,Cibinong,Nambo,2023-12,192476,3.75,32,31,35.61,60.15,24.05,82.99,34.3,40.36,Low,synthetic_formula_with_seeded_noise,synthetic_prototype
REG-STA-025-2024-01,STA-025,cibinong,Cibinong,Nambo,2024-01,182137,3.02,33,23,35.11,61.99,27.81,90.2,34.3,41.54,Low,synthetic_formula_with_seeded_noise,synthetic_prototype
REG-STA-025-2024-02,STA-025,cibinong,Cibinong,Nambo,2024-02,182555,2.68,31,29,38.67,66.77,24.51,97.68,34.3,42.61,Low,synthetic_formula_with_seeded_noise,synthetic_prototype
REG-STA-025-2024-03,STA-025,cibinong,Cibinong,Nambo,2024-03,199663,3.8,26,28,37.1,65.19,31.53,85.53,34.3,46.61,Medium,synthetic_formula_with_seeded_noise,synthetic_prototype
REG-STA-025-2024-04,STA-025,cibinong,Cibinong,Nambo,2024-04,199151,2.75,35,28,38.33,67.99,26.28,89.43,34.3,42.72,Low,synthetic_formula_with_seeded_noise,synthetic_prototype
REG-STA-025-2024-05,STA-025,cibinong,Cibinong,Nambo,2024-05,206987,2.31,27,29,40.42,66.68,28.74,78.31,34.3,48.93,Medium,synthetic_formula_with_seeded_noise,synthetic_prototype
REG-STA-025-2024-06,STA-025,cibinong,Cibinong,Nambo,2024-06,183820,3.49,29,29,37.4,63.6,26.06,83.88,34.3,41.3,Low,synthetic_formula_with_seeded_noise,synthetic_prototype
REG-STA-025-2024-07,STA-025,cibinong,Cibinong,Nambo,2024-07,169727,3.94,26,26,35.3,61.9,24.18,82.1,34.3,48.84,Medium,synthetic_formula_with_seeded_noise,synthetic_prototype
REG-STA-025-2024-08,STA-025,cibinong,Cibinong,Nambo,2024-08,209495,3.2,33,34,36.06,64.4,30.0,75.37,34.3,49.1,Medium,synthetic_formula_with_seeded_noise,synthetic_prototype
REG-STA-025-2024-09,STA-025,cibinong,Cibinong,Nambo,2024-09,214812,3.42,36,34,33.53,60.41,31.5,91.34,34.3,54.49,Medium,synthetic_formula_with_seeded_noise,synthetic_prototype
REG-STA-025-2024-10,STA-025,cibinong,Cibinong,Nambo,2024-10,234026,3.88,40,32,37.11,63.16,32.82,84.79,34.3,48.56,Medium,synthetic_formula_with_seeded_noise,synthetic_prototype
REG-STA-025-2024-11,STA-025,cibinong,Cibinong,Nambo,2024-11,210767,2.79,37,33,33.22,56.91,27.72,82.45,34.3,50.0,Medium,synthetic_formula_with_seeded_noise,synthetic_prototype
REG-STA-025-2024-12,STA-025,cibinong,Cibinong,Nambo,2024-12,191123,4.04,32,23,39.99,61.13,21.65,93.5,34.3,43.46,Low,synthetic_formula_with_seeded_noise,synthetic_prototype
REG-STA-025-2025-01,STA-025,cibinong,Cibinong,Nambo,2025-01,181627,2.77,28,32,32.24,60.64,27.01,85.43,34.3,46.44,Medium,synthetic_formula_with_seeded_noise,synthetic_prototype
REG-STA-025-2025-02,STA-025,cibinong,Cibinong,Nambo,2025-02,201219,3.89,31,19,37.2,63.37,21.93,87.28,34.3,45.9,Medium,synthetic_formula_with_seeded_noise,synthetic_prototype
REG-STA-025-2025-03,STA-025,cibinong,Cibinong,Nambo,2025-03,212455,2.1,29,29,37.24,59.17,24.33,80.84,34.3,48.91,Medium,synthetic_formula_with_seeded_noise,synthetic_prototype
REG-STA-025-2025-04,STA-025,cibinong,Cibinong,Nambo,2025-04,195373,3.57,31,28,31.66,57.79,29.02,84.3,34.3,37.71,Low,synthetic_formula_with_seeded_noise,synthetic_prototype
REG-STA-025-2025-05,STA-025,cibinong,Cibinong,Nambo,2025-05,205616,3.69,33,24,36.03,61.8,27.56,76.35,34.3,44.29,Low,synthetic_formula_with_seeded_noise,synthetic_prototype
REG-STA-025-2025-06,STA-025,cibinong,Cibinong,Nambo,2025-06,200326,3.08,33,22,38.5,66.12,29.0,79.88,34.3,41.56,Low,synthetic_formula_with_seeded_noise,synthetic_prototype
REG-STA-025-2025-07,STA-025,cibinong,Cibinong,Nambo,2025-07,194287,2.46,36,31,37.86,70.09,35.02,79.08,34.3,50.7,Medium,synthetic_formula_with_seeded_noise,synthetic_prototype
REG-STA-025-2025-08,STA-025,cibinong,Cibinong,Nambo,2025-08,213759,3.37,32,31,41.15,71.59,30.84,85.88,34.3,53.44,Medium,synthetic_formula_with_seeded_noise,synthetic_prototype
REG-STA-025-2025-09,STA-025,cibinong,Cibinong,Nambo,2025-09,237242,3.26,36,28,39.38,67.39,26.55,88.35,34.3,57.64,Medium,synthetic_formula_with_seeded_noise,synthetic_prototype
REG-STA-025-2025-10,STA-025,cibinong,Cibinong,Nambo,2025-10,217509,2.93,33,28,36.91,63.22,32.32,81.95,34.3,43.09,Low,synthetic_formula_with_seeded_noise,synthetic_prototype
REG-STA-025-2025-11,STA-025,cibinong,Cibinong,Nambo,2025-11,211393,2.68,27,34,41.45,63.44,25.11,85.91,34.3,46.3,Medium,synthetic_formula_with_seeded_noise,synthetic_prototype
REG-STA-025-2025-12,STA-025,cibinong,Cibinong,Nambo,2025-12,194351,2.67,26,19,39.0,64.32,28.73,68.77,34.3,46.06,Medium,synthetic_formula_with_seeded_noise,synthetic_prototype
REG-STA-026-2023-01,STA-026,nambo,Nambo,Nambo,2023-01,77751,6.76,46,38,31.71,53.85,26.65,70.42,38,42.69,Low,synthetic_formula_with_seeded_noise,synthetic_prototype
REG-STA-026-2023-02,STA-026,nambo,Nambo,Nambo,2023-02,82776,6.01,44,42,33.82,48.57,27.5,73.96,38,48.36,Medium,synthetic_formula_with_seeded_noise,synthetic_prototype
REG-STA-026-2023-03,STA-026,nambo,Nambo,Nambo,2023-03,88159,5.47,40,37,27.02,49.74,24.95,82.01,38,43.56,Low,synthetic_formula_with_seeded_noise,synthetic_prototype
REG-STA-026-2023-04,STA-026,nambo,Nambo,Nambo,2023-04,87790,6.8,47,46,29.47,47.26,27.65,77.59,38,38.46,Low,synthetic_formula_with_seeded_noise,synthetic_prototype
REG-STA-026-2023-05,STA-026,nambo,Nambo,Nambo,2023-05,100048,6.37,47,47,34.47,50.43,28.79,78.03,38,52.33,Medium,synthetic_formula_with_seeded_noise,synthetic_prototype
REG-STA-026-2023-06,STA-026,nambo,Nambo,Nambo,2023-06,79436,6.24,40,42,35.09,41.13,22.63,93.64,38,43.85,Low,synthetic_formula_with_seeded_noise,synthetic_prototype
REG-STA-026-2023-07,STA-026,nambo,Nambo,Nambo,2023-07,77841,5.62,50,51,31.86,52.43,27.6,72.6,38,45.74,Medium,synthetic_formula_with_seeded_noise,synthetic_prototype
REG-STA-026-2023-08,STA-026,nambo,Nambo,Nambo,2023-08,93739,5.98,40,39,36.56,55.31,26.9,65.14,38,48.18,Medium,synthetic_formula_with_seeded_noise,synthetic_prototype
REG-STA-026-2023-09,STA-026,nambo,Nambo,Nambo,2023-09,95154,6.55,47,41,37.37,52.26,23.96,76.75,38,47.06,Medium,synthetic_formula_with_seeded_noise,synthetic_prototype
REG-STA-026-2023-10,STA-026,nambo,Nambo,Nambo,2023-10,102312,5.87,43,40,36.53,51.58,28.71,78.05,38,49.14,Medium,synthetic_formula_with_seeded_noise,synthetic_prototype
REG-STA-026-2023-11,STA-026,nambo,Nambo,Nambo,2023-11,96597,6.5,45,31,33.92,53.1,24.98,78.25,38,49.79,Medium,synthetic_formula_with_seeded_noise,synthetic_prototype
REG-STA-026-2023-12,STA-026,nambo,Nambo,Nambo,2023-12,82602,5.07,41,37,31.47,52.75,27.29,76.04,38,46.34,Medium,synthetic_formula_with_seeded_noise,synthetic_prototype
REG-STA-026-2024-01,STA-026,nambo,Nambo,Nambo,2024-01,84597,5.83,36,31,36.93,56.22,33.63,79.98,38,52.97,Medium,synthetic_formula_with_seeded_noise,synthetic_prototype
REG-STA-026-2024-02,STA-026,nambo,Nambo,Nambo,2024-02,92015,5.15,41,41,37.15,52.38,30.56,68.37,38,46.11,Medium,synthetic_formula_with_seeded_noise,synthetic_prototype
REG-STA-026-2024-03,STA-026,nambo,Nambo,Nambo,2024-03,92714,5.96,49,45,32.88,54.94,29.4,81.98,38,50.57,Medium,synthetic_formula_with_seeded_noise,synthetic_prototype
REG-STA-026-2024-04,STA-026,nambo,Nambo,Nambo,2024-04,89402,5.95,41,41,35.21,54.23,30.96,71.58,38,47.93,Medium,synthetic_formula_with_seeded_noise,synthetic_prototype
REG-STA-026-2024-05,STA-026,nambo,Nambo,Nambo,2024-05,98192,5.61,43,49,36.51,50.65,28.19,92.47,38,47.32,Medium,synthetic_formula_with_seeded_noise,synthetic_prototype
REG-STA-026-2024-06,STA-026,nambo,Nambo,Nambo,2024-06,86262,5.61,44,40,40.53,52.34,27.07,61.99,38,42.26,Low,synthetic_formula_with_seeded_noise,synthetic_prototype
REG-STA-026-2024-07,STA-026,nambo,Nambo,Nambo,2024-07,82266,5.81,38,41,38.5,59.13,28.26,74.25,38,46.46,Medium,synthetic_formula_with_seeded_noise,synthetic_prototype
REG-STA-026-2024-08,STA-026,nambo,Nambo,Nambo,2024-08,95667,6.93,41,40,34.0,48.96,28.56,87.28,38,54.68,Medium,synthetic_formula_with_seeded_noise,synthetic_prototype
REG-STA-026-2024-09,STA-026,nambo,Nambo,Nambo,2024-09,101919,6.68,43,35,33.16,51.66,28.46,84.01,38,47.49,Medium,synthetic_formula_with_seeded_noise,synthetic_prototype
REG-STA-026-2024-10,STA-026,nambo,Nambo,Nambo,2024-10,96387,6.24,44,42,30.94,52.79,27.51,77.12,38,43.12,Low,synthetic_formula_with_seeded_noise,synthetic_prototype
REG-STA-026-2024-11,STA-026,nambo,Nambo,Nambo,2024-11,100113,5.0,43,32,36.58,53.55,26.27,80.14,38,52.28,Medium,synthetic_formula_with_seeded_noise,synthetic_prototype
REG-STA-026-2024-12,STA-026,nambo,Nambo,Nambo,2024-12,85939,6.72,38,33,34.34,52.35,28.2,75.22,38,46.16,Medium,synthetic_formula_with_seeded_noise,synthetic_prototype
REG-STA-026-2025-01,STA-026,nambo,Nambo,Nambo,2025-01,88208,6.38,44,41,32.14,50.3,34.8,65.9,38,45.15,Medium,synthetic_formula_with_seeded_noise,synthetic_prototype
REG-STA-026-2025-02,STA-026,nambo,Nambo,Nambo,2025-02,92203,6.57,40,36,34.3,50.04,30.52,80.13,38,48.87,Medium,synthetic_formula_with_seeded_noise,synthetic_prototype
REG-STA-026-2025-03,STA-026,nambo,Nambo,Nambo,2025-03,97240,6.8,46,39,35.95,53.41,27.29,78.41,38,52.53,Medium,synthetic_formula_with_seeded_noise,synthetic_prototype
REG-STA-026-2025-04,STA-026,nambo,Nambo,Nambo,2025-04,94592,6.09,45,48,37.25,57.12,18.0,84.81,38,55.76,Medium,synthetic_formula_with_seeded_noise,synthetic_prototype
REG-STA-026-2025-05,STA-026,nambo,Nambo,Nambo,2025-05,96070,6.42,50,44,32.43,51.36,27.8,81.59,38,50.33,Medium,synthetic_formula_with_seeded_noise,synthetic_prototype
REG-STA-026-2025-06,STA-026,nambo,Nambo,Nambo,2025-06,95549,6.21,49,43,33.24,47.94,27.35,79.36,38,45.47,Medium,synthetic_formula_with_seeded_noise,synthetic_prototype
REG-STA-026-2025-07,STA-026,nambo,Nambo,Nambo,2025-07,88078,5.31,45,43,31.7,51.48,26.75,77.24,38,46.28,Medium,synthetic_formula_with_seeded_noise,synthetic_prototype
REG-STA-026-2025-08,STA-026,nambo,Nambo,Nambo,2025-08,104627,4.67,51,42,35.61,55.92,31.57,68.47,38,51.92,Medium,synthetic_formula_with_seeded_noise,synthetic_prototype
REG-STA-026-2025-09,STA-026,nambo,Nambo,Nambo,2025-09,104510,6.18,42,38,31.94,57.35,23.11,75.31,38,48.98,Medium,synthetic_formula_with_seeded_noise,synthetic_prototype
REG-STA-026-2025-10,STA-026,nambo,Nambo,Nambo,2025-10,107980,6.04,48,35,29.19,52.32,24.56,77.51,38,53.82,Medium,synthetic_formula_with_seeded_noise,synthetic_prototype
REG-STA-026-2025-11,STA-026,nambo,Nambo,Nambo,2025-11,107455,5.91,52,51,34.08,56.17,26.26,84.78,38,49.6,Medium,synthetic_formula_with_seeded_noise,synthetic_prototype
REG-STA-026-2025-12,STA-026,nambo,Nambo,Nambo,2025-12,94949,6.38,43,44,37.9,52.6,22.52,74.21,38,44.06,Low,synthetic_formula_with_seeded_noise,synthetic_prototype
REG-STA-027-2023-01,STA-027,pondokrajeg,Pondok Rajeg,Nambo,2023-01,81271,7.53,32,41,31.58,58.8,28.44,76.66,33.4,49.63,Medium,synthetic_formula_with_seeded_noise,synthetic_prototype
REG-STA-027-2023-02,STA-027,pondokrajeg,Pondok Rajeg,Nambo,2023-02,85680,6.65,31,28,33.19,63.2,24.18,76.47,33.4,48.44,Medium,synthetic_formula_with_seeded_noise,synthetic_prototype
REG-STA-027-2023-03,STA-027,pondokrajeg,Pondok Rajeg,Nambo,2023-03,91112,6.64,43,41,33.04,64.93,26.81,81.49,33.4,48.9,Medium,synthetic_formula_with_seeded_noise,synthetic_prototype
REG-STA-027-2023-04,STA-027,pondokrajeg,Pondok Rajeg,Nambo,2023-04,85507,6.19,41,49,31.18,61.32,26.06,85.93,33.4,48.17,Medium,synthetic_formula_with_seeded_noise,synthetic_prototype
REG-STA-027-2023-05,STA-027,pondokrajeg,Pondok Rajeg,Nambo,2023-05,94740,6.62,34,25,27.31,60.43,23.35,77.25,33.4,47.98,Medium,synthetic_formula_with_seeded_noise,synthetic_prototype
REG-STA-027-2023-06,STA-027,pondokrajeg,Pondok Rajeg,Nambo,2023-06,84956,7.46,36,33,38.32,59.62,26.51,68.5,33.4,43.76,Low,synthetic_formula_with_seeded_noise,synthetic_prototype
REG-STA-027-2023-07,STA-027,pondokrajeg,Pondok Rajeg,Nambo,2023-07,83785,7.61,32,40,37.9,59.03,29.39,72.82,33.4,45.45,Medium,synthetic_formula_with_seeded_noise,synthetic_prototype
REG-STA-027-2023-08,STA-027,pondokrajeg,Pondok Rajeg,Nambo,2023-08,92316,6.67,39,45,30.8,64.47,28.76,80.88,33.4,49.82,Medium,synthetic_formula_with_seeded_noise,synthetic_prototype
REG-STA-027-2023-09,STA-027,pondokrajeg,Pondok Rajeg,Nambo,2023-09,92009,6.83,34,33,38.87,65.85,28.45,67.59,33.4,54.95,Medium,synthetic_formula_with_seeded_noise,synthetic_prototype
REG-STA-027-2023-10,STA-027,pondokrajeg,Pondok Rajeg,Nambo,2023-10,95833,6.09,39,31,35.63,65.25,32.68,83.69,33.4,56.77,Medium,synthetic_formula_with_seeded_noise,synthetic_prototype
REG-STA-027-2023-11,STA-027,pondokrajeg,Pondok Rajeg,Nambo,2023-11,98948,7.09,40,35,32.71,66.31,23.65,88.58,33.4,47.11,Medium,synthetic_formula_with_seeded_noise,synthetic_prototype
REG-STA-027-2023-12,STA-027,pondokrajeg,Pondok Rajeg,Nambo,2023-12,81067,6.64,37,33,28.03,56.94,26.27,78.52,33.4,44.34,Low,synthetic_formula_with_seeded_noise,synthetic_prototype
REG-STA-027-2024-01,STA-027,pondokrajeg,Pondok Rajeg,Nambo,2024-01,87766,7.44,44,50,32.69,61.97,29.45,78.46,33.4,46.02,Medium,synthetic_formula_with_seeded_noise,synthetic_prototype
REG-STA-027-2024-02,STA-027,pondokrajeg,Pondok Rajeg,Nambo,2024-02,81280,7.15,45,44,31.81,63.4,31.72,77.19,33.4,46.74,Medium,synthetic_formula_with_seeded_noise,synthetic_prototype
REG-STA-027-2024-03,STA-027,pondokrajeg,Pondok Rajeg,Nambo,2024-03,90988,6.61,33,26,31.96,70.75,27.87,78.97,33.4,52.14,Medium,synthetic_formula_with_seeded_noise,synthetic_prototype
REG-STA-027-2024-04,STA-027,pondokrajeg,Pondok Rajeg,Nambo,2024-04,89749,7.43,32,38,33.71,64.41,27.18,76.59,33.4,53.34,Medium,synthetic_formula_with_seeded_noise,synthetic_prototype
REG-STA-027-2024-05,STA-027,pondokrajeg,Pondok Rajeg,Nambo,2024-05,101864,7.99,35,35,34.73,64.47,27.94,77.98,33.4,52.93,Medium,synthetic_formula_with_seeded_noise,synthetic_prototype
REG-STA-027-2024-06,STA-027,pondokrajeg,Pondok Rajeg,Nambo,2024-06,85398,6.93,34,24,34.24,63.48,29.14,82.65,33.4,45.77,Medium,synthetic_formula_with_seeded_noise,synthetic_prototype
REG-STA-027-2024-07,STA-027,pondokrajeg,Pondok Rajeg,Nambo,2024-07,81902,7.23,38,39,31.65,69.06,33.03,80.61,33.4,48.57,Medium,synthetic_formula_with_seeded_noise,synthetic_prototype
REG-STA-027-2024-08,STA-027,pondokrajeg,Pondok Rajeg,Nambo,2024-08,102073,8.51,40,35,30.81,65.1,30.48,75.49,33.4,49.24,Medium,synthetic_formula_with_seeded_noise,synthetic_prototype
REG-STA-027-2024-09,STA-027,pondokrajeg,Pondok Rajeg,Nambo,2024-09,92062,7.08,46,41,34.51,59.0,25.93,73.79,33.4,46.68,Medium,synthetic_formula_with_seeded_noise,synthetic_prototype
REG-STA-027-2024-10,STA-027,pondokrajeg,Pondok Rajeg,Nambo,2024-10,91674,6.26,46,45,32.46,65.51,29.6,91.47,33.4,53.75,Medium,synthetic_formula_with_seeded_noise,synthetic_prototype
REG-STA-027-2024-11,STA-027,pondokrajeg,Pondok Rajeg,Nambo,2024-11,101336,8.05,43,38,33.48,67.51,24.75,94.89,33.4,58.38,Medium,synthetic_formula_with_seeded_noise,synthetic_prototype
REG-STA-027-2024-12,STA-027,pondokrajeg,Pondok Rajeg,Nambo,2024-12,86640,7.48,32,35,33.75,63.71,33.36,84.88,33.4,43.83,Low,synthetic_formula_with_seeded_noise,synthetic_prototype
REG-STA-027-2025-01,STA-027,pondokrajeg,Pondok Rajeg,Nambo,2025-01,90641,7.38,39,29,32.12,64.18,29.86,90.79,33.4,44.46,Low,synthetic_formula_with_seeded_noise,synthetic_prototype
REG-STA-027-2025-02,STA-027,pondokrajeg,Pondok Rajeg,Nambo,2025-02,96169,7.61,41,39,37.5,62.24,28.09,81.44,33.4,54.62,Medium,synthetic_formula_with_seeded_noise,synthetic_prototype
REG-STA-027-2025-03,STA-027,pondokrajeg,Pondok Rajeg,Nambo,2025-03,98960,6.77,39,41,33.99,64.97,32.81,76.77,33.4,49.94,Medium,synthetic_formula_with_seeded_noise,synthetic_prototype
REG-STA-027-2025-04,STA-027,pondokrajeg,Pondok Rajeg,Nambo,2025-04,95924,7.11,37,31,33.98,66.56,23.62,76.65,33.4,57.5,Medium,synthetic_formula_with_seeded_noise,synthetic_prototype
REG-STA-027-2025-05,STA-027,pondokrajeg,Pondok Rajeg,Nambo,2025-05,100770,7.73,34,33,31.38,65.06,25.22,78.16,33.4,54.29,Medium,synthetic_formula_with_seeded_noise,synthetic_prototype
REG-STA-027-2025-06,STA-027,pondokrajeg,Pondok Rajeg,Nambo,2025-06,95536,7.36,31,37,32.25,64.08,26.44,78.0,33.4,49.51,Medium,synthetic_formula_with_seeded_noise,synthetic_prototype
REG-STA-027-2025-07,STA-027,pondokrajeg,Pondok Rajeg,Nambo,2025-07,85978,6.15,41,37,30.78,66.27,25.44,80.86,33.4,48.65,Medium,synthetic_formula_with_seeded_noise,synthetic_prototype
REG-STA-027-2025-08,STA-027,pondokrajeg,Pondok Rajeg,Nambo,2025-08,107366,6.46,41,40,33.61,62.2,23.6,74.01,33.4,54.83,Medium,synthetic_formula_with_seeded_noise,synthetic_prototype
REG-STA-027-2025-09,STA-027,pondokrajeg,Pondok Rajeg,Nambo,2025-09,102931,7.35,38,27,31.44,57.73,26.04,84.05,33.4,51.92,Medium,synthetic_formula_with_seeded_noise,synthetic_prototype
REG-STA-027-2025-10,STA-027,pondokrajeg,Pondok Rajeg,Nambo,2025-10,99974,6.92,37,37,33.33,59.02,20.86,87.05,33.4,48.62,Medium,synthetic_formula_with_seeded_noise,synthetic_prototype
REG-STA-027-2025-11,STA-027,pondokrajeg,Pondok Rajeg,Nambo,2025-11,105599,6.95,41,37,31.03,54.72,25.55,77.19,33.4,53.53,Medium,synthetic_formula_with_seeded_noise,synthetic_prototype
REG-STA-027-2025-12,STA-027,pondokrajeg,Pondok Rajeg,Nambo,2025-12,90737,6.86,37,33,35.74,67.07,29.04,81.5,33.4,48.74,Medium,synthetic_formula_with_seeded_noise,synthetic_prototype
REG-STA-028-2023-01,STA-028,kampungbandan,Kampung Bandan,Cikarang,2023-01,606255,7.14,129,132,80.37,48.22,66.06,131.15,4.9,72.2,High,synthetic_formula_with_seeded_noise,synthetic_prototype
REG-STA-028-2023-02,STA-028,kampungbandan,Kampung Bandan,Cikarang,2023-02,590262,6.24,121,127,80.95,48.75,70.38,130.93,4.9,66.48,Medium,synthetic_formula_with_seeded_noise,synthetic_prototype
REG-STA-028-2023-03,STA-028,kampungbandan,Kampung Bandan,Cikarang,2023-03,640072,4.93,123,120,82.04,46.34,73.14,134.85,4.9,70.86,High,synthetic_formula_with_seeded_noise,synthetic_prototype
REG-STA-028-2023-04,STA-028,kampungbandan,Kampung Bandan,Cikarang,2023-04,572324,5.91,117,118,81.83,46.64,70.25,129.77,4.9,66.37,Medium,synthetic_formula_with_seeded_noise,synthetic_prototype
REG-STA-028-2023-05,STA-028,kampungbandan,Kampung Bandan,Cikarang,2023-05,659110,5.6,131,135,80.34,50.49,70.33,127.09,4.9,70.57,High,synthetic_formula_with_seeded_noise,synthetic_prototype
REG-STA-028-2023-06,STA-028,kampungbandan,Kampung Bandan,Cikarang,2023-06,541436,5.58,116,120,82.32,47.23,65.06,120.96,4.9,64.28,Medium,synthetic_formula_with_seeded_noise,synthetic_prototype
REG-STA-028-2023-07,STA-028,kampungbandan,Kampung Bandan,Cikarang,2023-07,549372,6.17,117,117,78.79,48.11,72.91,134.29,4.9,57.75,Medium,synthetic_formula_with_seeded_noise,synthetic_prototype
REG-STA-028-2023-08,STA-028,kampungbandan,Kampung Bandan,Cikarang,2023-08,684956,6.74,121,121,82.29,40.83,71.9,125.83,4.9,65.22,Medium,synthetic_formula_with_seeded_noise,synthetic_prototype
REG-STA-028-2023-09,STA-028,kampungbandan,Kampung Bandan,Cikarang,2023-09,705797,6.65,117,129,82.71,44.09,69.6,137.96,4.9,69.0,Medium,synthetic_formula_with_seeded_noise,synthetic_prototype
REG-STA-028-2023-10,STA-028,kampungbandan,Kampung Bandan,Cikarang,2023-10,715818,6.32,131,129,81.54,49.07,70.6,133.79,4.9,72.44,High,synthetic_formula_with_seeded_noise,synthetic_prototype
REG-STA-028-2023-11,STA-028,kampungbandan,Kampung Bandan,Cikarang,2023-11,670351,5.77,128,126,83.39,55.55,72.07,131.24,4.9,64.18,Medium,synthetic_formula_with_seeded_noise,synthetic_prototype
REG-STA-028-2023-12,STA-028,kampungbandan,Kampung Bandan,Cikarang,2023-12,617936,5.54,122,121,81.83,50.82,67.37,130.53,4.9,65.5,Medium,synthetic_formula_with_seeded_noise,synthetic_prototype
REG-STA-028-2024-01,STA-028,kampungbandan,Kampung Bandan,Cikarang,2024-01,602719,6.21,126,129,82.22,40.45,71.57,139.52,4.9,62.72,Medium,synthetic_formula_with_seeded_noise,synthetic_prototype
REG-STA-028-2024-02,STA-028,kampungbandan,Kampung Bandan,Cikarang,2024-02,664191,5.62,127,141,82.56,50.23,69.08,137.68,4.9,74.73,High,synthetic_formula_with_seeded_noise,synthetic_prototype
REG-STA-028-2024-03,STA-028,kampungbandan,Kampung Bandan,Cikarang,2024-03,681367,5.08,127,129,79.01,44.92,71.59,137.6,4.9,71.54,High,synthetic_formula_with_seeded_noise,synthetic_prototype
REG-STA-028-2024-04,STA-028,kampungbandan,Kampung Bandan,Cikarang,2024-04,687719,4.72,122,121,81.34,51.8,68.01,124.95,4.9,71.78,High,synthetic_formula_with_seeded_noise,synthetic_prototype
REG-STA-028-2024-05,STA-028,kampungbandan,Kampung Bandan,Cikarang,2024-05,691055,5.41,126,137,84.89,54.77,69.73,132.56,4.9,70.38,High,synthetic_formula_with_seeded_noise,synthetic_prototype
REG-STA-028-2024-06,STA-028,kampungbandan,Kampung Bandan,Cikarang,2024-06,641421,5.17,126,126,81.19,50.1,68.31,144.6,4.9,67.37,Medium,synthetic_formula_with_seeded_noise,synthetic_prototype
REG-STA-028-2024-07,STA-028,kampungbandan,Kampung Bandan,Cikarang,2024-07,599817,5.17,119,128,85.38,53.07,67.03,129.25,4.9,60.93,Medium,synthetic_formula_with_seeded_noise,synthetic_prototype
REG-STA-028-2024-08,STA-028,kampungbandan,Kampung Bandan,Cikarang,2024-08,763639,5.23,130,137,84.05,51.52,72.11,140.8,4.9,77.51,High,synthetic_formula_with_seeded_noise,synthetic_prototype
REG-STA-028-2024-09,STA-028,kampungbandan,Kampung Bandan,Cikarang,2024-09,689585,5.3,117,124,83.69,49.43,71.54,139.18,4.9,72.3,High,synthetic_formula_with_seeded_noise,synthetic_prototype
REG-STA-028-2024-10,STA-028,kampungbandan,Kampung Bandan,Cikarang,2024-10,753891,6.11,130,133,81.79,47.42,71.18,144.46,4.9,74.2,High,synthetic_formula_with_seeded_noise,synthetic_prototype
REG-STA-028-2024-11,STA-028,kampungbandan,Kampung Bandan,Cikarang,2024-11,756470,5.64,113,112,79.43,53.9,74.43,114.81,4.9,73.19,High,synthetic_formula_with_seeded_noise,synthetic_prototype
REG-STA-028-2024-12,STA-028,kampungbandan,Kampung Bandan,Cikarang,2024-12,665869,5.71,125,134,80.59,54.88,64.0,139.23,4.9,72.23,High,synthetic_formula_with_seeded_noise,synthetic_prototype
REG-STA-028-2025-01,STA-028,kampungbandan,Kampung Bandan,Cikarang,2025-01,662866,7.18,117,112,77.95,47.79,70.54,129.89,4.9,64.57,Medium,synthetic_formula_with_seeded_noise,synthetic_prototype
REG-STA-028-2025-02,STA-028,kampungbandan,Kampung Bandan,Cikarang,2025-02,749031,5.8,121,120,79.05,51.92,67.73,125.5,4.9,75.52,High,synthetic_formula_with_seeded_noise,synthetic_prototype
REG-STA-028-2025-03,STA-028,kampungbandan,Kampung Bandan,Cikarang,2025-03,745994,5.99,128,137,81.88,44.0,63.57,125.0,4.9,72.73,High,synthetic_formula_with_seeded_noise,synthetic_prototype
REG-STA-028-2025-04,STA-028,kampungbandan,Kampung Bandan,Cikarang,2025-04,644209,5.21,125,135,81.46,55.72,67.81,135.33,4.9,66.6,Medium,synthetic_formula_with_seeded_noise,synthetic_prototype
REG-STA-028-2025-05,STA-028,kampungbandan,Kampung Bandan,Cikarang,2025-05,774020,5.36,123,109,83.37,49.51,69.21,142.93,4.9,71.2,High,synthetic_formula_with_seeded_noise,synthetic_prototype
REG-STA-028-2025-06,STA-028,kampungbandan,Kampung Bandan,Cikarang,2025-06,681366,6.03,129,134,82.58,48.41,69.36,144.02,4.9,66.44,Medium,synthetic_formula_with_seeded_noise,synthetic_prototype
REG-STA-028-2025-07,STA-028,kampungbandan,Kampung Bandan,Cikarang,2025-07,690415,6.07,134,140,77.79,51.4,66.32,132.66,4.9,63.65,Medium,synthetic_formula_with_seeded_noise,synthetic_prototype
REG-STA-028-2025-08,STA-028,kampungbandan,Kampung Bandan,Cikarang,2025-08,764119,5.57,127,134,78.59,50.65,67.31,132.18,4.9,68.41,Medium,synthetic_formula_with_seeded_noise,synthetic_prototype
REG-STA-028-2025-09,STA-028,kampungbandan,Kampung Bandan,Cikarang,2025-09,761726,5.57,132,134,80.76,48.33,72.6,132.22,4.9,76.94,High,synthetic_formula_with_seeded_noise,synthetic_prototype
REG-STA-028-2025-10,STA-028,kampungbandan,Kampung Bandan,Cikarang,2025-10,749270,5.54,133,131,83.18,44.6,64.82,124.64,4.9,75.06,High,synthetic_formula_with_seeded_noise,synthetic_prototype
REG-STA-028-2025-11,STA-028,kampungbandan,Kampung Bandan,Cikarang,2025-11,774031,6.48,130,135,79.89,46.07,71.57,130.14,4.9,73.98,High,synthetic_formula_with_seeded_noise,synthetic_prototype
REG-STA-028-2025-12,STA-028,kampungbandan,Kampung Bandan,Cikarang,2025-12,669441,5.62,123,122,77.81,43.17,71.64,126.69,4.9,63.6,Medium,synthetic_formula_with_seeded_noise,synthetic_prototype
REG-STA-029-2023-01,STA-029,angke,Angke,Cikarang,2023-01,146612,4.98,42,37,36.64,52.93,27.33,116.56,4.6,41.8,Low,synthetic_formula_with_seeded_noise,synthetic_prototype
REG-STA-029-2023-02,STA-029,angke,Angke,Cikarang,2023-02,144500,4.91,50,52,32.68,49.33,24.84,126.87,4.6,47.54,Medium,synthetic_formula_with_seeded_noise,synthetic_prototype
REG-STA-029-2023-03,STA-029,angke,Angke,Cikarang,2023-03,172723,4.75,49,49,41.78,50.52,26.61,118.47,4.6,51.69,Medium,synthetic_formula_with_seeded_noise,synthetic_prototype
REG-STA-029-2023-04,STA-029,angke,Angke,Cikarang,2023-04,160211,4.95,51,62,39.44,50.32,25.97,113.36,4.6,48.73,Medium,synthetic_formula_with_seeded_noise,synthetic_prototype
REG-STA-029-2023-05,STA-029,angke,Angke,Cikarang,2023-05,166330,5.85,50,52,38.79,52.24,23.56,107.61,4.6,48.51,Medium,synthetic_formula_with_seeded_noise,synthetic_prototype
REG-STA-029-2023-06,STA-029,angke,Angke,Cikarang,2023-06,150053,4.85,51,48,40.55,50.47,33.48,108.83,4.6,41.11,Low,synthetic_formula_with_seeded_noise,synthetic_prototype
REG-STA-029-2023-07,STA-029,angke,Angke,Cikarang,2023-07,147855,6.07,56,55,40.25,54.76,34.56,102.81,4.6,42.4,Low,synthetic_formula_with_seeded_noise,synthetic_prototype
REG-STA-029-2023-08,STA-029,angke,Angke,Cikarang,2023-08,152612,5.09,50,45,39.67,53.91,31.56,98.63,4.6,46.18,Medium,synthetic_formula_with_seeded_noise,synthetic_prototype
REG-STA-029-2023-09,STA-029,angke,Angke,Cikarang,2023-09,169380,5.13,55,50,38.73,52.23,23.93,116.65,4.6,48.81,Medium,synthetic_formula_with_seeded_noise,synthetic_prototype
REG-STA-029-2023-10,STA-029,angke,Angke,Cikarang,2023-10,171159,4.1,51,52,46.18,44.91,26.56,122.99,4.6,50.16,Medium,synthetic_formula_with_seeded_noise,synthetic_prototype
REG-STA-029-2023-11,STA-029,angke,Angke,Cikarang,2023-11,167346,4.44,48,45,35.5,53.13,27.78,118.51,4.6,50.48,Medium,synthetic_formula_with_seeded_noise,synthetic_prototype
REG-STA-029-2023-12,STA-029,angke,Angke,Cikarang,2023-12,153039,5.07,48,54,38.18,52.06,27.02,114.16,4.6,48.67,Medium,synthetic_formula_with_seeded_noise,synthetic_prototype
REG-STA-029-2024-01,STA-029,angke,Angke,Cikarang,2024-01,153988,4.79,51,54,39.16,52.72,22.1,118.22,4.6,47.44,Medium,synthetic_formula_with_seeded_noise,synthetic_prototype
REG-STA-029-2024-02,STA-029,angke,Angke,Cikarang,2024-02,159476,4.34,48,49,40.9,56.33,26.56,104.14,4.6,47.53,Medium,synthetic_formula_with_seeded_noise,synthetic_prototype
REG-STA-029-2024-03,STA-029,angke,Angke,Cikarang,2024-03,172677,4.27,56,62,39.45,52.46,28.19,120.31,4.6,45.59,Medium,synthetic_formula_with_seeded_noise,synthetic_prototype
REG-STA-029-2024-04,STA-029,angke,Angke,Cikarang,2024-04,162793,4.66,49,45,36.82,58.49,30.85,118.95,4.6,53.18,Medium,synthetic_formula_with_seeded_noise,synthetic_prototype
REG-STA-029-2024-05,STA-029,angke,Angke,Cikarang,2024-05,184392,4.28,54,58,43.64,46.84,31.05,131.36,4.6,50.05,Medium,synthetic_formula_with_seeded_noise,synthetic_prototype
REG-STA-029-2024-06,STA-029,angke,Angke,Cikarang,2024-06,172607,4.1,52,50,39.09,51.18,26.78,121.42,4.6,52.7,Medium,synthetic_formula_with_seeded_noise,synthetic_prototype
REG-STA-029-2024-07,STA-029,angke,Angke,Cikarang,2024-07,151678,4.79,46,54,41.97,47.18,27.91,114.51,4.6,41.68,Low,synthetic_formula_with_seeded_noise,synthetic_prototype
REG-STA-029-2024-08,STA-029,angke,Angke,Cikarang,2024-08,166189,4.93,46,47,44.14,51.77,31.51,122.33,4.6,51.58,Medium,synthetic_formula_with_seeded_noise,synthetic_prototype
REG-STA-029-2024-09,STA-029,angke,Angke,Cikarang,2024-09,180355,6.12,54,60,37.9,48.41,31.72,110.4,4.6,50.95,Medium,synthetic_formula_with_seeded_noise,synthetic_prototype
REG-STA-029-2024-10,STA-029,angke,Angke,Cikarang,2024-10,205375,4.71,57,60,42.03,50.61,26.73,114.92,4.6,48.05,Medium,synthetic_formula_with_seeded_noise,synthetic_prototype
REG-STA-029-2024-11,STA-029,angke,Angke,Cikarang,2024-11,178512,4.42,47,48,41.72,55.44,26.9,114.38,4.6,51.29,Medium,synthetic_formula_with_seeded_noise,synthetic_prototype
REG-STA-029-2024-12,STA-029,angke,Angke,Cikarang,2024-12,174493,6.06,57,58,39.91,56.91,28.48,97.78,4.6,50.19,Medium,synthetic_formula_with_seeded_noise,synthetic_prototype
REG-STA-029-2025-01,STA-029,angke,Angke,Cikarang,2025-01,160324,6.15,51,54,45.5,49.46,26.49,109.94,4.6,43.98,Low,synthetic_formula_with_seeded_noise,synthetic_prototype
REG-STA-029-2025-02,STA-029,angke,Angke,Cikarang,2025-02,173600,4.98,46,48,37.05,47.57,28.42,121.18,4.6,48.29,Medium,synthetic_formula_with_seeded_noise,synthetic_prototype
REG-STA-029-2025-03,STA-029,angke,Angke,Cikarang,2025-03,194555,4.24,52,54,36.51,49.88,23.5,117.85,4.6,42.96,Low,synthetic_formula_with_seeded_noise,synthetic_prototype
REG-STA-029-2025-04,STA-029,angke,Angke,Cikarang,2025-04,175989,4.36,50,46,42.32,52.44,26.71,120.56,4.6,46.12,Medium,synthetic_formula_with_seeded_noise,synthetic_prototype
REG-STA-029-2025-05,STA-029,angke,Angke,Cikarang,2025-05,178858,5.77,55,57,41.71,54.43,26.9,119.47,4.6,45.27,Medium,synthetic_formula_with_seeded_noise,synthetic_prototype
REG-STA-029-2025-06,STA-029,angke,Angke,Cikarang,2025-06,170767,5.07,49,56,34.1,49.04,26.64,111.48,4.6,43.36,Low,synthetic_formula_with_seeded_noise,synthetic_prototype
REG-STA-029-2025-07,STA-029,angke,Angke,Cikarang,2025-07,171992,5.88,52,51,39.4,47.56,28.14,113.06,4.6,47.15,Medium,synthetic_formula_with_seeded_noise,synthetic_prototype
REG-STA-029-2025-08,STA-029,angke,Angke,Cikarang,2025-08,181483,4.59,54,55,38.78,53.59,24.73,118.87,4.6,50.69,Medium,synthetic_formula_with_seeded_noise,synthetic_prototype
REG-STA-029-2025-09,STA-029,angke,Angke,Cikarang,2025-09,190465,5.82,54,54,37.1,52.66,29.48,127.44,4.6,47.58,Medium,synthetic_formula_with_seeded_noise,synthetic_prototype
REG-STA-029-2025-10,STA-029,angke,Angke,Cikarang,2025-10,197078,6.23,53,58,38.85,48.28,28.73,108.78,4.6,51.2,Medium,synthetic_formula_with_seeded_noise,synthetic_prototype
REG-STA-029-2025-11,STA-029,angke,Angke,Cikarang,2025-11,189012,4.48,55,61,43.89,47.59,26.32,109.65,4.6,51.3,Medium,synthetic_formula_with_seeded_noise,synthetic_prototype
REG-STA-029-2025-12,STA-029,angke,Angke,Cikarang,2025-12,177747,4.71,54,52,38.68,51.19,27.27,111.66,4.6,46.57,Medium,synthetic_formula_with_seeded_noise,synthetic_prototype
REG-STA-030-2023-01,STA-030,duri,Duri,Cikarang,2023-01,628709,5.89,111,116,72.94,31.2,64.97,138.59,2.8,64.6,Medium,synthetic_formula_with_seeded_noise,synthetic_prototype
REG-STA-030-2023-02,STA-030,duri,Duri,Cikarang,2023-02,621620,6.01,117,126,76.11,37.82,67.01,136.77,2.8,67.61,Medium,synthetic_formula_with_seeded_noise,synthetic_prototype
REG-STA-030-2023-03,STA-030,duri,Duri,Cikarang,2023-03,636814,6.23,110,117,74.47,32.99,69.99,125.15,2.8,60.13,Medium,synthetic_formula_with_seeded_noise,synthetic_prototype
REG-STA-030-2023-04,STA-030,duri,Duri,Cikarang,2023-04,633298,6.95,116,129,70.3,35.58,75.79,131.38,2.8,61.99,Medium,synthetic_formula_with_seeded_noise,synthetic_prototype
REG-STA-030-2023-05,STA-030,duri,Duri,Cikarang,2023-05,708827,6.62,121,130,72.17,32.93,69.21,137.43,2.8,64.66,Medium,synthetic_formula_with_seeded_noise,synthetic_prototype
REG-STA-030-2023-06,STA-030,duri,Duri,Cikarang,2023-06,621742,6.14,111,116,70.76,29.94,72.19,128.99,2.8,62.43,Medium,synthetic_formula_with_seeded_noise,synthetic_prototype
REG-STA-030-2023-07,STA-030,duri,Duri,Cikarang,2023-07,587932,6.49,111,117,75.23,28.7,68.92,133.2,2.8,62.52,Medium,synthetic_formula_with_seeded_noise,synthetic_prototype
REG-STA-030-2023-08,STA-030,duri,Duri,Cikarang,2023-08,647535,5.79,116,117,72.52,34.21,73.05,153.03,2.8,66.96,Medium,synthetic_formula_with_seeded_noise,synthetic_prototype
REG-STA-030-2023-09,STA-030,duri,Duri,Cikarang,2023-09,703400,5.42,112,122,76.79,26.71,68.53,136.14,2.8,69.59,Medium,synthetic_formula_with_seeded_noise,synthetic_prototype
REG-STA-030-2023-10,STA-030,duri,Duri,Cikarang,2023-10,714917,6.88,111,102,75.22,35.55,68.77,139.57,2.8,64.91,Medium,synthetic_formula_with_seeded_noise,synthetic_prototype
REG-STA-030-2023-11,STA-030,duri,Duri,Cikarang,2023-11,722292,5.65,116,123,73.2,33.66,76.68,136.0,2.8,63.18,Medium,synthetic_formula_with_seeded_noise,synthetic_prototype
REG-STA-030-2023-12,STA-030,duri,Duri,Cikarang,2023-12,634848,5.53,116,116,72.24,33.45,69.41,127.67,2.8,61.48,Medium,synthetic_formula_with_seeded_noise,synthetic_prototype
REG-STA-030-2024-01,STA-030,duri,Duri,Cikarang,2024-01,662196,5.94,118,107,75.11,32.86,67.72,130.2,2.8,60.6,Medium,synthetic_formula_with_seeded_noise,synthetic_prototype
REG-STA-030-2024-02,STA-030,duri,Duri,Cikarang,2024-02,627038,5.69,112,120,71.23,32.96,68.6,144.23,2.8,61.16,Medium,synthetic_formula_with_seeded_noise,synthetic_prototype
REG-STA-030-2024-03,STA-030,duri,Duri,Cikarang,2024-03,705195,6.19,109,108,74.5,31.22,71.7,136.48,2.8,62.18,Medium,synthetic_formula_with_seeded_noise,synthetic_prototype
REG-STA-030-2024-04,STA-030,duri,Duri,Cikarang,2024-04,697693,6.52,114,114,75.31,34.39,69.37,147.03,2.8,66.13,Medium,synthetic_formula_with_seeded_noise,synthetic_prototype
REG-STA-030-2024-05,STA-030,duri,Duri,Cikarang,2024-05,699417,6.06,120,118,71.74,33.44,73.41,142.32,2.8,66.09,Medium,synthetic_formula_with_seeded_noise,synthetic_prototype
REG-STA-030-2024-06,STA-030,duri,Duri,Cikarang,2024-06,629176,6.04,108,106,79.89,33.08,66.72,130.54,2.8,66.91,Medium,synthetic_formula_with_seeded_noise,synthetic_prototype
REG-STA-030-2024-07,STA-030,duri,Duri,Cikarang,2024-07,606113,5.56,115,115,75.09,36.15,70.6,142.26,2.8,63.91,Medium,synthetic_formula_with_seeded_noise,synthetic_prototype
REG-STA-030-2024-08,STA-030,duri,Duri,Cikarang,2024-08,674745,6.06,112,121,76.26,36.37,67.5,126.04,2.8,58.13,Medium,synthetic_formula_with_seeded_noise,synthetic_prototype
REG-STA-030-2024-09,STA-030,duri,Duri,Cikarang,2024-09,705175,6.22,117,116,80.56,30.86,69.3,132.42,2.8,60.58,Medium,synthetic_formula_with_seeded_noise,synthetic_prototype
REG-STA-030-2024-10,STA-030,duri,Duri,Cikarang,2024-10,708205,6.47,113,120,79.45,35.57,70.51,142.19,2.8,66.63,Medium,synthetic_formula_with_seeded_noise,synthetic_prototype
REG-STA-030-2024-11,STA-030,duri,Duri,Cikarang,2024-11,738773,6.53,115,116,76.77,26.98,69.83,150.6,2.8,65.66,Medium,synthetic_formula_with_seeded_noise,synthetic_prototype
REG-STA-030-2024-12,STA-030,duri,Duri,Cikarang,2024-12,634853,6.41,120,129,74.14,35.4,71.01,121.66,2.8,66.96,Medium,synthetic_formula_with_seeded_noise,synthetic_prototype
REG-STA-030-2025-01,STA-030,duri,Duri,Cikarang,2025-01,653367,5.71,112,115,76.74,35.0,71.72,129.16,2.8,66.17,Medium,synthetic_formula_with_seeded_noise,synthetic_prototype
REG-STA-030-2025-02,STA-030,duri,Duri,Cikarang,2025-02,689813,5.67,120,119,74.75,33.73,70.43,136.96,2.8,62.76,Medium,synthetic_formula_with_seeded_noise,synthetic_prototype
REG-STA-030-2025-03,STA-030,duri,Duri,Cikarang,2025-03,703596,6.2,112,115,76.74,32.33,75.41,144.62,2.8,68.92,Medium,synthetic_formula_with_seeded_noise,synthetic_prototype
REG-STA-030-2025-04,STA-030,duri,Duri,Cikarang,2025-04,680892,5.67,115,116,74.62,29.03,70.09,138.12,2.8,62.08,Medium,synthetic_formula_with_seeded_noise,synthetic_prototype
REG-STA-030-2025-05,STA-030,duri,Duri,Cikarang,2025-05,773089,6.26,119,122,77.77,34.96,69.75,145.12,2.8,64.83,Medium,synthetic_formula_with_seeded_noise,synthetic_prototype
REG-STA-030-2025-06,STA-030,duri,Duri,Cikarang,2025-06,661125,4.97,108,115,76.04,35.74,67.79,135.01,2.8,68.6,Medium,synthetic_formula_with_seeded_noise,synthetic_prototype
REG-STA-030-2025-07,STA-030,duri,Duri,Cikarang,2025-07,701897,6.35,115,120,75.63,30.53,69.42,135.53,2.8,70.41,High,synthetic_formula_with_seeded_noise,synthetic_prototype
REG-STA-030-2025-08,STA-030,duri,Duri,Cikarang,2025-08,732188,5.42,113,112,73.7,34.6,69.06,139.83,2.8,69.82,Medium,synthetic_formula_with_seeded_noise,synthetic_prototype
REG-STA-030-2025-09,STA-030,duri,Duri,Cikarang,2025-09,772852,6.54,119,127,76.17,29.48,71.68,139.68,2.8,62.89,Medium,synthetic_formula_with_seeded_noise,synthetic_prototype
REG-STA-030-2025-10,STA-030,duri,Duri,Cikarang,2025-10,817242,6.25,121,128,80.42,30.9,69.87,134.17,2.8,59.53,Medium,synthetic_formula_with_seeded_noise,synthetic_prototype
REG-STA-030-2025-11,STA-030,duri,Duri,Cikarang,2025-11,736273,6.43,124,133,79.1,33.63,68.64,135.83,2.8,64.02,Medium,synthetic_formula_with_seeded_noise,synthetic_prototype
REG-STA-030-2025-12,STA-030,duri,Duri,Cikarang,2025-12,644207,7.75,108,109,76.52,34.16,77.22,137.11,2.8,65.52,Medium,synthetic_formula_with_seeded_noise,synthetic_prototype
REG-STA-031-2023-01,STA-031,tanahabang,Tanah Abang,Cikarang,2023-01,611157,9.0,122,129,78.07,47.8,72.29,137.88,2.1,73.4,High,synthetic_formula_with_seeded_noise,synthetic_prototype
REG-STA-031-2023-02,STA-031,tanahabang,Tanah Abang,Cikarang,2023-02,593108,9.58,118,115,78.7,50.69,67.71,132.63,2.1,67.46,Medium,synthetic_formula_with_seeded_noise,synthetic_prototype
REG-STA-031-2023-03,STA-031,tanahabang,Tanah Abang,Cikarang,2023-03,686045,11.17,120,116,73.97,36.42,68.96,124.5,2.1,66.52,Medium,synthetic_formula_with_seeded_noise,synthetic_prototype
REG-STA-031-2023-04,STA-031,tanahabang,Tanah Abang,Cikarang,2023-04,624011,9.18,124,126,74.87,47.24,68.62,148.08,2.1,73.53,High,synthetic_formula_with_seeded_noise,synthetic_prototype
REG-STA-031-2023-05,STA-031,tanahabang,Tanah Abang,Cikarang,2023-05,726975,9.0,126,136,79.02,49.11,70.27,138.4,2.1,73.28,High,synthetic_formula_with_seeded_noise,synthetic_prototype
REG-STA-031-2023-06,STA-031,tanahabang,Tanah Abang,Cikarang,2023-06,583038,9.41,118,115,77.32,43.92,70.75,125.62,2.1,72.72,High,synthetic_formula_with_seeded_noise,synthetic_prototype
REG-STA-031-2023-07,STA-031,tanahabang,Tanah Abang,Cikarang,2023-07,627261,9.02,121,125,79.8,44.95,74.96,136.32,2.1,67.88,Medium,synthetic_formula_with_seeded_noise,synthetic_prototype
REG-STA-031-2023-08,STA-031,tanahabang,Tanah Abang,Cikarang,2023-08,670000,9.29,127,131,75.41,42.68,65.39,135.48,2.1,70.13,High,synthetic_formula_with_seeded_noise,synthetic_prototype
REG-STA-031-2023-09,STA-031,tanahabang,Tanah Abang,Cikarang,2023-09,666458,10.33,126,126,75.75,47.15,64.99,137.51,2.1,77.01,High,synthetic_formula_with_seeded_noise,synthetic_prototype
REG-STA-031-2023-10,STA-031,tanahabang,Tanah Abang,Cikarang,2023-10,690216,9.51,135,128,78.74,48.54,72.11,145.87,2.1,73.35,High,synthetic_formula_with_seeded_noise,synthetic_prototype
REG-STA-031-2023-11,STA-031,tanahabang,Tanah Abang,Cikarang,2023-11,688387,9.86,124,120,80.55,49.86,74.95,135.7,2.1,77.92,High,synthetic_formula_with_seeded_noise,synthetic_prototype
REG-STA-031-2023-12,STA-031,tanahabang,Tanah Abang,Cikarang,2023-12,629622,9.07,127,128,76.18,42.09,71.55,136.29,2.1,68.08,Medium,synthetic_formula_with_seeded_noise,synthetic_prototype
REG-STA-031-2024-01,STA-031,tanahabang,Tanah Abang,Cikarang,2024-01,626355,10.13,122,125,80.96,40.25,75.39,118.07,2.1,65.17,Medium,synthetic_formula_with_seeded_noise,synthetic_prototype
REG-STA-031-2024-02,STA-031,tanahabang,Tanah Abang,Cikarang,2024-02,601329,10.12,123,123,76.07,42.36,71.92,145.1,2.1,69.6,Medium,synthetic_formula_with_seeded_noise,synthetic_prototype
REG-STA-031-2024-03,STA-031,tanahabang,Tanah Abang,Cikarang,2024-03,698628,9.67,124,122,80.2,44.28,71.14,147.99,2.1,71.25,High,synthetic_formula_with_seeded_noise,synthetic_prototype
REG-STA-031-2024-04,STA-031,tanahabang,Tanah Abang,Cikarang,2024-04,676866,9.15,119,118,77.11,45.74,72.37,131.89,2.1,63.88,Medium,synthetic_formula_with_seeded_noise,synthetic_prototype
REG-STA-031-2024-05,STA-031,tanahabang,Tanah Abang,Cikarang,2024-05,653550,9.35,120,115,76.99,50.56,71.25,135.82,2.1,68.53,Medium,synthetic_formula_with_seeded_noise,synthetic_prototype
REG-STA-031-2024-06,STA-031,tanahabang,Tanah Abang,Cikarang,2024-06,643833,10.22,129,128,81.26,46.61,66.08,132.94,2.1,70.64,High,synthetic_formula_with_seeded_noise,synthetic_prototype
REG-STA-031-2024-07,STA-031,tanahabang,Tanah Abang,Cikarang,2024-07,651025,9.41,124,128,78.92,44.1,69.58,124.44,2.1,66.79,Medium,synthetic_formula_with_seeded_noise,synthetic_prototype
REG-STA-031-2024-08,STA-031,tanahabang,Tanah Abang,Cikarang,2024-08,669263,10.16,124,133,81.52,38.72,64.86,136.3,2.1,63.9,Medium,synthetic_formula_with_seeded_noise,synthetic_prototype
REG-STA-031-2024-09,STA-031,tanahabang,Tanah Abang,Cikarang,2024-09,772413,10.14,133,134,75.19,50.95,70.48,141.29,2.1,69.43,Medium,synthetic_formula_with_seeded_noise,synthetic_prototype
REG-STA-031-2024-10,STA-031,tanahabang,Tanah Abang,Cikarang,2024-10,757143,9.37,127,136,78.47,44.66,66.97,136.69,2.1,67.42,Medium,synthetic_formula_with_seeded_noise,synthetic_prototype
REG-STA-031-2024-11,STA-031,tanahabang,Tanah Abang,Cikarang,2024-11,716962,9.59,127,129,74.18,48.36,70.56,140.5,2.1,72.1,High,synthetic_formula_with_seeded_noise,synthetic_prototype
REG-STA-031-2024-12,STA-031,tanahabang,Tanah Abang,Cikarang,2024-12,653566,9.25,128,131,75.62,48.08,74.27,130.58,2.1,74.53,High,synthetic_formula_with_seeded_noise,synthetic_prototype
REG-STA-031-2025-01,STA-031,tanahabang,Tanah Abang,Cikarang,2025-01,616477,9.63,121,130,75.3,43.24,67.91,132.52,2.1,69.4,Medium,synthetic_formula_with_seeded_noise,synthetic_prototype
REG-STA-031-2025-02,STA-031,tanahabang,Tanah Abang,Cikarang,2025-02,712691,8.89,127,133,75.17,44.58,69.18,135.65,2.1,72.83,High,synthetic_formula_with_seeded_noise,synthetic_prototype
REG-STA-031-2025-03,STA-031,tanahabang,Tanah Abang,Cikarang,2025-03,713390,9.8,122,118,82.51,52.47,71.73,133.35,2.1,71.44,High,synthetic_formula_with_seeded_noise,synthetic_prototype
REG-STA-031-2025-04,STA-031,tanahabang,Tanah Abang,Cikarang,2025-04,763934,10.14,130,133,77.81,49.61,69.81,134.57,2.1,72.16,High,synthetic_formula_with_seeded_noise,synthetic_prototype
REG-STA-031-2025-05,STA-031,tanahabang,Tanah Abang,Cikarang,2025-05,734419,9.46,127,126,79.48,43.51,69.42,135.94,2.1,67.29,Medium,synthetic_formula_with_seeded_noise,synthetic_prototype
REG-STA-031-2025-06,STA-031,tanahabang,Tanah Abang,Cikarang,2025-06,676088,9.08,127,135,75.47,40.27,77.05,142.2,2.1,68.82,Medium,synthetic_formula_with_seeded_noise,synthetic_prototype
REG-STA-031-2025-07,STA-031,tanahabang,Tanah Abang,Cikarang,2025-07,697042,9.41,121,122,79.87,44.63,69.59,136.63,2.1,71.94,High,synthetic_formula_with_seeded_noise,synthetic_prototype
REG-STA-031-2025-08,STA-031,tanahabang,Tanah Abang,Cikarang,2025-08,803791,9.21,129,142,79.59,46.47,70.48,137.5,2.1,76.49,High,synthetic_formula_with_seeded_noise,synthetic_prototype
REG-STA-031-2025-09,STA-031,tanahabang,Tanah Abang,Cikarang,2025-09,829130,9.2,137,142,76.37,41.62,77.0,131.33,2.1,78.52,High,synthetic_formula_with_seeded_noise,synthetic_prototype
REG-STA-031-2025-10,STA-031,tanahabang,Tanah Abang,Cikarang,2025-10,825933,9.83,136,133,79.0,45.34,72.51,134.66,2.1,75.99,High,synthetic_formula_with_seeded_noise,synthetic_prototype
REG-STA-031-2025-11,STA-031,tanahabang,Tanah Abang,Cikarang,2025-11,812531,9.6,126,134,74.25,39.05,68.57,144.77,2.1,71.88,High,synthetic_formula_with_seeded_noise,synthetic_prototype
REG-STA-031-2025-12,STA-031,tanahabang,Tanah Abang,Cikarang,2025-12,709444,9.29,127,128,77.43,42.89,67.33,131.73,2.1,73.14,High,synthetic_formula_with_seeded_noise,synthetic_prototype
REG-STA-032-2023-01,STA-032,karet,Karet,Cikarang,2023-01,149699,5.72,43,41,42.75,55.14,31.67,109.72,3,44.66,Low,synthetic_formula_with_seeded_noise,synthetic_prototype
REG-STA-032-2023-02,STA-032,karet,Karet,Cikarang,2023-02,148043,5.74,42,45,39.39,48.63,29.67,123.99,3,46.91,Medium,synthetic_formula_with_seeded_noise,synthetic_prototype
REG-STA-032-2023-03,STA-032,karet,Karet,Cikarang,2023-03,162767,5.17,45,43,42.39,57.86,28.32,127.65,3,51.04,Medium,synthetic_formula_with_seeded_noise,synthetic_prototype
REG-STA-032-2023-04,STA-032,karet,Karet,Cikarang,2023-04,168042,5.35,46,51,41.36,51.16,27.78,125.18,3,47.09,Medium,synthetic_formula_with_seeded_noise,synthetic_prototype
REG-STA-032-2023-05,STA-032,karet,Karet,Cikarang,2023-05,179409,5.28,44,49,50.66,55.04,31.25,106.38,3,46.61,Medium,synthetic_formula_with_seeded_noise,synthetic_prototype
REG-STA-032-2023-06,STA-032,karet,Karet,Cikarang,2023-06,152507,5.82,52,58,38.59,55.06,24.46,111.69,3,50.0,Medium,synthetic_formula_with_seeded_noise,synthetic_prototype
REG-STA-032-2023-07,STA-032,karet,Karet,Cikarang,2023-07,146856,5.96,45,45,42.95,46.32,27.07,130.2,3,46.53,Medium,synthetic_formula_with_seeded_noise,synthetic_prototype
REG-STA-032-2023-08,STA-032,karet,Karet,Cikarang,2023-08,166982,5.78,45,43,41.33,53.01,27.16,116.93,3,46.94,Medium,synthetic_formula_with_seeded_noise,synthetic_prototype
REG-STA-032-2023-09,STA-032,karet,Karet,Cikarang,2023-09,175270,5.79,44,38,41.33,52.27,26.42,120.88,3,48.68,Medium,synthetic_formula_with_seeded_noise,synthetic_prototype
REG-STA-032-2023-10,STA-032,karet,Karet,Cikarang,2023-10,168761,6.33,43,45,42.42,51.15,29.24,127.37,3,48.89,Medium,synthetic_formula_with_seeded_noise,synthetic_prototype
REG-STA-032-2023-11,STA-032,karet,Karet,Cikarang,2023-11,172535,6.11,52,58,41.06,50.6,24.41,111.62,3,49.08,Medium,synthetic_formula_with_seeded_noise,synthetic_prototype
REG-STA-032-2023-12,STA-032,karet,Karet,Cikarang,2023-12,144449,5.86,44,50,43.68,52.92,28.98,110.71,3,51.28,Medium,synthetic_formula_with_seeded_noise,synthetic_prototype
REG-STA-032-2024-01,STA-032,karet,Karet,Cikarang,2024-01,158602,5.27,43,44,42.3,47.98,31.85,118.05,3,44.16,Low,synthetic_formula_with_seeded_noise,synthetic_prototype
REG-STA-032-2024-02,STA-032,karet,Karet,Cikarang,2024-02,160796,7.23,46,45,42.04,49.7,22.25,118.4,3,43.54,Low,synthetic_formula_with_seeded_noise,synthetic_prototype
REG-STA-032-2024-03,STA-032,karet,Karet,Cikarang,2024-03,176090,6.16,40,47,39.81,55.76,33.41,113.39,3,48.61,Medium,synthetic_formula_with_seeded_noise,synthetic_prototype
REG-STA-032-2024-04,STA-032,karet,Karet,Cikarang,2024-04,157726,5.31,53,57,41.52,55.39,26.72,124.83,3,46.43,Medium,synthetic_formula_with_seeded_noise,synthetic_prototype
REG-STA-032-2024-05,STA-032,karet,Karet,Cikarang,2024-05,178749,6.1,47,50,43.77,52.43,28.85,116.47,3,43.44,Low,synthetic_formula_with_seeded_noise,synthetic_prototype
REG-STA-032-2024-06,STA-032,karet,Karet,Cikarang,2024-06,149617,6.43,44,42,43.37,54.92,22.22,121.14,3,42.19,Low,synthetic_formula_with_seeded_noise,synthetic_prototype
REG-STA-032-2024-07,STA-032,karet,Karet,Cikarang,2024-07,154447,5.77,44,41,44.72,51.51,24.68,118.29,3,49.72,Medium,synthetic_formula_with_seeded_noise,synthetic_prototype
REG-STA-032-2024-08,STA-032,karet,Karet,Cikarang,2024-08,169466,6.25,49,46,39.49,55.38,30.67,112.09,3,53.62,Medium,synthetic_formula_with_seeded_noise,synthetic_prototype
REG-STA-032-2024-09,STA-032,karet,Karet,Cikarang,2024-09,175669,5.7,49,57,40.95,50.47,28.67,124.05,3,48.24,Medium,synthetic_formula_with_seeded_noise,synthetic_prototype
REG-STA-032-2024-10,STA-032,karet,Karet,Cikarang,2024-10,195370,6.42,47,58,41.76,45.86,26.49,122.02,3,51.29,Medium,synthetic_formula_with_seeded_noise,synthetic_prototype
REG-STA-032-2024-11,STA-032,karet,Karet,Cikarang,2024-11,192493,5.14,54,55,42.28,56.2,27.15,119.75,3,52.6,Medium,synthetic_formula_with_seeded_noise,synthetic_prototype
REG-STA-032-2024-12,STA-032,karet,Karet,Cikarang,2024-12,167746,5.85,49,56,42.84,55.02,25.2,119.11,3,46.76,Medium,synthetic_formula_with_seeded_noise,synthetic_prototype
REG-STA-032-2025-01,STA-032,karet,Karet,Cikarang,2025-01,169246,6.81,48,49,43.72,51.77,30.26,120.14,3,45.99,Medium,synthetic_formula_with_seeded_noise,synthetic_prototype
REG-STA-032-2025-02,STA-032,karet,Karet,Cikarang,2025-02,165867,6.06,37,41,40.93,49.73,24.52,114.86,3,53.43,Medium,synthetic_formula_with_seeded_noise,synthetic_prototype
REG-STA-032-2025-03,STA-032,karet,Karet,Cikarang,2025-03,176404,6.19,46,47,41.37,56.95,35.5,122.4,3,52.99,Medium,synthetic_formula_with_seeded_noise,synthetic_prototype
REG-STA-032-2025-04,STA-032,karet,Karet,Cikarang,2025-04,173231,6.07,47,48,40.47,51.43,20.82,121.84,3,42.26,Low,synthetic_formula_with_seeded_noise,synthetic_prototype
REG-STA-032-2025-05,STA-032,karet,Karet,Cikarang,2025-05,186565,5.63,46,51,44.17,49.23,31.74,106.69,3,45.71,Medium,synthetic_formula_with_seeded_noise,synthetic_prototype
REG-STA-032-2025-06,STA-032,karet,Karet,Cikarang,2025-06,164741,5.92,44,38,47.95,53.22,23.14,110.55,3,52.86,Medium,synthetic_formula_with_seeded_noise,synthetic_prototype
REG-STA-032-2025-07,STA-032,karet,Karet,Cikarang,2025-07,168708,5.25,54,55,44.57,59.27,27.24,113.36,3,42.96,Low,synthetic_formula_with_seeded_noise,synthetic_prototype
REG-STA-032-2025-08,STA-032,karet,Karet,Cikarang,2025-08,193129,5.56,48,49,38.56,56.55,21.45,108.93,3,46.02,Medium,synthetic_formula_with_seeded_noise,synthetic_prototype
REG-STA-032-2025-09,STA-032,karet,Karet,Cikarang,2025-09,192169,5.49,46,54,41.99,53.08,21.63,122.52,3,49.46,Medium,synthetic_formula_with_seeded_noise,synthetic_prototype
REG-STA-032-2025-10,STA-032,karet,Karet,Cikarang,2025-10,208604,6.23,52,58,42.31,53.11,26.48,114.25,3,55.72,Medium,synthetic_formula_with_seeded_noise,synthetic_prototype
REG-STA-032-2025-11,STA-032,karet,Karet,Cikarang,2025-11,186227,5.56,47,47,39.28,53.15,30.14,121.19,3,52.57,Medium,synthetic_formula_with_seeded_noise,synthetic_prototype
REG-STA-032-2025-12,STA-032,karet,Karet,Cikarang,2025-12,171912,6.15,54,57,42.48,51.31,31.32,112.44,3,49.78,Medium,synthetic_formula_with_seeded_noise,synthetic_prototype
REG-STA-033-2023-01,STA-033,sudirmanbaru,BNI City,Cikarang,2023-01,297949,5.19,66,65,48.74,49.57,30.49,123.56,3.2,47.95,Medium,synthetic_formula_with_seeded_noise,synthetic_prototype
REG-STA-033-2023-02,STA-033,sudirmanbaru,BNI City,Cikarang,2023-02,310887,5.66,65,69,49.88,45.87,21.48,121.54,3.2,40.28,Low,synthetic_formula_with_seeded_noise,synthetic_prototype
REG-STA-033-2023-03,STA-033,sudirmanbaru,BNI City,Cikarang,2023-03,319553,4.29,72,67,45.08,42.08,23.68,125.42,3.2,45.67,Medium,synthetic_formula_with_seeded_noise,synthetic_prototype
REG-STA-033-2023-04,STA-033,sudirmanbaru,BNI City,Cikarang,2023-04,329048,5.24,73,70,48.16,47.57,24.39,123.8,3.2,49.66,Medium,synthetic_formula_with_seeded_noise,synthetic_prototype
REG-STA-033-2023-05,STA-033,sudirmanbaru,BNI City,Cikarang,2023-05,319171,5.18,71,63,50.52,46.56,31.09,123.84,3.2,48.08,Medium,synthetic_formula_with_seeded_noise,synthetic_prototype
REG-STA-033-2023-06,STA-033,sudirmanbaru,BNI City,Cikarang,2023-06,282223,4.65,74,89,46.68,52.57,26.27,125.28,3.2,55.35,Medium,synthetic_formula_with_seeded_noise,synthetic_prototype
REG-STA-033-2023-07,STA-033,sudirmanbaru,BNI City,Cikarang,2023-07,295899,5.63,72,73,46.44,52.33,29.28,120.98,3.2,46.83,Medium,synthetic_formula_with_seeded_noise,synthetic_prototype
REG-STA-033-2023-08,STA-033,sudirmanbaru,BNI City,Cikarang,2023-08,346289,4.78,68,67,46.57,49.45,31.16,130.76,3.2,47.81,Medium,synthetic_formula_with_seeded_noise,synthetic_prototype
REG-STA-033-2023-09,STA-033,sudirmanbaru,BNI City,Cikarang,2023-09,365190,4.0,77,85,48.56,42.12,24.12,128.31,3.2,50.56,Medium,synthetic_formula_with_seeded_noise,synthetic_prototype
REG-STA-033-2023-10,STA-033,sudirmanbaru,BNI City,Cikarang,2023-10,345460,4.7,69,73,50.03,44.03,26.34,125.31,3.2,49.28,Medium,synthetic_formula_with_seeded_noise,synthetic_prototype
REG-STA-033-2023-11,STA-033,sudirmanbaru,BNI City,Cikarang,2023-11,363705,5.14,76,76,51.31,51.6,24.79,123.12,3.2,54.36,Medium,synthetic_formula_with_seeded_noise,synthetic_prototype
REG-STA-033-2023-12,STA-033,sudirmanbaru,BNI City,Cikarang,2023-12,309082,4.42,69,63,49.78,47.33,25.24,113.81,3.2,54.94,Medium,synthetic_formula_with_seeded_noise,synthetic_prototype
REG-STA-033-2024-01,STA-033,sudirmanbaru,BNI City,Cikarang,2024-01,296719,3.92,70,66,44.66,43.99,25.83,135.87,3.2,45.21,Medium,synthetic_formula_with_seeded_noise,synthetic_prototype
REG-STA-033-2024-02,STA-033,sudirmanbaru,BNI City,Cikarang,2024-02,316560,5.76,73,82,50.31,45.57,27.4,126.81,3.2,53.43,Medium,synthetic_formula_with_seeded_noise,synthetic_prototype
REG-STA-033-2024-03,STA-033,sudirmanbaru,BNI City,Cikarang,2024-03,361479,5.23,76,81,51.69,46.38,26.13,128.62,3.2,53.73,Medium,synthetic_formula_with_seeded_noise,synthetic_prototype
REG-STA-033-2024-04,STA-033,sudirmanbaru,BNI City,Cikarang,2024-04,329370,4.21,76,76,49.14,45.97,27.56,111.71,3.2,48.2,Medium,synthetic_formula_with_seeded_noise,synthetic_prototype
REG-STA-033-2024-05,STA-033,sudirmanbaru,BNI City,Cikarang,2024-05,388036,4.89,81,86,48.11,53.24,26.15,129.09,3.2,56.08,Medium,synthetic_formula_with_seeded_noise,synthetic_prototype
REG-STA-033-2024-06,STA-033,sudirmanbaru,BNI City,Cikarang,2024-06,322161,4.18,62,60,45.64,49.73,30.23,118.91,3.2,48.94,Medium,synthetic_formula_with_seeded_noise,synthetic_prototype
REG-STA-033-2024-07,STA-033,sudirmanbaru,BNI City,Cikarang,2024-07,312659,3.94,75,83,48.83,45.83,29.14,114.24,3.2,48.15,Medium,synthetic_formula_with_seeded_noise,synthetic_prototype
REG-STA-033-2024-08,STA-033,sudirmanbaru,BNI City,Cikarang,2024-08,347298,5.26,67,68,46.64,54.72,27.22,135.92,3.2,49.33,Medium,synthetic_formula_with_seeded_noise,synthetic_prototype
REG-STA-033-2024-09,STA-033,sudirmanbaru,BNI City,Cikarang,2024-09,363922,6.33,72,71,48.24,44.62,28.81,132.51,3.2,58.15,Medium,synthetic_formula_with_seeded_noise,synthetic_prototype
REG-STA-033-2024-10,STA-033,sudirmanbaru,BNI City,Cikarang,2024-10,370060,3.74,79,85,46.44,54.37,31.17,126.57,3.2,56.15,Medium,synthetic_formula_with_seeded_noise,synthetic_prototype
REG-STA-033-2024-11,STA-033,sudirmanbaru,BNI City,Cikarang,2024-11,379332,4.6,76,76,43.92,52.54,31.74,119.23,3.2,59.44,Medium,synthetic_formula_with_seeded_noise,synthetic_prototype
REG-STA-033-2024-12,STA-033,sudirmanbaru,BNI City,Cikarang,2024-12,340046,5.1,80,85,50.3,47.53,25.73,129.34,3.2,45.68,Medium,synthetic_formula_with_seeded_noise,synthetic_prototype
REG-STA-033-2025-01,STA-033,sudirmanbaru,BNI City,Cikarang,2025-01,318859,3.98,66,85,49.74,44.75,26.63,120.73,3.2,41.21,Low,synthetic_formula_with_seeded_noise,synthetic_prototype
REG-STA-033-2025-02,STA-033,sudirmanbaru,BNI City,Cikarang,2025-02,313888,4.67,69,87,44.94,52.76,30.08,112.93,3.2,46.48,Medium,synthetic_formula_with_seeded_noise,synthetic_prototype
REG-STA-033-2025-03,STA-033,sudirmanbaru,BNI City,Cikarang,2025-03,363540,5.38,69,64,44.68,47.28,26.28,123.08,3.2,50.72,Medium,synthetic_formula_with_seeded_noise,synthetic_prototype
REG-STA-033-2025-04,STA-033,sudirmanbaru,BNI City,Cikarang,2025-04,344821,5.32,71,78,46.54,48.06,29.52,129.43,3.2,49.62,Medium,synthetic_formula_with_seeded_noise,synthetic_prototype
REG-STA-033-2025-05,STA-033,sudirmanbaru,BNI City,Cikarang,2025-05,398432,4.52,74,66,45.97,47.09,25.84,121.22,3.2,52.5,Medium,synthetic_formula_with_seeded_noise,synthetic_prototype
REG-STA-033-2025-06,STA-033,sudirmanbaru,BNI City,Cikarang,2025-06,344034,3.92,73,83,45.56,47.87,28.81,127.56,3.2,51.32,Medium,synthetic_formula_with_seeded_noise,synthetic_prototype
REG-STA-033-2025-07,STA-033,sudirmanbaru,BNI City,Cikarang,2025-07,314823,4.93,66,78,47.51,54.08,28.3,127.67,3.2,46.41,Medium,synthetic_formula_with_seeded_noise,synthetic_prototype
REG-STA-033-2025-08,STA-033,sudirmanbaru,BNI City,Cikarang,2025-08,399633,4.4,75,71,50.26,46.29,28.12,128.78,3.2,57.64,Medium,synthetic_formula_with_seeded_noise,synthetic_prototype
REG-STA-033-2025-09,STA-033,sudirmanbaru,BNI City,Cikarang,2025-09,401689,5.3,76,77,50.49,48.88,27.44,126.83,3.2,58.21,Medium,synthetic_formula_with_seeded_noise,synthetic_prototype
REG-STA-033-2025-10,STA-033,sudirmanbaru,BNI City,Cikarang,2025-10,403098,5.13,79,82,47.3,52.88,29.3,123.72,3.2,58.28,Medium,synthetic_formula_with_seeded_noise,synthetic_prototype
REG-STA-033-2025-11,STA-033,sudirmanbaru,BNI City,Cikarang,2025-11,386743,3.83,73,74,48.91,55.66,29.1,126.94,3.2,57.17,Medium,synthetic_formula_with_seeded_noise,synthetic_prototype
REG-STA-033-2025-12,STA-033,sudirmanbaru,BNI City,Cikarang,2025-12,333211,3.98,70,73,49.97,44.9,28.47,115.1,3.2,48.08,Medium,synthetic_formula_with_seeded_noise,synthetic_prototype
REG-STA-034-2023-01,STA-034,sudirman,Sudirman,Cikarang,2023-01,291241,6.28,75,78,45.82,41.65,29.51,114.24,3.6,50.03,Medium,synthetic_formula_with_seeded_noise,synthetic_prototype
REG-STA-034-2023-02,STA-034,sudirman,Sudirman,Cikarang,2023-02,313753,6.44,77,73,41.77,42.55,30.54,121.87,3.6,51.25,Medium,synthetic_formula_with_seeded_noise,synthetic_prototype
REG-STA-034-2023-03,STA-034,sudirman,Sudirman,Cikarang,2023-03,334354,6.37,77,83,46.27,42.83,32.29,124.48,3.6,50.22,Medium,synthetic_formula_with_seeded_noise,synthetic_prototype
REG-STA-034-2023-04,STA-034,sudirman,Sudirman,Cikarang,2023-04,290039,6.15,73,68,43.32,38.29,29.5,113.06,3.6,47.45,Medium,synthetic_formula_with_seeded_noise,synthetic_prototype
REG-STA-034-2023-05,STA-034,sudirman,Sudirman,Cikarang,2023-05,355450,5.74,77,87,39.88,44.37,25.46,120.7,3.6,52.02,Medium,synthetic_formula_with_seeded_noise,synthetic_prototype
REG-STA-034-2023-06,STA-034,sudirman,Sudirman,Cikarang,2023-06,316332,6.39,86,94,44.83,40.87,29.69,126.0,3.6,44.32,Low,synthetic_formula_with_seeded_noise,synthetic_prototype
REG-STA-034-2023-07,STA-034,sudirman,Sudirman,Cikarang,2023-07,285928,5.81,79,87,47.24,41.73,27.79,124.03,3.6,51.53,Medium,synthetic_formula_with_seeded_noise,synthetic_prototype
REG-STA-034-2023-08,STA-034,sudirman,Sudirman,Cikarang,2023-08,337630,6.78,67,55,45.07,35.85,26.92,119.51,3.6,48.35,Medium,synthetic_formula_with_seeded_noise,synthetic_prototype
REG-STA-034-2023-09,STA-034,sudirman,Sudirman,Cikarang,2023-09,348905,5.91,81,79,47.61,43.43,33.05,118.31,3.6,60.15,Medium,synthetic_formula_with_seeded_noise,synthetic_prototype
REG-STA-034-2023-10,STA-034,sudirman,Sudirman,Cikarang,2023-10,355589,6.39,81,80,41.52,42.68,23.73,115.3,3.6,55.18,Medium,synthetic_formula_with_seeded_noise,synthetic_prototype
REG-STA-034-2023-11,STA-034,sudirman,Sudirman,Cikarang,2023-11,340986,6.94,80,89,44.25,43.29,26.59,118.29,3.6,49.25,Medium,synthetic_formula_with_seeded_noise,synthetic_prototype
REG-STA-034-2023-12,STA-034,sudirman,Sudirman,Cikarang,2023-12,301242,6.82,77,86,42.77,47.36,27.32,117.91,3.6,52.33,Medium,synthetic_formula_with_seeded_noise,synthetic_prototype
REG-STA-034-2024-01,STA-034,sudirman,Sudirman,Cikarang,2024-01,300521,7.02,78,78,43.03,46.37,26.82,113.09,3.6,48.06,Medium,synthetic_formula_with_seeded_noise,synthetic_prototype
REG-STA-034-2024-02,STA-034,sudirman,Sudirman,Cikarang,2024-02,303545,7.01,75,83,40.34,43.54,27.68,125.44,3.6,46.73,Medium,synthetic_formula_with_seeded_noise,synthetic_prototype
REG-STA-034-2024-03,STA-034,sudirman,Sudirman,Cikarang,2024-03,319429,6.46,75,82,45.96,44.23,30.87,129.42,3.6,54.63,Medium,synthetic_formula_with_seeded_noise,synthetic_prototype
REG-STA-034-2024-04,STA-034,sudirman,Sudirman,Cikarang,2024-04,334168,7.07,76,84,43.47,39.75,29.92,123.08,3.6,49.68,Medium,synthetic_formula_with_seeded_noise,synthetic_prototype
REG-STA-034-2024-05,STA-034,sudirman,Sudirman,Cikarang,2024-05,339421,5.93,82,77,47.8,40.73,25.31,128.24,3.6,54.43,Medium,synthetic_formula_with_seeded_noise,synthetic_prototype
REG-STA-034-2024-06,STA-034,sudirman,Sudirman,Cikarang,2024-06,289857,6.52,77,80,42.86,47.06,28.01,122.62,3.6,48.96,Medium,synthetic_formula_with_seeded_noise,synthetic_prototype
REG-STA-034-2024-07,STA-034,sudirman,Sudirman,Cikarang,2024-07,315098,7.02,81,88,47.2,35.0,27.19,118.78,3.6,49.98,Medium,synthetic_formula_with_seeded_noise,synthetic_prototype
REG-STA-034-2024-08,STA-034,sudirman,Sudirman,Cikarang,2024-08,386712,7.05,76,77,43.72,40.96,28.34,131.79,3.6,53.07,Medium,synthetic_formula_with_seeded_noise,synthetic_prototype
REG-STA-034-2024-09,STA-034,sudirman,Sudirman,Cikarang,2024-09,361900,6.09,79,85,45.79,41.32,27.45,121.13,3.6,50.97,Medium,synthetic_formula_with_seeded_noise,synthetic_prototype
REG-STA-034-2024-10,STA-034,sudirman,Sudirman,Cikarang,2024-10,384819,6.52,79,83,42.22,44.62,24.63,134.5,3.6,55.55,Medium,synthetic_formula_with_seeded_noise,synthetic_prototype
REG-STA-034-2024-11,STA-034,sudirman,Sudirman,Cikarang,2024-11,370091,6.83,82,88,45.42,44.21,25.6,115.97,3.6,58.15,Medium,synthetic_formula_with_seeded_noise,synthetic_prototype
REG-STA-034-2024-12,STA-034,sudirman,Sudirman,Cikarang,2024-12,326218,5.68,82,89,44.57,48.26,20.81,133.6,3.6,52.21,Medium,synthetic_formula_with_seeded_noise,synthetic_prototype
REG-STA-034-2025-01,STA-034,sudirman,Sudirman,Cikarang,2025-01,323384,6.18,75,74,48.84,39.79,27.49,123.47,3.6,50.82,Medium,synthetic_formula_with_seeded_noise,synthetic_prototype
REG-STA-034-2025-02,STA-034,sudirman,Sudirman,Cikarang,2025-02,353987,7.25,71,70,43.96,45.21,26.88,111.49,3.6,52.08,Medium,synthetic_formula_with_seeded_noise,synthetic_prototype
REG-STA-034-2025-03,STA-034,sudirman,Sudirman,Cikarang,2025-03,392242,5.55,80,73,42.33,42.19,27.54,127.63,3.6,53.25,Medium,synthetic_formula_with_seeded_noise,synthetic_prototype
REG-STA-034-2025-04,STA-034,sudirman,Sudirman,Cikarang,2025-04,367899,6.64,75,80,43.84,41.58,31.03,105.96,3.6,55.31,Medium,synthetic_formula_with_seeded_noise,synthetic_prototype
REG-STA-034-2025-05,STA-034,sudirman,Sudirman,Cikarang,2025-05,368342,5.81,73,73,44.69,45.12,25.86,131.05,3.6,57.47,Medium,synthetic_formula_with_seeded_noise,synthetic_prototype
REG-STA-034-2025-06,STA-034,sudirman,Sudirman,Cikarang,2025-06,320538,7.0,82,90,38.59,44.2,25.87,123.83,3.6,51.89,Medium,synthetic_formula_with_seeded_noise,synthetic_prototype
REG-STA-034-2025-07,STA-034,sudirman,Sudirman,Cikarang,2025-07,330122,7.76,77,79,44.88,42.43,24.9,125.39,3.6,49.45,Medium,synthetic_formula_with_seeded_noise,synthetic_prototype
REG-STA-034-2025-08,STA-034,sudirman,Sudirman,Cikarang,2025-08,345724,6.24,79,79,44.01,40.94,27.31,119.34,3.6,51.77,Medium,synthetic_formula_with_seeded_noise,synthetic_prototype
REG-STA-034-2025-09,STA-034,sudirman,Sudirman,Cikarang,2025-09,387934,6.89,70,74,47.07,38.86,27.39,109.98,3.6,52.22,Medium,synthetic_formula_with_seeded_noise,synthetic_prototype
REG-STA-034-2025-10,STA-034,sudirman,Sudirman,Cikarang,2025-10,391600,6.51,85,87,40.99,41.58,24.54,118.32,3.6,50.79,Medium,synthetic_formula_with_seeded_noise,synthetic_prototype
REG-STA-034-2025-11,STA-034,sudirman,Sudirman,Cikarang,2025-11,383003,5.87,72,55,42.63,47.14,26.15,117.48,3.6,54.65,Medium,synthetic_formula_with_seeded_noise,synthetic_prototype
REG-STA-034-2025-12,STA-034,sudirman,Sudirman,Cikarang,2025-12,324406,6.19,71,77,46.45,48.94,31.14,119.04,3.6,52.73,Medium,synthetic_formula_with_seeded_noise,synthetic_prototype
REG-STA-035-2023-01,STA-035,matraman,Matraman,Cikarang,2023-01,146483,5.12,44,49,48.17,49.59,28.9,112.06,5.6,47.15,Medium,synthetic_formula_with_seeded_noise,synthetic_prototype
REG-STA-035-2023-02,STA-035,matraman,Matraman,Cikarang,2023-02,158628,4.52,45,50,45.27,42.76,33.31,115.01,5.6,54.15,Medium,synthetic_formula_with_seeded_noise,synthetic_prototype
REG-STA-035-2023-03,STA-035,matraman,Matraman,Cikarang,2023-03,166468,4.08,49,47,47.85,47.93,26.55,117.77,5.6,49.84,Medium,synthetic_formula_with_seeded_noise,synthetic_prototype
REG-STA-035-2023-04,STA-035,matraman,Matraman,Cikarang,2023-04,152485,5.24,48,49,49.76,54.63,23.88,112.63,5.6,47.09,Medium,synthetic_formula_with_seeded_noise,synthetic_prototype
REG-STA-035-2023-05,STA-035,matraman,Matraman,Cikarang,2023-05,172993,5.12,47,56,46.74,49.7,26.32,117.08,5.6,43.61,Low,synthetic_formula_with_seeded_noise,synthetic_prototype
REG-STA-035-2023-06,STA-035,matraman,Matraman,Cikarang,2023-06,132812,4.76,48,43,47.24,47.47,25.51,100.34,5.6,45.2,Medium,synthetic_formula_with_seeded_noise,synthetic_prototype
REG-STA-035-2023-07,STA-035,matraman,Matraman,Cikarang,2023-07,153371,5.85,42,39,43.39,55.61,30.19,122.07,5.6,45.89,Medium,synthetic_formula_with_seeded_noise,synthetic_prototype
REG-STA-035-2023-08,STA-035,matraman,Matraman,Cikarang,2023-08,154619,4.88,45,58,44.9,46.98,21.78,121.65,5.6,50.88,Medium,synthetic_formula_with_seeded_noise,synthetic_prototype
REG-STA-035-2023-09,STA-035,matraman,Matraman,Cikarang,2023-09,168592,5.3,44,48,49.68,46.95,30.23,110.45,5.6,46.94,Medium,synthetic_formula_with_seeded_noise,synthetic_prototype
REG-STA-035-2023-10,STA-035,matraman,Matraman,Cikarang,2023-10,168079,4.65,45,45,48.37,50.34,28.74,113.42,5.6,46.98,Medium,synthetic_formula_with_seeded_noise,synthetic_prototype
REG-STA-035-2023-11,STA-035,matraman,Matraman,Cikarang,2023-11,165302,4.41,43,40,42.02,55.35,27.14,107.68,5.6,43.68,Low,synthetic_formula_with_seeded_noise,synthetic_prototype
REG-STA-035-2023-12,STA-035,matraman,Matraman,Cikarang,2023-12,161966,4.61,48,47,46.19,59.82,28.48,110.45,5.6,51.71,Medium,synthetic_formula_with_seeded_noise,synthetic_prototype
REG-STA-035-2024-01,STA-035,matraman,Matraman,Cikarang,2024-01,160841,5.6,46,38,49.17,43.66,33.46,112.84,5.6,45.09,Medium,synthetic_formula_with_seeded_noise,synthetic_prototype
REG-STA-035-2024-02,STA-035,matraman,Matraman,Cikarang,2024-02,158447,5.27,49,45,44.41,44.79,28.13,113.51,5.6,51.47,Medium,synthetic_formula_with_seeded_noise,synthetic_prototype
REG-STA-035-2024-03,STA-035,matraman,Matraman,Cikarang,2024-03,174219,6.04,49,57,45.34,46.77,28.81,127.07,5.6,50.37,Medium,synthetic_formula_with_seeded_noise,synthetic_prototype
REG-STA-035-2024-04,STA-035,matraman,Matraman,Cikarang,2024-04,165864,5.69,48,49,37.58,47.85,28.83,122.28,5.6,50.09,Medium,synthetic_formula_with_seeded_noise,synthetic_prototype
REG-STA-035-2024-05,STA-035,matraman,Matraman,Cikarang,2024-05,172802,4.55,52,46,44.55,44.36,26.7,104.33,5.6,48.83,Medium,synthetic_formula_with_seeded_noise,synthetic_prototype
REG-STA-035-2024-06,STA-035,matraman,Matraman,Cikarang,2024-06,164878,5.73,53,48,38.43,52.42,29.02,113.22,5.6,48.46,Medium,synthetic_formula_with_seeded_noise,synthetic_prototype
REG-STA-035-2024-07,STA-035,matraman,Matraman,Cikarang,2024-07,154052,4.51,40,42,47.8,50.37,23.47,108.09,5.6,50.61,Medium,synthetic_formula_with_seeded_noise,synthetic_prototype
REG-STA-035-2024-08,STA-035,matraman,Matraman,Cikarang,2024-08,170508,4.84,48,50,44.45,47.19,28.21,110.81,5.6,46.48,Medium,synthetic_formula_with_seeded_noise,synthetic_prototype
REG-STA-035-2024-09,STA-035,matraman,Matraman,Cikarang,2024-09,184878,4.88,46,38,44.48,54.45,26.36,118.14,5.6,43.46,Low,synthetic_formula_with_seeded_noise,synthetic_prototype
REG-STA-035-2024-10,STA-035,matraman,Matraman,Cikarang,2024-10,179475,5.22,45,44,40.76,49.57,25.8,108.8,5.6,48.02,Medium,synthetic_formula_with_seeded_noise,synthetic_prototype
REG-STA-035-2024-11,STA-035,matraman,Matraman,Cikarang,2024-11,184649,4.81,45,39,45.94,46.91,28.83,113.52,5.6,48.06,Medium,synthetic_formula_with_seeded_noise,synthetic_prototype
REG-STA-035-2024-12,STA-035,matraman,Matraman,Cikarang,2024-12,163697,4.75,46,48,42.07,53.55,25.21,120.16,5.6,50.7,Medium,synthetic_formula_with_seeded_noise,synthetic_prototype
REG-STA-035-2025-01,STA-035,matraman,Matraman,Cikarang,2025-01,167508,5.11,53,58,44.32,49.02,26.8,109.35,5.6,46.82,Medium,synthetic_formula_with_seeded_noise,synthetic_prototype
REG-STA-035-2025-02,STA-035,matraman,Matraman,Cikarang,2025-02,165993,5.8,44,43,47.6,52.59,28.65,120.26,5.6,51.2,Medium,synthetic_formula_with_seeded_noise,synthetic_prototype
REG-STA-035-2025-03,STA-035,matraman,Matraman,Cikarang,2025-03,173838,3.33,48,51,44.34,44.74,25.65,123.82,5.6,47.9,Medium,synthetic_formula_with_seeded_noise,synthetic_prototype
REG-STA-035-2025-04,STA-035,matraman,Matraman,Cikarang,2025-04,153349,5.0,41,47,43.87,51.62,30.86,101.66,5.6,52.59,Medium,synthetic_formula_with_seeded_noise,synthetic_prototype
REG-STA-035-2025-05,STA-035,matraman,Matraman,Cikarang,2025-05,187637,5.8,56,59,47.72,45.63,23.24,121.77,5.6,51.8,Medium,synthetic_formula_with_seeded_noise,synthetic_prototype
REG-STA-035-2025-06,STA-035,matraman,Matraman,Cikarang,2025-06,179677,5.18,40,49,43.89,53.95,26.65,120.76,5.6,52.79,Medium,synthetic_formula_with_seeded_noise,synthetic_prototype
REG-STA-035-2025-07,STA-035,matraman,Matraman,Cikarang,2025-07,175042,5.15,42,52,48.65,49.86,31.68,97.74,5.6,46.82,Medium,synthetic_formula_with_seeded_noise,synthetic_prototype
REG-STA-035-2025-08,STA-035,matraman,Matraman,Cikarang,2025-08,182619,4.51,44,48,45.96,48.61,26.48,112.42,5.6,52.27,Medium,synthetic_formula_with_seeded_noise,synthetic_prototype
REG-STA-035-2025-09,STA-035,matraman,Matraman,Cikarang,2025-09,186879,4.72,53,51,44.85,46.62,24.92,114.14,5.6,50.82,Medium,synthetic_formula_with_seeded_noise,synthetic_prototype
REG-STA-035-2025-10,STA-035,matraman,Matraman,Cikarang,2025-10,200656,5.65,50,54,45.09,54.73,32.08,117.66,5.6,55.19,Medium,synthetic_formula_with_seeded_noise,synthetic_prototype
REG-STA-035-2025-11,STA-035,matraman,Matraman,Cikarang,2025-11,187346,3.8,50,56,46.16,46.82,25.44,106.4,5.6,45.9,Medium,synthetic_formula_with_seeded_noise,synthetic_prototype
REG-STA-035-2025-12,STA-035,matraman,Matraman,Cikarang,2025-12,175346,5.3,46,55,44.83,47.1,29.17,121.05,5.6,49.82,Medium,synthetic_formula_with_seeded_noise,synthetic_prototype
REG-STA-036-2023-01,STA-036,jatinegara,Jatinegara,Cikarang,2023-01,575560,6.26,120,128,79.7,38.74,68.85,116.68,6.5,63.54,Medium,synthetic_formula_with_seeded_noise,synthetic_prototype
REG-STA-036-2023-02,STA-036,jatinegara,Jatinegara,Cikarang,2023-02,614484,6.05,123,124,75.29,47.2,64.0,142.99,6.5,62.5,Medium,synthetic_formula_with_seeded_noise,synthetic_prototype
REG-STA-036-2023-03,STA-036,jatinegara,Jatinegara,Cikarang,2023-03,650480,6.91,116,125,81.39,42.02,70.95,118.25,6.5,71.05,High,synthetic_formula_with_seeded_noise,synthetic_prototype
REG-STA-036-2023-04,STA-036,jatinegara,Jatinegara,Cikarang,2023-04,630932,6.62,111,101,78.53,45.52,66.26,127.42,6.5,63.95,Medium,synthetic_formula_with_seeded_noise,synthetic_prototype
REG-STA-036-2023-05,STA-036,jatinegara,Jatinegara,Cikarang,2023-05,673317,5.66,125,121,81.63,39.47,72.4,136.24,6.5,67.48,Medium,synthetic_formula_with_seeded_noise,synthetic_prototype
REG-STA-036-2023-06,STA-036,jatinegara,Jatinegara,Cikarang,2023-06,568797,6.24,125,126,75.56,40.52,64.54,130.76,6.5,62.2,Medium,synthetic_formula_with_seeded_noise,synthetic_prototype
REG-STA-036-2023-07,STA-036,jatinegara,Jatinegara,Cikarang,2023-07,609907,5.98,121,116,76.16,43.85,72.79,134.53,6.5,65.1,Medium,synthetic_formula_with_seeded_noise,synthetic_prototype
REG-STA-036-2023-08,STA-036,jatinegara,Jatinegara,Cikarang,2023-08,651608,7.2,124,127,84.27,49.97,68.93,144.27,6.5,69.03,Medium,synthetic_formula_with_seeded_noise,synthetic_prototype
REG-STA-036-2023-09,STA-036,jatinegara,Jatinegara,Cikarang,2023-09,641682,7.15,117,110,81.89,47.23,70.42,138.66,6.5,68.45,Medium,synthetic_formula_with_seeded_noise,synthetic_prototype
REG-STA-036-2023-10,STA-036,jatinegara,Jatinegara,Cikarang,2023-10,691786,7.05,121,117,81.39,50.8,70.15,130.99,6.5,64.79,Medium,synthetic_formula_with_seeded_noise,synthetic_prototype
REG-STA-036-2023-11,STA-036,jatinegara,Jatinegara,Cikarang,2023-11,739183,6.01,125,133,79.0,45.29,70.95,120.52,6.5,71.79,High,synthetic_formula_with_seeded_noise,synthetic_prototype
REG-STA-036-2023-12,STA-036,jatinegara,Jatinegara,Cikarang,2023-12,640173,5.57,126,119,74.39,41.88,69.06,127.37,6.5,61.62,Medium,synthetic_formula_with_seeded_noise,synthetic_prototype
REG-STA-036-2024-01,STA-036,jatinegara,Jatinegara,Cikarang,2024-01,647506,6.04,121,120,77.87,46.95,68.15,127.53,6.5,65.44,Medium,synthetic_formula_with_seeded_noise,synthetic_prototype
REG-STA-036-2024-02,STA-036,jatinegara,Jatinegara,Cikarang,2024-02,653413,6.66,121,123,77.29,48.01,69.34,124.26,6.5,68.3,Medium,synthetic_formula_with_seeded_noise,synthetic_prototype
REG-STA-036-2024-03,STA-036,jatinegara,Jatinegara,Cikarang,2024-03,688812,5.14,122,123,80.44,40.67,71.0,139.49,6.5,70.93,High,synthetic_formula_with_seeded_noise,synthetic_prototype
REG-STA-036-2024-04,STA-036,jatinegara,Jatinegara,Cikarang,2024-04,676453,7.5,121,121,79.89,45.66,65.51,130.0,6.5,69.87,Medium,synthetic_formula_with_seeded_noise,synthetic_prototype
REG-STA-036-2024-05,STA-036,jatinegara,Jatinegara,Cikarang,2024-05,749679,5.88,116,121,75.43,46.89,71.96,133.77,6.5,67.71,Medium,synthetic_formula_with_seeded_noise,synthetic_prototype
REG-STA-036-2024-06,STA-036,jatinegara,Jatinegara,Cikarang,2024-06,648495,5.42,114,119,76.97,45.73,67.99,137.19,6.5,63.75,Medium,synthetic_formula_with_seeded_noise,synthetic_prototype
REG-STA-036-2024-07,STA-036,jatinegara,Jatinegara,Cikarang,2024-07,620809,6.56,121,126,80.04,49.52,69.08,134.17,6.5,71.35,High,synthetic_formula_with_seeded_noise,synthetic_prototype
REG-STA-036-2024-08,STA-036,jatinegara,Jatinegara,Cikarang,2024-08,666388,6.1,120,121,80.83,42.92,68.68,148.87,6.5,67.72,Medium,synthetic_formula_with_seeded_noise,synthetic_prototype
REG-STA-036-2024-09,STA-036,jatinegara,Jatinegara,Cikarang,2024-09,693132,6.24,124,126,83.54,48.34,68.47,126.72,6.5,66.67,Medium,synthetic_formula_with_seeded_noise,synthetic_prototype
REG-STA-036-2024-10,STA-036,jatinegara,Jatinegara,Cikarang,2024-10,735571,6.05,121,120,75.83,41.0,70.21,126.66,6.5,68.23,Medium,synthetic_formula_with_seeded_noise,synthetic_prototype
REG-STA-036-2024-11,STA-036,jatinegara,Jatinegara,Cikarang,2024-11,719780,6.0,119,132,74.17,50.04,65.76,127.07,6.5,67.74,Medium,synthetic_formula_with_seeded_noise,synthetic_prototype
REG-STA-036-2024-12,STA-036,jatinegara,Jatinegara,Cikarang,2024-12,650128,6.48,116,111,78.86,44.97,67.72,116.99,6.5,62.28,Medium,synthetic_formula_with_seeded_noise,synthetic_prototype
REG-STA-036-2025-01,STA-036,jatinegara,Jatinegara,Cikarang,2025-01,676662,5.75,126,127,78.91,51.67,72.81,131.66,6.5,71.85,High,synthetic_formula_with_seeded_noise,synthetic_prototype
REG-STA-036-2025-02,STA-036,jatinegara,Jatinegara,Cikarang,2025-02,711724,6.5,124,129,77.77,43.54,72.36,123.97,6.5,63.55,Medium,synthetic_formula_with_seeded_noise,synthetic_prototype
REG-STA-036-2025-03,STA-036,jatinegara,Jatinegara,Cikarang,2025-03,726571,6.4,125,123,84.13,44.91,69.26,126.53,6.5,69.65,Medium,synthetic_formula_with_seeded_noise,synthetic_prototype
REG-STA-036-2025-04,STA-036,jatinegara,Jatinegara,Cikarang,2025-04,687372,5.63,118,113,79.72,44.54,67.69,135.94,6.5,70.02,High,synthetic_formula_with_seeded_noise,synthetic_prototype
REG-STA-036-2025-05,STA-036,jatinegara,Jatinegara,Cikarang,2025-05,724990,5.76,127,126,76.02,45.28,66.45,122.4,6.5,65.72,Medium,synthetic_formula_with_seeded_noise,synthetic_prototype
REG-STA-036-2025-06,STA-036,jatinegara,Jatinegara,Cikarang,2025-06,648936,5.43,125,131,80.98,43.67,69.89,151.36,6.5,64.48,Medium,synthetic_formula_with_seeded_noise,synthetic_prototype
REG-STA-036-2025-07,STA-036,jatinegara,Jatinegara,Cikarang,2025-07,650596,5.67,120,110,75.72,42.51,71.47,142.13,6.5,60.79,Medium,synthetic_formula_with_seeded_noise,synthetic_prototype
REG-STA-036-2025-08,STA-036,jatinegara,Jatinegara,Cikarang,2025-08,755017,6.97,121,126,78.12,43.84,70.08,140.41,6.5,69.48,Medium,synthetic_formula_with_seeded_noise,synthetic_prototype
REG-STA-036-2025-09,STA-036,jatinegara,Jatinegara,Cikarang,2025-09,793959,6.03,124,125,83.26,48.67,73.47,122.04,6.5,73.26,High,synthetic_formula_with_seeded_noise,synthetic_prototype
REG-STA-036-2025-10,STA-036,jatinegara,Jatinegara,Cikarang,2025-10,762541,6.54,122,124,79.44,45.01,73.03,133.84,6.5,72.28,High,synthetic_formula_with_seeded_noise,synthetic_prototype
REG-STA-036-2025-11,STA-036,jatinegara,Jatinegara,Cikarang,2025-11,827163,6.27,122,119,82.58,43.53,71.41,137.43,6.5,72.11,High,synthetic_formula_with_seeded_noise,synthetic_prototype
REG-STA-036-2025-12,STA-036,jatinegara,Jatinegara,Cikarang,2025-12,685503,5.84,124,126,75.72,43.35,71.93,143.52,6.5,64.2,Medium,synthetic_formula_with_seeded_noise,synthetic_prototype
REG-STA-037-2023-01,STA-037,klender,Klender,Cikarang,2023-01,289176,4.4,72,71,43.8,43.56,28.82,125.13,8.2,43.33,Low,synthetic_formula_with_seeded_noise,synthetic_prototype
REG-STA-037-2023-02,STA-037,klender,Klender,Cikarang,2023-02,298808,4.43,77,73,49.05,44.15,33.06,114.06,8.2,45.69,Medium,synthetic_formula_with_seeded_noise,synthetic_prototype
REG-STA-037-2023-03,STA-037,klender,Klender,Cikarang,2023-03,321659,4.47,78,80,46.16,46.62,26.87,127.85,8.2,45.2,Medium,synthetic_formula_with_seeded_noise,synthetic_prototype
REG-STA-037-2023-04,STA-037,klender,Klender,Cikarang,2023-04,335274,5.2,76,71,46.98,43.9,27.17,123.29,8.2,47.58,Medium,synthetic_formula_with_seeded_noise,synthetic_prototype
REG-STA-037-2023-05,STA-037,klender,Klender,Cikarang,2023-05,340754,4.74,88,91,44.81,42.47,26.7,114.54,8.2,48.88,Medium,synthetic_formula_with_seeded_noise,synthetic_prototype
REG-STA-037-2023-06,STA-037,klender,Klender,Cikarang,2023-06,304940,4.93,80,82,47.17,42.94,27.24,123.52,8.2,47.53,Medium,synthetic_formula_with_seeded_noise,synthetic_prototype
REG-STA-037-2023-07,STA-037,klender,Klender,Cikarang,2023-07,305352,5.13,75,70,44.52,40.23,23.68,116.29,8.2,43.43,Low,synthetic_formula_with_seeded_noise,synthetic_prototype
REG-STA-037-2023-08,STA-037,klender,Klender,Cikarang,2023-08,335543,4.49,84,93,44.64,40.82,27.52,119.12,8.2,49.2,Medium,synthetic_formula_with_seeded_noise,synthetic_prototype
REG-STA-037-2023-09,STA-037,klender,Klender,Cikarang,2023-09,338599,3.4,82,65,46.86,47.8,22.21,118.78,8.2,48.06,Medium,synthetic_formula_with_seeded_noise,synthetic_prototype
REG-STA-037-2023-10,STA-037,klender,Klender,Cikarang,2023-10,349155,4.75,78,85,44.24,47.07,31.05,120.74,8.2,47.46,Medium,synthetic_formula_with_seeded_noise,synthetic_prototype
REG-STA-037-2023-11,STA-037,klender,Klender,Cikarang,2023-11,347662,4.33,78,71,43.0,42.4,28.46,126.74,8.2,51.93,Medium,synthetic_formula_with_seeded_noise,synthetic_prototype
REG-STA-037-2023-12,STA-037,klender,Klender,Cikarang,2023-12,309098,3.99,87,84,49.68,41.62,24.65,107.27,8.2,52.0,Medium,synthetic_formula_with_seeded_noise,synthetic_prototype
REG-STA-037-2024-01,STA-037,klender,Klender,Cikarang,2024-01,310979,4.21,77,81,48.04,49.75,20.93,111.6,8.2,51.3,Medium,synthetic_formula_with_seeded_noise,synthetic_prototype
REG-STA-037-2024-02,STA-037,klender,Klender,Cikarang,2024-02,327411,4.39,69,66,48.45,43.96,26.67,113.32,8.2,45.05,Medium,synthetic_formula_with_seeded_noise,synthetic_prototype
REG-STA-037-2024-03,STA-037,klender,Klender,Cikarang,2024-03,343779,4.9,79,89,47.25,41.08,24.11,116.29,8.2,50.12,Medium,synthetic_formula_with_seeded_noise,synthetic_prototype
REG-STA-037-2024-04,STA-037,klender,Klender,Cikarang,2024-04,333887,4.42,79,77,47.49,46.28,23.79,126.3,8.2,48.22,Medium,synthetic_formula_with_seeded_noise,synthetic_prototype
REG-STA-037-2024-05,STA-037,klender,Klender,Cikarang,2024-05,356009,4.39,73,76,43.94,37.72,27.44,106.98,8.2,44.58,Low,synthetic_formula_with_seeded_noise,synthetic_prototype
REG-STA-037-2024-06,STA-037,klender,Klender,Cikarang,2024-06,292108,4.94,82,83,51.06,43.0,26.58,112.96,8.2,50.32,Medium,synthetic_formula_with_seeded_noise,synthetic_prototype
REG-STA-037-2024-07,STA-037,klender,Klender,Cikarang,2024-07,298617,3.87,75,72,41.72,46.44,27.56,117.06,8.2,45.85,Medium,synthetic_formula_with_seeded_noise,synthetic_prototype
REG-STA-037-2024-08,STA-037,klender,Klender,Cikarang,2024-08,349619,3.7,74,74,43.73,44.35,27.51,117.49,8.2,55.91,Medium,synthetic_formula_with_seeded_noise,synthetic_prototype
REG-STA-037-2024-09,STA-037,klender,Klender,Cikarang,2024-09,344472,4.35,76,71,43.68,40.26,26.05,119.67,8.2,40.22,Low,synthetic_formula_with_seeded_noise,synthetic_prototype
REG-STA-037-2024-10,STA-037,klender,Klender,Cikarang,2024-10,381266,4.66,82,74,48.24,46.18,28.36,106.03,8.2,50.76,Medium,synthetic_formula_with_seeded_noise,synthetic_prototype
REG-STA-037-2024-11,STA-037,klender,Klender,Cikarang,2024-11,391470,4.31,71,78,45.21,46.2,30.77,120.6,8.2,52.43,Medium,synthetic_formula_with_seeded_noise,synthetic_prototype
REG-STA-037-2024-12,STA-037,klender,Klender,Cikarang,2024-12,343480,3.41,82,90,42.18,49.05,23.07,115.73,8.2,48.9,Medium,synthetic_formula_with_seeded_noise,synthetic_prototype
REG-STA-037-2025-01,STA-037,klender,Klender,Cikarang,2025-01,327991,5.26,77,83,45.86,44.09,24.72,111.27,8.2,47.95,Medium,synthetic_formula_with_seeded_noise,synthetic_prototype
REG-STA-037-2025-02,STA-037,klender,Klender,Cikarang,2025-02,329075,4.58,75,70,51.19,47.3,25.57,112.59,8.2,53.88,Medium,synthetic_formula_with_seeded_noise,synthetic_prototype
REG-STA-037-2025-03,STA-037,klender,Klender,Cikarang,2025-03,329377,5.25,71,73,45.94,47.19,24.66,120.7,8.2,50.07,Medium,synthetic_formula_with_seeded_noise,synthetic_prototype
REG-STA-037-2025-04,STA-037,klender,Klender,Cikarang,2025-04,358762,4.63,76,72,44.06,39.18,24.39,105.11,8.2,47.59,Medium,synthetic_formula_with_seeded_noise,synthetic_prototype
REG-STA-037-2025-05,STA-037,klender,Klender,Cikarang,2025-05,386762,4.62,81,85,41.08,37.14,25.09,118.95,8.2,48.06,Medium,synthetic_formula_with_seeded_noise,synthetic_prototype
REG-STA-037-2025-06,STA-037,klender,Klender,Cikarang,2025-06,331790,4.59,77,78,43.84,47.84,28.51,107.16,8.2,47.27,Medium,synthetic_formula_with_seeded_noise,synthetic_prototype
REG-STA-037-2025-07,STA-037,klender,Klender,Cikarang,2025-07,329151,3.33,81,81,48.05,49.21,29.03,117.83,8.2,51.44,Medium,synthetic_formula_with_seeded_noise,synthetic_prototype
REG-STA-037-2025-08,STA-037,klender,Klender,Cikarang,2025-08,379719,4.15,74,74,42.89,40.17,31.74,123.77,8.2,54.64,Medium,synthetic_formula_with_seeded_noise,synthetic_prototype
REG-STA-037-2025-09,STA-037,klender,Klender,Cikarang,2025-09,359046,4.72,74,84,47.57,45.52,29.83,115.59,8.2,53.16,Medium,synthetic_formula_with_seeded_noise,synthetic_prototype
REG-STA-037-2025-10,STA-037,klender,Klender,Cikarang,2025-10,385590,5.06,74,62,50.38,37.05,25.77,106.8,8.2,47.72,Medium,synthetic_formula_with_seeded_noise,synthetic_prototype
REG-STA-037-2025-11,STA-037,klender,Klender,Cikarang,2025-11,402678,4.28,77,76,43.14,46.32,29.7,118.58,8.2,57.25,Medium,synthetic_formula_with_seeded_noise,synthetic_prototype
REG-STA-037-2025-12,STA-037,klender,Klender,Cikarang,2025-12,329124,3.52,78,78,49.39,38.95,30.62,117.52,8.2,49.69,Medium,synthetic_formula_with_seeded_noise,synthetic_prototype
REG-STA-038-2023-01,STA-038,buaran,Buaran,Cikarang,2023-01,150901,5.3,44,47,41.9,46.26,32.89,116.75,9.9,41.68,Low,synthetic_formula_with_seeded_noise,synthetic_prototype
REG-STA-038-2023-02,STA-038,buaran,Buaran,Cikarang,2023-02,151835,4.84,43,38,50.95,45.19,24.3,126.5,9.9,44.98,Low,synthetic_formula_with_seeded_noise,synthetic_prototype
REG-STA-038-2023-03,STA-038,buaran,Buaran,Cikarang,2023-03,167700,3.42,54,56,49.96,51.32,25.92,107.18,9.9,48.97,Medium,synthetic_formula_with_seeded_noise,synthetic_prototype
REG-STA-038-2023-04,STA-038,buaran,Buaran,Cikarang,2023-04,154279,4.13,53,54,48.98,47.43,26.41,106.23,9.9,50.07,Medium,synthetic_formula_with_seeded_noise,synthetic_prototype
REG-STA-038-2023-05,STA-038,buaran,Buaran,Cikarang,2023-05,168341,4.73,52,55,42.23,45.95,29.59,109.17,9.9,44.26,Low,synthetic_formula_with_seeded_noise,synthetic_prototype
REG-STA-038-2023-06,STA-038,buaran,Buaran,Cikarang,2023-06,137911,4.79,47,50,44.47,49.6,27.81,101.66,9.9,41.58,Low,synthetic_formula_with_seeded_noise,synthetic_prototype
REG-STA-038-2023-07,STA-038,buaran,Buaran,Cikarang,2023-07,152007,4.57,48,47,46.61,50.98,27.72,116.5,9.9,45.24,Medium,synthetic_formula_with_seeded_noise,synthetic_prototype
REG-STA-038-2023-08,STA-038,buaran,Buaran,Cikarang,2023-08,168487,4.48,43,28,45.21,49.48,30.76,108.8,9.9,42.04,Low,synthetic_formula_with_seeded_noise,synthetic_prototype
REG-STA-038-2023-09,STA-038,buaran,Buaran,Cikarang,2023-09,177901,4.13,46,47,47.55,51.78,24.54,112.48,9.9,45.43,Medium,synthetic_formula_with_seeded_noise,synthetic_prototype
REG-STA-038-2023-10,STA-038,buaran,Buaran,Cikarang,2023-10,155574,4.37,60,60,44.57,49.05,25.57,104.46,9.9,51.07,Medium,synthetic_formula_with_seeded_noise,synthetic_prototype
REG-STA-038-2023-11,STA-038,buaran,Buaran,Cikarang,2023-11,188893,3.89,54,53,46.69,55.31,26.21,111.07,9.9,51.09,Medium,synthetic_formula_with_seeded_noise,synthetic_prototype
REG-STA-038-2023-12,STA-038,buaran,Buaran,Cikarang,2023-12,153915,4.94,52,43,46.07,55.15,27.65,108.39,9.9,48.07,Medium,synthetic_formula_with_seeded_noise,synthetic_prototype
REG-STA-038-2024-01,STA-038,buaran,Buaran,Cikarang,2024-01,153813,3.58,52,60,46.27,46.8,29.26,107.59,9.9,44.17,Low,synthetic_formula_with_seeded_noise,synthetic_prototype
REG-STA-038-2024-02,STA-038,buaran,Buaran,Cikarang,2024-02,169868,5.25,45,42,41.82,52.89,25.45,111.35,9.9,44.05,Low,synthetic_formula_with_seeded_noise,synthetic_prototype
REG-STA-038-2024-03,STA-038,buaran,Buaran,Cikarang,2024-03,173400,4.43,48,49,47.51,47.03,29.82,102.45,9.9,46.04,Medium,synthetic_formula_with_seeded_noise,synthetic_prototype
REG-STA-038-2024-04,STA-038,buaran,Buaran,Cikarang,2024-04,161548,4.24,43,39,41.53,53.44,24.91,109.56,9.9,44.76,Low,synthetic_formula_with_seeded_noise,synthetic_prototype
REG-STA-038-2024-05,STA-038,buaran,Buaran,Cikarang,2024-05,173190,4.57,53,47,42.32,51.21,30.46,112.56,9.9,44.91,Low,synthetic_formula_with_seeded_noise,synthetic_prototype
REG-STA-038-2024-06,STA-038,buaran,Buaran,Cikarang,2024-06,156666,4.11,43,31,42.21,45.27,28.06,112.72,9.9,45.29,Medium,synthetic_formula_with_seeded_noise,synthetic_prototype
REG-STA-038-2024-07,STA-038,buaran,Buaran,Cikarang,2024-07,152729,4.45,47,51,46.99,51.84,24.22,107.54,9.9,44.6,Low,synthetic_formula_with_seeded_noise,synthetic_prototype
REG-STA-038-2024-08,STA-038,buaran,Buaran,Cikarang,2024-08,177021,4.67,49,48,45.94,45.9,24.38,109.19,9.9,43.36,Low,synthetic_formula_with_seeded_noise,synthetic_prototype
REG-STA-038-2024-09,STA-038,buaran,Buaran,Cikarang,2024-09,182156,3.95,55,60,43.8,48.68,30.46,112.99,9.9,51.65,Medium,synthetic_formula_with_seeded_noise,synthetic_prototype
REG-STA-038-2024-10,STA-038,buaran,Buaran,Cikarang,2024-10,186188,4.46,54,47,50.37,41.22,27.84,108.48,9.9,50.52,Medium,synthetic_formula_with_seeded_noise,synthetic_prototype
REG-STA-038-2024-11,STA-038,buaran,Buaran,Cikarang,2024-11,187665,4.11,49,44,47.25,48.68,29.46,107.2,9.9,49.51,Medium,synthetic_formula_with_seeded_noise,synthetic_prototype
REG-STA-038-2024-12,STA-038,buaran,Buaran,Cikarang,2024-12,171555,4.43,55,60,46.16,46.45,28.81,120.25,9.9,49.66,Medium,synthetic_formula_with_seeded_noise,synthetic_prototype
REG-STA-038-2025-01,STA-038,buaran,Buaran,Cikarang,2025-01,166063,4.5,51,55,44.89,46.23,23.78,119.0,9.9,43.7,Low,synthetic_formula_with_seeded_noise,synthetic_prototype
REG-STA-038-2025-02,STA-038,buaran,Buaran,Cikarang,2025-02,160403,4.47,47,50,48.76,47.32,24.1,101.74,9.9,44.48,Low,synthetic_formula_with_seeded_noise,synthetic_prototype
REG-STA-038-2025-03,STA-038,buaran,Buaran,Cikarang,2025-03,185775,4.21,57,47,49.48,54.94,33.56,112.77,9.9,52.58,Medium,synthetic_formula_with_seeded_noise,synthetic_prototype
REG-STA-038-2025-04,STA-038,buaran,Buaran,Cikarang,2025-04,173007,4.21,48,31,42.36,46.86,29.65,109.61,9.9,47.76,Medium,synthetic_formula_with_seeded_noise,synthetic_prototype
REG-STA-038-2025-05,STA-038,buaran,Buaran,Cikarang,2025-05,175708,4.86,48,40,48.08,42.73,25.43,124.82,9.9,47.41,Medium,synthetic_formula_with_seeded_noise,synthetic_prototype
REG-STA-038-2025-06,STA-038,buaran,Buaran,Cikarang,2025-06,175600,4.44,54,62,43.45,49.23,28.62,113.48,9.9,52.73,Medium,synthetic_formula_with_seeded_noise,synthetic_prototype
REG-STA-038-2025-07,STA-038,buaran,Buaran,Cikarang,2025-07,159313,4.65,52,54,45.57,50.14,30.38,109.56,9.9,49.74,Medium,synthetic_formula_with_seeded_noise,synthetic_prototype
REG-STA-038-2025-08,STA-038,buaran,Buaran,Cikarang,2025-08,179991,4.65,55,55,44.62,54.78,29.32,118.54,9.9,44.89,Low,synthetic_formula_with_seeded_noise,synthetic_prototype
REG-STA-038-2025-09,STA-038,buaran,Buaran,Cikarang,2025-09,193028,5.23,58,57,46.05,41.57,27.0,121.25,9.9,50.23,Medium,synthetic_formula_with_seeded_noise,synthetic_prototype
REG-STA-038-2025-10,STA-038,buaran,Buaran,Cikarang,2025-10,206012,4.56,41,44,48.67,54.39,25.47,106.64,9.9,53.31,Medium,synthetic_formula_with_seeded_noise,synthetic_prototype
REG-STA-038-2025-11,STA-038,buaran,Buaran,Cikarang,2025-11,187210,3.82,47,45,47.67,50.44,27.74,103.19,9.9,49.24,Medium,synthetic_formula_with_seeded_noise,synthetic_prototype
REG-STA-038-2025-12,STA-038,buaran,Buaran,Cikarang,2025-12,173682,3.58,42,48,43.51,53.5,32.73,116.42,9.9,49.77,Medium,synthetic_formula_with_seeded_noise,synthetic_prototype
REG-STA-039-2023-01,STA-039,klenderbaru,Klender Baru,Cikarang,2023-01,71462,7.58,24,23,44.31,58.13,31.12,102.25,9.1,40.63,Low,synthetic_formula_with_seeded_noise,synthetic_prototype
REG-STA-039-2023-02,STA-039,klenderbaru,Klender Baru,Cikarang,2023-02,67768,6.56,35,32,47.16,53.46,26.31,102.62,9.1,47.86,Medium,synthetic_formula_with_seeded_noise,synthetic_prototype
REG-STA-039-2023-03,STA-039,klenderbaru,Klender Baru,Cikarang,2023-03,77895,7.12,32,31,45.56,52.75,31.7,101.55,9.1,54.87,Medium,synthetic_formula_with_seeded_noise,synthetic_prototype
REG-STA-039-2023-04,STA-039,klenderbaru,Klender Baru,Cikarang,2023-04,69186,6.87,30,37,46.95,58.51,27.47,104.98,9.1,45.47,Medium,synthetic_formula_with_seeded_noise,synthetic_prototype
REG-STA-039-2023-05,STA-039,klenderbaru,Klender Baru,Cikarang,2023-05,76359,6.08,25,34,44.95,59.25,29.12,102.09,9.1,55.02,Medium,synthetic_formula_with_seeded_noise,synthetic_prototype
REG-STA-039-2023-06,STA-039,klenderbaru,Klender Baru,Cikarang,2023-06,75304,6.36,35,28,46.71,54.44,28.64,109.71,9.1,47.1,Medium,synthetic_formula_with_seeded_noise,synthetic_prototype
REG-STA-039-2023-07,STA-039,klenderbaru,Klender Baru,Cikarang,2023-07,67906,6.09,30,31,44.55,58.43,23.99,104.5,9.1,52.42,Medium,synthetic_formula_with_seeded_noise,synthetic_prototype
REG-STA-039-2023-08,STA-039,klenderbaru,Klender Baru,Cikarang,2023-08,78227,6.58,29,28,44.02,55.29,25.18,111.07,9.1,50.79,Medium,synthetic_formula_with_seeded_noise,synthetic_prototype
REG-STA-039-2023-09,STA-039,klenderbaru,Klender Baru,Cikarang,2023-09,82612,7.51,31,33,43.11,61.43,26.42,99.88,9.1,55.13,Medium,synthetic_formula_with_seeded_noise,synthetic_prototype
REG-STA-039-2023-10,STA-039,klenderbaru,Klender Baru,Cikarang,2023-10,83742,6.49,37,41,46.24,56.77,22.95,107.91,9.1,56.81,Medium,synthetic_formula_with_seeded_noise,synthetic_prototype
REG-STA-039-2023-11,STA-039,klenderbaru,Klender Baru,Cikarang,2023-11,81843,5.26,33,28,46.97,54.55,28.13,115.19,9.1,46.91,Medium,synthetic_formula_with_seeded_noise,synthetic_prototype
REG-STA-039-2023-12,STA-039,klenderbaru,Klender Baru,Cikarang,2023-12,73284,6.79,27,30,46.85,52.84,29.5,118.66,9.1,47.68,Medium,synthetic_formula_with_seeded_noise,synthetic_prototype
REG-STA-039-2024-01,STA-039,klenderbaru,Klender Baru,Cikarang,2024-01,75147,7.26,31,29,49.62,50.83,31.01,110.15,9.1,44.99,Low,synthetic_formula_with_seeded_noise,synthetic_prototype
REG-STA-039-2024-02,STA-039,klenderbaru,Klender Baru,Cikarang,2024-02,70367,7.36,26,27,47.1,53.01,27.77,110.8,9.1,43.62,Low,synthetic_formula_with_seeded_noise,synthetic_prototype
REG-STA-039-2024-03,STA-039,klenderbaru,Klender Baru,Cikarang,2024-03,72224,6.76,32,29,44.37,61.38,31.59,99.91,9.1,48.2,Medium,synthetic_formula_with_seeded_noise,synthetic_prototype
REG-STA-039-2024-04,STA-039,klenderbaru,Klender Baru,Cikarang,2024-04,79275,6.07,33,34,48.7,59.72,26.32,96.46,9.1,47.99,Medium,synthetic_formula_with_seeded_noise,synthetic_prototype
REG-STA-039-2024-05,STA-039,klenderbaru,Klender Baru,Cikarang,2024-05,78325,7.24,37,38,47.6,58.54,27.11,109.24,9.1,48.08,Medium,synthetic_formula_with_seeded_noise,synthetic_prototype
REG-STA-039-2024-06,STA-039,klenderbaru,Klender Baru,Cikarang,2024-06,73341,6.81,27,31,49.82,47.93,29.78,108.6,9.1,45.21,Medium,synthetic_formula_with_seeded_noise,synthetic_prototype
REG-STA-039-2024-07,STA-039,klenderbaru,Klender Baru,Cikarang,2024-07,69009,7.22,27,24,43.34,54.57,31.46,119.09,9.1,45.21,Medium,synthetic_formula_with_seeded_noise,synthetic_prototype
REG-STA-039-2024-08,STA-039,klenderbaru,Klender Baru,Cikarang,2024-08,76136,7.52,30,40,41.38,53.79,24.96,105.1,9.1,43.18,Low,synthetic_formula_with_seeded_noise,synthetic_prototype
REG-STA-039-2024-09,STA-039,klenderbaru,Klender Baru,Cikarang,2024-09,86293,6.92,31,30,50.7,53.44,31.94,103.19,9.1,47.54,Medium,synthetic_formula_with_seeded_noise,synthetic_prototype
REG-STA-039-2024-10,STA-039,klenderbaru,Klender Baru,Cikarang,2024-10,89515,6.91,34,35,42.53,55.02,24.43,96.4,9.1,51.79,Medium,synthetic_formula_with_seeded_noise,synthetic_prototype
REG-STA-039-2024-11,STA-039,klenderbaru,Klender Baru,Cikarang,2024-11,84088,6.42,28,27,43.29,52.65,21.8,102.43,9.1,47.89,Medium,synthetic_formula_with_seeded_noise,synthetic_prototype
REG-STA-039-2024-12,STA-039,klenderbaru,Klender Baru,Cikarang,2024-12,68499,6.13,25,19,47.35,54.39,31.87,95.42,9.1,45.11,Medium,synthetic_formula_with_seeded_noise,synthetic_prototype
REG-STA-039-2025-01,STA-039,klenderbaru,Klender Baru,Cikarang,2025-01,77910,6.6,29,25,44.4,57.84,28.05,125.87,9.1,52.76,Medium,synthetic_formula_with_seeded_noise,synthetic_prototype
REG-STA-039-2025-02,STA-039,klenderbaru,Klender Baru,Cikarang,2025-02,81344,6.23,40,37,50.82,50.8,26.2,124.5,9.1,61.56,Medium,synthetic_formula_with_seeded_noise,synthetic_prototype
REG-STA-039-2025-03,STA-039,klenderbaru,Klender Baru,Cikarang,2025-03,85708,7.26,34,35,49.62,54.99,29.71,104.21,9.1,49.43,Medium,synthetic_formula_with_seeded_noise,synthetic_prototype
REG-STA-039-2025-04,STA-039,klenderbaru,Klender Baru,Cikarang,2025-04,79665,7.22,32,30,49.83,49.86,28.25,118.7,9.1,52.12,Medium,synthetic_formula_with_seeded_noise,synthetic_prototype
REG-STA-039-2025-05,STA-039,klenderbaru,Klender Baru,Cikarang,2025-05,84758,6.49,34,33,50.42,55.46,34.36,111.02,9.1,54.06,Medium,synthetic_formula_with_seeded_noise,synthetic_prototype
REG-STA-039-2025-06,STA-039,klenderbaru,Klender Baru,Cikarang,2025-06,78568,7.0,34,26,44.59,54.37,33.43,118.46,9.1,48.17,Medium,synthetic_formula_with_seeded_noise,synthetic_prototype
REG-STA-039-2025-07,STA-039,klenderbaru,Klender Baru,Cikarang,2025-07,73311,6.66,30,22,43.89,58.51,31.2,117.13,9.1,50.95,Medium,synthetic_formula_with_seeded_noise,synthetic_prototype
REG-STA-039-2025-08,STA-039,klenderbaru,Klender Baru,Cikarang,2025-08,76665,6.98,34,32,45.12,57.28,31.2,98.87,9.1,57.8,Medium,synthetic_formula_with_seeded_noise,synthetic_prototype
REG-STA-039-2025-09,STA-039,klenderbaru,Klender Baru,Cikarang,2025-09,90923,7.09,38,41,47.98,60.36,27.57,116.86,9.1,55.16,Medium,synthetic_formula_with_seeded_noise,synthetic_prototype
REG-STA-039-2025-10,STA-039,klenderbaru,Klender Baru,Cikarang,2025-10,95239,6.92,30,35,42.34,62.6,26.32,109.46,9.1,50.27,Medium,synthetic_formula_with_seeded_noise,synthetic_prototype
REG-STA-039-2025-11,STA-039,klenderbaru,Klender Baru,Cikarang,2025-11,82457,7.52,27,30,46.27,54.68,26.21,98.32,9.1,56.78,Medium,synthetic_formula_with_seeded_noise,synthetic_prototype
REG-STA-039-2025-12,STA-039,klenderbaru,Klender Baru,Cikarang,2025-12,77586,7.51,34,38,44.99,55.16,27.77,104.12,9.1,49.93,Medium,synthetic_formula_with_seeded_noise,synthetic_prototype
REG-STA-040-2023-01,STA-040,cakung,Cakung,Cikarang,2023-01,160730,6.0,62,51,38.5,53.78,31.45,108.68,13,54.88,Medium,synthetic_formula_with_seeded_noise,synthetic_prototype
REG-STA-040-2023-02,STA-040,cakung,Cakung,Cikarang,2023-02,151171,7.52,63,60,44.62,55.23,21.94,107.02,13,51.21,Medium,synthetic_formula_with_seeded_noise,synthetic_prototype
REG-STA-040-2023-03,STA-040,cakung,Cakung,Cikarang,2023-03,164236,6.85,59,56,40.42,44.93,22.55,113.28,13,52.14,Medium,synthetic_formula_with_seeded_noise,synthetic_prototype
REG-STA-040-2023-04,STA-040,cakung,Cakung,Cikarang,2023-04,161284,6.73,57,48,40.52,55.34,27.43,110.96,13,47.31,Medium,synthetic_formula_with_seeded_noise,synthetic_prototype
REG-STA-040-2023-05,STA-040,cakung,Cakung,Cikarang,2023-05,175234,6.48,56,52,38.87,55.05,24.32,86.55,13,49.74,Medium,synthetic_formula_with_seeded_noise,synthetic_prototype
REG-STA-040-2023-06,STA-040,cakung,Cakung,Cikarang,2023-06,157008,6.7,59,66,41.99,51.35,24.84,109.34,13,56.28,Medium,synthetic_formula_with_seeded_noise,synthetic_prototype
REG-STA-040-2023-07,STA-040,cakung,Cakung,Cikarang,2023-07,150379,6.78,56,56,42.9,50.59,31.53,110.39,13,51.36,Medium,synthetic_formula_with_seeded_noise,synthetic_prototype
REG-STA-040-2023-08,STA-040,cakung,Cakung,Cikarang,2023-08,158586,7.32,58,52,40.58,55.96,26.58,116.11,13,49.63,Medium,synthetic_formula_with_seeded_noise,synthetic_prototype
REG-STA-040-2023-09,STA-040,cakung,Cakung,Cikarang,2023-09,182249,6.64,56,65,44.29,51.73,29.44,98.31,13,51.3,Medium,synthetic_formula_with_seeded_noise,synthetic_prototype
REG-STA-040-2023-10,STA-040,cakung,Cakung,Cikarang,2023-10,167891,7.64,62,58,40.22,56.57,25.46,99.65,13,56.8,Medium,synthetic_formula_with_seeded_noise,synthetic_prototype
REG-STA-040-2023-11,STA-040,cakung,Cakung,Cikarang,2023-11,176441,7.3,56,56,42.62,50.62,26.36,119.7,13,48.92,Medium,synthetic_formula_with_seeded_noise,synthetic_prototype
REG-STA-040-2023-12,STA-040,cakung,Cakung,Cikarang,2023-12,150109,7.34,60,61,41.16,51.06,24.32,98.73,13,51.35,Medium,synthetic_formula_with_seeded_noise,synthetic_prototype
REG-STA-040-2024-01,STA-040,cakung,Cakung,Cikarang,2024-01,151748,7.45,58,59,44.12,58.23,25.25,101.53,13,50.5,Medium,synthetic_formula_with_seeded_noise,synthetic_prototype
REG-STA-040-2024-02,STA-040,cakung,Cakung,Cikarang,2024-02,162821,7.12,48,40,42.72,51.42,27.71,108.86,13,47.0,Medium,synthetic_formula_with_seeded_noise,synthetic_prototype
REG-STA-040-2024-03,STA-040,cakung,Cakung,Cikarang,2024-03,162178,7.26,62,58,46.04,51.25,27.29,110.9,13,53.81,Medium,synthetic_formula_with_seeded_noise,synthetic_prototype
REG-STA-040-2024-04,STA-040,cakung,Cakung,Cikarang,2024-04,164957,6.82,51,45,37.96,53.26,27.18,112.89,13,52.29,Medium,synthetic_formula_with_seeded_noise,synthetic_prototype
REG-STA-040-2024-05,STA-040,cakung,Cakung,Cikarang,2024-05,177438,6.92,49,46,46.05,54.13,30.57,109.81,13,60.84,Medium,synthetic_formula_with_seeded_noise,synthetic_prototype
REG-STA-040-2024-06,STA-040,cakung,Cakung,Cikarang,2024-06,162260,6.65,55,60,40.18,48.32,23.95,100.08,13,43.24,Low,synthetic_formula_with_seeded_noise,synthetic_prototype
REG-STA-040-2024-07,STA-040,cakung,Cakung,Cikarang,2024-07,155880,7.52,60,53,44.45,51.75,30.41,117.29,13,50.13,Medium,synthetic_formula_with_seeded_noise,synthetic_prototype
REG-STA-040-2024-08,STA-040,cakung,Cakung,Cikarang,2024-08,168979,6.53,59,48,40.86,54.92,30.27,100.78,13,53.3,Medium,synthetic_formula_with_seeded_noise,synthetic_prototype
REG-STA-040-2024-09,STA-040,cakung,Cakung,Cikarang,2024-09,189657,7.3,59,56,42.1,49.87,28.82,102.59,13,60.37,Medium,synthetic_formula_with_seeded_noise,synthetic_prototype
REG-STA-040-2024-10,STA-040,cakung,Cakung,Cikarang,2024-10,184985,6.89,59,63,41.7,52.02,24.77,109.59,13,54.16,Medium,synthetic_formula_with_seeded_noise,synthetic_prototype
REG-STA-040-2024-11,STA-040,cakung,Cakung,Cikarang,2024-11,184240,6.23,56,59,46.96,48.17,27.17,109.37,13,52.13,Medium,synthetic_formula_with_seeded_noise,synthetic_prototype
REG-STA-040-2024-12,STA-040,cakung,Cakung,Cikarang,2024-12,157643,7.46,60,65,40.28,55.02,24.48,120.59,13,44.88,Low,synthetic_formula_with_seeded_noise,synthetic_prototype
REG-STA-040-2025-01,STA-040,cakung,Cakung,Cikarang,2025-01,168201,6.72,53,55,41.06,56.89,28.91,105.19,13,52.44,Medium,synthetic_formula_with_seeded_noise,synthetic_prototype
REG-STA-040-2025-02,STA-040,cakung,Cakung,Cikarang,2025-02,183565,7.17,53,53,41.58,46.2,29.07,105.22,13,51.06,Medium,synthetic_formula_with_seeded_noise,synthetic_prototype
REG-STA-040-2025-03,STA-040,cakung,Cakung,Cikarang,2025-03,182525,7.0,65,71,38.36,48.56,27.11,95.03,13,50.31,Medium,synthetic_formula_with_seeded_noise,synthetic_prototype
REG-STA-040-2025-04,STA-040,cakung,Cakung,Cikarang,2025-04,168209,7.22,54,50,41.81,50.92,28.34,95.77,13,55.28,Medium,synthetic_formula_with_seeded_noise,synthetic_prototype
REG-STA-040-2025-05,STA-040,cakung,Cakung,Cikarang,2025-05,186470,6.46,60,60,44.81,48.67,21.74,103.21,13,55.68,Medium,synthetic_formula_with_seeded_noise,synthetic_prototype
REG-STA-040-2025-06,STA-040,cakung,Cakung,Cikarang,2025-06,177010,7.03,64,62,43.47,46.51,28.29,104.48,13,51.79,Medium,synthetic_formula_with_seeded_noise,synthetic_prototype
REG-STA-040-2025-07,STA-040,cakung,Cakung,Cikarang,2025-07,159895,6.69,61,60,40.93,49.77,23.97,111.86,13,47.17,Medium,synthetic_formula_with_seeded_noise,synthetic_prototype
REG-STA-040-2025-08,STA-040,cakung,Cakung,Cikarang,2025-08,180074,5.31,63,60,38.34,47.01,24.91,104.95,13,50.44,Medium,synthetic_formula_with_seeded_noise,synthetic_prototype
REG-STA-040-2025-09,STA-040,cakung,Cakung,Cikarang,2025-09,187794,6.92,62,60,43.08,56.62,29.46,115.0,13,57.53,Medium,synthetic_formula_with_seeded_noise,synthetic_prototype
REG-STA-040-2025-10,STA-040,cakung,Cakung,Cikarang,2025-10,189452,7.05,66,68,43.69,55.08,25.56,114.27,13,52.14,Medium,synthetic_formula_with_seeded_noise,synthetic_prototype
REG-STA-040-2025-11,STA-040,cakung,Cakung,Cikarang,2025-11,196097,7.14,52,55,37.42,57.29,31.85,102.79,13,55.46,Medium,synthetic_formula_with_seeded_noise,synthetic_prototype
REG-STA-040-2025-12,STA-040,cakung,Cakung,Cikarang,2025-12,184514,7.14,59,62,44.93,52.95,28.26,109.58,13,54.42,Medium,synthetic_formula_with_seeded_noise,synthetic_prototype
REG-STA-041-2023-01,STA-041,kranji,Kranji,Cikarang,2023-01,292514,6.17,69,75,40.55,57.02,23.68,112.89,17.7,53.73,Medium,synthetic_formula_with_seeded_noise,synthetic_prototype
REG-STA-041-2023-02,STA-041,kranji,Kranji,Cikarang,2023-02,307027,6.83,69,57,44.79,58.97,25.21,121.07,17.7,52.59,Medium,synthetic_formula_with_seeded_noise,synthetic_prototype
REG-STA-041-2023-03,STA-041,kranji,Kranji,Cikarang,2023-03,330040,6.9,63,65,41.88,50.26,26.24,97.85,17.7,54.21,Medium,synthetic_formula_with_seeded_noise,synthetic_prototype
REG-STA-041-2023-04,STA-041,kranji,Kranji,Cikarang,2023-04,314783,6.9,66,68,40.73,49.45,31.91,107.0,17.7,51.2,Medium,synthetic_formula_with_seeded_noise,synthetic_prototype
REG-STA-041-2023-05,STA-041,kranji,Kranji,Cikarang,2023-05,357291,5.53,63,64,44.55,49.12,29.29,107.52,17.7,50.13,Medium,synthetic_formula_with_seeded_noise,synthetic_prototype
REG-STA-041-2023-06,STA-041,kranji,Kranji,Cikarang,2023-06,305222,6.23,70,69,44.52,51.0,21.84,115.97,17.7,50.85,Medium,synthetic_formula_with_seeded_noise,synthetic_prototype
REG-STA-041-2023-07,STA-041,kranji,Kranji,Cikarang,2023-07,290402,6.57,70,68,41.16,47.59,31.11,115.51,17.7,52.11,Medium,synthetic_formula_with_seeded_noise,synthetic_prototype
REG-STA-041-2023-08,STA-041,kranji,Kranji,Cikarang,2023-08,345186,6.77,63,64,42.98,46.9,26.89,105.03,17.7,48.62,Medium,synthetic_formula_with_seeded_noise,synthetic_prototype
REG-STA-041-2023-09,STA-041,kranji,Kranji,Cikarang,2023-09,358423,7.28,62,60,40.91,53.84,22.79,107.01,17.7,53.95,Medium,synthetic_formula_with_seeded_noise,synthetic_prototype
REG-STA-041-2023-10,STA-041,kranji,Kranji,Cikarang,2023-10,334639,7.45,73,75,43.43,51.89,27.32,94.76,17.7,47.8,Medium,synthetic_formula_with_seeded_noise,synthetic_prototype
REG-STA-041-2023-11,STA-041,kranji,Kranji,Cikarang,2023-11,356993,6.43,69,72,45.65,46.97,34.21,118.61,17.7,46.62,Medium,synthetic_formula_with_seeded_noise,synthetic_prototype
REG-STA-041-2023-12,STA-041,kranji,Kranji,Cikarang,2023-12,318241,6.28,65,69,44.43,50.43,29.8,104.39,17.7,52.95,Medium,synthetic_formula_with_seeded_noise,synthetic_prototype
REG-STA-041-2024-01,STA-041,kranji,Kranji,Cikarang,2024-01,304774,6.89,69,67,41.92,46.72,29.55,103.02,17.7,49.84,Medium,synthetic_formula_with_seeded_noise,synthetic_prototype
REG-STA-041-2024-02,STA-041,kranji,Kranji,Cikarang,2024-02,309271,5.87,69,66,42.67,45.34,29.16,99.88,17.7,54.65,Medium,synthetic_formula_with_seeded_noise,synthetic_prototype
REG-STA-041-2024-03,STA-041,kranji,Kranji,Cikarang,2024-03,342366,6.26,68,58,41.32,41.39,29.06,112.81,17.7,50.5,Medium,synthetic_formula_with_seeded_noise,synthetic_prototype
REG-STA-041-2024-04,STA-041,kranji,Kranji,Cikarang,2024-04,349937,6.95,70,71,39.78,49.78,25.21,104.25,17.7,53.14,Medium,synthetic_formula_with_seeded_noise,synthetic_prototype
REG-STA-041-2024-05,STA-041,kranji,Kranji,Cikarang,2024-05,335607,6.23,69,72,44.53,46.36,27.55,101.38,17.7,48.94,Medium,synthetic_formula_with_seeded_noise,synthetic_prototype
REG-STA-041-2024-06,STA-041,kranji,Kranji,Cikarang,2024-06,296700,6.78,68,65,38.57,52.83,29.31,113.32,17.7,49.41,Medium,synthetic_formula_with_seeded_noise,synthetic_prototype
REG-STA-041-2024-07,STA-041,kranji,Kranji,Cikarang,2024-07,328534,6.84,66,61,40.25,53.5,25.06,122.1,17.7,48.15,Medium,synthetic_formula_with_seeded_noise,synthetic_prototype
REG-STA-041-2024-08,STA-041,kranji,Kranji,Cikarang,2024-08,348701,6.78,65,69,44.45,46.97,26.02,111.55,17.7,50.7,Medium,synthetic_formula_with_seeded_noise,synthetic_prototype
REG-STA-041-2024-09,STA-041,kranji,Kranji,Cikarang,2024-09,352300,6.25,76,68,45.69,49.78,28.4,99.17,17.7,51.57,Medium,synthetic_formula_with_seeded_noise,synthetic_prototype
REG-STA-041-2024-10,STA-041,kranji,Kranji,Cikarang,2024-10,387818,6.37,76,74,37.98,54.31,29.68,100.97,17.7,51.62,Medium,synthetic_formula_with_seeded_noise,synthetic_prototype
REG-STA-041-2024-11,STA-041,kranji,Kranji,Cikarang,2024-11,359947,7.04,68,63,43.28,45.91,29.22,102.66,17.7,51.32,Medium,synthetic_formula_with_seeded_noise,synthetic_prototype
REG-STA-041-2024-12,STA-041,kranji,Kranji,Cikarang,2024-12,351435,6.09,69,74,43.19,52.29,25.54,111.38,17.7,50.44,Medium,synthetic_formula_with_seeded_noise,synthetic_prototype
REG-STA-041-2025-01,STA-041,kranji,Kranji,Cikarang,2025-01,332514,5.45,65,68,44.08,50.68,26.75,103.9,17.7,54.26,Medium,synthetic_formula_with_seeded_noise,synthetic_prototype
REG-STA-041-2025-02,STA-041,kranji,Kranji,Cikarang,2025-02,335790,6.14,68,63,41.77,41.65,22.07,92.56,17.7,51.77,Medium,synthetic_formula_with_seeded_noise,synthetic_prototype
REG-STA-041-2025-03,STA-041,kranji,Kranji,Cikarang,2025-03,360489,7.28,67,66,42.81,53.52,29.51,107.02,17.7,48.38,Medium,synthetic_formula_with_seeded_noise,synthetic_prototype
REG-STA-041-2025-04,STA-041,kranji,Kranji,Cikarang,2025-04,324843,7.18,71,72,41.44,47.4,32.58,97.06,17.7,52.11,Medium,synthetic_formula_with_seeded_noise,synthetic_prototype
REG-STA-041-2025-05,STA-041,kranji,Kranji,Cikarang,2025-05,388960,6.64,71,72,42.48,52.76,27.56,105.96,17.7,55.12,Medium,synthetic_formula_with_seeded_noise,synthetic_prototype
REG-STA-041-2025-06,STA-041,kranji,Kranji,Cikarang,2025-06,334522,6.5,71,64,47.48,48.34,26.91,112.02,17.7,51.62,Medium,synthetic_formula_with_seeded_noise,synthetic_prototype
REG-STA-041-2025-07,STA-041,kranji,Kranji,Cikarang,2025-07,325902,7.35,70,73,47.98,46.97,25.61,103.97,17.7,57.39,Medium,synthetic_formula_with_seeded_noise,synthetic_prototype
REG-STA-041-2025-08,STA-041,kranji,Kranji,Cikarang,2025-08,419560,6.02,77,77,38.34,50.52,28.95,99.95,17.7,54.91,Medium,synthetic_formula_with_seeded_noise,synthetic_prototype
REG-STA-041-2025-09,STA-041,kranji,Kranji,Cikarang,2025-09,387560,6.14,74,63,40.03,44.37,24.03,115.84,17.7,50.34,Medium,synthetic_formula_with_seeded_noise,synthetic_prototype
REG-STA-041-2025-10,STA-041,kranji,Kranji,Cikarang,2025-10,382080,5.82,76,72,42.36,44.27,28.2,111.69,17.7,57.52,Medium,synthetic_formula_with_seeded_noise,synthetic_prototype
REG-STA-041-2025-11,STA-041,kranji,Kranji,Cikarang,2025-11,383623,6.23,80,81,40.84,43.08,25.15,108.66,17.7,53.15,Medium,synthetic_formula_with_seeded_noise,synthetic_prototype
REG-STA-041-2025-12,STA-041,kranji,Kranji,Cikarang,2025-12,362427,7.83,66,63,40.04,44.47,30.22,106.11,17.7,49.56,Medium,synthetic_formula_with_seeded_noise,synthetic_prototype
REG-STA-042-2023-01,STA-042,bekasi,Bekasi,Cikarang,2023-01,579552,4.77,119,113,75.11,58.87,59.92,116.53,19.3,58.73,Medium,synthetic_formula_with_seeded_noise,synthetic_prototype
REG-STA-042-2023-02,STA-042,bekasi,Bekasi,Cikarang,2023-02,639436,5.53,123,119,71.25,52.74,61.69,128.01,19.3,66.75,Medium,synthetic_formula_with_seeded_noise,synthetic_prototype
REG-STA-042-2023-03,STA-042,bekasi,Bekasi,Cikarang,2023-03,647791,5.97,118,109,70.65,54.56,62.56,120.72,19.3,67.67,Medium,synthetic_formula_with_seeded_noise,synthetic_prototype
REG-STA-042-2023-04,STA-042,bekasi,Bekasi,Cikarang,2023-04,622228,5.39,116,103,72.95,50.99,65.62,119.18,19.3,63.05,Medium,synthetic_formula_with_seeded_noise,synthetic_prototype
REG-STA-042-2023-05,STA-042,bekasi,Bekasi,Cikarang,2023-05,666607,5.41,120,112,69.17,54.06,59.55,114.98,19.3,68.67,Medium,synthetic_formula_with_seeded_noise,synthetic_prototype
REG-STA-042-2023-06,STA-042,bekasi,Bekasi,Cikarang,2023-06,599940,5.61,120,116,75.61,58.85,65.79,124.52,19.3,62.36,Medium,synthetic_formula_with_seeded_noise,synthetic_prototype
REG-STA-042-2023-07,STA-042,bekasi,Bekasi,Cikarang,2023-07,560813,5.39,118,115,73.41,52.6,67.34,117.56,19.3,63.81,Medium,synthetic_formula_with_seeded_noise,synthetic_prototype
REG-STA-042-2023-08,STA-042,bekasi,Bekasi,Cikarang,2023-08,626447,5.04,124,114,71.7,55.58,60.54,118.81,19.3,64.18,Medium,synthetic_formula_with_seeded_noise,synthetic_prototype
REG-STA-042-2023-09,STA-042,bekasi,Bekasi,Cikarang,2023-09,727932,4.7,127,124,70.7,54.86,57.69,118.08,19.3,67.15,Medium,synthetic_formula_with_seeded_noise,synthetic_prototype
REG-STA-042-2023-10,STA-042,bekasi,Bekasi,Cikarang,2023-10,679994,6.09,123,120,69.52,55.47,60.61,117.92,19.3,61.74,Medium,synthetic_formula_with_seeded_noise,synthetic_prototype
REG-STA-042-2023-11,STA-042,bekasi,Bekasi,Cikarang,2023-11,669670,5.21,119,125,70.27,57.54,64.91,99.92,19.3,70.15,High,synthetic_formula_with_seeded_noise,synthetic_prototype
REG-STA-042-2023-12,STA-042,bekasi,Bekasi,Cikarang,2023-12,565790,5.98,118,114,71.38,48.82,62.63,108.78,19.3,58.39,Medium,synthetic_formula_with_seeded_noise,synthetic_prototype
REG-STA-042-2024-01,STA-042,bekasi,Bekasi,Cikarang,2024-01,637379,6.03,115,113,74.67,55.37,61.95,129.81,19.3,62.78,Medium,synthetic_formula_with_seeded_noise,synthetic_prototype
REG-STA-042-2024-02,STA-042,bekasi,Bekasi,Cikarang,2024-02,628722,6.17,118,116,69.29,54.58,60.42,114.8,19.3,65.02,Medium,synthetic_formula_with_seeded_noise,synthetic_prototype
REG-STA-042-2024-03,STA-042,bekasi,Bekasi,Cikarang,2024-03,749001,5.47,130,127,66.89,49.19,59.26,95.6,19.3,76.31,High,synthetic_formula_with_seeded_noise,synthetic_prototype
REG-STA-042-2024-04,STA-042,bekasi,Bekasi,Cikarang,2024-04,639156,5.52,122,116,71.85,49.55,63.63,110.17,19.3,64.47,Medium,synthetic_formula_with_seeded_noise,synthetic_prototype
REG-STA-042-2024-05,STA-042,bekasi,Bekasi,Cikarang,2024-05,731268,4.83,132,130,72.65,53.25,57.98,109.83,19.3,67.49,Medium,synthetic_formula_with_seeded_noise,synthetic_prototype
REG-STA-042-2024-06,STA-042,bekasi,Bekasi,Cikarang,2024-06,641936,5.11,121,111,71.98,54.37,64.91,115.22,19.3,61.67,Medium,synthetic_formula_with_seeded_noise,synthetic_prototype
REG-STA-042-2024-07,STA-042,bekasi,Bekasi,Cikarang,2024-07,652864,5.47,130,133,71.57,56.36,64.9,110.25,19.3,63.81,Medium,synthetic_formula_with_seeded_noise,synthetic_prototype
REG-STA-042-2024-08,STA-042,bekasi,Bekasi,Cikarang,2024-08,747220,5.96,124,116,72.38,54.93,67.28,107.39,19.3,64.24,Medium,synthetic_formula_with_seeded_noise,synthetic_prototype
REG-STA-042-2024-09,STA-042,bekasi,Bekasi,Cikarang,2024-09,724904,5.03,131,121,75.69,50.11,63.97,126.56,19.3,60.68,Medium,synthetic_formula_with_seeded_noise,synthetic_prototype
REG-STA-042-2024-10,STA-042,bekasi,Bekasi,Cikarang,2024-10,722220,5.55,118,112,76.15,55.28,61.89,118.91,19.3,69.58,Medium,synthetic_formula_with_seeded_noise,synthetic_prototype
REG-STA-042-2024-11,STA-042,bekasi,Bekasi,Cikarang,2024-11,751341,5.83,129,126,69.83,53.21,63.76,113.42,19.3,64.64,Medium,synthetic_formula_with_seeded_noise,synthetic_prototype
REG-STA-042-2024-12,STA-042,bekasi,Bekasi,Cikarang,2024-12,637270,6.09,125,114,73.49,55.91,67.14,115.81,19.3,64.89,Medium,synthetic_formula_with_seeded_noise,synthetic_prototype
REG-STA-042-2025-01,STA-042,bekasi,Bekasi,Cikarang,2025-01,659518,4.78,132,121,72.92,52.37,62.55,113.82,19.3,67.98,Medium,synthetic_formula_with_seeded_noise,synthetic_prototype
REG-STA-042-2025-02,STA-042,bekasi,Bekasi,Cikarang,2025-02,639398,4.54,121,120,74.87,58.21,62.58,118.09,19.3,68.77,Medium,synthetic_formula_with_seeded_noise,synthetic_prototype
REG-STA-042-2025-03,STA-042,bekasi,Bekasi,Cikarang,2025-03,756316,5.34,126,128,73.28,55.73,61.54,119.82,19.3,68.88,Medium,synthetic_formula_with_seeded_noise,synthetic_prototype
REG-STA-042-2025-04,STA-042,bekasi,Bekasi,Cikarang,2025-04,674497,4.84,122,118,74.42,51.35,61.33,106.43,19.3,68.1,Medium,synthetic_formula_with_seeded_noise,synthetic_prototype
REG-STA-042-2025-05,STA-042,bekasi,Bekasi,Cikarang,2025-05,807680,5.18,142,138,74.0,49.07,61.53,101.68,19.3,69.66,Medium,synthetic_formula_with_seeded_noise,synthetic_prototype
REG-STA-042-2025-06,STA-042,bekasi,Bekasi,Cikarang,2025-06,700128,5.26,124,115,72.07,56.99,63.66,119.15,19.3,75.27,High,synthetic_formula_with_seeded_noise,synthetic_prototype
REG-STA-042-2025-07,STA-042,bekasi,Bekasi,Cikarang,2025-07,644796,5.4,118,116,73.06,51.96,63.38,98.19,19.3,67.56,Medium,synthetic_formula_with_seeded_noise,synthetic_prototype
REG-STA-042-2025-08,STA-042,bekasi,Bekasi,Cikarang,2025-08,782210,4.88,127,115,70.0,51.01,61.82,110.56,19.3,75.94,High,synthetic_formula_with_seeded_noise,synthetic_prototype
REG-STA-042-2025-09,STA-042,bekasi,Bekasi,Cikarang,2025-09,768047,5.75,123,125,77.01,50.15,61.86,115.83,19.3,69.88,Medium,synthetic_formula_with_seeded_noise,synthetic_prototype
REG-STA-042-2025-10,STA-042,bekasi,Bekasi,Cikarang,2025-10,814727,6.13,129,127,74.46,52.48,68.63,109.79,19.3,71.45,High,synthetic_formula_with_seeded_noise,synthetic_prototype
REG-STA-042-2025-11,STA-042,bekasi,Bekasi,Cikarang,2025-11,795692,5.41,124,113,74.51,54.28,63.62,113.98,19.3,74.86,High,synthetic_formula_with_seeded_noise,synthetic_prototype
REG-STA-042-2025-12,STA-042,bekasi,Bekasi,Cikarang,2025-12,669557,5.53,128,130,75.22,49.98,65.27,117.49,19.3,67.31,Medium,synthetic_formula_with_seeded_noise,synthetic_prototype
REG-STA-043-2023-01,STA-043,bekasitimur,Bekasi Timur,Cikarang,2023-01,142885,6.2,49,46,37.86,54.12,20.0,93.12,21,44.42,Low,synthetic_formula_with_seeded_noise,synthetic_prototype
REG-STA-043-2023-02,STA-043,bekasitimur,Bekasi Timur,Cikarang,2023-02,143502,6.06,52,46,37.2,59.96,27.24,98.6,21,45.62,Medium,synthetic_formula_with_seeded_noise,synthetic_prototype
REG-STA-043-2023-03,STA-043,bekasitimur,Bekasi Timur,Cikarang,2023-03,173626,5.38,48,44,36.58,51.95,29.35,102.27,21,47.41,Medium,synthetic_formula_with_seeded_noise,synthetic_prototype
REG-STA-043-2023-04,STA-043,bekasitimur,Bekasi Timur,Cikarang,2023-04,161031,6.21,45,46,38.67,54.75,29.44,100.59,21,45.99,Medium,synthetic_formula_with_seeded_noise,synthetic_prototype
REG-STA-043-2023-05,STA-043,bekasitimur,Bekasi Timur,Cikarang,2023-05,163194,5.67,47,45,46.67,53.65,24.51,94.76,21,38.56,Low,synthetic_formula_with_seeded_noise,synthetic_prototype
REG-STA-043-2023-06,STA-043,bekasitimur,Bekasi Timur,Cikarang,2023-06,163396,6.18,55,61,37.21,54.24,32.06,97.96,21,49.44,Medium,synthetic_formula_with_seeded_noise,synthetic_prototype
REG-STA-043-2023-07,STA-043,bekasitimur,Bekasi Timur,Cikarang,2023-07,152391,5.52,50,54,41.92,59.99,29.89,99.09,21,44.58,Low,synthetic_formula_with_seeded_noise,synthetic_prototype
REG-STA-043-2023-08,STA-043,bekasitimur,Bekasi Timur,Cikarang,2023-08,164025,5.77,58,58,37.58,56.43,30.25,108.12,21,46.67,Medium,synthetic_formula_with_seeded_noise,synthetic_prototype
REG-STA-043-2023-09,STA-043,bekasitimur,Bekasi Timur,Cikarang,2023-09,153969,6.13,56,61,35.9,49.98,25.42,95.86,21,48.68,Medium,synthetic_formula_with_seeded_noise,synthetic_prototype
REG-STA-043-2023-10,STA-043,bekasitimur,Bekasi Timur,Cikarang,2023-10,192084,6.15,53,45,37.98,49.36,22.51,92.22,21,49.04,Medium,synthetic_formula_with_seeded_noise,synthetic_prototype
REG-STA-043-2023-11,STA-043,bekasitimur,Bekasi Timur,Cikarang,2023-11,164640,5.34,58,59,44.67,56.41,29.05,100.32,21,50.64,Medium,synthetic_formula_with_seeded_noise,synthetic_prototype
REG-STA-043-2023-12,STA-043,bekasitimur,Bekasi Timur,Cikarang,2023-12,144592,6.35,55,55,39.35,55.7,28.59,93.02,21,42.49,Low,synthetic_formula_with_seeded_noise,synthetic_prototype
REG-STA-043-2024-01,STA-043,bekasitimur,Bekasi Timur,Cikarang,2024-01,167632,6.07,45,42,43.73,59.28,28.25,103.41,21,46.18,Medium,synthetic_formula_with_seeded_noise,synthetic_prototype
REG-STA-043-2024-02,STA-043,bekasitimur,Bekasi Timur,Cikarang,2024-02,161184,5.23,58,52,39.04,55.61,31.18,86.73,21,57.9,Medium,synthetic_formula_with_seeded_noise,synthetic_prototype
REG-STA-043-2024-03,STA-043,bekasitimur,Bekasi Timur,Cikarang,2024-03,169856,5.71,51,44,40.11,56.81,25.41,92.3,21,51.67,Medium,synthetic_formula_with_seeded_noise,synthetic_prototype
REG-STA-043-2024-04,STA-043,bekasitimur,Bekasi Timur,Cikarang,2024-04,164966,6.48,61,49,40.11,51.75,30.81,99.0,21,46.64,Medium,synthetic_formula_with_seeded_noise,synthetic_prototype
REG-STA-043-2024-05,STA-043,bekasitimur,Bekasi Timur,Cikarang,2024-05,167979,6.17,58,59,40.9,53.94,27.42,92.84,21,49.79,Medium,synthetic_formula_with_seeded_noise,synthetic_prototype
REG-STA-043-2024-06,STA-043,bekasitimur,Bekasi Timur,Cikarang,2024-06,152422,6.23,49,45,38.02,55.82,29.76,97.17,21,46.46,Medium,synthetic_formula_with_seeded_noise,synthetic_prototype
REG-STA-043-2024-07,STA-043,bekasitimur,Bekasi Timur,Cikarang,2024-07,162587,5.39,53,40,41.67,56.88,28.19,85.59,21,46.46,Medium,synthetic_formula_with_seeded_noise,synthetic_prototype
REG-STA-043-2024-08,STA-043,bekasitimur,Bekasi Timur,Cikarang,2024-08,171203,6.11,58,49,39.27,58.99,30.47,89.67,21,49.4,Medium,synthetic_formula_with_seeded_noise,synthetic_prototype
REG-STA-043-2024-09,STA-043,bekasitimur,Bekasi Timur,Cikarang,2024-09,173414,5.32,57,56,34.65,52.9,29.45,106.21,21,50.66,Medium,synthetic_formula_with_seeded_noise,synthetic_prototype
REG-STA-043-2024-10,STA-043,bekasitimur,Bekasi Timur,Cikarang,2024-10,190161,6.74,56,52,41.77,58.05,31.4,106.43,21,56.72,Medium,synthetic_formula_with_seeded_noise,synthetic_prototype
REG-STA-043-2024-11,STA-043,bekasitimur,Bekasi Timur,Cikarang,2024-11,193189,6.52,57,57,39.32,56.45,27.92,108.67,21,48.7,Medium,synthetic_formula_with_seeded_noise,synthetic_prototype
REG-STA-043-2024-12,STA-043,bekasitimur,Bekasi Timur,Cikarang,2024-12,168466,6.88,55,53,38.02,51.1,24.74,105.39,21,47.37,Medium,synthetic_formula_with_seeded_noise,synthetic_prototype
REG-STA-043-2025-01,STA-043,bekasitimur,Bekasi Timur,Cikarang,2025-01,159910,4.74,51,47,40.93,54.49,27.19,93.69,21,49.21,Medium,synthetic_formula_with_seeded_noise,synthetic_prototype
REG-STA-043-2025-02,STA-043,bekasitimur,Bekasi Timur,Cikarang,2025-02,176594,5.48,50,43,35.15,54.9,23.77,100.71,21,45.01,Medium,synthetic_formula_with_seeded_noise,synthetic_prototype
REG-STA-043-2025-03,STA-043,bekasitimur,Bekasi Timur,Cikarang,2025-03,179931,5.76,57,59,37.96,57.69,28.83,97.97,21,57.35,Medium,synthetic_formula_with_seeded_noise,synthetic_prototype
REG-STA-043-2025-04,STA-043,bekasitimur,Bekasi Timur,Cikarang,2025-04,170457,7.04,55,60,39.29,56.82,31.4,103.02,21,49.49,Medium,synthetic_formula_with_seeded_noise,synthetic_prototype
REG-STA-043-2025-05,STA-043,bekasitimur,Bekasi Timur,Cikarang,2025-05,180668,6.3,63,69,39.89,53.08,27.44,94.02,21,52.63,Medium,synthetic_formula_with_seeded_noise,synthetic_prototype
REG-STA-043-2025-06,STA-043,bekasitimur,Bekasi Timur,Cikarang,2025-06,170626,6.72,54,50,41.6,57.22,31.39,102.54,21,56.82,Medium,synthetic_formula_with_seeded_noise,synthetic_prototype
REG-STA-043-2025-07,STA-043,bekasitimur,Bekasi Timur,Cikarang,2025-07,177677,5.64,54,57,39.36,54.09,23.51,93.94,21,46.5,Medium,synthetic_formula_with_seeded_noise,synthetic_prototype
REG-STA-043-2025-08,STA-043,bekasitimur,Bekasi Timur,Cikarang,2025-08,178077,6.01,51,41,37.09,61.22,24.82,102.8,21,46.03,Medium,synthetic_formula_with_seeded_noise,synthetic_prototype
REG-STA-043-2025-09,STA-043,bekasitimur,Bekasi Timur,Cikarang,2025-09,191677,6.41,54,54,33.65,52.13,26.77,104.3,21,48.68,Medium,synthetic_formula_with_seeded_noise,synthetic_prototype
REG-STA-043-2025-10,STA-043,bekasitimur,Bekasi Timur,Cikarang,2025-10,208089,5.62,59,62,41.51,59.03,27.76,86.76,21,54.0,Medium,synthetic_formula_with_seeded_noise,synthetic_prototype
REG-STA-043-2025-11,STA-043,bekasitimur,Bekasi Timur,Cikarang,2025-11,194517,5.57,61,70,38.51,53.07,28.83,96.91,21,54.36,Medium,synthetic_formula_with_seeded_noise,synthetic_prototype
REG-STA-043-2025-12,STA-043,bekasitimur,Bekasi Timur,Cikarang,2025-12,176389,6.28,46,42,39.76,53.03,28.36,80.04,21,47.31,Medium,synthetic_formula_with_seeded_noise,synthetic_prototype
REG-STA-044-2023-01,STA-044,tambun,Tambun,Cikarang,2023-01,152631,5.78,43,35,39.5,57.82,26.7,92.86,24.5,50.26,Medium,synthetic_formula_with_seeded_noise,synthetic_prototype
REG-STA-044-2023-02,STA-044,tambun,Tambun,Cikarang,2023-02,166308,5.47,50,40,39.96,56.84,27.61,102.29,24.5,54.3,Medium,synthetic_formula_with_seeded_noise,synthetic_prototype
REG-STA-044-2023-03,STA-044,tambun,Tambun,Cikarang,2023-03,171947,6.23,49,46,38.88,57.2,32.3,90.23,24.5,49.51,Medium,synthetic_formula_with_seeded_noise,synthetic_prototype
REG-STA-044-2023-04,STA-044,tambun,Tambun,Cikarang,2023-04,158270,5.76,39,34,39.48,60.1,25.35,83.22,24.5,43.97,Low,synthetic_formula_with_seeded_noise,synthetic_prototype
REG-STA-044-2023-05,STA-044,tambun,Tambun,Cikarang,2023-05,171805,6.26,54,49,35.84,57.05,31.78,95.52,24.5,49.41,Medium,synthetic_formula_with_seeded_noise,synthetic_prototype
REG-STA-044-2023-06,STA-044,tambun,Tambun,Cikarang,2023-06,155008,6.12,46,37,34.22,55.81,32.7,84.24,24.5,48.59,Medium,synthetic_formula_with_seeded_noise,synthetic_prototype
REG-STA-044-2023-07,STA-044,tambun,Tambun,Cikarang,2023-07,151084,5.19,48,46,38.15,56.24,35.0,97.62,24.5,46.36,Medium,synthetic_formula_with_seeded_noise,synthetic_prototype
REG-STA-044-2023-08,STA-044,tambun,Tambun,Cikarang,2023-08,168053,6.34,43,43,39.53,57.53,28.43,97.81,24.5,52.48,Medium,synthetic_formula_with_seeded_noise,synthetic_prototype
REG-STA-044-2023-09,STA-044,tambun,Tambun,Cikarang,2023-09,171785,5.47,50,47,36.99,62.26,31.23,94.59,24.5,53.41,Medium,synthetic_formula_with_seeded_noise,synthetic_prototype
REG-STA-044-2023-10,STA-044,tambun,Tambun,Cikarang,2023-10,175519,6.21,40,38,35.6,56.5,26.68,91.27,24.5,43.9,Low,synthetic_formula_with_seeded_noise,synthetic_prototype
REG-STA-044-2023-11,STA-044,tambun,Tambun,Cikarang,2023-11,169073,5.53,45,38,37.53,50.55,29.15,95.2,24.5,48.64,Medium,synthetic_formula_with_seeded_noise,synthetic_prototype
REG-STA-044-2023-12,STA-044,tambun,Tambun,Cikarang,2023-12,153041,6.08,48,47,39.34,54.8,28.31,96.42,24.5,50.92,Medium,synthetic_formula_with_seeded_noise,synthetic_prototype
REG-STA-044-2024-01,STA-044,tambun,Tambun,Cikarang,2024-01,161319,5.36,46,47,42.15,62.86,27.08,102.9,24.5,55.29,Medium,synthetic_formula_with_seeded_noise,synthetic_prototype
REG-STA-044-2024-02,STA-044,tambun,Tambun,Cikarang,2024-02,155456,4.96,42,48,37.68,58.7,25.33,109.49,24.5,48.63,Medium,synthetic_formula_with_seeded_noise,synthetic_prototype
REG-STA-044-2024-03,STA-044,tambun,Tambun,Cikarang,2024-03,162572,5.33,47,37,36.06,59.6,30.95,92.47,24.5,49.21,Medium,synthetic_formula_with_seeded_noise,synthetic_prototype
REG-STA-044-2024-04,STA-044,tambun,Tambun,Cikarang,2024-04,173590,5.5,47,49,41.22,62.89,31.57,87.25,24.5,50.54,Medium,synthetic_formula_with_seeded_noise,synthetic_prototype
REG-STA-044-2024-05,STA-044,tambun,Tambun,Cikarang,2024-05,175255,6.28,51,46,33.98,57.45,23.75,93.43,24.5,53.8,Medium,synthetic_formula_with_seeded_noise,synthetic_prototype
REG-STA-044-2024-06,STA-044,tambun,Tambun,Cikarang,2024-06,156994,4.94,45,49,38.9,54.69,22.23,93.83,24.5,45.82,Medium,synthetic_formula_with_seeded_noise,synthetic_prototype
REG-STA-044-2024-07,STA-044,tambun,Tambun,Cikarang,2024-07,163380,5.62,49,39,38.83,58.14,25.73,91.05,24.5,52.7,Medium,synthetic_formula_with_seeded_noise,synthetic_prototype
REG-STA-044-2024-08,STA-044,tambun,Tambun,Cikarang,2024-08,179735,6.19,44,37,37.02,64.63,25.23,95.55,24.5,48.59,Medium,synthetic_formula_with_seeded_noise,synthetic_prototype
REG-STA-044-2024-09,STA-044,tambun,Tambun,Cikarang,2024-09,184294,5.91,45,39,36.86,55.2,24.96,98.49,24.5,49.9,Medium,synthetic_formula_with_seeded_noise,synthetic_prototype
REG-STA-044-2024-10,STA-044,tambun,Tambun,Cikarang,2024-10,202287,5.49,46,43,35.37,60.16,22.92,110.26,24.5,51.29,Medium,synthetic_formula_with_seeded_noise,synthetic_prototype
REG-STA-044-2024-11,STA-044,tambun,Tambun,Cikarang,2024-11,179694,5.8,47,40,36.62,52.71,29.57,101.44,24.5,48.83,Medium,synthetic_formula_with_seeded_noise,synthetic_prototype
REG-STA-044-2024-12,STA-044,tambun,Tambun,Cikarang,2024-12,169834,5.45,53,50,32.53,62.57,29.55,85.57,24.5,46.28,Medium,synthetic_formula_with_seeded_noise,synthetic_prototype
REG-STA-044-2025-01,STA-044,tambun,Tambun,Cikarang,2025-01,157160,6.3,43,38,36.53,55.83,25.52,101.08,24.5,44.19,Low,synthetic_formula_with_seeded_noise,synthetic_prototype
REG-STA-044-2025-02,STA-044,tambun,Tambun,Cikarang,2025-02,172513,5.99,49,41,35.57,52.85,34.67,85.84,24.5,51.37,Medium,synthetic_formula_with_seeded_noise,synthetic_prototype
REG-STA-044-2025-03,STA-044,tambun,Tambun,Cikarang,2025-03,181008,4.96,39,34,35.36,57.8,33.85,97.72,24.5,53.93,Medium,synthetic_formula_with_seeded_noise,synthetic_prototype
REG-STA-044-2025-04,STA-044,tambun,Tambun,Cikarang,2025-04,180086,5.08,46,49,39.05,59.69,28.57,82.02,24.5,55.88,Medium,synthetic_formula_with_seeded_noise,synthetic_prototype
REG-STA-044-2025-05,STA-044,tambun,Tambun,Cikarang,2025-05,196766,6.1,44,33,33.84,53.33,28.99,91.23,24.5,56.08,Medium,synthetic_formula_with_seeded_noise,synthetic_prototype
REG-STA-044-2025-06,STA-044,tambun,Tambun,Cikarang,2025-06,185162,6.44,44,35,40.98,44.52,28.74,96.58,24.5,49.08,Medium,synthetic_formula_with_seeded_noise,synthetic_prototype
REG-STA-044-2025-07,STA-044,tambun,Tambun,Cikarang,2025-07,167941,5.14,42,42,36.23,59.2,33.06,89.43,24.5,49.39,Medium,synthetic_formula_with_seeded_noise,synthetic_prototype
REG-STA-044-2025-08,STA-044,tambun,Tambun,Cikarang,2025-08,188445,6.4,44,49,37.18,52.41,26.46,104.1,24.5,45.93,Medium,synthetic_formula_with_seeded_noise,synthetic_prototype
REG-STA-044-2025-09,STA-044,tambun,Tambun,Cikarang,2025-09,192980,6.24,48,46,34.23,55.98,24.5,98.21,24.5,51.99,Medium,synthetic_formula_with_seeded_noise,synthetic_prototype
REG-STA-044-2025-10,STA-044,tambun,Tambun,Cikarang,2025-10,194180,6.1,50,51,37.85,57.62,26.82,102.88,24.5,52.45,Medium,synthetic_formula_with_seeded_noise,synthetic_prototype
REG-STA-044-2025-11,STA-044,tambun,Tambun,Cikarang,2025-11,197781,6.43,48,45,34.45,56.0,31.0,83.39,24.5,54.47,Medium,synthetic_formula_with_seeded_noise,synthetic_prototype
REG-STA-044-2025-12,STA-044,tambun,Tambun,Cikarang,2025-12,171207,5.91,43,42,30.95,55.99,23.49,88.05,24.5,50.51,Medium,synthetic_formula_with_seeded_noise,synthetic_prototype
REG-STA-045-2023-01,STA-045,cibitung,Cibitung,Cikarang,2023-01,273407,5.86,54,44,28.16,52.58,25.9,100.28,31.5,47.72,Medium,synthetic_formula_with_seeded_noise,synthetic_prototype
REG-STA-045-2023-02,STA-045,cibitung,Cibitung,Cikarang,2023-02,301850,6.02,60,51,34.76,46.45,27.6,88.76,31.5,46.25,Medium,synthetic_formula_with_seeded_noise,synthetic_prototype
REG-STA-045-2023-03,STA-045,cibitung,Cibitung,Cikarang,2023-03,312966,4.91,55,53,31.13,48.97,25.95,84.21,31.5,43.21,Low,synthetic_formula_with_seeded_noise,synthetic_prototype
REG-STA-045-2023-04,STA-045,cibitung,Cibitung,Cikarang,2023-04,295894,5.98,61,61,30.78,49.95,21.75,94.46,31.5,43.86,Low,synthetic_formula_with_seeded_noise,synthetic_prototype
REG-STA-045-2023-05,STA-045,cibitung,Cibitung,Cikarang,2023-05,338042,5.9,67,66,32.69,50.41,25.64,89.79,31.5,46.53,Medium,synthetic_formula_with_seeded_noise,synthetic_prototype
REG-STA-045-2023-06,STA-045,cibitung,Cibitung,Cikarang,2023-06,316475,5.24,64,52,29.34,57.7,26.59,83.13,31.5,50.53,Medium,synthetic_formula_with_seeded_noise,synthetic_prototype
REG-STA-045-2023-07,STA-045,cibitung,Cibitung,Cikarang,2023-07,304039,5.1,62,53,33.73,49.07,30.13,80.96,31.5,45.75,Medium,synthetic_formula_with_seeded_noise,synthetic_prototype
REG-STA-045-2023-08,STA-045,cibitung,Cibitung,Cikarang,2023-08,311489,5.92,60,56,33.46,50.96,24.92,86.51,31.5,44.68,Low,synthetic_formula_with_seeded_noise,synthetic_prototype
REG-STA-045-2023-09,STA-045,cibitung,Cibitung,Cikarang,2023-09,328600,5.04,60,52,28.14,52.51,29.13,84.69,31.5,41.75,Low,synthetic_formula_with_seeded_noise,synthetic_prototype
REG-STA-045-2023-10,STA-045,cibitung,Cibitung,Cikarang,2023-10,365162,6.16,71,65,33.14,48.72,31.82,78.17,31.5,53.18,Medium,synthetic_formula_with_seeded_noise,synthetic_prototype
REG-STA-045-2023-11,STA-045,cibitung,Cibitung,Cikarang,2023-11,334959,6.44,61,57,27.25,57.82,27.07,92.07,31.5,46.6,Medium,synthetic_formula_with_seeded_noise,synthetic_prototype
REG-STA-045-2023-12,STA-045,cibitung,Cibitung,Cikarang,2023-12,306777,6.08,60,47,33.14,53.01,21.64,85.61,31.5,49.63,Medium,synthetic_formula_with_seeded_noise,synthetic_prototype
REG-STA-045-2024-01,STA-045,cibitung,Cibitung,Cikarang,2024-01,310983,6.07,59,60,30.41,51.09,27.0,96.85,31.5,42.26,Low,synthetic_formula_with_seeded_noise,synthetic_prototype
REG-STA-045-2024-02,STA-045,cibitung,Cibitung,Cikarang,2024-02,324063,4.3,68,68,31.27,53.31,34.46,93.08,31.5,52.31,Medium,synthetic_formula_with_seeded_noise,synthetic_prototype
REG-STA-045-2024-03,STA-045,cibitung,Cibitung,Cikarang,2024-03,365828,5.8,66,59,28.23,43.89,29.32,94.54,31.5,51.78,Medium,synthetic_formula_with_seeded_noise,synthetic_prototype
REG-STA-045-2024-04,STA-045,cibitung,Cibitung,Cikarang,2024-04,334166,5.52,70,60,31.23,43.79,25.42,88.67,31.5,41.29,Low,synthetic_formula_with_seeded_noise,synthetic_prototype
REG-STA-045-2024-05,STA-045,cibitung,Cibitung,Cikarang,2024-05,362739,4.8,67,60,30.52,49.05,35.03,82.05,31.5,47.69,Medium,synthetic_formula_with_seeded_noise,synthetic_prototype
REG-STA-045-2024-06,STA-045,cibitung,Cibitung,Cikarang,2024-06,330777,5.18,61,53,30.33,54.28,26.85,92.2,31.5,50.6,Medium,synthetic_formula_with_seeded_noise,synthetic_prototype
REG-STA-045-2024-07,STA-045,cibitung,Cibitung,Cikarang,2024-07,305746,5.74,60,56,32.36,50.16,33.47,83.87,31.5,46.44,Medium,synthetic_formula_with_seeded_noise,synthetic_prototype
REG-STA-045-2024-08,STA-045,cibitung,Cibitung,Cikarang,2024-08,339842,5.59,58,51,31.05,48.71,23.97,100.02,31.5,49.3,Medium,synthetic_formula_with_seeded_noise,synthetic_prototype
REG-STA-045-2024-09,STA-045,cibitung,Cibitung,Cikarang,2024-09,346860,6.08,57,53,27.89,49.84,28.27,92.22,31.5,47.26,Medium,synthetic_formula_with_seeded_noise,synthetic_prototype
REG-STA-045-2024-10,STA-045,cibitung,Cibitung,Cikarang,2024-10,343045,5.65,67,59,29.42,49.45,28.77,85.47,31.5,46.07,Medium,synthetic_formula_with_seeded_noise,synthetic_prototype
REG-STA-045-2024-11,STA-045,cibitung,Cibitung,Cikarang,2024-11,399223,5.81,66,57,30.58,53.47,28.71,77.11,31.5,49.16,Medium,synthetic_formula_with_seeded_noise,synthetic_prototype
REG-STA-045-2024-12,STA-045,cibitung,Cibitung,Cikarang,2024-12,313061,5.97,70,59,33.0,46.73,27.9,92.49,31.5,48.52,Medium,synthetic_formula_with_seeded_noise,synthetic_prototype
REG-STA-045-2025-01,STA-045,cibitung,Cibitung,Cikarang,2025-01,330484,6.03,68,64,35.28,58.66,29.32,104.23,31.5,47.6,Medium,synthetic_formula_with_seeded_noise,synthetic_prototype
REG-STA-045-2025-02,STA-045,cibitung,Cibitung,Cikarang,2025-02,357092,5.58,65,54,26.79,57.99,29.68,92.48,31.5,49.11,Medium,synthetic_formula_with_seeded_noise,synthetic_prototype
REG-STA-045-2025-03,STA-045,cibitung,Cibitung,Cikarang,2025-03,350061,5.91,60,62,33.23,53.18,30.55,92.63,31.5,52.87,Medium,synthetic_formula_with_seeded_noise,synthetic_prototype
REG-STA-045-2025-04,STA-045,cibitung,Cibitung,Cikarang,2025-04,362308,6.52,72,67,26.8,51.84,28.58,81.09,31.5,51.36,Medium,synthetic_formula_with_seeded_noise,synthetic_prototype
REG-STA-045-2025-05,STA-045,cibitung,Cibitung,Cikarang,2025-05,395482,5.49,63,58,29.75,55.87,25.47,93.13,31.5,55.98,Medium,synthetic_formula_with_seeded_noise,synthetic_prototype
REG-STA-045-2025-06,STA-045,cibitung,Cibitung,Cikarang,2025-06,333982,5.85,73,77,28.42,46.37,28.08,79.64,31.5,47.22,Medium,synthetic_formula_with_seeded_noise,synthetic_prototype
REG-STA-045-2025-07,STA-045,cibitung,Cibitung,Cikarang,2025-07,300410,5.41,59,52,27.97,59.6,25.81,82.57,31.5,44.65,Low,synthetic_formula_with_seeded_noise,synthetic_prototype
REG-STA-045-2025-08,STA-045,cibitung,Cibitung,Cikarang,2025-08,362996,5.52,61,59,29.59,48.51,30.71,100.37,31.5,52.11,Medium,synthetic_formula_with_seeded_noise,synthetic_prototype
REG-STA-045-2025-09,STA-045,cibitung,Cibitung,Cikarang,2025-09,402853,5.25,65,56,29.91,51.57,25.39,88.73,31.5,52.18,Medium,synthetic_formula_with_seeded_noise,synthetic_prototype
REG-STA-045-2025-10,STA-045,cibitung,Cibitung,Cikarang,2025-10,393566,6.14,63,61,29.22,57.35,24.9,92.27,31.5,46.99,Medium,synthetic_formula_with_seeded_noise,synthetic_prototype
REG-STA-045-2025-11,STA-045,cibitung,Cibitung,Cikarang,2025-11,374678,5.94,64,65,29.86,48.2,23.12,88.35,31.5,55.21,Medium,synthetic_formula_with_seeded_noise,synthetic_prototype
REG-STA-045-2025-12,STA-045,cibitung,Cibitung,Cikarang,2025-12,339513,5.64,67,61,31.02,56.8,22.99,73.0,31.5,49.84,Medium,synthetic_formula_with_seeded_noise,synthetic_prototype
REG-STA-046-2023-01,STA-046,telagamurni,Metland Telaga Murni,Cikarang,2023-01,69934,6.49,15,11,45.0,58.47,24.0,79.76,35.9,45.86,Medium,synthetic_formula_with_seeded_noise,synthetic_prototype
REG-STA-046-2023-02,STA-046,telagamurni,Metland Telaga Murni,Cikarang,2023-02,67970,5.04,26,23,44.34,64.01,29.56,92.06,35.9,44.94,Low,synthetic_formula_with_seeded_noise,synthetic_prototype
REG-STA-046-2023-03,STA-046,telagamurni,Metland Telaga Murni,Cikarang,2023-03,76352,5.4,18,8,37.89,69.39,26.53,74.57,35.9,42.83,Low,synthetic_formula_with_seeded_noise,synthetic_prototype
REG-STA-046-2023-04,STA-046,telagamurni,Metland Telaga Murni,Cikarang,2023-04,68376,5.58,20,18,43.12,68.09,25.92,93.49,35.9,46.38,Medium,synthetic_formula_with_seeded_noise,synthetic_prototype
REG-STA-046-2023-05,STA-046,telagamurni,Metland Telaga Murni,Cikarang,2023-05,76429,6.11,25,23,37.17,70.35,25.95,74.25,35.9,45.43,Medium,synthetic_formula_with_seeded_noise,synthetic_prototype
REG-STA-046-2023-06,STA-046,telagamurni,Metland Telaga Murni,Cikarang,2023-06,70844,5.68,14,22,41.98,65.8,28.28,84.75,35.9,46.63,Medium,synthetic_formula_with_seeded_noise,synthetic_prototype
REG-STA-046-2023-07,STA-046,telagamurni,Metland Telaga Murni,Cikarang,2023-07,64068,5.16,20,25,41.36,69.2,29.78,83.23,35.9,45.26,Medium,synthetic_formula_with_seeded_noise,synthetic_prototype
REG-STA-046-2023-08,STA-046,telagamurni,Metland Telaga Murni,Cikarang,2023-08,78919,5.98,23,24,42.4,66.15,26.94,62.75,35.9,46.25,Medium,synthetic_formula_with_seeded_noise,synthetic_prototype
REG-STA-046-2023-09,STA-046,telagamurni,Metland Telaga Murni,Cikarang,2023-09,79770,5.53,21,25,44.19,60.99,27.17,83.98,35.9,52.67,Medium,synthetic_formula_with_seeded_noise,synthetic_prototype
REG-STA-046-2023-10,STA-046,telagamurni,Metland Telaga Murni,Cikarang,2023-10,83929,5.49,17,19,45.16,71.35,26.06,80.08,35.9,47.45,Medium,synthetic_formula_with_seeded_noise,synthetic_prototype
REG-STA-046-2023-11,STA-046,telagamurni,Metland Telaga Murni,Cikarang,2023-11,82082,6.25,23,18,37.4,75.47,27.61,71.67,35.9,53.69,Medium,synthetic_formula_with_seeded_noise,synthetic_prototype
REG-STA-046-2023-12,STA-046,telagamurni,Metland Telaga Murni,Cikarang,2023-12,76171,6.46,22,31,46.81,67.57,29.29,62.0,35.9,51.45,Medium,synthetic_formula_with_seeded_noise,synthetic_prototype
REG-STA-046-2024-01,STA-046,telagamurni,Metland Telaga Murni,Cikarang,2024-01,71757,6.61,18,10,39.54,68.34,25.03,70.34,35.9,44.97,Low,synthetic_formula_with_seeded_noise,synthetic_prototype
REG-STA-046-2024-02,STA-046,telagamurni,Metland Telaga Murni,Cikarang,2024-02,73982,6.78,24,15,37.51,71.13,25.09,80.27,35.9,45.76,Medium,synthetic_formula_with_seeded_noise,synthetic_prototype
REG-STA-046-2024-03,STA-046,telagamurni,Metland Telaga Murni,Cikarang,2024-03,81431,6.2,14,15,39.92,71.84,26.39,80.56,35.9,51.54,Medium,synthetic_formula_with_seeded_noise,synthetic_prototype
REG-STA-046-2024-04,STA-046,telagamurni,Metland Telaga Murni,Cikarang,2024-04,78913,4.92,24,22,40.85,70.6,28.21,77.77,35.9,47.45,Medium,synthetic_formula_with_seeded_noise,synthetic_prototype
REG-STA-046-2024-05,STA-046,telagamurni,Metland Telaga Murni,Cikarang,2024-05,85706,4.99,19,14,40.35,67.46,28.55,72.25,35.9,49.87,Medium,synthetic_formula_with_seeded_noise,synthetic_prototype
REG-STA-046-2024-06,STA-046,telagamurni,Metland Telaga Murni,Cikarang,2024-06,72280,4.51,23,23,41.46,69.31,26.26,81.94,35.9,46.69,Medium,synthetic_formula_with_seeded_noise,synthetic_prototype
REG-STA-046-2024-07,STA-046,telagamurni,Metland Telaga Murni,Cikarang,2024-07,71913,6.7,20,30,38.86,71.98,27.48,70.56,35.9,49.51,Medium,synthetic_formula_with_seeded_noise,synthetic_prototype
REG-STA-046-2024-08,STA-046,telagamurni,Metland Telaga Murni,Cikarang,2024-08,82978,5.78,18,21,43.26,72.4,23.64,84.18,35.9,51.46,Medium,synthetic_formula_with_seeded_noise,synthetic_prototype
REG-STA-046-2024-09,STA-046,telagamurni,Metland Telaga Murni,Cikarang,2024-09,83623,5.14,17,15,39.81,61.87,27.99,79.91,35.9,44.8,Low,synthetic_formula_with_seeded_noise,synthetic_prototype
REG-STA-046-2024-10,STA-046,telagamurni,Metland Telaga Murni,Cikarang,2024-10,92462,5.35,22,14,38.27,72.59,25.33,78.05,35.9,51.78,Medium,synthetic_formula_with_seeded_noise,synthetic_prototype
REG-STA-046-2024-11,STA-046,telagamurni,Metland Telaga Murni,Cikarang,2024-11,87763,5.64,22,14,37.75,71.5,23.64,72.35,35.9,40.76,Low,synthetic_formula_with_seeded_noise,synthetic_prototype
REG-STA-046-2024-12,STA-046,telagamurni,Metland Telaga Murni,Cikarang,2024-12,78666,6.24,22,24,38.17,70.43,31.46,69.23,35.9,54.24,Medium,synthetic_formula_with_seeded_noise,synthetic_prototype
REG-STA-046-2025-01,STA-046,telagamurni,Metland Telaga Murni,Cikarang,2025-01,79172,5.61,19,29,39.97,66.87,25.88,71.84,35.9,45.47,Medium,synthetic_formula_with_seeded_noise,synthetic_prototype
REG-STA-046-2025-02,STA-046,telagamurni,Metland Telaga Murni,Cikarang,2025-02,80881,5.87,18,12,38.49,74.61,26.35,70.26,35.9,47.01,Medium,synthetic_formula_with_seeded_noise,synthetic_prototype
REG-STA-046-2025-03,STA-046,telagamurni,Metland Telaga Murni,Cikarang,2025-03,84294,5.62,24,24,41.92,74.56,30.43,71.23,35.9,50.06,Medium,synthetic_formula_with_seeded_noise,synthetic_prototype
REG-STA-046-2025-04,STA-046,telagamurni,Metland Telaga Murni,Cikarang,2025-04,79665,6.27,20,28,43.59,66.33,28.73,78.65,35.9,46.7,Medium,synthetic_formula_with_seeded_noise,synthetic_prototype
REG-STA-046-2025-05,STA-046,telagamurni,Metland Telaga Murni,Cikarang,2025-05,86287,6.17,23,16,39.91,68.51,21.72,82.9,35.9,56.59,Medium,synthetic_formula_with_seeded_noise,synthetic_prototype
REG-STA-046-2025-06,STA-046,telagamurni,Metland Telaga Murni,Cikarang,2025-06,75410,5.68,22,29,40.47,66.19,28.07,77.17,35.9,47.68,Medium,synthetic_formula_with_seeded_noise,synthetic_prototype
REG-STA-046-2025-07,STA-046,telagamurni,Metland Telaga Murni,Cikarang,2025-07,81546,5.74,18,2,43.66,68.93,24.58,78.4,35.9,46.29,Medium,synthetic_formula_with_seeded_noise,synthetic_prototype
REG-STA-046-2025-08,STA-046,telagamurni,Metland Telaga Murni,Cikarang,2025-08,85690,6.15,25,22,37.41,72.32,23.91,68.56,35.9,44.16,Low,synthetic_formula_with_seeded_noise,synthetic_prototype
REG-STA-046-2025-09,STA-046,telagamurni,Metland Telaga Murni,Cikarang,2025-09,93713,5.72,19,9,35.09,62.17,26.68,80.63,35.9,50.87,Medium,synthetic_formula_with_seeded_noise,synthetic_prototype
REG-STA-046-2025-10,STA-046,telagamurni,Metland Telaga Murni,Cikarang,2025-10,97509,5.94,18,10,39.83,69.13,25.82,84.28,35.9,50.72,Medium,synthetic_formula_with_seeded_noise,synthetic_prototype
REG-STA-046-2025-11,STA-046,telagamurni,Metland Telaga Murni,Cikarang,2025-11,94701,6.25,30,22,38.9,59.06,26.77,71.79,35.9,54.77,Medium,synthetic_formula_with_seeded_noise,synthetic_prototype
REG-STA-046-2025-12,STA-046,telagamurni,Metland Telaga Murni,Cikarang,2025-12,79456,7.05,17,21,39.84,70.66,29.77,73.6,35.9,51.76,Medium,synthetic_formula_with_seeded_noise,synthetic_prototype
REG-STA-047-2023-01,STA-047,cikarang,Cikarang,Cikarang,2023-01,294735,4.16,49,54,38.92,68.99,23.92,71.63,37.2,45.45,Medium,synthetic_formula_with_seeded_noise,synthetic_prototype
REG-STA-047-2023-02,STA-047,cikarang,Cikarang,Cikarang,2023-02,297837,3.95,49,46,39.75,63.5,31.69,83.89,37.2,45.97,Medium,synthetic_formula_with_seeded_noise,synthetic_prototype
REG-STA-047-2023-03,STA-047,cikarang,Cikarang,Cikarang,2023-03,327445,3.93,55,51,41.24,62.59,26.9,88.22,37.2,49.03,Medium,synthetic_formula_with_seeded_noise,synthetic_prototype
REG-STA-047-2023-04,STA-047,cikarang,Cikarang,Cikarang,2023-04,316286,4.4,52,49,36.23,62.9,24.92,88.07,37.2,42.91,Low,synthetic_formula_with_seeded_noise,synthetic_prototype
REG-STA-047-2023-05,STA-047,cikarang,Cikarang,Cikarang,2023-05,336283,5.2,47,34,40.13,72.33,22.0,90.73,37.2,48.24,Medium,synthetic_formula_with_seeded_noise,synthetic_prototype
REG-STA-047-2023-06,STA-047,cikarang,Cikarang,Cikarang,2023-06,300270,5.1,46,40,35.97,63.98,26.47,83.29,37.2,38.11,Low,synthetic_formula_with_seeded_noise,synthetic_prototype
REG-STA-047-2023-07,STA-047,cikarang,Cikarang,Cikarang,2023-07,285031,4.3,49,53,41.28,65.95,23.56,74.35,37.2,51.76,Medium,synthetic_formula_with_seeded_noise,synthetic_prototype
REG-STA-047-2023-08,STA-047,cikarang,Cikarang,Cikarang,2023-08,323555,4.81,54,49,36.01,62.59,27.78,82.26,37.2,48.54,Medium,synthetic_formula_with_seeded_noise,synthetic_prototype
REG-STA-047-2023-09,STA-047,cikarang,Cikarang,Cikarang,2023-09,322948,4.58,52,46,37.4,65.32,24.82,72.08,37.2,47.36,Medium,synthetic_formula_with_seeded_noise,synthetic_prototype
REG-STA-047-2023-10,STA-047,cikarang,Cikarang,Cikarang,2023-10,376548,4.73,53,47,40.71,67.38,28.24,76.54,37.2,54.96,Medium,synthetic_formula_with_seeded_noise,synthetic_prototype
REG-STA-047-2023-11,STA-047,cikarang,Cikarang,Cikarang,2023-11,331313,4.43,50,34,42.98,69.59,30.47,94.11,37.2,47.43,Medium,synthetic_formula_with_seeded_noise,synthetic_prototype
REG-STA-047-2023-12,STA-047,cikarang,Cikarang,Cikarang,2023-12,300979,4.43,46,39,42.52,71.13,22.69,79.81,37.2,46.37,Medium,synthetic_formula_with_seeded_noise,synthetic_prototype
REG-STA-047-2024-01,STA-047,cikarang,Cikarang,Cikarang,2024-01,318503,3.89,49,42,43.0,69.77,30.57,95.0,37.2,48.68,Medium,synthetic_formula_with_seeded_noise,synthetic_prototype
REG-STA-047-2024-02,STA-047,cikarang,Cikarang,Cikarang,2024-02,335668,5.35,49,45,41.17,65.79,27.77,83.04,37.2,49.41,Medium,synthetic_formula_with_seeded_noise,synthetic_prototype
REG-STA-047-2024-03,STA-047,cikarang,Cikarang,Cikarang,2024-03,347247,4.39,58,54,38.22,63.65,29.86,73.1,37.2,55.22,Medium,synthetic_formula_with_seeded_noise,synthetic_prototype
REG-STA-047-2024-04,STA-047,cikarang,Cikarang,Cikarang,2024-04,310524,3.78,43,45,40.94,67.81,23.97,82.69,37.2,48.6,Medium,synthetic_formula_with_seeded_noise,synthetic_prototype
REG-STA-047-2024-05,STA-047,cikarang,Cikarang,Cikarang,2024-05,360770,3.38,53,41,39.83,68.88,29.13,87.43,37.2,47.83,Medium,synthetic_formula_with_seeded_noise,synthetic_prototype
REG-STA-047-2024-06,STA-047,cikarang,Cikarang,Cikarang,2024-06,308907,4.18,51,43,42.21,65.11,23.51,74.37,37.2,46.17,Medium,synthetic_formula_with_seeded_noise,synthetic_prototype
REG-STA-047-2024-07,STA-047,cikarang,Cikarang,Cikarang,2024-07,303715,4.33,50,46,41.82,61.67,28.84,85.87,37.2,45.25,Medium,synthetic_formula_with_seeded_noise,synthetic_prototype
REG-STA-047-2024-08,STA-047,cikarang,Cikarang,Cikarang,2024-08,359893,5.41,55,50,38.11,60.82,23.93,81.08,37.2,47.09,Medium,synthetic_formula_with_seeded_noise,synthetic_prototype
REG-STA-047-2024-09,STA-047,cikarang,Cikarang,Cikarang,2024-09,379918,4.59,56,60,43.28,67.41,27.58,85.95,37.2,59.3,Medium,synthetic_formula_with_seeded_noise,synthetic_prototype
REG-STA-047-2024-10,STA-047,cikarang,Cikarang,Cikarang,2024-10,372648,3.5,51,49,38.33,67.48,22.33,83.34,37.2,54.79,Medium,synthetic_formula_with_seeded_noise,synthetic_prototype
REG-STA-047-2024-11,STA-047,cikarang,Cikarang,Cikarang,2024-11,373440,5.23,54,52,37.79,64.42,30.0,92.86,37.2,51.32,Medium,synthetic_formula_with_seeded_noise,synthetic_prototype
REG-STA-047-2024-12,STA-047,cikarang,Cikarang,Cikarang,2024-12,349813,3.87,52,41,41.55,69.21,31.96,89.46,37.2,49.84,Medium,synthetic_formula_with_seeded_noise,synthetic_prototype
REG-STA-047-2025-01,STA-047,cikarang,Cikarang,Cikarang,2025-01,333573,4.77,57,58,37.32,68.71,26.94,86.5,37.2,49.67,Medium,synthetic_formula_with_seeded_noise,synthetic_prototype
REG-STA-047-2025-02,STA-047,cikarang,Cikarang,Cikarang,2025-02,338886,3.95,52,46,40.02,71.67,25.42,78.58,37.2,53.92,Medium,synthetic_formula_with_seeded_noise,synthetic_prototype
REG-STA-047-2025-03,STA-047,cikarang,Cikarang,Cikarang,2025-03,351561,4.43,50,46,36.79,57.66,26.39,76.57,37.2,49.73,Medium,synthetic_formula_with_seeded_noise,synthetic_prototype
REG-STA-047-2025-04,STA-047,cikarang,Cikarang,Cikarang,2025-04,351005,4.1,51,43,37.49,60.56,28.54,82.53,37.2,48.76,Medium,synthetic_formula_with_seeded_noise,synthetic_prototype
REG-STA-047-2025-05,STA-047,cikarang,Cikarang,Cikarang,2025-05,357971,3.77,57,53,44.39,64.05,23.39,89.36,37.2,50.35,Medium,synthetic_formula_with_seeded_noise,synthetic_prototype
REG-STA-047-2025-06,STA-047,cikarang,Cikarang,Cikarang,2025-06,351508,4.53,50,49,37.12,67.0,33.71,79.23,37.2,50.77,Medium,synthetic_formula_with_seeded_noise,synthetic_prototype
REG-STA-047-2025-07,STA-047,cikarang,Cikarang,Cikarang,2025-07,322171,4.4,54,49,39.93,61.6,27.82,89.1,37.2,49.31,Medium,synthetic_formula_with_seeded_noise,synthetic_prototype
REG-STA-047-2025-08,STA-047,cikarang,Cikarang,Cikarang,2025-08,375035,4.63,48,50,41.26,64.0,28.2,87.13,37.2,51.16,Medium,synthetic_formula_with_seeded_noise,synthetic_prototype
REG-STA-047-2025-09,STA-047,cikarang,Cikarang,Cikarang,2025-09,387323,4.38,55,54,39.55,64.51,23.84,80.47,37.2,48.79,Medium,synthetic_formula_with_seeded_noise,synthetic_prototype
REG-STA-047-2025-10,STA-047,cikarang,Cikarang,Cikarang,2025-10,389846,4.81,54,49,38.04,65.1,29.61,65.88,37.2,56.88,Medium,synthetic_formula_with_seeded_noise,synthetic_prototype
REG-STA-047-2025-11,STA-047,cikarang,Cikarang,Cikarang,2025-11,399438,4.15,50,46,38.75,64.17,30.38,84.38,37.2,52.64,Medium,synthetic_formula_with_seeded_noise,synthetic_prototype
REG-STA-047-2025-12,STA-047,cikarang,Cikarang,Cikarang,2025-12,339927,4.33,52,50,37.77,59.88,26.28,81.38,37.2,45.04,Medium,synthetic_formula_with_seeded_noise,synthetic_prototype
REG-STA-048-2023-01,STA-048,grogol,Grogol,Tangerang,2023-01,138563,7.86,49,48,41.45,62.87,30.11,120.63,4.3,54.21,Medium,synthetic_formula_with_seeded_noise,synthetic_prototype
REG-STA-048-2023-02,STA-048,grogol,Grogol,Tangerang,2023-02,130911,7.68,52,60,43.24,54.53,29.75,109.9,4.3,54.91,Medium,synthetic_formula_with_seeded_noise,synthetic_prototype
REG-STA-048-2023-03,STA-048,grogol,Grogol,Tangerang,2023-03,149526,7.46,47,39,41.66,54.1,29.28,118.56,4.3,51.95,Medium,synthetic_formula_with_seeded_noise,synthetic_prototype
REG-STA-048-2023-04,STA-048,grogol,Grogol,Tangerang,2023-04,152297,6.75,51,52,44.15,54.9,31.3,115.44,4.3,52.18,Medium,synthetic_formula_with_seeded_noise,synthetic_prototype
REG-STA-048-2023-05,STA-048,grogol,Grogol,Tangerang,2023-05,147106,7.85,50,58,43.54,53.34,31.11,99.0,4.3,56.4,Medium,synthetic_formula_with_seeded_noise,synthetic_prototype
REG-STA-048-2023-06,STA-048,grogol,Grogol,Tangerang,2023-06,133162,7.06,50,44,41.74,60.05,27.38,106.22,4.3,49.43,Medium,synthetic_formula_with_seeded_noise,synthetic_prototype
REG-STA-048-2023-07,STA-048,grogol,Grogol,Tangerang,2023-07,136649,7.34,48,47,52.82,63.5,20.92,106.15,4.3,52.0,Medium,synthetic_formula_with_seeded_noise,synthetic_prototype
REG-STA-048-2023-08,STA-048,grogol,Grogol,Tangerang,2023-08,152840,7.26,51,51,41.52,50.58,27.87,108.03,4.3,55.98,Medium,synthetic_formula_with_seeded_noise,synthetic_prototype
REG-STA-048-2023-09,STA-048,grogol,Grogol,Tangerang,2023-09,158404,7.32,55,51,45.37,57.19,26.52,118.25,4.3,51.93,Medium,synthetic_formula_with_seeded_noise,synthetic_prototype
REG-STA-048-2023-10,STA-048,grogol,Grogol,Tangerang,2023-10,163820,7.43,48,53,47.23,52.84,35.38,115.51,4.3,51.11,Medium,synthetic_formula_with_seeded_noise,synthetic_prototype
REG-STA-048-2023-11,STA-048,grogol,Grogol,Tangerang,2023-11,163230,7.21,55,47,45.81,52.52,32.66,117.34,4.3,54.33,Medium,synthetic_formula_with_seeded_noise,synthetic_prototype
REG-STA-048-2023-12,STA-048,grogol,Grogol,Tangerang,2023-12,147609,6.93,51,52,46.18,57.2,27.81,112.97,4.3,52.02,Medium,synthetic_formula_with_seeded_noise,synthetic_prototype
REG-STA-048-2024-01,STA-048,grogol,Grogol,Tangerang,2024-01,149658,7.19,48,53,45.58,50.33,28.48,101.23,4.3,52.31,Medium,synthetic_formula_with_seeded_noise,synthetic_prototype
REG-STA-048-2024-02,STA-048,grogol,Grogol,Tangerang,2024-02,150490,6.85,54,55,45.32,55.12,26.5,124.37,4.3,51.62,Medium,synthetic_formula_with_seeded_noise,synthetic_prototype
REG-STA-048-2024-03,STA-048,grogol,Grogol,Tangerang,2024-03,154535,7.39,51,51,44.09,56.88,18.63,108.9,4.3,50.76,Medium,synthetic_formula_with_seeded_noise,synthetic_prototype
REG-STA-048-2024-04,STA-048,grogol,Grogol,Tangerang,2024-04,143112,7.43,53,58,45.97,53.63,29.07,113.54,4.3,51.25,Medium,synthetic_formula_with_seeded_noise,synthetic_prototype
REG-STA-048-2024-05,STA-048,grogol,Grogol,Tangerang,2024-05,147050,7.74,47,45,47.89,51.41,24.46,114.04,4.3,49.81,Medium,synthetic_formula_with_seeded_noise,synthetic_prototype
REG-STA-048-2024-06,STA-048,grogol,Grogol,Tangerang,2024-06,139582,7.62,49,53,47.83,54.62,35.0,105.19,4.3,49.14,Medium,synthetic_formula_with_seeded_noise,synthetic_prototype
REG-STA-048-2024-07,STA-048,grogol,Grogol,Tangerang,2024-07,139404,6.81,53,50,50.95,53.97,25.91,126.69,4.3,48.75,Medium,synthetic_formula_with_seeded_noise,synthetic_prototype
REG-STA-048-2024-08,STA-048,grogol,Grogol,Tangerang,2024-08,153045,6.49,46,47,43.45,53.25,30.14,117.16,4.3,50.92,Medium,synthetic_formula_with_seeded_noise,synthetic_prototype
REG-STA-048-2024-09,STA-048,grogol,Grogol,Tangerang,2024-09,163162,6.9,49,55,45.47,61.39,24.86,122.84,4.3,60.3,Medium,synthetic_formula_with_seeded_noise,synthetic_prototype
REG-STA-048-2024-10,STA-048,grogol,Grogol,Tangerang,2024-10,169229,7.43,49,63,47.89,53.84,29.62,110.87,4.3,57.54,Medium,synthetic_formula_with_seeded_noise,synthetic_prototype
REG-STA-048-2024-11,STA-048,grogol,Grogol,Tangerang,2024-11,165644,7.76,53,45,45.18,54.04,24.22,102.15,4.3,54.52,Medium,synthetic_formula_with_seeded_noise,synthetic_prototype
REG-STA-048-2024-12,STA-048,grogol,Grogol,Tangerang,2024-12,144544,7.13,52,53,46.63,56.76,26.41,110.3,4.3,50.44,Medium,synthetic_formula_with_seeded_noise,synthetic_prototype
REG-STA-048-2025-01,STA-048,grogol,Grogol,Tangerang,2025-01,144874,7.09,50,58,50.19,49.45,22.98,120.11,4.3,49.77,Medium,synthetic_formula_with_seeded_noise,synthetic_prototype
REG-STA-048-2025-02,STA-048,grogol,Grogol,Tangerang,2025-02,151895,8.33,53,50,43.58,47.36,25.48,117.92,4.3,45.84,Medium,synthetic_formula_with_seeded_noise,synthetic_prototype
REG-STA-048-2025-03,STA-048,grogol,Grogol,Tangerang,2025-03,181373,7.5,50,48,46.87,58.58,27.76,120.59,4.3,58.14,Medium,synthetic_formula_with_seeded_noise,synthetic_prototype
REG-STA-048-2025-04,STA-048,grogol,Grogol,Tangerang,2025-04,146454,7.21,46,43,46.52,47.05,23.98,117.7,4.3,49.91,Medium,synthetic_formula_with_seeded_noise,synthetic_prototype
REG-STA-048-2025-05,STA-048,grogol,Grogol,Tangerang,2025-05,170659,7.73,58,64,48.33,56.61,23.48,104.14,4.3,57.05,Medium,synthetic_formula_with_seeded_noise,synthetic_prototype
REG-STA-048-2025-06,STA-048,grogol,Grogol,Tangerang,2025-06,153725,7.79,52,49,45.03,55.09,29.3,114.79,4.3,48.15,Medium,synthetic_formula_with_seeded_noise,synthetic_prototype
REG-STA-048-2025-07,STA-048,grogol,Grogol,Tangerang,2025-07,154033,7.21,52,59,47.29,59.25,30.0,114.87,4.3,58.7,Medium,synthetic_formula_with_seeded_noise,synthetic_prototype
REG-STA-048-2025-08,STA-048,grogol,Grogol,Tangerang,2025-08,167960,6.32,50,51,44.33,56.35,33.3,114.71,4.3,50.59,Medium,synthetic_formula_with_seeded_noise,synthetic_prototype
REG-STA-048-2025-09,STA-048,grogol,Grogol,Tangerang,2025-09,174347,7.37,50,53,44.13,60.53,28.67,120.9,4.3,52.67,Medium,synthetic_formula_with_seeded_noise,synthetic_prototype
REG-STA-048-2025-10,STA-048,grogol,Grogol,Tangerang,2025-10,174370,8.29,60,58,44.17,51.18,29.74,119.85,4.3,49.44,Medium,synthetic_formula_with_seeded_noise,synthetic_prototype
REG-STA-048-2025-11,STA-048,grogol,Grogol,Tangerang,2025-11,177395,6.55,54,59,48.01,57.68,24.2,125.45,4.3,58.2,Medium,synthetic_formula_with_seeded_noise,synthetic_prototype
REG-STA-048-2025-12,STA-048,grogol,Grogol,Tangerang,2025-12,153683,8.08,48,48,43.39,63.68,27.13,111.79,4.3,52.87,Medium,synthetic_formula_with_seeded_noise,synthetic_prototype
REG-STA-049-2023-01,STA-049,pesing,Pesing,Tangerang,2023-01,63509,4.78,39,37,48.88,60.02,32.3,101.3,5.9,50.32,Medium,synthetic_formula_with_seeded_noise,synthetic_prototype
REG-STA-049-2023-02,STA-049,pesing,Pesing,Tangerang,2023-02,63945,5.37,42,47,49.01,51.92,27.52,104.75,5.9,40.81,Low,synthetic_formula_with_seeded_noise,synthetic_prototype
REG-STA-049-2023-03,STA-049,pesing,Pesing,Tangerang,2023-03,71295,4.94,39,39,46.59,60.97,25.25,111.54,5.9,41.33,Low,synthetic_formula_with_seeded_noise,synthetic_prototype
REG-STA-049-2023-04,STA-049,pesing,Pesing,Tangerang,2023-04,70969,3.58,30,36,44.62,57.27,29.6,107.93,5.9,46.66,Medium,synthetic_formula_with_seeded_noise,synthetic_prototype
REG-STA-049-2023-05,STA-049,pesing,Pesing,Tangerang,2023-05,71131,4.55,39,42,45.56,55.83,30.06,124.18,5.9,50.47,Medium,synthetic_formula_with_seeded_noise,synthetic_prototype
REG-STA-049-2023-06,STA-049,pesing,Pesing,Tangerang,2023-06,61384,3.79,45,48,47.99,57.37,22.68,103.57,5.9,40.8,Low,synthetic_formula_with_seeded_noise,synthetic_prototype
REG-STA-049-2023-07,STA-049,pesing,Pesing,Tangerang,2023-07,65252,4.11,39,36,43.29,58.41,32.55,101.12,5.9,42.59,Low,synthetic_formula_with_seeded_noise,synthetic_prototype
REG-STA-049-2023-08,STA-049,pesing,Pesing,Tangerang,2023-08,70475,5.14,43,52,45.2,54.41,27.11,113.83,5.9,49.74,Medium,synthetic_formula_with_seeded_noise,synthetic_prototype
REG-STA-049-2023-09,STA-049,pesing,Pesing,Tangerang,2023-09,66564,4.16,43,40,44.76,65.31,27.29,107.49,5.9,50.23,Medium,synthetic_formula_with_seeded_noise,synthetic_prototype
REG-STA-049-2023-10,STA-049,pesing,Pesing,Tangerang,2023-10,77524,3.95,42,37,42.64,58.32,29.79,115.01,5.9,50.4,Medium,synthetic_formula_with_seeded_noise,synthetic_prototype
REG-STA-049-2023-11,STA-049,pesing,Pesing,Tangerang,2023-11,72697,3.2,43,53,39.34,58.97,22.88,105.98,5.9,50.63,Medium,synthetic_formula_with_seeded_noise,synthetic_prototype
REG-STA-049-2023-12,STA-049,pesing,Pesing,Tangerang,2023-12,65717,4.62,37,38,44.15,58.59,32.96,114.28,5.9,47.92,Medium,synthetic_formula_with_seeded_noise,synthetic_prototype
REG-STA-049-2024-01,STA-049,pesing,Pesing,Tangerang,2024-01,66052,4.26,45,47,40.46,58.34,24.77,125.17,5.9,45.58,Medium,synthetic_formula_with_seeded_noise,synthetic_prototype
REG-STA-049-2024-02,STA-049,pesing,Pesing,Tangerang,2024-02,68995,4.17,35,35,44.62,60.7,31.09,101.38,5.9,46.54,Medium,synthetic_formula_with_seeded_noise,synthetic_prototype
REG-STA-049-2024-03,STA-049,pesing,Pesing,Tangerang,2024-03,69719,4.83,43,39,46.03,57.52,24.3,98.42,5.9,52.26,Medium,synthetic_formula_with_seeded_noise,synthetic_prototype
REG-STA-049-2024-04,STA-049,pesing,Pesing,Tangerang,2024-04,73163,3.69,43,46,44.89,57.32,29.02,107.45,5.9,49.92,Medium,synthetic_formula_with_seeded_noise,synthetic_prototype
REG-STA-049-2024-05,STA-049,pesing,Pesing,Tangerang,2024-05,74790,3.94,39,42,43.55,54.08,26.07,115.32,5.9,53.3,Medium,synthetic_formula_with_seeded_noise,synthetic_prototype
REG-STA-049-2024-06,STA-049,pesing,Pesing,Tangerang,2024-06,67118,4.16,39,47,50.69,54.65,20.71,110.05,5.9,46.91,Medium,synthetic_formula_with_seeded_noise,synthetic_prototype
REG-STA-049-2024-07,STA-049,pesing,Pesing,Tangerang,2024-07,67468,4.5,32,36,46.96,56.64,30.9,122.97,5.9,47.1,Medium,synthetic_formula_with_seeded_noise,synthetic_prototype
REG-STA-049-2024-08,STA-049,pesing,Pesing,Tangerang,2024-08,75051,5.03,48,55,44.99,50.02,35.57,111.59,5.9,53.09,Medium,synthetic_formula_with_seeded_noise,synthetic_prototype
REG-STA-049-2024-09,STA-049,pesing,Pesing,Tangerang,2024-09,79462,4.96,41,35,42.16,59.97,30.09,122.0,5.9,56.47,Medium,synthetic_formula_with_seeded_noise,synthetic_prototype
REG-STA-049-2024-10,STA-049,pesing,Pesing,Tangerang,2024-10,79635,4.44,45,46,39.39,49.2,32.69,112.62,5.9,51.25,Medium,synthetic_formula_with_seeded_noise,synthetic_prototype
REG-STA-049-2024-11,STA-049,pesing,Pesing,Tangerang,2024-11,76091,5.13,38,39,44.92,62.66,24.54,124.07,5.9,49.36,Medium,synthetic_formula_with_seeded_noise,synthetic_prototype
REG-STA-049-2024-12,STA-049,pesing,Pesing,Tangerang,2024-12,70256,4.01,37,37,41.26,58.04,29.63,108.58,5.9,44.58,Low,synthetic_formula_with_seeded_noise,synthetic_prototype
REG-STA-049-2025-01,STA-049,pesing,Pesing,Tangerang,2025-01,70602,3.5,49,43,42.99,49.9,28.56,114.78,5.9,49.74,Medium,synthetic_formula_with_seeded_noise,synthetic_prototype
REG-STA-049-2025-02,STA-049,pesing,Pesing,Tangerang,2025-02,70133,3.64,38,36,48.48,59.51,31.55,124.17,5.9,47.24,Medium,synthetic_formula_with_seeded_noise,synthetic_prototype
REG-STA-049-2025-03,STA-049,pesing,Pesing,Tangerang,2025-03,77699,4.32,37,39,44.32,57.15,23.42,121.34,5.9,51.76,Medium,synthetic_formula_with_seeded_noise,synthetic_prototype
REG-STA-049-2025-04,STA-049,pesing,Pesing,Tangerang,2025-04,72632,4.59,45,43,45.6,56.01,31.35,115.51,5.9,46.55,Medium,synthetic_formula_with_seeded_noise,synthetic_prototype
REG-STA-049-2025-05,STA-049,pesing,Pesing,Tangerang,2025-05,82392,4.37,38,41,42.85,51.43,28.86,123.45,5.9,53.82,Medium,synthetic_formula_with_seeded_noise,synthetic_prototype
REG-STA-049-2025-06,STA-049,pesing,Pesing,Tangerang,2025-06,70276,4.21,42,45,47.62,58.21,30.82,125.01,5.9,51.84,Medium,synthetic_formula_with_seeded_noise,synthetic_prototype
REG-STA-049-2025-07,STA-049,pesing,Pesing,Tangerang,2025-07,64004,5.51,45,56,42.9,51.72,29.16,104.88,5.9,45.19,Medium,synthetic_formula_with_seeded_noise,synthetic_prototype
REG-STA-049-2025-08,STA-049,pesing,Pesing,Tangerang,2025-08,82016,3.96,40,33,41.0,52.82,26.89,120.07,5.9,52.93,Medium,synthetic_formula_with_seeded_noise,synthetic_prototype
REG-STA-049-2025-09,STA-049,pesing,Pesing,Tangerang,2025-09,77459,4.12,37,39,46.19,54.24,25.6,115.77,5.9,48.13,Medium,synthetic_formula_with_seeded_noise,synthetic_prototype
REG-STA-049-2025-10,STA-049,pesing,Pesing,Tangerang,2025-10,80506,4.79,37,42,48.55,50.36,26.25,105.37,5.9,52.26,Medium,synthetic_formula_with_seeded_noise,synthetic_prototype
REG-STA-049-2025-11,STA-049,pesing,Pesing,Tangerang,2025-11,79951,3.33,49,50,46.79,49.68,24.66,110.03,5.9,53.71,Medium,synthetic_formula_with_seeded_noise,synthetic_prototype
REG-STA-049-2025-12,STA-049,pesing,Pesing,Tangerang,2025-12,76715,5.3,45,49,42.54,61.03,24.97,127.82,5.9,55.31,Medium,synthetic_formula_with_seeded_noise,synthetic_prototype
REG-STA-050-2023-01,STA-050,tamankota,Taman Kota,Tangerang,2023-01,135675,7.31,43,41,41.29,42.76,30.22,110.95,7.4,45.77,Medium,synthetic_formula_with_seeded_noise,synthetic_prototype
REG-STA-050-2023-02,STA-050,tamankota,Taman Kota,Tangerang,2023-02,139414,7.72,48,45,36.79,45.99,27.89,103.24,7.4,46.37,Medium,synthetic_formula_with_seeded_noise,synthetic_prototype
REG-STA-050-2023-03,STA-050,tamankota,Taman Kota,Tangerang,2023-03,152996,7.0,42,46,42.4,44.58,28.27,110.69,7.4,48.39,Medium,synthetic_formula_with_seeded_noise,synthetic_prototype
REG-STA-050-2023-04,STA-050,tamankota,Taman Kota,Tangerang,2023-04,138873,7.86,44,46,33.99,44.48,27.73,116.67,7.4,48.75,Medium,synthetic_formula_with_seeded_noise,synthetic_prototype
REG-STA-050-2023-05,STA-050,tamankota,Taman Kota,Tangerang,2023-05,156382,6.94,42,42,40.94,49.14,28.48,118.43,7.4,49.19,Medium,synthetic_formula_with_seeded_noise,synthetic_prototype
REG-STA-050-2023-06,STA-050,tamankota,Taman Kota,Tangerang,2023-06,135451,7.9,40,50,32.27,48.68,25.83,105.92,7.4,47.4,Medium,synthetic_formula_with_seeded_noise,synthetic_prototype
REG-STA-050-2023-07,STA-050,tamankota,Taman Kota,Tangerang,2023-07,137854,7.25,38,35,36.65,44.83,30.25,112.61,7.4,44.92,Low,synthetic_formula_with_seeded_noise,synthetic_prototype
REG-STA-050-2023-08,STA-050,tamankota,Taman Kota,Tangerang,2023-08,155485,7.47,48,41,34.84,47.62,25.28,104.44,7.4,50.37,Medium,synthetic_formula_with_seeded_noise,synthetic_prototype
REG-STA-050-2023-09,STA-050,tamankota,Taman Kota,Tangerang,2023-09,150368,8.17,50,51,33.62,48.76,28.97,119.91,7.4,48.56,Medium,synthetic_formula_with_seeded_noise,synthetic_prototype
REG-STA-050-2023-10,STA-050,tamankota,Taman Kota,Tangerang,2023-10,167656,7.64,44,47,36.34,54.59,24.87,122.35,7.4,54.48,Medium,synthetic_formula_with_seeded_noise,synthetic_prototype
REG-STA-050-2023-11,STA-050,tamankota,Taman Kota,Tangerang,2023-11,155776,7.94,48,35,35.16,49.39,30.26,113.22,7.4,50.51,Medium,synthetic_formula_with_seeded_noise,synthetic_prototype
REG-STA-050-2023-12,STA-050,tamankota,Taman Kota,Tangerang,2023-12,145904,7.75,43,45,35.03,45.28,26.76,103.19,7.4,51.63,Medium,synthetic_formula_with_seeded_noise,synthetic_prototype
REG-STA-050-2024-01,STA-050,tamankota,Taman Kota,Tangerang,2024-01,134160,7.91,47,50,37.33,48.35,30.26,112.62,7.4,50.56,Medium,synthetic_formula_with_seeded_noise,synthetic_prototype
REG-STA-050-2024-02,STA-050,tamankota,Taman Kota,Tangerang,2024-02,145909,8.56,40,40,34.07,48.14,25.91,113.97,7.4,49.97,Medium,synthetic_formula_with_seeded_noise,synthetic_prototype
REG-STA-050-2024-03,STA-050,tamankota,Taman Kota,Tangerang,2024-03,156005,7.47,38,43,31.88,41.74,32.64,101.61,7.4,51.53,Medium,synthetic_formula_with_seeded_noise,synthetic_prototype
REG-STA-050-2024-04,STA-050,tamankota,Taman Kota,Tangerang,2024-04,147167,8.35,42,32,35.35,51.67,30.59,121.62,7.4,57.55,Medium,synthetic_formula_with_seeded_noise,synthetic_prototype
REG-STA-050-2024-05,STA-050,tamankota,Taman Kota,Tangerang,2024-05,160072,6.93,44,43,35.86,39.98,27.39,109.95,7.4,51.85,Medium,synthetic_formula_with_seeded_noise,synthetic_prototype
REG-STA-050-2024-06,STA-050,tamankota,Taman Kota,Tangerang,2024-06,132898,7.29,49,52,34.84,49.48,31.38,108.96,7.4,51.69,Medium,synthetic_formula_with_seeded_noise,synthetic_prototype
REG-STA-050-2024-07,STA-050,tamankota,Taman Kota,Tangerang,2024-07,137506,8.9,44,46,38.88,42.91,28.71,109.32,7.4,47.76,Medium,synthetic_formula_with_seeded_noise,synthetic_prototype
REG-STA-050-2024-08,STA-050,tamankota,Taman Kota,Tangerang,2024-08,159929,8.37,36,41,36.61,50.02,27.73,106.22,7.4,52.66,Medium,synthetic_formula_with_seeded_noise,synthetic_prototype
REG-STA-050-2024-09,STA-050,tamankota,Taman Kota,Tangerang,2024-09,165072,7.32,46,46,35.25,49.08,26.89,115.02,7.4,50.18,Medium,synthetic_formula_with_seeded_noise,synthetic_prototype
REG-STA-050-2024-10,STA-050,tamankota,Taman Kota,Tangerang,2024-10,161775,7.64,48,41,38.85,42.63,29.64,115.57,7.4,50.7,Medium,synthetic_formula_with_seeded_noise,synthetic_prototype
REG-STA-050-2024-11,STA-050,tamankota,Taman Kota,Tangerang,2024-11,175610,8.81,49,55,34.1,49.29,29.07,115.86,7.4,52.77,Medium,synthetic_formula_with_seeded_noise,synthetic_prototype
REG-STA-050-2024-12,STA-050,tamankota,Taman Kota,Tangerang,2024-12,143261,7.53,50,41,39.29,47.08,31.09,115.21,7.4,50.79,Medium,synthetic_formula_with_seeded_noise,synthetic_prototype
REG-STA-050-2025-01,STA-050,tamankota,Taman Kota,Tangerang,2025-01,135010,8.18,45,48,41.11,48.44,29.94,119.55,7.4,46.95,Medium,synthetic_formula_with_seeded_noise,synthetic_prototype
REG-STA-050-2025-02,STA-050,tamankota,Taman Kota,Tangerang,2025-02,171687,7.85,43,43,35.0,49.41,30.49,112.28,7.4,51.3,Medium,synthetic_formula_with_seeded_noise,synthetic_prototype
REG-STA-050-2025-03,STA-050,tamankota,Taman Kota,Tangerang,2025-03,170952,8.82,54,53,34.45,51.42,30.3,122.94,7.4,51.31,Medium,synthetic_formula_with_seeded_noise,synthetic_prototype
REG-STA-050-2025-04,STA-050,tamankota,Taman Kota,Tangerang,2025-04,157214,7.14,49,43,36.83,49.88,31.11,114.08,7.4,46.52,Medium,synthetic_formula_with_seeded_noise,synthetic_prototype
REG-STA-050-2025-05,STA-050,tamankota,Taman Kota,Tangerang,2025-05,168573,6.95,39,29,35.69,47.44,24.33,116.98,7.4,45.33,Medium,synthetic_formula_with_seeded_noise,synthetic_prototype
REG-STA-050-2025-06,STA-050,tamankota,Taman Kota,Tangerang,2025-06,152625,8.5,47,49,37.19,49.03,22.16,99.9,7.4,52.12,Medium,synthetic_formula_with_seeded_noise,synthetic_prototype
REG-STA-050-2025-07,STA-050,tamankota,Taman Kota,Tangerang,2025-07,150698,8.48,48,45,36.29,53.27,25.27,114.86,7.4,48.95,Medium,synthetic_formula_with_seeded_noise,synthetic_prototype
REG-STA-050-2025-08,STA-050,tamankota,Taman Kota,Tangerang,2025-08,171622,7.69,45,50,36.92,57.36,29.14,123.55,7.4,56.67,Medium,synthetic_formula_with_seeded_noise,synthetic_prototype
REG-STA-050-2025-09,STA-050,tamankota,Taman Kota,Tangerang,2025-09,176052,8.07,39,38,31.11,47.2,22.42,126.38,7.4,46.31,Medium,synthetic_formula_with_seeded_noise,synthetic_prototype
REG-STA-050-2025-10,STA-050,tamankota,Taman Kota,Tangerang,2025-10,177780,8.14,46,51,40.07,45.39,26.56,104.87,7.4,55.42,Medium,synthetic_formula_with_seeded_noise,synthetic_prototype
REG-STA-050-2025-11,STA-050,tamankota,Taman Kota,Tangerang,2025-11,174120,7.93,46,44,33.59,48.42,23.93,125.21,7.4,51.57,Medium,synthetic_formula_with_seeded_noise,synthetic_prototype
REG-STA-050-2025-12,STA-050,tamankota,Taman Kota,Tangerang,2025-12,154879,7.74,47,54,34.24,46.08,31.34,111.86,7.4,50.8,Medium,synthetic_formula_with_seeded_noise,synthetic_prototype
REG-STA-051-2023-01,STA-051,bojongindah,Bojong Indah,Tangerang,2023-01,63403,4.95,39,34,46.21,50.05,34.58,110.28,9,45.51,Medium,synthetic_formula_with_seeded_noise,synthetic_prototype
REG-STA-051-2023-02,STA-051,bojongindah,Bojong Indah,Tangerang,2023-02,69315,3.52,45,54,43.76,50.66,27.14,112.98,9,48.78,Medium,synthetic_formula_with_seeded_noise,synthetic_prototype
REG-STA-051-2023-03,STA-051,bojongindah,Bojong Indah,Tangerang,2023-03,68807,4.44,43,42,43.55,48.04,28.46,93.37,9,45.81,Medium,synthetic_formula_with_seeded_noise,synthetic_prototype
REG-STA-051-2023-04,STA-051,bojongindah,Bojong Indah,Tangerang,2023-04,65035,3.56,51,52,42.3,48.92,28.99,94.79,9,42.35,Low,synthetic_formula_with_seeded_noise,synthetic_prototype
REG-STA-051-2023-05,STA-051,bojongindah,Bojong Indah,Tangerang,2023-05,71455,3.63,42,46,42.16,53.75,34.53,101.89,9,54.89,Medium,synthetic_formula_with_seeded_noise,synthetic_prototype
REG-STA-051-2023-06,STA-051,bojongindah,Bojong Indah,Tangerang,2023-06,63099,3.61,40,43,44.34,53.4,23.2,126.09,9,42.16,Low,synthetic_formula_with_seeded_noise,synthetic_prototype
REG-STA-051-2023-07,STA-051,bojongindah,Bojong Indah,Tangerang,2023-07,64484,3.29,39,40,41.88,46.41,29.04,109.31,9,44.32,Low,synthetic_formula_with_seeded_noise,synthetic_prototype
REG-STA-051-2023-08,STA-051,bojongindah,Bojong Indah,Tangerang,2023-08,66238,3.65,44,53,43.22,52.58,32.09,109.9,9,48.97,Medium,synthetic_formula_with_seeded_noise,synthetic_prototype
REG-STA-051-2023-09,STA-051,bojongindah,Bojong Indah,Tangerang,2023-09,69827,3.12,41,36,42.63,50.69,26.87,99.13,9,40.22,Low,synthetic_formula_with_seeded_noise,synthetic_prototype
REG-STA-051-2023-10,STA-051,bojongindah,Bojong Indah,Tangerang,2023-10,71779,3.38,53,53,39.51,48.21,25.83,103.83,9,43.79,Low,synthetic_formula_with_seeded_noise,synthetic_prototype
REG-STA-051-2023-11,STA-051,bojongindah,Bojong Indah,Tangerang,2023-11,77112,3.62,46,43,43.4,48.23,24.18,106.77,9,48.56,Medium,synthetic_formula_with_seeded_noise,synthetic_prototype
REG-STA-051-2023-12,STA-051,bojongindah,Bojong Indah,Tangerang,2023-12,70469,3.14,51,56,46.77,47.99,25.2,111.75,9,42.86,Low,synthetic_formula_with_seeded_noise,synthetic_prototype
REG-STA-051-2024-01,STA-051,bojongindah,Bojong Indah,Tangerang,2024-01,68153,3.2,49,52,42.21,48.58,28.55,99.5,9,44.67,Low,synthetic_formula_with_seeded_noise,synthetic_prototype
REG-STA-051-2024-02,STA-051,bojongindah,Bojong Indah,Tangerang,2024-02,68955,4.03,35,36,45.59,54.45,24.88,112.94,9,48.07,Medium,synthetic_formula_with_seeded_noise,synthetic_prototype
REG-STA-051-2024-03,STA-051,bojongindah,Bojong Indah,Tangerang,2024-03,71015,4.42,46,52,39.24,47.86,28.27,104.6,9,44.93,Low,synthetic_formula_with_seeded_noise,synthetic_prototype
REG-STA-051-2024-04,STA-051,bojongindah,Bojong Indah,Tangerang,2024-04,74172,3.98,48,47,41.76,43.92,29.69,121.46,9,48.74,Medium,synthetic_formula_with_seeded_noise,synthetic_prototype
REG-STA-051-2024-05,STA-051,bojongindah,Bojong Indah,Tangerang,2024-05,71501,3.91,50,46,39.89,50.26,25.22,121.5,9,44.1,Low,synthetic_formula_with_seeded_noise,synthetic_prototype
REG-STA-051-2024-06,STA-051,bojongindah,Bojong Indah,Tangerang,2024-06,69533,3.7,49,49,43.15,50.01,29.75,95.44,9,48.11,Medium,synthetic_formula_with_seeded_noise,synthetic_prototype
REG-STA-051-2024-07,STA-051,bojongindah,Bojong Indah,Tangerang,2024-07,68235,3.88,45,45,46.06,40.56,24.18,127.56,9,42.95,Low,synthetic_formula_with_seeded_noise,synthetic_prototype
REG-STA-051-2024-08,STA-051,bojongindah,Bojong Indah,Tangerang,2024-08,72362,4.63,48,53,44.59,44.35,26.48,104.34,9,45.93,Medium,synthetic_formula_with_seeded_noise,synthetic_prototype
REG-STA-051-2024-09,STA-051,bojongindah,Bojong Indah,Tangerang,2024-09,80807,4.55,48,53,43.14,54.66,29.02,106.95,9,54.94,Medium,synthetic_formula_with_seeded_noise,synthetic_prototype
REG-STA-051-2024-10,STA-051,bojongindah,Bojong Indah,Tangerang,2024-10,77944,3.02,48,38,44.51,48.91,25.78,104.32,9,49.0,Medium,synthetic_formula_with_seeded_noise,synthetic_prototype
REG-STA-051-2024-11,STA-051,bojongindah,Bojong Indah,Tangerang,2024-11,78903,2.99,42,45,46.87,45.5,30.98,104.51,9,54.28,Medium,synthetic_formula_with_seeded_noise,synthetic_prototype
REG-STA-051-2024-12,STA-051,bojongindah,Bojong Indah,Tangerang,2024-12,69975,4.28,48,37,40.69,47.26,27.53,102.88,9,46.71,Medium,synthetic_formula_with_seeded_noise,synthetic_prototype
REG-STA-051-2025-01,STA-051,bojongindah,Bojong Indah,Tangerang,2025-01,68353,3.64,47,56,43.57,51.34,25.5,106.03,9,41.5,Low,synthetic_formula_with_seeded_noise,synthetic_prototype
REG-STA-051-2025-02,STA-051,bojongindah,Bojong Indah,Tangerang,2025-02,74414,3.39,51,48,45.21,48.59,33.53,110.31,9,51.18,Medium,synthetic_formula_with_seeded_noise,synthetic_prototype
REG-STA-051-2025-03,STA-051,bojongindah,Bojong Indah,Tangerang,2025-03,78361,3.74,47,47,45.0,50.97,27.57,113.17,9,52.8,Medium,synthetic_formula_with_seeded_noise,synthetic_prototype
REG-STA-051-2025-04,STA-051,bojongindah,Bojong Indah,Tangerang,2025-04,64164,3.3,43,42,37.35,43.44,27.5,109.75,9,40.11,Low,synthetic_formula_with_seeded_noise,synthetic_prototype
REG-STA-051-2025-05,STA-051,bojongindah,Bojong Indah,Tangerang,2025-05,80909,3.61,51,44,42.35,52.07,28.86,113.57,9,47.07,Medium,synthetic_formula_with_seeded_noise,synthetic_prototype
REG-STA-051-2025-06,STA-051,bojongindah,Bojong Indah,Tangerang,2025-06,70969,3.19,44,50,40.1,46.41,22.2,100.67,9,42.08,Low,synthetic_formula_with_seeded_noise,synthetic_prototype
REG-STA-051-2025-07,STA-051,bojongindah,Bojong Indah,Tangerang,2025-07,68838,3.86,43,40,43.23,46.94,33.35,114.48,9,46.05,Medium,synthetic_formula_with_seeded_noise,synthetic_prototype
REG-STA-051-2025-08,STA-051,bojongindah,Bojong Indah,Tangerang,2025-08,76862,3.49,50,58,46.57,48.15,24.35,103.01,9,52.45,Medium,synthetic_formula_with_seeded_noise,synthetic_prototype
REG-STA-051-2025-09,STA-051,bojongindah,Bojong Indah,Tangerang,2025-09,83985,4.03,49,53,45.8,43.52,22.72,109.77,9,53.95,Medium,synthetic_formula_with_seeded_noise,synthetic_prototype
REG-STA-051-2025-10,STA-051,bojongindah,Bojong Indah,Tangerang,2025-10,85801,4.76,58,48,41.91,52.38,29.52,97.79,9,48.88,Medium,synthetic_formula_with_seeded_noise,synthetic_prototype
REG-STA-051-2025-11,STA-051,bojongindah,Bojong Indah,Tangerang,2025-11,79370,3.72,41,40,44.07,50.75,29.98,111.62,9,43.72,Low,synthetic_formula_with_seeded_noise,synthetic_prototype
REG-STA-051-2025-12,STA-051,bojongindah,Bojong Indah,Tangerang,2025-12,73901,4.62,51,53,44.57,42.38,26.67,117.25,9,48.44,Medium,synthetic_formula_with_seeded_noise,synthetic_prototype
REG-STA-052-2023-01,STA-052,rawabuaya,Rawa Buaya,Tangerang,2023-01,133337,5.91,50,46,44.74,54.84,30.65,119.21,10.6,47.59,Medium,synthetic_formula_with_seeded_noise,synthetic_prototype
REG-STA-052-2023-02,STA-052,rawabuaya,Rawa Buaya,Tangerang,2023-02,137426,6.31,60,48,44.48,56.38,31.49,105.35,10.6,49.48,Medium,synthetic_formula_with_seeded_noise,synthetic_prototype
REG-STA-052-2023-03,STA-052,rawabuaya,Rawa Buaya,Tangerang,2023-03,149191,6.53,58,56,50.08,54.93,31.3,103.26,10.6,50.5,Medium,synthetic_formula_with_seeded_noise,synthetic_prototype
REG-STA-052-2023-04,STA-052,rawabuaya,Rawa Buaya,Tangerang,2023-04,147904,6.37,52,48,49.3,55.23,26.38,110.58,10.6,47.1,Medium,synthetic_formula_with_seeded_noise,synthetic_prototype
REG-STA-052-2023-05,STA-052,rawabuaya,Rawa Buaya,Tangerang,2023-05,147553,7.14,59,67,44.16,51.6,27.55,107.69,10.6,49.48,Medium,synthetic_formula_with_seeded_noise,synthetic_prototype
REG-STA-052-2023-06,STA-052,rawabuaya,Rawa Buaya,Tangerang,2023-06,138177,5.49,58,59,42.28,56.15,28.17,104.43,10.6,51.28,Medium,synthetic_formula_with_seeded_noise,synthetic_prototype
REG-STA-052-2023-07,STA-052,rawabuaya,Rawa Buaya,Tangerang,2023-07,139120,5.53,52,55,47.44,50.71,24.81,105.73,10.6,41.66,Low,synthetic_formula_with_seeded_noise,synthetic_prototype
REG-STA-052-2023-08,STA-052,rawabuaya,Rawa Buaya,Tangerang,2023-08,154791,5.61,55,59,46.83,52.19,28.51,118.29,10.6,50.01,Medium,synthetic_formula_with_seeded_noise,synthetic_prototype
REG-STA-052-2023-09,STA-052,rawabuaya,Rawa Buaya,Tangerang,2023-09,157397,5.92,57,56,43.91,49.56,28.86,102.17,10.6,46.75,Medium,synthetic_formula_with_seeded_noise,synthetic_prototype
REG-STA-052-2023-10,STA-052,rawabuaya,Rawa Buaya,Tangerang,2023-10,167110,5.66,55,49,44.59,57.08,26.76,103.56,10.6,59.69,Medium,synthetic_formula_with_seeded_noise,synthetic_prototype
REG-STA-052-2023-11,STA-052,rawabuaya,Rawa Buaya,Tangerang,2023-11,141975,6.15,53,57,46.06,52.96,27.92,98.11,10.6,49.08,Medium,synthetic_formula_with_seeded_noise,synthetic_prototype
REG-STA-052-2023-12,STA-052,rawabuaya,Rawa Buaya,Tangerang,2023-12,145168,6.7,49,41,41.3,49.59,24.57,92.83,10.6,45.32,Medium,synthetic_formula_with_seeded_noise,synthetic_prototype
REG-STA-052-2024-01,STA-052,rawabuaya,Rawa Buaya,Tangerang,2024-01,139836,6.95,57,57,45.15,55.42,29.94,100.48,10.6,44.23,Low,synthetic_formula_with_seeded_noise,synthetic_prototype
REG-STA-052-2024-02,STA-052,rawabuaya,Rawa Buaya,Tangerang,2024-02,149990,5.42,56,55,44.76,53.4,26.68,120.06,10.6,49.72,Medium,synthetic_formula_with_seeded_noise,synthetic_prototype
REG-STA-052-2024-03,STA-052,rawabuaya,Rawa Buaya,Tangerang,2024-03,161171,7.48,58,57,39.68,60.17,25.67,124.23,10.6,56.17,Medium,synthetic_formula_with_seeded_noise,synthetic_prototype
REG-STA-052-2024-04,STA-052,rawabuaya,Rawa Buaya,Tangerang,2024-04,138023,6.21,53,53,46.84,63.49,28.72,114.33,10.6,46.14,Medium,synthetic_formula_with_seeded_noise,synthetic_prototype
REG-STA-052-2024-05,STA-052,rawabuaya,Rawa Buaya,Tangerang,2024-05,169294,5.91,59,56,42.54,54.98,27.71,102.1,10.6,58.56,Medium,synthetic_formula_with_seeded_noise,synthetic_prototype
REG-STA-052-2024-06,STA-052,rawabuaya,Rawa Buaya,Tangerang,2024-06,134159,6.32,55,52,45.69,44.42,34.53,110.7,10.6,52.93,Medium,synthetic_formula_with_seeded_noise,synthetic_prototype
REG-STA-052-2024-07,STA-052,rawabuaya,Rawa Buaya,Tangerang,2024-07,146398,4.72,46,48,44.63,48.17,26.58,106.01,10.6,47.76,Medium,synthetic_formula_with_seeded_noise,synthetic_prototype
REG-STA-052-2024-08,STA-052,rawabuaya,Rawa Buaya,Tangerang,2024-08,166518,6.45,53,55,45.55,53.18,30.1,112.64,10.6,49.66,Medium,synthetic_formula_with_seeded_noise,synthetic_prototype
REG-STA-052-2024-09,STA-052,rawabuaya,Rawa Buaya,Tangerang,2024-09,156866,6.66,56,54,41.3,51.76,26.69,109.73,10.6,46.51,Medium,synthetic_formula_with_seeded_noise,synthetic_prototype
REG-STA-052-2024-10,STA-052,rawabuaya,Rawa Buaya,Tangerang,2024-10,165938,5.06,55,53,43.34,54.2,26.69,107.9,10.6,45.99,Medium,synthetic_formula_with_seeded_noise,synthetic_prototype
REG-STA-052-2024-11,STA-052,rawabuaya,Rawa Buaya,Tangerang,2024-11,159755,6.51,63,67,44.59,52.0,27.69,102.64,10.6,56.55,Medium,synthetic_formula_with_seeded_noise,synthetic_prototype
REG-STA-052-2024-12,STA-052,rawabuaya,Rawa Buaya,Tangerang,2024-12,147126,6.64,59,67,45.45,58.45,32.34,109.12,10.6,47.73,Medium,synthetic_formula_with_seeded_noise,synthetic_prototype
REG-STA-052-2025-01,STA-052,rawabuaya,Rawa Buaya,Tangerang,2025-01,141884,5.69,52,50,42.42,61.52,30.13,102.61,10.6,55.06,Medium,synthetic_formula_with_seeded_noise,synthetic_prototype
REG-STA-052-2025-02,STA-052,rawabuaya,Rawa Buaya,Tangerang,2025-02,144124,6.49,52,44,42.11,53.65,26.79,111.27,10.6,51.41,Medium,synthetic_formula_with_seeded_noise,synthetic_prototype
REG-STA-052-2025-03,STA-052,rawabuaya,Rawa Buaya,Tangerang,2025-03,159912,5.26,52,46,42.28,53.47,25.07,111.22,10.6,48.06,Medium,synthetic_formula_with_seeded_noise,synthetic_prototype
REG-STA-052-2025-04,STA-052,rawabuaya,Rawa Buaya,Tangerang,2025-04,161198,6.94,55,51,44.08,48.62,27.92,111.84,10.6,45.97,Medium,synthetic_formula_with_seeded_noise,synthetic_prototype
REG-STA-052-2025-05,STA-052,rawabuaya,Rawa Buaya,Tangerang,2025-05,175385,6.41,55,65,42.24,49.35,32.32,101.29,10.6,54.95,Medium,synthetic_formula_with_seeded_noise,synthetic_prototype
REG-STA-052-2025-06,STA-052,rawabuaya,Rawa Buaya,Tangerang,2025-06,153999,5.36,59,58,42.01,51.31,30.2,97.13,10.6,53.41,Medium,synthetic_formula_with_seeded_noise,synthetic_prototype
REG-STA-052-2025-07,STA-052,rawabuaya,Rawa Buaya,Tangerang,2025-07,151903,6.47,60,63,45.02,47.24,26.02,125.0,10.6,52.65,Medium,synthetic_formula_with_seeded_noise,synthetic_prototype
REG-STA-052-2025-08,STA-052,rawabuaya,Rawa Buaya,Tangerang,2025-08,170758,6.94,61,55,46.57,51.87,28.85,106.08,10.6,51.54,Medium,synthetic_formula_with_seeded_noise,synthetic_prototype
REG-STA-052-2025-09,STA-052,rawabuaya,Rawa Buaya,Tangerang,2025-09,167806,6.61,57,51,45.54,54.15,24.29,112.31,10.6,45.99,Medium,synthetic_formula_with_seeded_noise,synthetic_prototype
REG-STA-052-2025-10,STA-052,rawabuaya,Rawa Buaya,Tangerang,2025-10,180206,6.84,61,65,44.14,50.62,29.39,104.24,10.6,56.12,Medium,synthetic_formula_with_seeded_noise,synthetic_prototype
REG-STA-052-2025-11,STA-052,rawabuaya,Rawa Buaya,Tangerang,2025-11,181124,7.58,53,58,41.21,56.87,29.51,91.88,10.6,55.26,Medium,synthetic_formula_with_seeded_noise,synthetic_prototype
REG-STA-052-2025-12,STA-052,rawabuaya,Rawa Buaya,Tangerang,2025-12,160524,6.36,53,51,43.4,63.41,27.63,104.45,10.6,53.83,Medium,synthetic_formula_with_seeded_noise,synthetic_prototype
REG-STA-053-2023-01,STA-053,kalideres,Kalideres,Tangerang,2023-01,260788,5.15,68,68,41.39,55.88,27.62,109.67,14,54.62,Medium,synthetic_formula_with_seeded_noise,synthetic_prototype
REG-STA-053-2023-02,STA-053,kalideres,Kalideres,Tangerang,2023-02,256457,4.63,64,63,38.36,59.77,25.73,108.25,14,48.27,Medium,synthetic_formula_with_seeded_noise,synthetic_prototype
REG-STA-053-2023-03,STA-053,kalideres,Kalideres,Tangerang,2023-03,303633,5.04,68,71,43.44,50.07,28.33,106.95,14,49.9,Medium,synthetic_formula_with_seeded_noise,synthetic_prototype
REG-STA-053-2023-04,STA-053,kalideres,Kalideres,Tangerang,2023-04,298203,4.47,70,71,36.41,60.22,21.56,102.91,14,55.22,Medium,synthetic_formula_with_seeded_noise,synthetic_prototype
REG-STA-053-2023-05,STA-053,kalideres,Kalideres,Tangerang,2023-05,304790,4.72,68,71,38.06,56.4,32.19,111.89,14,47.7,Medium,synthetic_formula_with_seeded_noise,synthetic_prototype
REG-STA-053-2023-06,STA-053,kalideres,Kalideres,Tangerang,2023-06,284179,4.89,78,82,36.54,51.82,28.85,115.32,14,43.17,Low,synthetic_formula_with_seeded_noise,synthetic_prototype
REG-STA-053-2023-07,STA-053,kalideres,Kalideres,Tangerang,2023-07,285064,3.42,68,63,34.36,57.85,26.37,100.45,14,47.07,Medium,synthetic_formula_with_seeded_noise,synthetic_prototype
REG-STA-053-2023-08,STA-053,kalideres,Kalideres,Tangerang,2023-08,319463,4.15,70,69,40.78,58.72,32.69,115.29,14,43.2,Low,synthetic_formula_with_seeded_noise,synthetic_prototype
REG-STA-053-2023-09,STA-053,kalideres,Kalideres,Tangerang,2023-09,332921,4.19,64,56,39.02,55.06,29.33,104.19,14,56.56,Medium,synthetic_formula_with_seeded_noise,synthetic_prototype
REG-STA-053-2023-10,STA-053,kalideres,Kalideres,Tangerang,2023-10,330892,3.64,72,77,38.76,55.33,28.78,106.44,14,55.41,Medium,synthetic_formula_with_seeded_noise,synthetic_prototype
REG-STA-053-2023-11,STA-053,kalideres,Kalideres,Tangerang,2023-11,319338,4.14,64,63,41.94,57.4,25.77,114.27,14,49.9,Medium,synthetic_formula_with_seeded_noise,synthetic_prototype
REG-STA-053-2023-12,STA-053,kalideres,Kalideres,Tangerang,2023-12,264558,3.73,68,64,37.03,54.34,25.63,107.13,14,47.44,Medium,synthetic_formula_with_seeded_noise,synthetic_prototype
REG-STA-053-2024-01,STA-053,kalideres,Kalideres,Tangerang,2024-01,277719,4.96,64,72,35.59,61.67,32.2,108.02,14,47.01,Medium,synthetic_formula_with_seeded_noise,synthetic_prototype
REG-STA-053-2024-02,STA-053,kalideres,Kalideres,Tangerang,2024-02,299618,5.47,72,84,40.2,60.34,25.9,107.1,14,43.93,Low,synthetic_formula_with_seeded_noise,synthetic_prototype
REG-STA-053-2024-03,STA-053,kalideres,Kalideres,Tangerang,2024-03,328801,5.06,67,64,38.6,54.1,31.36,92.12,14,49.5,Medium,synthetic_formula_with_seeded_noise,synthetic_prototype
REG-STA-053-2024-04,STA-053,kalideres,Kalideres,Tangerang,2024-04,313375,4.33,65,64,37.05,52.92,27.55,120.42,14,49.9,Medium,synthetic_formula_with_seeded_noise,synthetic_prototype
REG-STA-053-2024-05,STA-053,kalideres,Kalideres,Tangerang,2024-05,314563,4.45,72,69,36.54,52.94,26.14,110.77,14,49.73,Medium,synthetic_formula_with_seeded_noise,synthetic_prototype
REG-STA-053-2024-06,STA-053,kalideres,Kalideres,Tangerang,2024-06,285027,4.12,74,74,37.18,54.02,26.21,100.27,14,48.78,Medium,synthetic_formula_with_seeded_noise,synthetic_prototype
REG-STA-053-2024-07,STA-053,kalideres,Kalideres,Tangerang,2024-07,262249,4.19,63,66,35.56,58.39,29.75,116.65,14,51.65,Medium,synthetic_formula_with_seeded_noise,synthetic_prototype
REG-STA-053-2024-08,STA-053,kalideres,Kalideres,Tangerang,2024-08,308402,4.86,64,59,40.69,55.74,33.88,114.55,14,48.9,Medium,synthetic_formula_with_seeded_noise,synthetic_prototype
REG-STA-053-2024-09,STA-053,kalideres,Kalideres,Tangerang,2024-09,340708,4.94,73,69,39.11,49.73,31.73,105.53,14,55.98,Medium,synthetic_formula_with_seeded_noise,synthetic_prototype
REG-STA-053-2024-10,STA-053,kalideres,Kalideres,Tangerang,2024-10,359226,4.21,76,82,37.7,58.82,30.48,110.66,14,58.43,Medium,synthetic_formula_with_seeded_noise,synthetic_prototype
REG-STA-053-2024-11,STA-053,kalideres,Kalideres,Tangerang,2024-11,317791,5.06,83,80,40.38,51.06,21.3,109.25,14,47.87,Medium,synthetic_formula_with_seeded_noise,synthetic_prototype
REG-STA-053-2024-12,STA-053,kalideres,Kalideres,Tangerang,2024-12,289771,4.37,70,72,42.05,57.63,25.12,102.24,14,45.19,Medium,synthetic_formula_with_seeded_noise,synthetic_prototype
REG-STA-053-2025-01,STA-053,kalideres,Kalideres,Tangerang,2025-01,309284,4.72,67,72,40.69,58.84,27.43,103.09,14,48.79,Medium,synthetic_formula_with_seeded_noise,synthetic_prototype
REG-STA-053-2025-02,STA-053,kalideres,Kalideres,Tangerang,2025-02,313728,4.82,70,69,43.21,54.84,23.41,103.39,14,53.76,Medium,synthetic_formula_with_seeded_noise,synthetic_prototype
REG-STA-053-2025-03,STA-053,kalideres,Kalideres,Tangerang,2025-03,332659,4.61,74,64,40.13,52.17,29.12,97.35,14,46.1,Medium,synthetic_formula_with_seeded_noise,synthetic_prototype
REG-STA-053-2025-04,STA-053,kalideres,Kalideres,Tangerang,2025-04,324986,3.94,72,72,34.43,54.37,29.3,101.0,14,54.85,Medium,synthetic_formula_with_seeded_noise,synthetic_prototype
REG-STA-053-2025-05,STA-053,kalideres,Kalideres,Tangerang,2025-05,337531,4.22,64,64,39.06,60.79,28.68,105.84,14,53.81,Medium,synthetic_formula_with_seeded_noise,synthetic_prototype
REG-STA-053-2025-06,STA-053,kalideres,Kalideres,Tangerang,2025-06,291158,4.44,64,70,47.69,50.1,28.55,106.13,14,51.19,Medium,synthetic_formula_with_seeded_noise,synthetic_prototype
REG-STA-053-2025-07,STA-053,kalideres,Kalideres,Tangerang,2025-07,293317,3.88,70,70,41.59,56.57,24.11,104.96,14,45.46,Medium,synthetic_formula_with_seeded_noise,synthetic_prototype
REG-STA-053-2025-08,STA-053,kalideres,Kalideres,Tangerang,2025-08,324639,4.8,72,63,36.74,52.09,30.29,107.97,14,51.99,Medium,synthetic_formula_with_seeded_noise,synthetic_prototype
REG-STA-053-2025-09,STA-053,kalideres,Kalideres,Tangerang,2025-09,335147,3.33,73,69,42.79,49.98,25.95,100.68,14,52.43,Medium,synthetic_formula_with_seeded_noise,synthetic_prototype
REG-STA-053-2025-10,STA-053,kalideres,Kalideres,Tangerang,2025-10,352243,3.82,82,78,41.4,54.22,25.3,115.9,14,57.51,Medium,synthetic_formula_with_seeded_noise,synthetic_prototype
REG-STA-053-2025-11,STA-053,kalideres,Kalideres,Tangerang,2025-11,339885,4.82,78,84,39.21,53.62,25.9,119.91,14,55.27,Medium,synthetic_formula_with_seeded_noise,synthetic_prototype
REG-STA-053-2025-12,STA-053,kalideres,Kalideres,Tangerang,2025-12,307806,5.45,68,70,37.82,57.0,31.27,96.56,14,51.43,Medium,synthetic_formula_with_seeded_noise,synthetic_prototype
REG-STA-054-2023-01,STA-054,poris,Poris,Tangerang,2023-01,132579,4.09,46,40,36.85,59.52,26.42,100.51,15.7,49.45,Medium,synthetic_formula_with_seeded_noise,synthetic_prototype
REG-STA-054-2023-02,STA-054,poris,Poris,Tangerang,2023-02,133693,4.46,32,27,41.08,54.52,27.15,101.67,15.7,44.07,Low,synthetic_formula_with_seeded_noise,synthetic_prototype
REG-STA-054-2023-03,STA-054,poris,Poris,Tangerang,2023-03,161693,4.17,42,38,42.7,51.81,31.2,94.62,15.7,49.7,Medium,synthetic_formula_with_seeded_noise,synthetic_prototype
REG-STA-054-2023-04,STA-054,poris,Poris,Tangerang,2023-04,140341,4.07,46,47,42.97,53.25,29.05,102.36,15.7,47.25,Medium,synthetic_formula_with_seeded_noise,synthetic_prototype
REG-STA-054-2023-05,STA-054,poris,Poris,Tangerang,2023-05,153993,4.13,35,39,41.95,53.62,24.89,114.4,15.7,47.61,Medium,synthetic_formula_with_seeded_noise,synthetic_prototype
REG-STA-054-2023-06,STA-054,poris,Poris,Tangerang,2023-06,139892,4.28,38,33,42.04,59.4,31.24,105.84,15.7,44.84,Low,synthetic_formula_with_seeded_noise,synthetic_prototype
REG-STA-054-2023-07,STA-054,poris,Poris,Tangerang,2023-07,134130,3.89,44,42,40.6,54.23,24.18,102.51,15.7,48.22,Medium,synthetic_formula_with_seeded_noise,synthetic_prototype
REG-STA-054-2023-08,STA-054,poris,Poris,Tangerang,2023-08,162039,3.73,38,41,40.38,57.83,29.22,99.66,15.7,52.35,Medium,synthetic_formula_with_seeded_noise,synthetic_prototype
REG-STA-054-2023-09,STA-054,poris,Poris,Tangerang,2023-09,152322,3.84,43,42,42.81,50.43,23.84,102.34,15.7,46.27,Medium,synthetic_formula_with_seeded_noise,synthetic_prototype
REG-STA-054-2023-10,STA-054,poris,Poris,Tangerang,2023-10,161927,4.51,41,39,41.29,51.36,26.3,101.81,15.7,52.73,Medium,synthetic_formula_with_seeded_noise,synthetic_prototype
REG-STA-054-2023-11,STA-054,poris,Poris,Tangerang,2023-11,154461,4.03,40,32,40.9,51.92,24.35,108.44,15.7,46.75,Medium,synthetic_formula_with_seeded_noise,synthetic_prototype
REG-STA-054-2023-12,STA-054,poris,Poris,Tangerang,2023-12,133873,4.29,39,40,40.77,55.31,30.81,109.3,15.7,42.78,Low,synthetic_formula_with_seeded_noise,synthetic_prototype
REG-STA-054-2024-01,STA-054,poris,Poris,Tangerang,2024-01,140443,4.89,44,48,38.29,51.04,24.76,96.84,15.7,42.05,Low,synthetic_formula_with_seeded_noise,synthetic_prototype
REG-STA-054-2024-02,STA-054,poris,Poris,Tangerang,2024-02,146906,2.79,43,53,39.9,54.8,25.72,110.37,15.7,50.3,Medium,synthetic_formula_with_seeded_noise,synthetic_prototype
REG-STA-054-2024-03,STA-054,poris,Poris,Tangerang,2024-03,151154,4.02,34,32,35.94,52.76,25.96,100.7,15.7,47.93,Medium,synthetic_formula_with_seeded_noise,synthetic_prototype
REG-STA-054-2024-04,STA-054,poris,Poris,Tangerang,2024-04,150919,4.7,45,53,38.03,57.52,33.15,104.74,15.7,48.16,Medium,synthetic_formula_with_seeded_noise,synthetic_prototype
REG-STA-054-2024-05,STA-054,poris,Poris,Tangerang,2024-05,157850,3.38,42,35,40.8,58.19,31.96,104.32,15.7,52.04,Medium,synthetic_formula_with_seeded_noise,synthetic_prototype
REG-STA-054-2024-06,STA-054,poris,Poris,Tangerang,2024-06,143633,4.16,38,36,37.98,50.2,25.48,102.71,15.7,47.91,Medium,synthetic_formula_with_seeded_noise,synthetic_prototype
REG-STA-054-2024-07,STA-054,poris,Poris,Tangerang,2024-07,143664,5.15,40,39,40.28,49.19,22.96,101.3,15.7,43.32,Low,synthetic_formula_with_seeded_noise,synthetic_prototype
REG-STA-054-2024-08,STA-054,poris,Poris,Tangerang,2024-08,159378,4.17,43,41,44.62,50.59,27.84,103.98,15.7,52.72,Medium,synthetic_formula_with_seeded_noise,synthetic_prototype
REG-STA-054-2024-09,STA-054,poris,Poris,Tangerang,2024-09,161160,3.44,41,46,37.08,48.99,27.82,99.86,15.7,48.84,Medium,synthetic_formula_with_seeded_noise,synthetic_prototype
REG-STA-054-2024-10,STA-054,poris,Poris,Tangerang,2024-10,167970,2.92,43,45,39.42,55.63,26.54,90.7,15.7,47.64,Medium,synthetic_formula_with_seeded_noise,synthetic_prototype
REG-STA-054-2024-11,STA-054,poris,Poris,Tangerang,2024-11,166557,4.59,46,42,38.97,63.01,33.33,104.74,15.7,47.03,Medium,synthetic_formula_with_seeded_noise,synthetic_prototype
REG-STA-054-2024-12,STA-054,poris,Poris,Tangerang,2024-12,146206,3.2,42,42,41.1,53.93,32.64,108.53,15.7,41.88,Low,synthetic_formula_with_seeded_noise,synthetic_prototype
REG-STA-054-2025-01,STA-054,poris,Poris,Tangerang,2025-01,136440,4.59,46,51,36.41,51.15,28.0,95.57,15.7,40.6,Low,synthetic_formula_with_seeded_noise,synthetic_prototype
REG-STA-054-2025-02,STA-054,poris,Poris,Tangerang,2025-02,153843,3.8,37,45,42.79,58.03,34.8,104.56,15.7,52.16,Medium,synthetic_formula_with_seeded_noise,synthetic_prototype
REG-STA-054-2025-03,STA-054,poris,Poris,Tangerang,2025-03,164031,3.74,42,44,40.34,58.54,30.85,101.0,15.7,52.1,Medium,synthetic_formula_with_seeded_noise,synthetic_prototype
REG-STA-054-2025-04,STA-054,poris,Poris,Tangerang,2025-04,150730,4.38,48,56,39.02,50.08,28.34,100.63,15.7,47.5,Medium,synthetic_formula_with_seeded_noise,synthetic_prototype
REG-STA-054-2025-05,STA-054,poris,Poris,Tangerang,2025-05,173399,3.56,37,32,41.12,50.86,26.71,104.32,15.7,48.28,Medium,synthetic_formula_with_seeded_noise,synthetic_prototype
REG-STA-054-2025-06,STA-054,poris,Poris,Tangerang,2025-06,156561,4.78,45,42,36.26,55.11,26.96,96.94,15.7,49.79,Medium,synthetic_formula_with_seeded_noise,synthetic_prototype
REG-STA-054-2025-07,STA-054,poris,Poris,Tangerang,2025-07,138129,3.64,47,57,41.98,56.18,31.35,114.03,15.7,49.81,Medium,synthetic_formula_with_seeded_noise,synthetic_prototype
REG-STA-054-2025-08,STA-054,poris,Poris,Tangerang,2025-08,162200,3.76,48,54,37.37,56.32,30.62,95.04,15.7,48.98,Medium,synthetic_formula_with_seeded_noise,synthetic_prototype
REG-STA-054-2025-09,STA-054,poris,Poris,Tangerang,2025-09,166926,4.5,40,33,41.32,56.66,29.03,98.83,15.7,53.34,Medium,synthetic_formula_with_seeded_noise,synthetic_prototype
REG-STA-054-2025-10,STA-054,poris,Poris,Tangerang,2025-10,170485,3.66,47,46,39.04,53.72,28.65,100.8,15.7,47.97,Medium,synthetic_formula_with_seeded_noise,synthetic_prototype
REG-STA-054-2025-11,STA-054,poris,Poris,Tangerang,2025-11,181328,3.56,42,41,39.98,64.03,28.02,103.32,15.7,55.37,Medium,synthetic_formula_with_seeded_noise,synthetic_prototype
REG-STA-054-2025-12,STA-054,poris,Poris,Tangerang,2025-12,154614,5.0,45,45,37.9,56.9,27.71,97.53,15.7,44.1,Low,synthetic_formula_with_seeded_noise,synthetic_prototype
REG-STA-055-2023-01,STA-055,batuceper,Batu Ceper,Tangerang,2023-01,130620,3.51,45,48,39.53,54.03,24.39,92.01,18.5,43.16,Low,synthetic_formula_with_seeded_noise,synthetic_prototype
REG-STA-055-2023-02,STA-055,batuceper,Batu Ceper,Tangerang,2023-02,138155,4.64,35,37,40.67,61.34,31.19,97.89,18.5,45.69,Medium,synthetic_formula_with_seeded_noise,synthetic_prototype
REG-STA-055-2023-03,STA-055,batuceper,Batu Ceper,Tangerang,2023-03,146219,4.26,36,31,35.78,53.12,27.56,103.55,18.5,48.56,Medium,synthetic_formula_with_seeded_noise,synthetic_prototype
REG-STA-055-2023-04,STA-055,batuceper,Batu Ceper,Tangerang,2023-04,137421,3.74,32,34,41.66,57.58,26.43,107.12,18.5,44.01,Low,synthetic_formula_with_seeded_noise,synthetic_prototype
REG-STA-055-2023-05,STA-055,batuceper,Batu Ceper,Tangerang,2023-05,144617,4.09,38,30,36.81,56.11,26.09,92.75,18.5,46.82,Medium,synthetic_formula_with_seeded_noise,synthetic_prototype
REG-STA-055-2023-06,STA-055,batuceper,Batu Ceper,Tangerang,2023-06,136417,5.14,37,31,41.08,56.74,26.77,99.55,18.5,45.7,Medium,synthetic_formula_with_seeded_noise,synthetic_prototype
REG-STA-055-2023-07,STA-055,batuceper,Batu Ceper,Tangerang,2023-07,125838,4.74,40,36,39.65,49.65,25.7,106.54,18.5,40.45,Low,synthetic_formula_with_seeded_noise,synthetic_prototype
REG-STA-055-2023-08,STA-055,batuceper,Batu Ceper,Tangerang,2023-08,156363,2.92,37,28,32.94,53.34,30.71,88.12,18.5,47.42,Medium,synthetic_formula_with_seeded_noise,synthetic_prototype
REG-STA-055-2023-09,STA-055,batuceper,Batu Ceper,Tangerang,2023-09,156728,3.33,33,26,39.92,52.07,28.5,109.73,18.5,43.87,Low,synthetic_formula_with_seeded_noise,synthetic_prototype
REG-STA-055-2023-10,STA-055,batuceper,Batu Ceper,Tangerang,2023-10,151308,3.55,30,36,42.61,62.96,27.76,94.78,18.5,46.25,Medium,synthetic_formula_with_seeded_noise,synthetic_prototype
REG-STA-055-2023-11,STA-055,batuceper,Batu Ceper,Tangerang,2023-11,157219,3.59,41,45,38.81,51.37,33.93,96.26,18.5,49.08,Medium,synthetic_formula_with_seeded_noise,synthetic_prototype
REG-STA-055-2023-12,STA-055,batuceper,Batu Ceper,Tangerang,2023-12,137083,3.8,42,41,38.31,50.48,27.7,91.57,18.5,43.47,Low,synthetic_formula_with_seeded_noise,synthetic_prototype
REG-STA-055-2024-01,STA-055,batuceper,Batu Ceper,Tangerang,2024-01,139136,3.58,42,35,40.5,61.03,35.43,98.92,18.5,47.02,Medium,synthetic_formula_with_seeded_noise,synthetic_prototype
REG-STA-055-2024-02,STA-055,batuceper,Batu Ceper,Tangerang,2024-02,154568,4.43,47,43,41.69,56.9,28.66,112.96,18.5,43.97,Low,synthetic_formula_with_seeded_noise,synthetic_prototype
REG-STA-055-2024-03,STA-055,batuceper,Batu Ceper,Tangerang,2024-03,159718,3.63,35,33,37.55,62.44,29.23,95.42,18.5,41.04,Low,synthetic_formula_with_seeded_noise,synthetic_prototype
REG-STA-055-2024-04,STA-055,batuceper,Batu Ceper,Tangerang,2024-04,146648,3.15,39,33,38.76,59.44,25.02,95.34,18.5,46.88,Medium,synthetic_formula_with_seeded_noise,synthetic_prototype
REG-STA-055-2024-05,STA-055,batuceper,Batu Ceper,Tangerang,2024-05,165385,3.47,35,30,39.23,57.13,24.25,85.33,18.5,47.8,Medium,synthetic_formula_with_seeded_noise,synthetic_prototype
REG-STA-055-2024-06,STA-055,batuceper,Batu Ceper,Tangerang,2024-06,141797,4.58,43,38,38.14,58.36,24.95,108.84,18.5,45.06,Medium,synthetic_formula_with_seeded_noise,synthetic_prototype
REG-STA-055-2024-07,STA-055,batuceper,Batu Ceper,Tangerang,2024-07,147189,4.48,32,28,41.09,55.08,28.49,95.41,18.5,44.88,Low,synthetic_formula_with_seeded_noise,synthetic_prototype
REG-STA-055-2024-08,STA-055,batuceper,Batu Ceper,Tangerang,2024-08,161693,3.04,37,37,40.79,57.13,31.88,99.58,18.5,49.74,Medium,synthetic_formula_with_seeded_noise,synthetic_prototype
REG-STA-055-2024-09,STA-055,batuceper,Batu Ceper,Tangerang,2024-09,163320,3.44,36,23,42.09,59.95,25.55,109.06,18.5,47.94,Medium,synthetic_formula_with_seeded_noise,synthetic_prototype
REG-STA-055-2024-10,STA-055,batuceper,Batu Ceper,Tangerang,2024-10,171731,3.69,39,41,39.43,57.77,26.16,100.74,18.5,51.25,Medium,synthetic_formula_with_seeded_noise,synthetic_prototype
REG-STA-055-2024-11,STA-055,batuceper,Batu Ceper,Tangerang,2024-11,156645,3.92,36,37,39.15,56.47,30.26,95.15,18.5,44.28,Low,synthetic_formula_with_seeded_noise,synthetic_prototype
REG-STA-055-2024-12,STA-055,batuceper,Batu Ceper,Tangerang,2024-12,141714,3.43,37,48,37.38,50.32,32.36,105.35,18.5,45.06,Medium,synthetic_formula_with_seeded_noise,synthetic_prototype
REG-STA-055-2025-01,STA-055,batuceper,Batu Ceper,Tangerang,2025-01,146059,3.99,37,44,40.9,58.84,31.28,116.21,18.5,52.73,Medium,synthetic_formula_with_seeded_noise,synthetic_prototype
REG-STA-055-2025-02,STA-055,batuceper,Batu Ceper,Tangerang,2025-02,140315,4.0,29,26,36.02,56.04,23.5,89.86,18.5,44.52,Low,synthetic_formula_with_seeded_noise,synthetic_prototype
REG-STA-055-2025-03,STA-055,batuceper,Batu Ceper,Tangerang,2025-03,168193,4.09,32,35,36.06,54.03,27.78,107.98,18.5,46.41,Medium,synthetic_formula_with_seeded_noise,synthetic_prototype
REG-STA-055-2025-04,STA-055,batuceper,Batu Ceper,Tangerang,2025-04,148098,3.69,38,34,39.48,52.63,27.27,106.08,18.5,40.96,Low,synthetic_formula_with_seeded_noise,synthetic_prototype
REG-STA-055-2025-05,STA-055,batuceper,Batu Ceper,Tangerang,2025-05,169349,4.47,42,36,35.66,52.12,23.33,91.88,18.5,46.23,Medium,synthetic_formula_with_seeded_noise,synthetic_prototype
REG-STA-055-2025-06,STA-055,batuceper,Batu Ceper,Tangerang,2025-06,152576,4.02,42,42,40.86,55.7,29.34,92.95,18.5,49.56,Medium,synthetic_formula_with_seeded_noise,synthetic_prototype
REG-STA-055-2025-07,STA-055,batuceper,Batu Ceper,Tangerang,2025-07,155656,3.86,25,25,37.14,52.4,25.79,95.04,18.5,48.77,Medium,synthetic_formula_with_seeded_noise,synthetic_prototype
REG-STA-055-2025-08,STA-055,batuceper,Batu Ceper,Tangerang,2025-08,158545,3.51,30,27,35.95,55.64,28.67,104.54,18.5,47.85,Medium,synthetic_formula_with_seeded_noise,synthetic_prototype
REG-STA-055-2025-09,STA-055,batuceper,Batu Ceper,Tangerang,2025-09,151423,4.56,35,35,40.12,54.79,26.49,108.89,18.5,42.48,Low,synthetic_formula_with_seeded_noise,synthetic_prototype
REG-STA-055-2025-10,STA-055,batuceper,Batu Ceper,Tangerang,2025-10,178448,3.5,40,41,42.14,52.84,28.35,101.0,18.5,46.58,Medium,synthetic_formula_with_seeded_noise,synthetic_prototype
REG-STA-055-2025-11,STA-055,batuceper,Batu Ceper,Tangerang,2025-11,188145,4.61,46,43,40.72,54.6,24.02,94.14,18.5,53.46,Medium,synthetic_formula_with_seeded_noise,synthetic_prototype
REG-STA-055-2025-12,STA-055,batuceper,Batu Ceper,Tangerang,2025-12,163545,3.37,37,33,38.76,49.54,27.2,107.5,18.5,46.72,Medium,synthetic_formula_with_seeded_noise,synthetic_prototype
REG-STA-056-2023-01,STA-056,tanahtinggi,Tanah Tinggi,Tangerang,2023-01,63283,6.25,23,25,43.72,54.29,25.23,98.88,20.4,45.16,Medium,synthetic_formula_with_seeded_noise,synthetic_prototype
REG-STA-056-2023-02,STA-056,tanahtinggi,Tanah Tinggi,Tangerang,2023-02,68030,5.82,22,22,48.87,59.49,25.73,75.59,20.4,46.58,Medium,synthetic_formula_with_seeded_noise,synthetic_prototype
REG-STA-056-2023-03,STA-056,tanahtinggi,Tanah Tinggi,Tangerang,2023-03,64220,4.69,30,33,49.24,55.83,27.03,94.97,20.4,49.77,Medium,synthetic_formula_with_seeded_noise,synthetic_prototype
REG-STA-056-2023-04,STA-056,tanahtinggi,Tanah Tinggi,Tangerang,2023-04,66260,5.78,27,32,46.7,62.97,29.79,91.64,20.4,53.42,Medium,synthetic_formula_with_seeded_noise,synthetic_prototype
REG-STA-056-2023-05,STA-056,tanahtinggi,Tanah Tinggi,Tangerang,2023-05,71052,5.67,25,22,46.2,57.76,28.65,98.65,20.4,48.62,Medium,synthetic_formula_with_seeded_noise,synthetic_prototype
REG-STA-056-2023-06,STA-056,tanahtinggi,Tanah Tinggi,Tangerang,2023-06,65589,6.51,21,9,49.7,63.58,25.08,84.09,20.4,48.81,Medium,synthetic_formula_with_seeded_noise,synthetic_prototype
REG-STA-056-2023-07,STA-056,tanahtinggi,Tanah Tinggi,Tangerang,2023-07,63018,5.65,21,23,47.12,60.39,29.11,99.79,20.4,44.21,Low,synthetic_formula_with_seeded_noise,synthetic_prototype
REG-STA-056-2023-08,STA-056,tanahtinggi,Tanah Tinggi,Tangerang,2023-08,68686,7.15,24,24,51.09,54.14,32.92,96.64,20.4,44.99,Low,synthetic_formula_with_seeded_noise,synthetic_prototype
REG-STA-056-2023-09,STA-056,tanahtinggi,Tanah Tinggi,Tangerang,2023-09,71969,6.84,17,15,47.63,58.63,26.86,97.13,20.4,54.48,Medium,synthetic_formula_with_seeded_noise,synthetic_prototype
REG-STA-056-2023-10,STA-056,tanahtinggi,Tanah Tinggi,Tangerang,2023-10,72594,4.91,28,38,44.17,56.97,23.4,93.64,20.4,48.57,Medium,synthetic_formula_with_seeded_noise,synthetic_prototype
REG-STA-056-2023-11,STA-056,tanahtinggi,Tanah Tinggi,Tangerang,2023-11,77485,5.89,23,24,53.29,59.55,24.43,85.35,20.4,54.52,Medium,synthetic_formula_with_seeded_noise,synthetic_prototype
REG-STA-056-2023-12,STA-056,tanahtinggi,Tanah Tinggi,Tangerang,2023-12,66012,6.17,28,24,46.37,60.64,22.89,89.28,20.4,44.93,Low,synthetic_formula_with_seeded_noise,synthetic_prototype
REG-STA-056-2024-01,STA-056,tanahtinggi,Tanah Tinggi,Tangerang,2024-01,62476,6.86,19,26,46.95,60.48,29.04,102.12,20.4,52.13,Medium,synthetic_formula_with_seeded_noise,synthetic_prototype
REG-STA-056-2024-02,STA-056,tanahtinggi,Tanah Tinggi,Tangerang,2024-02,68184,6.57,25,27,44.55,62.68,22.47,79.94,20.4,44.69,Low,synthetic_formula_with_seeded_noise,synthetic_prototype
REG-STA-056-2024-03,STA-056,tanahtinggi,Tanah Tinggi,Tangerang,2024-03,77951,5.17,19,16,42.35,53.8,26.95,97.9,20.4,43.02,Low,synthetic_formula_with_seeded_noise,synthetic_prototype
REG-STA-056-2024-04,STA-056,tanahtinggi,Tanah Tinggi,Tangerang,2024-04,75435,5.74,30,27,45.23,55.36,30.27,113.29,20.4,48.73,Medium,synthetic_formula_with_seeded_noise,synthetic_prototype
REG-STA-056-2024-05,STA-056,tanahtinggi,Tanah Tinggi,Tangerang,2024-05,77002,5.55,21,22,46.33,45.4,22.49,92.28,20.4,46.51,Medium,synthetic_formula_with_seeded_noise,synthetic_prototype
REG-STA-056-2024-06,STA-056,tanahtinggi,Tanah Tinggi,Tangerang,2024-06,68411,6.88,30,24,51.62,64.44,24.41,79.48,20.4,48.35,Medium,synthetic_formula_with_seeded_noise,synthetic_prototype
REG-STA-056-2024-07,STA-056,tanahtinggi,Tanah Tinggi,Tangerang,2024-07,60882,5.44,22,28,49.42,57.7,28.07,105.13,20.4,47.52,Medium,synthetic_formula_with_seeded_noise,synthetic_prototype
REG-STA-056-2024-08,STA-056,tanahtinggi,Tanah Tinggi,Tangerang,2024-08,72743,5.53,27,30,50.71,55.2,28.6,86.72,20.4,44.05,Low,synthetic_formula_with_seeded_noise,synthetic_prototype
REG-STA-056-2024-09,STA-056,tanahtinggi,Tanah Tinggi,Tangerang,2024-09,74132,5.58,21,24,44.34,53.94,28.9,101.09,20.4,46.92,Medium,synthetic_formula_with_seeded_noise,synthetic_prototype
REG-STA-056-2024-10,STA-056,tanahtinggi,Tanah Tinggi,Tangerang,2024-10,76776,6.2,28,29,45.08,59.03,32.7,96.06,20.4,49.51,Medium,synthetic_formula_with_seeded_noise,synthetic_prototype
REG-STA-056-2024-11,STA-056,tanahtinggi,Tanah Tinggi,Tangerang,2024-11,77477,5.84,24,25,45.77,61.5,35.42,99.15,20.4,50.14,Medium,synthetic_formula_with_seeded_noise,synthetic_prototype
REG-STA-056-2024-12,STA-056,tanahtinggi,Tanah Tinggi,Tangerang,2024-12,67946,5.29,25,23,47.08,59.01,24.89,91.85,20.4,49.24,Medium,synthetic_formula_with_seeded_noise,synthetic_prototype
REG-STA-056-2025-01,STA-056,tanahtinggi,Tanah Tinggi,Tangerang,2025-01,69467,5.69,25,20,49.8,57.95,29.15,84.23,20.4,46.24,Medium,synthetic_formula_with_seeded_noise,synthetic_prototype
REG-STA-056-2025-02,STA-056,tanahtinggi,Tanah Tinggi,Tangerang,2025-02,69786,4.82,30,33,44.28,61.89,28.02,81.72,20.4,47.34,Medium,synthetic_formula_with_seeded_noise,synthetic_prototype
REG-STA-056-2025-03,STA-056,tanahtinggi,Tanah Tinggi,Tangerang,2025-03,79015,6.45,20,20,45.6,63.56,28.66,99.91,20.4,49.96,Medium,synthetic_formula_with_seeded_noise,synthetic_prototype
REG-STA-056-2025-04,STA-056,tanahtinggi,Tanah Tinggi,Tangerang,2025-04,69885,5.91,27,24,42.89,60.65,24.82,93.97,20.4,48.93,Medium,synthetic_formula_with_seeded_noise,synthetic_prototype
REG-STA-056-2025-05,STA-056,tanahtinggi,Tanah Tinggi,Tangerang,2025-05,80343,6.44,29,19,49.83,56.93,30.72,100.02,20.4,48.91,Medium,synthetic_formula_with_seeded_noise,synthetic_prototype
REG-STA-056-2025-06,STA-056,tanahtinggi,Tanah Tinggi,Tangerang,2025-06,71844,5.12,28,30,47.76,59.32,28.1,98.48,20.4,50.72,Medium,synthetic_formula_with_seeded_noise,synthetic_prototype
REG-STA-056-2025-07,STA-056,tanahtinggi,Tanah Tinggi,Tangerang,2025-07,71811,5.71,27,27,43.27,54.45,25.56,82.82,20.4,48.81,Medium,synthetic_formula_with_seeded_noise,synthetic_prototype
REG-STA-056-2025-08,STA-056,tanahtinggi,Tanah Tinggi,Tangerang,2025-08,86693,6.04,28,22,45.95,60.67,27.41,96.63,20.4,48.0,Medium,synthetic_formula_with_seeded_noise,synthetic_prototype
REG-STA-056-2025-09,STA-056,tanahtinggi,Tanah Tinggi,Tangerang,2025-09,81633,5.9,32,30,50.57,62.27,27.46,93.45,20.4,51.34,Medium,synthetic_formula_with_seeded_noise,synthetic_prototype
REG-STA-056-2025-10,STA-056,tanahtinggi,Tanah Tinggi,Tangerang,2025-10,80985,6.53,27,34,45.52,58.31,31.48,90.38,20.4,52.38,Medium,synthetic_formula_with_seeded_noise,synthetic_prototype
REG-STA-056-2025-11,STA-056,tanahtinggi,Tanah Tinggi,Tangerang,2025-11,81818,6.09,21,17,48.9,59.43,33.56,99.59,20.4,52.85,Medium,synthetic_formula_with_seeded_noise,synthetic_prototype
REG-STA-056-2025-12,STA-056,tanahtinggi,Tanah Tinggi,Tangerang,2025-12,67571,6.21,25,25,46.3,62.46,25.64,99.04,20.4,53.7,Medium,synthetic_formula_with_seeded_noise,synthetic_prototype
REG-STA-057-2023-01,STA-057,tangerang,Tangerang,Tangerang,2023-01,576319,3.76,103,96,65.47,47.92,54.04,97.99,21.6,50.78,Medium,synthetic_formula_with_seeded_noise,synthetic_prototype
REG-STA-057-2023-02,STA-057,tangerang,Tangerang,Tangerang,2023-02,552098,4.76,99,103,63.84,47.87,67.52,108.02,21.6,61.5,Medium,synthetic_formula_with_seeded_noise,synthetic_prototype
REG-STA-057-2023-03,STA-057,tangerang,Tangerang,Tangerang,2023-03,578235,5.13,107,104,66.92,46.57,62.14,117.45,21.6,56.6,Medium,synthetic_formula_with_seeded_noise,synthetic_prototype
REG-STA-057-2023-04,STA-057,tangerang,Tangerang,Tangerang,2023-04,531112,5.77,96,90,66.71,47.25,63.15,104.93,21.6,54.45,Medium,synthetic_formula_with_seeded_noise,synthetic_prototype
REG-STA-057-2023-05,STA-057,tangerang,Tangerang,Tangerang,2023-05,568742,5.01,98,99,65.73,47.0,61.88,114.26,21.6,55.67,Medium,synthetic_formula_with_seeded_noise,synthetic_prototype
REG-STA-057-2023-06,STA-057,tangerang,Tangerang,Tangerang,2023-06,512798,5.09,106,110,66.69,46.62,59.79,111.9,21.6,64.73,Medium,synthetic_formula_with_seeded_noise,synthetic_prototype
REG-STA-057-2023-07,STA-057,tangerang,Tangerang,Tangerang,2023-07,541311,4.56,104,101,62.12,41.92,62.63,110.96,21.6,59.47,Medium,synthetic_formula_with_seeded_noise,synthetic_prototype
REG-STA-057-2023-08,STA-057,tangerang,Tangerang,Tangerang,2023-08,619352,4.68,104,104,63.34,47.38,65.3,99.62,21.6,59.58,Medium,synthetic_formula_with_seeded_noise,synthetic_prototype
REG-STA-057-2023-09,STA-057,tangerang,Tangerang,Tangerang,2023-09,585333,4.94,104,101,65.55,51.47,62.53,103.05,21.6,62.11,Medium,synthetic_formula_with_seeded_noise,synthetic_prototype
REG-STA-057-2023-10,STA-057,tangerang,Tangerang,Tangerang,2023-10,665716,5.26,100,89,60.05,41.04,58.46,98.03,21.6,59.74,Medium,synthetic_formula_with_seeded_noise,synthetic_prototype
REG-STA-057-2023-11,STA-057,tangerang,Tangerang,Tangerang,2023-11,624451,4.51,103,101,65.72,41.87,64.2,115.92,21.6,64.29,Medium,synthetic_formula_with_seeded_noise,synthetic_prototype
REG-STA-057-2023-12,STA-057,tangerang,Tangerang,Tangerang,2023-12,568663,4.92,109,108,65.99,48.75,62.72,117.67,21.6,64.18,Medium,synthetic_formula_with_seeded_noise,synthetic_prototype
REG-STA-057-2024-01,STA-057,tangerang,Tangerang,Tangerang,2024-01,517844,5.18,100,100,64.7,40.64,62.39,112.56,21.6,54.43,Medium,synthetic_formula_with_seeded_noise,synthetic_prototype
REG-STA-057-2024-02,STA-057,tangerang,Tangerang,Tangerang,2024-02,598498,5.68,106,101,66.34,45.29,63.18,115.7,21.6,65.72,Medium,synthetic_formula_with_seeded_noise,synthetic_prototype
REG-STA-057-2024-03,STA-057,tangerang,Tangerang,Tangerang,2024-03,598041,5.83,103,101,65.97,43.23,60.31,106.06,21.6,56.56,Medium,synthetic_formula_with_seeded_noise,synthetic_prototype
REG-STA-057-2024-04,STA-057,tangerang,Tangerang,Tangerang,2024-04,599291,5.53,103,101,64.35,47.89,61.81,127.81,21.6,59.27,Medium,synthetic_formula_with_seeded_noise,synthetic_prototype
REG-STA-057-2024-05,STA-057,tangerang,Tangerang,Tangerang,2024-05,696994,5.21,100,93,70.89,40.71,61.81,110.18,21.6,64.12,Medium,synthetic_formula_with_seeded_noise,synthetic_prototype
REG-STA-057-2024-06,STA-057,tangerang,Tangerang,Tangerang,2024-06,553724,5.59,103,99,68.01,39.63,61.47,99.71,21.6,57.65,Medium,synthetic_formula_with_seeded_noise,synthetic_prototype
REG-STA-057-2024-07,STA-057,tangerang,Tangerang,Tangerang,2024-07,505450,5.72,93,90,66.64,42.81,63.63,121.14,21.6,56.51,Medium,synthetic_formula_with_seeded_noise,synthetic_prototype
REG-STA-057-2024-08,STA-057,tangerang,Tangerang,Tangerang,2024-08,630059,4.55,103,108,65.0,46.64,63.06,111.39,21.6,65.77,Medium,synthetic_formula_with_seeded_noise,synthetic_prototype
REG-STA-057-2024-09,STA-057,tangerang,Tangerang,Tangerang,2024-09,684989,5.62,109,104,66.61,50.62,59.3,116.77,21.6,63.04,Medium,synthetic_formula_with_seeded_noise,synthetic_prototype
REG-STA-057-2024-10,STA-057,tangerang,Tangerang,Tangerang,2024-10,727704,4.23,114,120,66.66,46.58,62.54,111.39,21.6,72.75,High,synthetic_formula_with_seeded_noise,synthetic_prototype
REG-STA-057-2024-11,STA-057,tangerang,Tangerang,Tangerang,2024-11,635710,4.68,105,87,67.23,47.57,64.97,111.87,21.6,60.81,Medium,synthetic_formula_with_seeded_noise,synthetic_prototype
REG-STA-057-2024-12,STA-057,tangerang,Tangerang,Tangerang,2024-12,605404,4.16,107,104,66.98,46.03,63.15,112.5,21.6,63.62,Medium,synthetic_formula_with_seeded_noise,synthetic_prototype
REG-STA-057-2025-01,STA-057,tangerang,Tangerang,Tangerang,2025-01,574077,4.83,104,98,67.26,45.01,62.82,125.66,21.6,61.31,Medium,synthetic_formula_with_seeded_noise,synthetic_prototype
REG-STA-057-2025-02,STA-057,tangerang,Tangerang,Tangerang,2025-02,600180,5.42,110,105,65.24,43.82,61.65,111.56,21.6,65.06,Medium,synthetic_formula_with_seeded_noise,synthetic_prototype
REG-STA-057-2025-03,STA-057,tangerang,Tangerang,Tangerang,2025-03,642342,5.39,98,97,66.82,40.64,61.09,112.13,21.6,63.56,Medium,synthetic_formula_with_seeded_noise,synthetic_prototype
REG-STA-057-2025-04,STA-057,tangerang,Tangerang,Tangerang,2025-04,627089,4.86,100,105,67.36,42.61,65.27,121.71,21.6,63.13,Medium,synthetic_formula_with_seeded_noise,synthetic_prototype
REG-STA-057-2025-05,STA-057,tangerang,Tangerang,Tangerang,2025-05,653548,4.79,104,100,66.59,46.33,60.25,118.57,21.6,64.78,Medium,synthetic_formula_with_seeded_noise,synthetic_prototype
REG-STA-057-2025-06,STA-057,tangerang,Tangerang,Tangerang,2025-06,630675,4.35,105,101,64.07,44.94,59.58,119.3,21.6,65.37,Medium,synthetic_formula_with_seeded_noise,synthetic_prototype
REG-STA-057-2025-07,STA-057,tangerang,Tangerang,Tangerang,2025-07,590491,4.23,100,90,71.69,47.72,57.75,107.17,21.6,61.55,Medium,synthetic_formula_with_seeded_noise,synthetic_prototype
REG-STA-057-2025-08,STA-057,tangerang,Tangerang,Tangerang,2025-08,668969,4.89,106,101,66.15,47.41,63.16,102.72,21.6,64.08,Medium,synthetic_formula_with_seeded_noise,synthetic_prototype
REG-STA-057-2025-09,STA-057,tangerang,Tangerang,Tangerang,2025-09,679865,4.72,112,104,71.68,42.8,58.41,109.4,21.6,63.92,Medium,synthetic_formula_with_seeded_noise,synthetic_prototype
REG-STA-057-2025-10,STA-057,tangerang,Tangerang,Tangerang,2025-10,712982,3.59,105,99,70.17,42.9,59.92,99.37,21.6,64.12,Medium,synthetic_formula_with_seeded_noise,synthetic_prototype
REG-STA-057-2025-11,STA-057,tangerang,Tangerang,Tangerang,2025-11,725192,5.55,104,107,67.5,46.16,59.73,90.8,21.6,66.95,Medium,synthetic_formula_with_seeded_noise,synthetic_prototype
REG-STA-057-2025-12,STA-057,tangerang,Tangerang,Tangerang,2025-12,601672,5.19,108,100,64.85,47.14,67.06,118.16,21.6,60.67,Medium,synthetic_formula_with_seeded_noise,synthetic_prototype
REG-STA-058-2023-01,STA-058,palmerah,Palmerah,Rangkasbitung,2023-01,226442,10.46,62,61,39.06,42.3,28.02,119.2,4.6,46.51,Medium,synthetic_formula_with_seeded_noise,synthetic_prototype
REG-STA-058-2023-02,STA-058,palmerah,Palmerah,Rangkasbitung,2023-02,237397,9.74,66,61,36.69,44.51,30.62,117.88,4.6,42.89,Low,synthetic_formula_with_seeded_noise,synthetic_prototype
REG-STA-058-2023-03,STA-058,palmerah,Palmerah,Rangkasbitung,2023-03,244493,9.81,63,69,38.92,47.99,22.91,111.59,4.6,53.47,Medium,synthetic_formula_with_seeded_noise,synthetic_prototype
REG-STA-058-2023-04,STA-058,palmerah,Palmerah,Rangkasbitung,2023-04,237440,9.92,63,67,36.36,40.5,25.97,119.0,4.6,45.73,Medium,synthetic_formula_with_seeded_noise,synthetic_prototype
REG-STA-058-2023-05,STA-058,palmerah,Palmerah,Rangkasbitung,2023-05,261087,11.27,54,61,37.32,44.68,28.96,118.38,4.6,47.93,Medium,synthetic_formula_with_seeded_noise,synthetic_prototype
REG-STA-058-2023-06,STA-058,palmerah,Palmerah,Rangkasbitung,2023-06,246047,10.77,62,57,37.04,47.52,26.83,125.14,4.6,44.76,Low,synthetic_formula_with_seeded_noise,synthetic_prototype
REG-STA-058-2023-07,STA-058,palmerah,Palmerah,Rangkasbitung,2023-07,235007,9.72,62,69,40.07,48.6,25.25,122.14,4.6,47.25,Medium,synthetic_formula_with_seeded_noise,synthetic_prototype
REG-STA-058-2023-08,STA-058,palmerah,Palmerah,Rangkasbitung,2023-08,265614,10.62,68,76,40.63,43.67,32.31,115.56,4.6,52.75,Medium,synthetic_formula_with_seeded_noise,synthetic_prototype
REG-STA-058-2023-09,STA-058,palmerah,Palmerah,Rangkasbitung,2023-09,280560,10.16,59,63,41.84,46.0,27.6,118.72,4.6,49.25,Medium,synthetic_formula_with_seeded_noise,synthetic_prototype
REG-STA-058-2023-10,STA-058,palmerah,Palmerah,Rangkasbitung,2023-10,277544,9.47,63,62,36.73,54.89,25.98,117.65,4.6,56.49,Medium,synthetic_formula_with_seeded_noise,synthetic_prototype
REG-STA-058-2023-11,STA-058,palmerah,Palmerah,Rangkasbitung,2023-11,280811,10.6,65,64,37.32,52.96,30.45,105.27,4.6,54.85,Medium,synthetic_formula_with_seeded_noise,synthetic_prototype
REG-STA-058-2023-12,STA-058,palmerah,Palmerah,Rangkasbitung,2023-12,244471,9.5,61,54,35.2,47.12,29.65,121.21,4.6,48.96,Medium,synthetic_formula_with_seeded_noise,synthetic_prototype
REG-STA-058-2024-01,STA-058,palmerah,Palmerah,Rangkasbitung,2024-01,256910,10.68,63,66,36.55,42.51,30.35,129.68,4.6,58.47,Medium,synthetic_formula_with_seeded_noise,synthetic_prototype
REG-STA-058-2024-02,STA-058,palmerah,Palmerah,Rangkasbitung,2024-02,270054,11.04,65,68,34.13,44.16,32.22,128.55,4.6,49.65,Medium,synthetic_formula_with_seeded_noise,synthetic_prototype
REG-STA-058-2024-03,STA-058,palmerah,Palmerah,Rangkasbitung,2024-03,295382,10.01,60,62,40.12,48.8,30.63,127.88,4.6,56.49,Medium,synthetic_formula_with_seeded_noise,synthetic_prototype
REG-STA-058-2024-04,STA-058,palmerah,Palmerah,Rangkasbitung,2024-04,271370,9.14,65,70,34.69,50.31,24.92,108.82,4.6,50.87,Medium,synthetic_formula_with_seeded_noise,synthetic_prototype
REG-STA-058-2024-05,STA-058,palmerah,Palmerah,Rangkasbitung,2024-05,291960,10.19,57,57,39.3,46.54,28.99,127.12,4.6,50.58,Medium,synthetic_formula_with_seeded_noise,synthetic_prototype
REG-STA-058-2024-06,STA-058,palmerah,Palmerah,Rangkasbitung,2024-06,268390,9.35,66,70,36.92,46.84,23.25,122.79,4.6,56.66,Medium,synthetic_formula_with_seeded_noise,synthetic_prototype
REG-STA-058-2024-07,STA-058,palmerah,Palmerah,Rangkasbitung,2024-07,250794,10.98,55,58,34.52,44.67,28.16,107.43,4.6,47.68,Medium,synthetic_formula_with_seeded_noise,synthetic_prototype
REG-STA-058-2024-08,STA-058,palmerah,Palmerah,Rangkasbitung,2024-08,284251,9.41,61,67,37.97,45.55,26.95,129.79,4.6,50.4,Medium,synthetic_formula_with_seeded_noise,synthetic_prototype
REG-STA-058-2024-09,STA-058,palmerah,Palmerah,Rangkasbitung,2024-09,314210,9.97,68,69,34.92,45.54,24.53,118.53,4.6,55.16,Medium,synthetic_formula_with_seeded_noise,synthetic_prototype
REG-STA-058-2024-10,STA-058,palmerah,Palmerah,Rangkasbitung,2024-10,300179,9.89,59,68,40.3,52.03,28.02,141.64,4.6,54.87,Medium,synthetic_formula_with_seeded_noise,synthetic_prototype
REG-STA-058-2024-11,STA-058,palmerah,Palmerah,Rangkasbitung,2024-11,320032,10.45,63,68,37.74,48.05,27.71,125.96,4.6,52.86,Medium,synthetic_formula_with_seeded_noise,synthetic_prototype
REG-STA-058-2024-12,STA-058,palmerah,Palmerah,Rangkasbitung,2024-12,281885,10.15,66,66,40.51,47.62,23.76,121.16,4.6,54.8,Medium,synthetic_formula_with_seeded_noise,synthetic_prototype
REG-STA-058-2025-01,STA-058,palmerah,Palmerah,Rangkasbitung,2025-01,281747,10.25,60,55,38.06,44.52,25.75,122.55,4.6,54.75,Medium,synthetic_formula_with_seeded_noise,synthetic_prototype
REG-STA-058-2025-02,STA-058,palmerah,Palmerah,Rangkasbitung,2025-02,307918,10.86,67,71,35.9,53.94,23.97,123.92,4.6,52.7,Medium,synthetic_formula_with_seeded_noise,synthetic_prototype
REG-STA-058-2025-03,STA-058,palmerah,Palmerah,Rangkasbitung,2025-03,315132,10.45,64,67,39.0,44.15,21.84,125.21,4.6,52.43,Medium,synthetic_formula_with_seeded_noise,synthetic_prototype
REG-STA-058-2025-04,STA-058,palmerah,Palmerah,Rangkasbitung,2025-04,303532,9.61,57,50,37.31,43.52,27.63,124.45,4.6,45.94,Medium,synthetic_formula_with_seeded_noise,synthetic_prototype
REG-STA-058-2025-05,STA-058,palmerah,Palmerah,Rangkasbitung,2025-05,330026,10.85,65,64,34.92,46.09,21.82,111.43,4.6,51.2,Medium,synthetic_formula_with_seeded_noise,synthetic_prototype
REG-STA-058-2025-06,STA-058,palmerah,Palmerah,Rangkasbitung,2025-06,271869,10.7,60,59,42.08,51.53,31.06,109.35,4.6,57.14,Medium,synthetic_formula_with_seeded_noise,synthetic_prototype
REG-STA-058-2025-07,STA-058,palmerah,Palmerah,Rangkasbitung,2025-07,287920,9.94,61,60,39.57,44.66,28.66,121.53,4.6,52.81,Medium,synthetic_formula_with_seeded_noise,synthetic_prototype
REG-STA-058-2025-08,STA-058,palmerah,Palmerah,Rangkasbitung,2025-08,317483,11.42,62,56,37.94,41.5,31.41,120.42,4.6,49.39,Medium,synthetic_formula_with_seeded_noise,synthetic_prototype
REG-STA-058-2025-09,STA-058,palmerah,Palmerah,Rangkasbitung,2025-09,329463,9.27,61,63,39.6,41.35,28.85,111.85,4.6,56.27,Medium,synthetic_formula_with_seeded_noise,synthetic_prototype
REG-STA-058-2025-10,STA-058,palmerah,Palmerah,Rangkasbitung,2025-10,365658,10.67,67,71,37.17,41.19,28.52,122.24,4.6,55.57,Medium,synthetic_formula_with_seeded_noise,synthetic_prototype
REG-STA-058-2025-11,STA-058,palmerah,Palmerah,Rangkasbitung,2025-11,325281,10.15,58,63,37.78,46.83,30.36,119.47,4.6,52.7,Medium,synthetic_formula_with_seeded_noise,synthetic_prototype
REG-STA-058-2025-12,STA-058,palmerah,Palmerah,Rangkasbitung,2025-12,313975,10.63,60,60,37.02,45.32,28.67,122.18,4.6,50.44,Medium,synthetic_formula_with_seeded_noise,synthetic_prototype
REG-STA-059-2023-01,STA-059,kebayoran,Kebayoran,Rangkasbitung,2023-01,470066,11.08,82,82,52.79,48.57,30.01,129.17,9.1,52.76,Medium,synthetic_formula_with_seeded_noise,synthetic_prototype
REG-STA-059-2023-02,STA-059,kebayoran,Kebayoran,Rangkasbitung,2023-02,469429,11.66,80,74,46.76,36.0,30.58,133.36,9.1,47.13,Medium,synthetic_formula_with_seeded_noise,synthetic_prototype
REG-STA-059-2023-03,STA-059,kebayoran,Kebayoran,Rangkasbitung,2023-03,466393,10.43,77,87,50.99,38.94,29.12,125.03,9.1,45.17,Medium,synthetic_formula_with_seeded_noise,synthetic_prototype
REG-STA-059-2023-04,STA-059,kebayoran,Kebayoran,Rangkasbitung,2023-04,488332,10.57,82,93,47.48,38.84,29.63,124.15,9.1,56.53,Medium,synthetic_formula_with_seeded_noise,synthetic_prototype
REG-STA-059-2023-05,STA-059,kebayoran,Kebayoran,Rangkasbitung,2023-05,562608,10.71,83,92,45.08,43.23,29.73,128.86,9.1,51.46,Medium,synthetic_formula_with_seeded_noise,synthetic_prototype
REG-STA-059-2023-06,STA-059,kebayoran,Kebayoran,Rangkasbitung,2023-06,493080,10.59,87,90,45.05,43.69,31.06,122.65,9.1,47.45,Medium,synthetic_formula_with_seeded_noise,synthetic_prototype
REG-STA-059-2023-07,STA-059,kebayoran,Kebayoran,Rangkasbitung,2023-07,483090,11.18,85,93,46.24,46.0,25.61,125.4,9.1,50.28,Medium,synthetic_formula_with_seeded_noise,synthetic_prototype
REG-STA-059-2023-08,STA-059,kebayoran,Kebayoran,Rangkasbitung,2023-08,553211,10.15,86,82,46.24,41.78,28.6,127.8,9.1,54.5,Medium,synthetic_formula_with_seeded_noise,synthetic_prototype
REG-STA-059-2023-09,STA-059,kebayoran,Kebayoran,Rangkasbitung,2023-09,544575,9.39,86,94,49.16,42.05,24.59,117.95,9.1,51.3,Medium,synthetic_formula_with_seeded_noise,synthetic_prototype
REG-STA-059-2023-10,STA-059,kebayoran,Kebayoran,Rangkasbitung,2023-10,562560,10.33,90,83,48.16,39.2,28.03,124.9,9.1,56.54,Medium,synthetic_formula_with_seeded_noise,synthetic_prototype
REG-STA-059-2023-11,STA-059,kebayoran,Kebayoran,Rangkasbitung,2023-11,539324,10.67,83,94,50.85,49.81,26.19,116.65,9.1,49.97,Medium,synthetic_formula_with_seeded_noise,synthetic_prototype
REG-STA-059-2023-12,STA-059,kebayoran,Kebayoran,Rangkasbitung,2023-12,484762,10.39,86,87,44.53,42.35,27.27,127.12,9.1,56.69,Medium,synthetic_formula_with_seeded_noise,synthetic_prototype
REG-STA-059-2024-01,STA-059,kebayoran,Kebayoran,Rangkasbitung,2024-01,488195,10.21,85,97,47.7,43.67,22.4,116.8,9.1,44.85,Low,synthetic_formula_with_seeded_noise,synthetic_prototype
REG-STA-059-2024-02,STA-059,kebayoran,Kebayoran,Rangkasbitung,2024-02,527189,9.68,89,90,45.18,41.93,27.6,120.45,9.1,50.72,Medium,synthetic_formula_with_seeded_noise,synthetic_prototype
REG-STA-059-2024-03,STA-059,kebayoran,Kebayoran,Rangkasbitung,2024-03,610492,10.38,85,87,52.56,36.25,27.73,118.61,9.1,52.14,Medium,synthetic_formula_with_seeded_noise,synthetic_prototype
REG-STA-059-2024-04,STA-059,kebayoran,Kebayoran,Rangkasbitung,2024-04,531804,9.31,90,85,44.48,43.62,24.98,121.06,9.1,57.3,Medium,synthetic_formula_with_seeded_noise,synthetic_prototype
REG-STA-059-2024-05,STA-059,kebayoran,Kebayoran,Rangkasbitung,2024-05,588993,9.63,91,99,52.88,36.0,28.44,131.23,9.1,53.44,Medium,synthetic_formula_with_seeded_noise,synthetic_prototype
REG-STA-059-2024-06,STA-059,kebayoran,Kebayoran,Rangkasbitung,2024-06,545956,9.11,92,92,45.02,40.39,26.21,120.46,9.1,50.73,Medium,synthetic_formula_with_seeded_noise,synthetic_prototype
REG-STA-059-2024-07,STA-059,kebayoran,Kebayoran,Rangkasbitung,2024-07,540827,10.67,85,92,46.94,41.23,29.85,132.16,9.1,51.27,Medium,synthetic_formula_with_seeded_noise,synthetic_prototype
REG-STA-059-2024-08,STA-059,kebayoran,Kebayoran,Rangkasbitung,2024-08,588335,9.89,93,94,48.7,42.58,27.67,132.65,9.1,56.37,Medium,synthetic_formula_with_seeded_noise,synthetic_prototype
REG-STA-059-2024-09,STA-059,kebayoran,Kebayoran,Rangkasbitung,2024-09,597172,10.91,94,86,47.16,37.85,26.3,115.67,9.1,54.72,Medium,synthetic_formula_with_seeded_noise,synthetic_prototype
REG-STA-059-2024-10,STA-059,kebayoran,Kebayoran,Rangkasbitung,2024-10,665077,10.37,88,87,51.59,45.14,33.0,115.49,9.1,59.66,Medium,synthetic_formula_with_seeded_noise,synthetic_prototype
REG-STA-059-2024-11,STA-059,kebayoran,Kebayoran,Rangkasbitung,2024-11,666812,10.11,96,100,47.38,39.14,22.63,123.08,9.1,59.52,Medium,synthetic_formula_with_seeded_noise,synthetic_prototype
REG-STA-059-2024-12,STA-059,kebayoran,Kebayoran,Rangkasbitung,2024-12,575201,10.42,80,77,46.09,38.94,26.19,119.33,9.1,51.77,Medium,synthetic_formula_with_seeded_noise,synthetic_prototype
REG-STA-059-2025-01,STA-059,kebayoran,Kebayoran,Rangkasbitung,2025-01,569730,9.62,86,84,46.48,42.59,28.45,125.06,9.1,49.35,Medium,synthetic_formula_with_seeded_noise,synthetic_prototype
REG-STA-059-2025-02,STA-059,kebayoran,Kebayoran,Rangkasbitung,2025-02,588702,10.22,85,81,45.08,44.61,22.49,134.19,9.1,50.62,Medium,synthetic_formula_with_seeded_noise,synthetic_prototype
REG-STA-059-2025-03,STA-059,kebayoran,Kebayoran,Rangkasbitung,2025-03,660416,10.66,83,80,45.38,41.86,25.97,136.71,9.1,58.53,Medium,synthetic_formula_with_seeded_noise,synthetic_prototype
REG-STA-059-2025-04,STA-059,kebayoran,Kebayoran,Rangkasbitung,2025-04,616441,9.28,97,92,47.41,44.31,32.26,134.49,9.1,55.44,Medium,synthetic_formula_with_seeded_noise,synthetic_prototype
REG-STA-059-2025-05,STA-059,kebayoran,Kebayoran,Rangkasbitung,2025-05,674433,10.36,85,85,51.0,47.87,25.34,131.34,9.1,52.95,Medium,synthetic_formula_with_seeded_noise,synthetic_prototype
REG-STA-059-2025-06,STA-059,kebayoran,Kebayoran,Rangkasbitung,2025-06,611772,9.99,90,94,49.94,47.35,25.89,122.71,9.1,56.76,Medium,synthetic_formula_with_seeded_noise,synthetic_prototype
REG-STA-059-2025-07,STA-059,kebayoran,Kebayoran,Rangkasbitung,2025-07,568524,11.15,84,81,47.2,47.71,29.23,120.53,9.1,55.97,Medium,synthetic_formula_with_seeded_noise,synthetic_prototype
REG-STA-059-2025-08,STA-059,kebayoran,Kebayoran,Rangkasbitung,2025-08,636990,10.21,97,101,46.26,41.8,29.12,132.83,9.1,59.73,Medium,synthetic_formula_with_seeded_noise,synthetic_prototype
REG-STA-059-2025-09,STA-059,kebayoran,Kebayoran,Rangkasbitung,2025-09,643009,10.48,97,101,47.92,40.06,28.18,125.86,9.1,54.51,Medium,synthetic_formula_with_seeded_noise,synthetic_prototype
REG-STA-059-2025-10,STA-059,kebayoran,Kebayoran,Rangkasbitung,2025-10,668564,9.83,92,94,48.67,45.9,26.11,139.99,9.1,60.27,Medium,synthetic_formula_with_seeded_noise,synthetic_prototype
REG-STA-059-2025-11,STA-059,kebayoran,Kebayoran,Rangkasbitung,2025-11,765794,9.78,94,91,48.13,39.37,26.3,120.89,9.1,60.28,Medium,synthetic_formula_with_seeded_noise,synthetic_prototype
REG-STA-059-2025-12,STA-059,kebayoran,Kebayoran,Rangkasbitung,2025-12,638447,9.98,83,94,45.98,43.93,26.98,138.44,9.1,52.02,Medium,synthetic_formula_with_seeded_noise,synthetic_prototype
REG-STA-060-2023-01,STA-060,pondokranji,Pondok Ranji,Rangkasbitung,2023-01,238292,8.62,56,56,43.3,47.66,29.88,101.94,16.2,51.09,Medium,synthetic_formula_with_seeded_noise,synthetic_prototype
REG-STA-060-2023-02,STA-060,pondokranji,Pondok Ranji,Rangkasbitung,2023-02,251889,8.85,58,56,39.52,48.64,26.12,102.27,16.2,45.45,Medium,synthetic_formula_with_seeded_noise,synthetic_prototype
REG-STA-060-2023-03,STA-060,pondokranji,Pondok Ranji,Rangkasbitung,2023-03,256963,8.05,53,50,45.56,53.64,27.0,112.05,16.2,53.87,Medium,synthetic_formula_with_seeded_noise,synthetic_prototype
REG-STA-060-2023-04,STA-060,pondokranji,Pondok Ranji,Rangkasbitung,2023-04,241064,8.27,51,49,40.82,45.84,23.94,121.16,16.2,40.12,Low,synthetic_formula_with_seeded_noise,synthetic_prototype
REG-STA-060-2023-05,STA-060,pondokranji,Pondok Ranji,Rangkasbitung,2023-05,266162,7.94,61,58,43.67,50.15,28.02,110.62,16.2,56.62,Medium,synthetic_formula_with_seeded_noise,synthetic_prototype
REG-STA-060-2023-06,STA-060,pondokranji,Pondok Ranji,Rangkasbitung,2023-06,243449,7.46,55,50,41.95,52.61,31.05,108.45,16.2,50.51,Medium,synthetic_formula_with_seeded_noise,synthetic_prototype
REG-STA-060-2023-07,STA-060,pondokranji,Pondok Ranji,Rangkasbitung,2023-07,219133,8.47,55,56,40.49,49.9,27.73,102.28,16.2,43.19,Low,synthetic_formula_with_seeded_noise,synthetic_prototype
REG-STA-060-2023-08,STA-060,pondokranji,Pondok Ranji,Rangkasbitung,2023-08,239364,7.5,48,45,43.11,55.49,25.95,97.47,16.2,46.32,Medium,synthetic_formula_with_seeded_noise,synthetic_prototype
REG-STA-060-2023-09,STA-060,pondokranji,Pondok Ranji,Rangkasbitung,2023-09,265350,8.38,58,55,39.45,54.11,28.67,114.42,16.2,53.14,Medium,synthetic_formula_with_seeded_noise,synthetic_prototype
REG-STA-060-2023-10,STA-060,pondokranji,Pondok Ranji,Rangkasbitung,2023-10,265450,8.9,50,49,40.39,51.58,29.39,105.03,16.2,53.63,Medium,synthetic_formula_with_seeded_noise,synthetic_prototype
REG-STA-060-2023-11,STA-060,pondokranji,Pondok Ranji,Rangkasbitung,2023-11,270873,8.8,56,55,42.98,55.13,29.24,115.62,16.2,54.48,Medium,synthetic_formula_with_seeded_noise,synthetic_prototype
REG-STA-060-2023-12,STA-060,pondokranji,Pondok Ranji,Rangkasbitung,2023-12,244033,7.42,49,54,39.24,46.86,23.1,102.77,16.2,48.25,Medium,synthetic_formula_with_seeded_noise,synthetic_prototype
REG-STA-060-2024-01,STA-060,pondokranji,Pondok Ranji,Rangkasbitung,2024-01,263092,8.73,53,47,39.92,43.53,28.95,99.88,16.2,48.58,Medium,synthetic_formula_with_seeded_noise,synthetic_prototype
REG-STA-060-2024-02,STA-060,pondokranji,Pondok Ranji,Rangkasbitung,2024-02,262178,9.02,53,45,43.15,50.41,30.56,113.83,16.2,57.2,Medium,synthetic_formula_with_seeded_noise,synthetic_prototype
REG-STA-060-2024-03,STA-060,pondokranji,Pondok Ranji,Rangkasbitung,2024-03,281653,7.79,61,65,42.65,49.39,29.09,112.06,16.2,52.65,Medium,synthetic_formula_with_seeded_noise,synthetic_prototype
REG-STA-060-2024-04,STA-060,pondokranji,Pondok Ranji,Rangkasbitung,2024-04,282548,9.12,59,56,39.46,47.46,27.72,99.21,16.2,58.64,Medium,synthetic_formula_with_seeded_noise,synthetic_prototype
REG-STA-060-2024-05,STA-060,pondokranji,Pondok Ranji,Rangkasbitung,2024-05,305092,9.01,49,52,40.6,48.83,26.43,121.23,16.2,57.79,Medium,synthetic_formula_with_seeded_noise,synthetic_prototype
REG-STA-060-2024-06,STA-060,pondokranji,Pondok Ranji,Rangkasbitung,2024-06,283050,9.02,57,59,43.61,51.8,25.93,102.3,16.2,51.64,Medium,synthetic_formula_with_seeded_noise,synthetic_prototype
REG-STA-060-2024-07,STA-060,pondokranji,Pondok Ranji,Rangkasbitung,2024-07,269019,8.54,62,70,40.46,43.95,23.83,98.9,16.2,48.54,Medium,synthetic_formula_with_seeded_noise,synthetic_prototype
REG-STA-060-2024-08,STA-060,pondokranji,Pondok Ranji,Rangkasbitung,2024-08,279291,7.99,57,57,45.83,54.89,28.62,118.66,16.2,54.34,Medium,synthetic_formula_with_seeded_noise,synthetic_prototype
REG-STA-060-2024-09,STA-060,pondokranji,Pondok Ranji,Rangkasbitung,2024-09,318768,8.04,56,53,42.4,53.55,31.45,106.76,16.2,54.88,Medium,synthetic_formula_with_seeded_noise,synthetic_prototype
REG-STA-060-2024-10,STA-060,pondokranji,Pondok Ranji,Rangkasbitung,2024-10,302076,9.78,56,56,44.82,44.72,31.65,110.13,16.2,49.51,Medium,synthetic_formula_with_seeded_noise,synthetic_prototype
REG-STA-060-2024-11,STA-060,pondokranji,Pondok Ranji,Rangkasbitung,2024-11,306936,7.76,57,62,42.34,50.09,25.38,100.03,16.2,57.53,Medium,synthetic_formula_with_seeded_noise,synthetic_prototype
REG-STA-060-2024-12,STA-060,pondokranji,Pondok Ranji,Rangkasbitung,2024-12,279534,8.05,53,55,43.19,50.53,25.52,115.01,16.2,48.51,Medium,synthetic_formula_with_seeded_noise,synthetic_prototype
REG-STA-060-2025-01,STA-060,pondokranji,Pondok Ranji,Rangkasbitung,2025-01,272511,8.42,51,48,40.67,47.36,26.61,103.6,16.2,51.04,Medium,synthetic_formula_with_seeded_noise,synthetic_prototype
REG-STA-060-2025-02,STA-060,pondokranji,Pondok Ranji,Rangkasbitung,2025-02,281935,8.85,53,45,42.58,48.86,29.7,111.03,16.2,57.26,Medium,synthetic_formula_with_seeded_noise,synthetic_prototype
REG-STA-060-2025-03,STA-060,pondokranji,Pondok Ranji,Rangkasbitung,2025-03,326258,8.31,55,54,45.65,56.62,25.88,106.43,16.2,52.06,Medium,synthetic_formula_with_seeded_noise,synthetic_prototype
REG-STA-060-2025-04,STA-060,pondokranji,Pondok Ranji,Rangkasbitung,2025-04,310741,7.76,60,54,44.19,50.93,26.82,111.71,16.2,58.92,Medium,synthetic_formula_with_seeded_noise,synthetic_prototype
REG-STA-060-2025-05,STA-060,pondokranji,Pondok Ranji,Rangkasbitung,2025-05,336930,7.23,63,57,44.85,44.32,29.47,103.13,16.2,54.26,Medium,synthetic_formula_with_seeded_noise,synthetic_prototype
REG-STA-060-2025-06,STA-060,pondokranji,Pondok Ranji,Rangkasbitung,2025-06,291478,9.69,57,54,39.13,47.4,29.73,106.58,16.2,49.16,Medium,synthetic_formula_with_seeded_noise,synthetic_prototype
REG-STA-060-2025-07,STA-060,pondokranji,Pondok Ranji,Rangkasbitung,2025-07,286634,7.94,52,49,43.54,46.1,31.22,106.59,16.2,55.05,Medium,synthetic_formula_with_seeded_noise,synthetic_prototype
REG-STA-060-2025-08,STA-060,pondokranji,Pondok Ranji,Rangkasbitung,2025-08,330772,8.59,61,68,40.89,47.69,25.42,107.12,16.2,55.02,Medium,synthetic_formula_with_seeded_noise,synthetic_prototype
REG-STA-060-2025-09,STA-060,pondokranji,Pondok Ranji,Rangkasbitung,2025-09,337248,9.35,68,74,42.18,47.43,30.81,100.38,16.2,58.25,Medium,synthetic_formula_with_seeded_noise,synthetic_prototype
REG-STA-060-2025-10,STA-060,pondokranji,Pondok Ranji,Rangkasbitung,2025-10,315007,8.1,64,64,40.48,54.17,25.54,102.73,16.2,55.18,Medium,synthetic_formula_with_seeded_noise,synthetic_prototype
REG-STA-060-2025-11,STA-060,pondokranji,Pondok Ranji,Rangkasbitung,2025-11,339346,9.51,62,66,43.14,50.95,31.85,115.02,16.2,56.03,Medium,synthetic_formula_with_seeded_noise,synthetic_prototype
REG-STA-060-2025-12,STA-060,pondokranji,Pondok Ranji,Rangkasbitung,2025-12,293728,8.62,55,52,40.03,51.18,24.44,111.18,16.2,53.53,Medium,synthetic_formula_with_seeded_noise,synthetic_prototype
REG-STA-061-2023-01,STA-061,jurangmangu,Jurangmangu,Rangkasbitung,2023-01,228348,8.53,80,81,49.6,48.33,28.16,108.8,15.5,49.13,Medium,synthetic_formula_with_seeded_noise,synthetic_prototype
REG-STA-061-2023-02,STA-061,jurangmangu,Jurangmangu,Rangkasbitung,2023-02,254278,8.72,79,84,50.74,44.24,24.45,112.11,15.5,55.7,Medium,synthetic_formula_with_seeded_noise,synthetic_prototype
REG-STA-061-2023-03,STA-061,jurangmangu,Jurangmangu,Rangkasbitung,2023-03,261782,9.45,76,70,48.62,46.66,25.39,118.66,15.5,49.76,Medium,synthetic_formula_with_seeded_noise,synthetic_prototype
REG-STA-061-2023-04,STA-061,jurangmangu,Jurangmangu,Rangkasbitung,2023-04,248435,7.94,74,72,50.71,51.74,25.86,103.55,15.5,47.39,Medium,synthetic_formula_with_seeded_noise,synthetic_prototype
REG-STA-061-2023-05,STA-061,jurangmangu,Jurangmangu,Rangkasbitung,2023-05,272781,8.28,75,79,47.76,40.39,34.62,120.7,15.5,46.89,Medium,synthetic_formula_with_seeded_noise,synthetic_prototype
REG-STA-061-2023-06,STA-061,jurangmangu,Jurangmangu,Rangkasbitung,2023-06,226903,9.1,73,76,46.33,44.79,25.79,96.04,15.5,41.57,Low,synthetic_formula_with_seeded_noise,synthetic_prototype
REG-STA-061-2023-07,STA-061,jurangmangu,Jurangmangu,Rangkasbitung,2023-07,242231,7.61,81,84,54.37,44.3,22.52,109.41,15.5,44.37,Low,synthetic_formula_with_seeded_noise,synthetic_prototype
REG-STA-061-2023-08,STA-061,jurangmangu,Jurangmangu,Rangkasbitung,2023-08,262774,8.16,82,79,53.53,44.66,34.45,120.14,15.5,49.79,Medium,synthetic_formula_with_seeded_noise,synthetic_prototype
REG-STA-061-2023-09,STA-061,jurangmangu,Jurangmangu,Rangkasbitung,2023-09,278602,8.91,83,76,47.79,44.63,25.74,106.55,15.5,53.41,Medium,synthetic_formula_with_seeded_noise,synthetic_prototype
REG-STA-061-2023-10,STA-061,jurangmangu,Jurangmangu,Rangkasbitung,2023-10,267112,7.42,85,79,53.8,50.4,31.25,100.63,15.5,53.17,Medium,synthetic_formula_with_seeded_noise,synthetic_prototype
REG-STA-061-2023-11,STA-061,jurangmangu,Jurangmangu,Rangkasbitung,2023-11,259309,7.19,82,90,46.53,50.4,31.21,100.32,15.5,58.16,Medium,synthetic_formula_with_seeded_noise,synthetic_prototype
REG-STA-061-2023-12,STA-061,jurangmangu,Jurangmangu,Rangkasbitung,2023-12,253516,7.95,83,79,49.33,50.61,29.48,119.28,15.5,51.73,Medium,synthetic_formula_with_seeded_noise,synthetic_prototype
REG-STA-061-2024-01,STA-061,jurangmangu,Jurangmangu,Rangkasbitung,2024-01,283128,7.88,81,80,49.87,41.28,32.4,92.16,15.5,50.93,Medium,synthetic_formula_with_seeded_noise,synthetic_prototype
REG-STA-061-2024-02,STA-061,jurangmangu,Jurangmangu,Rangkasbitung,2024-02,304641,7.99,84,87,47.82,45.77,29.18,99.15,15.5,53.38,Medium,synthetic_formula_with_seeded_noise,synthetic_prototype
REG-STA-061-2024-03,STA-061,jurangmangu,Jurangmangu,Rangkasbitung,2024-03,298401,8.53,79,79,48.65,46.02,28.28,105.2,15.5,51.66,Medium,synthetic_formula_with_seeded_noise,synthetic_prototype
REG-STA-061-2024-04,STA-061,jurangmangu,Jurangmangu,Rangkasbitung,2024-04,274736,8.58,76,73,47.9,44.56,28.48,92.63,15.5,48.08,Medium,synthetic_formula_with_seeded_noise,synthetic_prototype
REG-STA-061-2024-05,STA-061,jurangmangu,Jurangmangu,Rangkasbitung,2024-05,306486,9.62,85,81,46.06,53.28,25.25,97.69,15.5,62.12,Medium,synthetic_formula_with_seeded_noise,synthetic_prototype
REG-STA-061-2024-06,STA-061,jurangmangu,Jurangmangu,Rangkasbitung,2024-06,277540,7.73,80,71,43.48,41.71,25.53,98.06,15.5,45.3,Medium,synthetic_formula_with_seeded_noise,synthetic_prototype
REG-STA-061-2024-07,STA-061,jurangmangu,Jurangmangu,Rangkasbitung,2024-07,258834,8.11,76,73,47.76,45.02,26.31,116.63,15.5,49.09,Medium,synthetic_formula_with_seeded_noise,synthetic_prototype
REG-STA-061-2024-08,STA-061,jurangmangu,Jurangmangu,Rangkasbitung,2024-08,318495,7.57,80,71,46.27,41.69,27.27,98.56,15.5,52.15,Medium,synthetic_formula_with_seeded_noise,synthetic_prototype
REG-STA-061-2024-09,STA-061,jurangmangu,Jurangmangu,Rangkasbitung,2024-09,308712,8.26,77,76,48.76,48.51,24.02,90.56,15.5,58.01,Medium,synthetic_formula_with_seeded_noise,synthetic_prototype
REG-STA-061-2024-10,STA-061,jurangmangu,Jurangmangu,Rangkasbitung,2024-10,320901,9.11,75,70,49.59,48.79,25.79,105.54,15.5,48.27,Medium,synthetic_formula_with_seeded_noise,synthetic_prototype
REG-STA-061-2024-11,STA-061,jurangmangu,Jurangmangu,Rangkasbitung,2024-11,320027,9.18,84,71,49.29,49.21,27.09,102.73,15.5,60.54,Medium,synthetic_formula_with_seeded_noise,synthetic_prototype
REG-STA-061-2024-12,STA-061,jurangmangu,Jurangmangu,Rangkasbitung,2024-12,281431,8.56,80,88,51.35,46.79,31.29,101.07,15.5,51.64,Medium,synthetic_formula_with_seeded_noise,synthetic_prototype
REG-STA-061-2025-01,STA-061,jurangmangu,Jurangmangu,Rangkasbitung,2025-01,290099,7.44,81,64,48.84,50.68,26.66,110.12,15.5,51.58,Medium,synthetic_formula_with_seeded_noise,synthetic_prototype
REG-STA-061-2025-02,STA-061,jurangmangu,Jurangmangu,Rangkasbitung,2025-02,333229,8.79,85,88,52.02,44.04,26.65,101.47,15.5,59.82,Medium,synthetic_formula_with_seeded_noise,synthetic_prototype
REG-STA-061-2025-03,STA-061,jurangmangu,Jurangmangu,Rangkasbitung,2025-03,324793,8.39,77,76,52.12,45.92,28.17,108.04,15.5,62.38,Medium,synthetic_formula_with_seeded_noise,synthetic_prototype
REG-STA-061-2025-04,STA-061,jurangmangu,Jurangmangu,Rangkasbitung,2025-04,300270,7.91,90,87,47.95,44.86,27.16,111.84,15.5,51.4,Medium,synthetic_formula_with_seeded_noise,synthetic_prototype
REG-STA-061-2025-05,STA-061,jurangmangu,Jurangmangu,Rangkasbitung,2025-05,341847,8.98,82,74,46.13,53.49,25.53,105.35,15.5,53.88,Medium,synthetic_formula_with_seeded_noise,synthetic_prototype
REG-STA-061-2025-06,STA-061,jurangmangu,Jurangmangu,Rangkasbitung,2025-06,300167,8.48,77,75,51.26,48.18,30.67,102.73,15.5,57.55,Medium,synthetic_formula_with_seeded_noise,synthetic_prototype
REG-STA-061-2025-07,STA-061,jurangmangu,Jurangmangu,Rangkasbitung,2025-07,292920,7.88,84,77,52.99,47.95,26.4,112.65,15.5,58.57,Medium,synthetic_formula_with_seeded_noise,synthetic_prototype
REG-STA-061-2025-08,STA-061,jurangmangu,Jurangmangu,Rangkasbitung,2025-08,334415,8.34,85,83,47.83,47.84,27.83,104.83,15.5,57.9,Medium,synthetic_formula_with_seeded_noise,synthetic_prototype
REG-STA-061-2025-09,STA-061,jurangmangu,Jurangmangu,Rangkasbitung,2025-09,363740,8.75,79,81,48.16,55.44,29.85,106.1,15.5,55.68,Medium,synthetic_formula_with_seeded_noise,synthetic_prototype
REG-STA-061-2025-10,STA-061,jurangmangu,Jurangmangu,Rangkasbitung,2025-10,330058,8.98,79,72,51.75,51.04,26.72,110.51,15.5,60.59,Medium,synthetic_formula_with_seeded_noise,synthetic_prototype
REG-STA-061-2025-11,STA-061,jurangmangu,Jurangmangu,Rangkasbitung,2025-11,348983,8.04,87,82,53.19,46.82,28.92,102.95,15.5,64.68,Medium,synthetic_formula_with_seeded_noise,synthetic_prototype
REG-STA-061-2025-12,STA-061,jurangmangu,Jurangmangu,Rangkasbitung,2025-12,292816,9.2,79,79,47.07,50.65,20.3,104.98,15.5,51.2,Medium,synthetic_formula_with_seeded_noise,synthetic_prototype
REG-STA-062-2023-01,STA-062,sudimara,Sudimara,Rangkasbitung,2023-01,236066,9.07,53,54,43.74,50.5,25.87,104.19,17.3,53.24,Medium,synthetic_formula_with_seeded_noise,synthetic_prototype
REG-STA-062-2023-02,STA-062,sudimara,Sudimara,Rangkasbitung,2023-02,231645,7.92,55,62,48.36,52.68,26.18,102.02,17.3,45.53,Medium,synthetic_formula_with_seeded_noise,synthetic_prototype
REG-STA-062-2023-03,STA-062,sudimara,Sudimara,Rangkasbitung,2023-03,249416,7.81,60,64,43.61,56.3,25.98,114.28,17.3,52.43,Medium,synthetic_formula_with_seeded_noise,synthetic_prototype
REG-STA-062-2023-04,STA-062,sudimara,Sudimara,Rangkasbitung,2023-04,256535,8.16,64,60,47.51,50.43,26.59,106.72,17.3,50.78,Medium,synthetic_formula_with_seeded_noise,synthetic_prototype
REG-STA-062-2023-05,STA-062,sudimara,Sudimara,Rangkasbitung,2023-05,253494,8.07,57,62,42.61,57.6,26.4,106.52,17.3,52.04,Medium,synthetic_formula_with_seeded_noise,synthetic_prototype
REG-STA-062-2023-06,STA-062,sudimara,Sudimara,Rangkasbitung,2023-06,253353,8.16,61,53,44.06,58.31,27.16,93.64,17.3,56.43,Medium,synthetic_formula_with_seeded_noise,synthetic_prototype
REG-STA-062-2023-07,STA-062,sudimara,Sudimara,Rangkasbitung,2023-07,224186,8.6,52,48,45.99,54.74,26.82,105.83,17.3,47.24,Medium,synthetic_formula_with_seeded_noise,synthetic_prototype
REG-STA-062-2023-08,STA-062,sudimara,Sudimara,Rangkasbitung,2023-08,270303,9.39,61,46,43.26,53.69,21.65,111.19,17.3,48.9,Medium,synthetic_formula_with_seeded_noise,synthetic_prototype
REG-STA-062-2023-09,STA-062,sudimara,Sudimara,Rangkasbitung,2023-09,267758,8.03,58,51,44.17,55.63,26.42,111.71,17.3,53.12,Medium,synthetic_formula_with_seeded_noise,synthetic_prototype
REG-STA-062-2023-10,STA-062,sudimara,Sudimara,Rangkasbitung,2023-10,285810,8.74,62,57,44.37,51.3,29.35,101.6,17.3,50.1,Medium,synthetic_formula_with_seeded_noise,synthetic_prototype
REG-STA-062-2023-11,STA-062,sudimara,Sudimara,Rangkasbitung,2023-11,270475,9.22,65,57,46.33,50.98,27.18,111.34,17.3,51.66,Medium,synthetic_formula_with_seeded_noise,synthetic_prototype
REG-STA-062-2023-12,STA-062,sudimara,Sudimara,Rangkasbitung,2023-12,243886,9.15,53,56,43.82,55.12,30.42,109.42,17.3,49.19,Medium,synthetic_formula_with_seeded_noise,synthetic_prototype
REG-STA-062-2024-01,STA-062,sudimara,Sudimara,Rangkasbitung,2024-01,270996,8.41,53,47,42.31,51.38,26.33,96.04,17.3,53.15,Medium,synthetic_formula_with_seeded_noise,synthetic_prototype
REG-STA-062-2024-02,STA-062,sudimara,Sudimara,Rangkasbitung,2024-02,264248,8.74,58,60,44.47,53.9,28.36,105.2,17.3,53.56,Medium,synthetic_formula_with_seeded_noise,synthetic_prototype
REG-STA-062-2024-03,STA-062,sudimara,Sudimara,Rangkasbitung,2024-03,284824,9.07,61,65,40.34,56.05,28.28,113.27,17.3,54.4,Medium,synthetic_formula_with_seeded_noise,synthetic_prototype
REG-STA-062-2024-04,STA-062,sudimara,Sudimara,Rangkasbitung,2024-04,264585,9.54,65,60,41.61,54.39,31.79,109.67,17.3,55.3,Medium,synthetic_formula_with_seeded_noise,synthetic_prototype
REG-STA-062-2024-05,STA-062,sudimara,Sudimara,Rangkasbitung,2024-05,305346,8.35,63,66,44.6,50.43,20.86,100.56,17.3,52.04,Medium,synthetic_formula_with_seeded_noise,synthetic_prototype
REG-STA-062-2024-06,STA-062,sudimara,Sudimara,Rangkasbitung,2024-06,276375,7.86,57,56,41.68,57.51,26.26,98.77,17.3,53.13,Medium,synthetic_formula_with_seeded_noise,synthetic_prototype
REG-STA-062-2024-07,STA-062,sudimara,Sudimara,Rangkasbitung,2024-07,266998,8.69,58,62,45.71,54.59,30.09,110.51,17.3,49.13,Medium,synthetic_formula_with_seeded_noise,synthetic_prototype
REG-STA-062-2024-08,STA-062,sudimara,Sudimara,Rangkasbitung,2024-08,317061,8.77,61,58,44.96,56.87,30.71,99.8,17.3,55.36,Medium,synthetic_formula_with_seeded_noise,synthetic_prototype
REG-STA-062-2024-09,STA-062,sudimara,Sudimara,Rangkasbitung,2024-09,305828,7.59,59,58,46.12,48.15,25.65,107.92,17.3,57.83,Medium,synthetic_formula_with_seeded_noise,synthetic_prototype
REG-STA-062-2024-10,STA-062,sudimara,Sudimara,Rangkasbitung,2024-10,323053,8.18,60,65,41.95,55.14,31.96,95.22,17.3,59.03,Medium,synthetic_formula_with_seeded_noise,synthetic_prototype
REG-STA-062-2024-11,STA-062,sudimara,Sudimara,Rangkasbitung,2024-11,298111,8.98,61,58,41.69,49.16,25.92,100.89,17.3,52.58,Medium,synthetic_formula_with_seeded_noise,synthetic_prototype
REG-STA-062-2024-12,STA-062,sudimara,Sudimara,Rangkasbitung,2024-12,272478,8.88,56,65,45.49,51.08,25.75,114.22,17.3,47.31,Medium,synthetic_formula_with_seeded_noise,synthetic_prototype
REG-STA-062-2025-01,STA-062,sudimara,Sudimara,Rangkasbitung,2025-01,294481,8.14,63,68,44.25,57.51,24.29,105.6,17.3,48.87,Medium,synthetic_formula_with_seeded_noise,synthetic_prototype
REG-STA-062-2025-02,STA-062,sudimara,Sudimara,Rangkasbitung,2025-02,286743,8.37,62,60,43.58,55.93,20.55,100.41,17.3,55.29,Medium,synthetic_formula_with_seeded_noise,synthetic_prototype
REG-STA-062-2025-03,STA-062,sudimara,Sudimara,Rangkasbitung,2025-03,314745,8.73,65,66,45.53,57.03,23.93,99.98,17.3,61.2,Medium,synthetic_formula_with_seeded_noise,synthetic_prototype
REG-STA-062-2025-04,STA-062,sudimara,Sudimara,Rangkasbitung,2025-04,300495,8.86,64,63,45.09,53.03,24.52,103.16,17.3,48.2,Medium,synthetic_formula_with_seeded_noise,synthetic_prototype
REG-STA-062-2025-05,STA-062,sudimara,Sudimara,Rangkasbitung,2025-05,342560,8.52,69,70,50.28,53.46,31.16,109.24,17.3,65.84,Medium,synthetic_formula_with_seeded_noise,synthetic_prototype
REG-STA-062-2025-06,STA-062,sudimara,Sudimara,Rangkasbitung,2025-06,305300,8.6,55,51,43.61,58.5,25.67,100.43,17.3,58.11,Medium,synthetic_formula_with_seeded_noise,synthetic_prototype
REG-STA-062-2025-07,STA-062,sudimara,Sudimara,Rangkasbitung,2025-07,273725,8.89,59,59,43.46,57.87,29.33,108.58,17.3,52.61,Medium,synthetic_formula_with_seeded_noise,synthetic_prototype
REG-STA-062-2025-08,STA-062,sudimara,Sudimara,Rangkasbitung,2025-08,327208,8.17,65,64,41.56,52.76,28.91,102.92,17.3,63.66,Medium,synthetic_formula_with_seeded_noise,synthetic_prototype
REG-STA-062-2025-09,STA-062,sudimara,Sudimara,Rangkasbitung,2025-09,326553,8.01,69,73,45.45,54.05,28.08,89.98,17.3,57.17,Medium,synthetic_formula_with_seeded_noise,synthetic_prototype
REG-STA-062-2025-10,STA-062,sudimara,Sudimara,Rangkasbitung,2025-10,328293,8.91,56,56,46.32,48.7,24.3,98.88,17.3,55.22,Medium,synthetic_formula_with_seeded_noise,synthetic_prototype
REG-STA-062-2025-11,STA-062,sudimara,Sudimara,Rangkasbitung,2025-11,339522,7.42,64,68,45.74,56.67,33.51,98.8,17.3,57.3,Medium,synthetic_formula_with_seeded_noise,synthetic_prototype
REG-STA-062-2025-12,STA-062,sudimara,Sudimara,Rangkasbitung,2025-12,300332,7.33,67,65,45.02,53.75,27.56,108.36,17.3,53.22,Medium,synthetic_formula_with_seeded_noise,synthetic_prototype
REG-STA-063-2023-01,STA-063,rawabuntu,Rawa Buntu,Rangkasbitung,2023-01,465890,10.86,92,88,31.56,51.52,29.25,102.35,22.4,49.82,Medium,synthetic_formula_with_seeded_noise,synthetic_prototype
REG-STA-063-2023-02,STA-063,rawabuntu,Rawa Buntu,Rangkasbitung,2023-02,461366,9.73,87,91,34.32,56.31,31.87,105.33,22.4,56.22,Medium,synthetic_formula_with_seeded_noise,synthetic_prototype
REG-STA-063-2023-03,STA-063,rawabuntu,Rawa Buntu,Rangkasbitung,2023-03,532124,11.27,91,79,39.6,47.39,24.96,107.19,22.4,53.65,Medium,synthetic_formula_with_seeded_noise,synthetic_prototype
REG-STA-063-2023-04,STA-063,rawabuntu,Rawa Buntu,Rangkasbitung,2023-04,480890,9.92,78,77,33.75,50.44,25.08,115.28,22.4,45.11,Medium,synthetic_formula_with_seeded_noise,synthetic_prototype
REG-STA-063-2023-05,STA-063,rawabuntu,Rawa Buntu,Rangkasbitung,2023-05,527447,9.64,94,91,41.4,48.67,23.61,112.89,22.4,55.11,Medium,synthetic_formula_with_seeded_noise,synthetic_prototype
REG-STA-063-2023-06,STA-063,rawabuntu,Rawa Buntu,Rangkasbitung,2023-06,456554,10.77,86,73,40.64,42.56,31.71,114.26,22.4,51.07,Medium,synthetic_formula_with_seeded_noise,synthetic_prototype
REG-STA-063-2023-07,STA-063,rawabuntu,Rawa Buntu,Rangkasbitung,2023-07,417456,10.14,90,86,39.75,54.41,30.19,109.83,22.4,56.78,Medium,synthetic_formula_with_seeded_noise,synthetic_prototype
REG-STA-063-2023-08,STA-063,rawabuntu,Rawa Buntu,Rangkasbitung,2023-08,523118,10.62,86,83,43.47,51.88,30.96,91.92,22.4,54.65,Medium,synthetic_formula_with_seeded_noise,synthetic_prototype
REG-STA-063-2023-09,STA-063,rawabuntu,Rawa Buntu,Rangkasbitung,2023-09,595019,10.73,96,98,39.63,49.83,29.8,107.08,22.4,60.69,Medium,synthetic_formula_with_seeded_noise,synthetic_prototype
REG-STA-063-2023-10,STA-063,rawabuntu,Rawa Buntu,Rangkasbitung,2023-10,575672,10.05,91,92,43.33,46.63,28.51,101.62,22.4,51.22,Medium,synthetic_formula_with_seeded_noise,synthetic_prototype
REG-STA-063-2023-11,STA-063,rawabuntu,Rawa Buntu,Rangkasbitung,2023-11,552560,10.76,91,80,39.28,51.35,28.51,112.0,22.4,56.0,Medium,synthetic_formula_with_seeded_noise,synthetic_prototype
REG-STA-063-2023-12,STA-063,rawabuntu,Rawa Buntu,Rangkasbitung,2023-12,485806,10.16,96,94,34.02,53.27,23.47,98.96,22.4,43.79,Low,synthetic_formula_with_seeded_noise,synthetic_prototype
REG-STA-063-2024-01,STA-063,rawabuntu,Rawa Buntu,Rangkasbitung,2024-01,538985,10.84,93,92,37.92,46.25,24.47,110.54,22.4,57.82,Medium,synthetic_formula_with_seeded_noise,synthetic_prototype
REG-STA-063-2024-02,STA-063,rawabuntu,Rawa Buntu,Rangkasbitung,2024-02,560279,10.69,86,82,42.72,52.6,29.08,105.33,22.4,56.27,Medium,synthetic_formula_with_seeded_noise,synthetic_prototype
REG-STA-063-2024-03,STA-063,rawabuntu,Rawa Buntu,Rangkasbitung,2024-03,575810,9.84,91,78,36.29,50.13,25.11,108.3,22.4,58.74,Medium,synthetic_formula_with_seeded_noise,synthetic_prototype
REG-STA-063-2024-04,STA-063,rawabuntu,Rawa Buntu,Rangkasbitung,2024-04,551943,9.77,102,101,37.78,53.42,26.42,115.46,22.4,59.28,Medium,synthetic_formula_with_seeded_noise,synthetic_prototype
REG-STA-063-2024-05,STA-063,rawabuntu,Rawa Buntu,Rangkasbitung,2024-05,563704,10.86,93,88,41.28,48.43,28.73,118.83,22.4,60.83,Medium,synthetic_formula_with_seeded_noise,synthetic_prototype
REG-STA-063-2024-06,STA-063,rawabuntu,Rawa Buntu,Rangkasbitung,2024-06,528393,10.39,85,84,38.82,46.06,23.92,105.61,22.4,48.29,Medium,synthetic_formula_with_seeded_noise,synthetic_prototype
REG-STA-063-2024-07,STA-063,rawabuntu,Rawa Buntu,Rangkasbitung,2024-07,543072,10.77,93,85,37.25,52.45,29.49,115.55,22.4,55.31,Medium,synthetic_formula_with_seeded_noise,synthetic_prototype
REG-STA-063-2024-08,STA-063,rawabuntu,Rawa Buntu,Rangkasbitung,2024-08,607989,10.72,96,87,36.91,46.2,23.66,109.01,22.4,58.32,Medium,synthetic_formula_with_seeded_noise,synthetic_prototype
REG-STA-063-2024-09,STA-063,rawabuntu,Rawa Buntu,Rangkasbitung,2024-09,624047,10.97,98,95,43.56,50.6,28.37,110.77,22.4,60.72,Medium,synthetic_formula_with_seeded_noise,synthetic_prototype
REG-STA-063-2024-10,STA-063,rawabuntu,Rawa Buntu,Rangkasbitung,2024-10,630527,9.96,98,97,38.52,46.79,24.22,100.88,22.4,59.97,Medium,synthetic_formula_with_seeded_noise,synthetic_prototype
REG-STA-063-2024-11,STA-063,rawabuntu,Rawa Buntu,Rangkasbitung,2024-11,623624,11.28,98,104,36.92,50.52,23.46,114.66,22.4,56.12,Medium,synthetic_formula_with_seeded_noise,synthetic_prototype
REG-STA-063-2024-12,STA-063,rawabuntu,Rawa Buntu,Rangkasbitung,2024-12,538908,9.52,93,89,41.11,47.24,31.73,107.65,22.4,56.67,Medium,synthetic_formula_with_seeded_noise,synthetic_prototype
REG-STA-063-2025-01,STA-063,rawabuntu,Rawa Buntu,Rangkasbitung,2025-01,632087,11.02,90,89,38.93,44.45,32.05,118.91,22.4,62.04,Medium,synthetic_formula_with_seeded_noise,synthetic_prototype
REG-STA-063-2025-02,STA-063,rawabuntu,Rawa Buntu,Rangkasbitung,2025-02,605676,11.57,95,91,37.34,43.38,29.01,112.63,22.4,57.64,Medium,synthetic_formula_with_seeded_noise,synthetic_prototype
REG-STA-063-2025-03,STA-063,rawabuntu,Rawa Buntu,Rangkasbitung,2025-03,604901,10.45,98,93,40.48,53.6,26.02,98.12,22.4,58.59,Medium,synthetic_formula_with_seeded_noise,synthetic_prototype
REG-STA-063-2025-04,STA-063,rawabuntu,Rawa Buntu,Rangkasbitung,2025-04,594429,10.39,92,91,35.88,49.51,27.9,107.72,22.4,55.81,Medium,synthetic_formula_with_seeded_noise,synthetic_prototype
REG-STA-063-2025-05,STA-063,rawabuntu,Rawa Buntu,Rangkasbitung,2025-05,686322,10.84,96,98,39.01,46.56,25.99,100.31,22.4,60.82,Medium,synthetic_formula_with_seeded_noise,synthetic_prototype
REG-STA-063-2025-06,STA-063,rawabuntu,Rawa Buntu,Rangkasbitung,2025-06,638164,10.95,91,75,34.63,46.63,29.15,103.85,22.4,53.27,Medium,synthetic_formula_with_seeded_noise,synthetic_prototype
REG-STA-063-2025-07,STA-063,rawabuntu,Rawa Buntu,Rangkasbitung,2025-07,539608,10.43,97,95,43.56,53.59,27.2,97.12,22.4,59.1,Medium,synthetic_formula_with_seeded_noise,synthetic_prototype
REG-STA-063-2025-08,STA-063,rawabuntu,Rawa Buntu,Rangkasbitung,2025-08,603879,10.13,86,83,42.97,51.59,25.21,111.69,22.4,51.16,Medium,synthetic_formula_with_seeded_noise,synthetic_prototype
REG-STA-063-2025-09,STA-063,rawabuntu,Rawa Buntu,Rangkasbitung,2025-09,722492,11.05,102,92,38.72,50.0,34.81,110.33,22.4,64.68,Medium,synthetic_formula_with_seeded_noise,synthetic_prototype
REG-STA-063-2025-10,STA-063,rawabuntu,Rawa Buntu,Rangkasbitung,2025-10,702167,9.55,89,96,37.9,51.28,21.42,112.65,22.4,57.51,Medium,synthetic_formula_with_seeded_noise,synthetic_prototype
REG-STA-063-2025-11,STA-063,rawabuntu,Rawa Buntu,Rangkasbitung,2025-11,661199,10.09,95,88,41.19,47.85,27.19,101.23,22.4,59.28,Medium,synthetic_formula_with_seeded_noise,synthetic_prototype
REG-STA-063-2025-12,STA-063,rawabuntu,Rawa Buntu,Rangkasbitung,2025-12,621174,10.75,93,90,38.46,50.81,26.37,109.96,22.4,55.11,Medium,synthetic_formula_with_seeded_noise,synthetic_prototype
REG-STA-064-2023-01,STA-064,serpong,Serpong,Rangkasbitung,2023-01,465547,8.03,78,76,38.76,52.04,31.35,101.88,23.7,51.98,Medium,synthetic_formula_with_seeded_noise,synthetic_prototype
REG-STA-064-2023-02,STA-064,serpong,Serpong,Rangkasbitung,2023-02,491152,7.75,90,89,29.16,52.56,29.66,104.04,23.7,52.05,Medium,synthetic_formula_with_seeded_noise,synthetic_prototype
REG-STA-064-2023-03,STA-064,serpong,Serpong,Rangkasbitung,2023-03,492399,7.17,82,74,33.85,55.12,29.67,104.89,23.7,50.69,Medium,synthetic_formula_with_seeded_noise,synthetic_prototype
REG-STA-064-2023-04,STA-064,serpong,Serpong,Rangkasbitung,2023-04,512853,8.4,84,76,37.35,52.67,32.34,112.6,23.7,56.53,Medium,synthetic_formula_with_seeded_noise,synthetic_prototype
REG-STA-064-2023-05,STA-064,serpong,Serpong,Rangkasbitung,2023-05,547546,7.59,88,79,37.63,56.18,28.75,107.99,23.7,51.83,Medium,synthetic_formula_with_seeded_noise,synthetic_prototype
REG-STA-064-2023-06,STA-064,serpong,Serpong,Rangkasbitung,2023-06,489124,7.94,93,85,39.51,62.38,27.86,103.93,23.7,56.57,Medium,synthetic_formula_with_seeded_noise,synthetic_prototype
REG-STA-064-2023-07,STA-064,serpong,Serpong,Rangkasbitung,2023-07,473287,7.55,87,78,37.93,50.83,25.89,102.86,23.7,46.32,Medium,synthetic_formula_with_seeded_noise,synthetic_prototype
REG-STA-064-2023-08,STA-064,serpong,Serpong,Rangkasbitung,2023-08,527560,8.06,97,89,39.83,53.83,23.76,96.93,23.7,52.33,Medium,synthetic_formula_with_seeded_noise,synthetic_prototype
REG-STA-064-2023-09,STA-064,serpong,Serpong,Rangkasbitung,2023-09,557255,8.36,92,87,38.47,54.18,22.17,110.08,23.7,50.16,Medium,synthetic_formula_with_seeded_noise,synthetic_prototype
REG-STA-064-2023-10,STA-064,serpong,Serpong,Rangkasbitung,2023-10,571368,8.47,90,81,32.07,52.33,27.02,102.63,23.7,60.2,Medium,synthetic_formula_with_seeded_noise,synthetic_prototype
REG-STA-064-2023-11,STA-064,serpong,Serpong,Rangkasbitung,2023-11,545155,7.61,85,85,34.08,51.68,29.55,103.66,23.7,52.41,Medium,synthetic_formula_with_seeded_noise,synthetic_prototype
REG-STA-064-2023-12,STA-064,serpong,Serpong,Rangkasbitung,2023-12,479704,8.28,84,79,40.23,51.9,28.42,102.79,23.7,44.33,Low,synthetic_formula_with_seeded_noise,synthetic_prototype
REG-STA-064-2024-01,STA-064,serpong,Serpong,Rangkasbitung,2024-01,539054,7.89,90,95,35.09,52.84,28.62,103.52,23.7,51.2,Medium,synthetic_formula_with_seeded_noise,synthetic_prototype
REG-STA-064-2024-02,STA-064,serpong,Serpong,Rangkasbitung,2024-02,551000,7.85,86,82,35.6,47.43,25.13,105.13,23.7,55.68,Medium,synthetic_formula_with_seeded_noise,synthetic_prototype
REG-STA-064-2024-03,STA-064,serpong,Serpong,Rangkasbitung,2024-03,594129,6.92,85,87,37.54,50.21,26.7,92.7,23.7,54.06,Medium,synthetic_formula_with_seeded_noise,synthetic_prototype
REG-STA-064-2024-04,STA-064,serpong,Serpong,Rangkasbitung,2024-04,541881,8.3,84,82,33.9,54.45,25.35,97.65,23.7,51.62,Medium,synthetic_formula_with_seeded_noise,synthetic_prototype
REG-STA-064-2024-05,STA-064,serpong,Serpong,Rangkasbitung,2024-05,548449,7.14,94,82,34.37,50.6,30.21,108.49,23.7,46.99,Medium,synthetic_formula_with_seeded_noise,synthetic_prototype
REG-STA-064-2024-06,STA-064,serpong,Serpong,Rangkasbitung,2024-06,559574,8.6,90,86,39.39,50.7,32.65,108.4,23.7,54.95,Medium,synthetic_formula_with_seeded_noise,synthetic_prototype
REG-STA-064-2024-07,STA-064,serpong,Serpong,Rangkasbitung,2024-07,514351,7.92,82,68,35.87,58.1,32.56,108.05,23.7,59.31,Medium,synthetic_formula_with_seeded_noise,synthetic_prototype
REG-STA-064-2024-08,STA-064,serpong,Serpong,Rangkasbitung,2024-08,573804,7.44,93,87,36.08,60.12,26.29,106.21,23.7,57.6,Medium,synthetic_formula_with_seeded_noise,synthetic_prototype
REG-STA-064-2024-09,STA-064,serpong,Serpong,Rangkasbitung,2024-09,628765,7.75,91,87,41.9,57.86,31.47,102.11,23.7,55.55,Medium,synthetic_formula_with_seeded_noise,synthetic_prototype
REG-STA-064-2024-10,STA-064,serpong,Serpong,Rangkasbitung,2024-10,619407,7.57,91,89,37.02,51.55,29.61,109.33,23.7,56.59,Medium,synthetic_formula_with_seeded_noise,synthetic_prototype
REG-STA-064-2024-11,STA-064,serpong,Serpong,Rangkasbitung,2024-11,649880,8.45,89,88,33.64,53.16,26.99,120.22,23.7,57.48,Medium,synthetic_formula_with_seeded_noise,synthetic_prototype
REG-STA-064-2024-12,STA-064,serpong,Serpong,Rangkasbitung,2024-12,567189,8.6,88,87,37.92,51.25,27.71,107.37,23.7,51.03,Medium,synthetic_formula_with_seeded_noise,synthetic_prototype
REG-STA-064-2025-01,STA-064,serpong,Serpong,Rangkasbitung,2025-01,515415,8.42,88,75,35.37,54.4,25.15,104.88,23.7,47.35,Medium,synthetic_formula_with_seeded_noise,synthetic_prototype
REG-STA-064-2025-02,STA-064,serpong,Serpong,Rangkasbitung,2025-02,595445,7.98,98,95,37.16,51.77,29.74,108.59,23.7,52.46,Medium,synthetic_formula_with_seeded_noise,synthetic_prototype
REG-STA-064-2025-03,STA-064,serpong,Serpong,Rangkasbitung,2025-03,648572,7.91,92,90,31.87,55.66,31.29,103.59,23.7,57.74,Medium,synthetic_formula_with_seeded_noise,synthetic_prototype
REG-STA-064-2025-04,STA-064,serpong,Serpong,Rangkasbitung,2025-04,630653,7.9,98,91,39.72,54.25,28.53,109.31,23.7,54.45,Medium,synthetic_formula_with_seeded_noise,synthetic_prototype
REG-STA-064-2025-05,STA-064,serpong,Serpong,Rangkasbitung,2025-05,632641,7.31,91,91,39.06,55.0,31.18,89.87,23.7,63.36,Medium,synthetic_formula_with_seeded_noise,synthetic_prototype
REG-STA-064-2025-06,STA-064,serpong,Serpong,Rangkasbitung,2025-06,590982,7.57,89,82,38.72,54.52,30.49,109.24,23.7,50.35,Medium,synthetic_formula_with_seeded_noise,synthetic_prototype
REG-STA-064-2025-07,STA-064,serpong,Serpong,Rangkasbitung,2025-07,554832,8.65,89,82,35.59,56.09,30.33,96.71,23.7,56.28,Medium,synthetic_formula_with_seeded_noise,synthetic_prototype
REG-STA-064-2025-08,STA-064,serpong,Serpong,Rangkasbitung,2025-08,659651,9.28,87,74,39.03,58.05,33.72,98.0,23.7,62.01,Medium,synthetic_formula_with_seeded_noise,synthetic_prototype
REG-STA-064-2025-09,STA-064,serpong,Serpong,Rangkasbitung,2025-09,648113,7.98,99,88,36.79,51.49,26.39,99.78,23.7,53.88,Medium,synthetic_formula_with_seeded_noise,synthetic_prototype
REG-STA-064-2025-10,STA-064,serpong,Serpong,Rangkasbitung,2025-10,680105,7.5,88,84,37.53,51.05,22.18,103.73,23.7,60.52,Medium,synthetic_formula_with_seeded_noise,synthetic_prototype
REG-STA-064-2025-11,STA-064,serpong,Serpong,Rangkasbitung,2025-11,657705,7.87,90,98,33.46,48.65,27.58,93.67,23.7,62.63,Medium,synthetic_formula_with_seeded_noise,synthetic_prototype
REG-STA-064-2025-12,STA-064,serpong,Serpong,Rangkasbitung,2025-12,624008,8.55,91,92,36.86,48.62,28.24,111.97,23.7,62.38,Medium,synthetic_formula_with_seeded_noise,synthetic_prototype
REG-STA-065-2023-01,STA-065,cisauk,Cisauk,Rangkasbitung,2023-01,233512,13.2,58,57,45.61,53.87,31.96,97.26,27.2,53.09,Medium,synthetic_formula_with_seeded_noise,synthetic_prototype
REG-STA-065-2023-02,STA-065,cisauk,Cisauk,Rangkasbitung,2023-02,255206,13.18,57,46,48.59,50.55,29.99,99.09,27.2,58.12,Medium,synthetic_formula_with_seeded_noise,synthetic_prototype
REG-STA-065-2023-03,STA-065,cisauk,Cisauk,Rangkasbitung,2023-03,245597,13.09,61,55,46.41,51.98,23.23,89.48,27.2,50.36,Medium,synthetic_formula_with_seeded_noise,synthetic_prototype
REG-STA-065-2023-04,STA-065,cisauk,Cisauk,Rangkasbitung,2023-04,231074,12.09,53,46,48.32,49.42,26.14,93.22,27.2,50.1,Medium,synthetic_formula_with_seeded_noise,synthetic_prototype
REG-STA-065-2023-05,STA-065,cisauk,Cisauk,Rangkasbitung,2023-05,267911,13.85,52,48,47.48,51.92,21.87,93.85,27.2,59.62,Medium,synthetic_formula_with_seeded_noise,synthetic_prototype
REG-STA-065-2023-06,STA-065,cisauk,Cisauk,Rangkasbitung,2023-06,238216,12.37,58,53,45.51,46.96,30.76,93.02,27.2,51.5,Medium,synthetic_formula_with_seeded_noise,synthetic_prototype
REG-STA-065-2023-07,STA-065,cisauk,Cisauk,Rangkasbitung,2023-07,234177,14.1,55,47,53.02,45.52,29.76,114.28,27.2,50.03,Medium,synthetic_formula_with_seeded_noise,synthetic_prototype
REG-STA-065-2023-08,STA-065,cisauk,Cisauk,Rangkasbitung,2023-08,266145,13.41,58,66,49.23,50.59,21.58,85.56,27.2,51.7,Medium,synthetic_formula_with_seeded_noise,synthetic_prototype
REG-STA-065-2023-09,STA-065,cisauk,Cisauk,Rangkasbitung,2023-09,268902,12.52,60,55,47.18,52.12,25.2,99.35,27.2,56.26,Medium,synthetic_formula_with_seeded_noise,synthetic_prototype
REG-STA-065-2023-10,STA-065,cisauk,Cisauk,Rangkasbitung,2023-10,295709,13.03,66,68,45.43,49.25,31.4,92.26,27.2,50.32,Medium,synthetic_formula_with_seeded_noise,synthetic_prototype
REG-STA-065-2023-11,STA-065,cisauk,Cisauk,Rangkasbitung,2023-11,258787,14.01,56,46,46.82,49.65,26.13,88.59,27.2,57.48,Medium,synthetic_formula_with_seeded_noise,synthetic_prototype
REG-STA-065-2023-12,STA-065,cisauk,Cisauk,Rangkasbitung,2023-12,237349,13.83,48,46,44.64,49.93,27.51,93.62,27.2,56.05,Medium,synthetic_formula_with_seeded_noise,synthetic_prototype
REG-STA-065-2024-01,STA-065,cisauk,Cisauk,Rangkasbitung,2024-01,269367,13.33,60,63,50.02,57.22,29.11,87.43,27.2,58.31,Medium,synthetic_formula_with_seeded_noise,synthetic_prototype
REG-STA-065-2024-02,STA-065,cisauk,Cisauk,Rangkasbitung,2024-02,256134,13.16,60,62,48.31,52.48,29.61,81.21,27.2,53.04,Medium,synthetic_formula_with_seeded_noise,synthetic_prototype
REG-STA-065-2024-03,STA-065,cisauk,Cisauk,Rangkasbitung,2024-03,305453,13.03,59,67,46.01,49.41,21.78,100.78,27.2,57.8,Medium,synthetic_formula_with_seeded_noise,synthetic_prototype
REG-STA-065-2024-04,STA-065,cisauk,Cisauk,Rangkasbitung,2024-04,279656,13.5,60,52,47.81,53.5,26.5,81.93,27.2,57.99,Medium,synthetic_formula_with_seeded_noise,synthetic_prototype
REG-STA-065-2024-05,STA-065,cisauk,Cisauk,Rangkasbitung,2024-05,295638,13.4,55,43,51.62,52.81,24.99,86.7,27.2,59.31,Medium,synthetic_formula_with_seeded_noise,synthetic_prototype
REG-STA-065-2024-06,STA-065,cisauk,Cisauk,Rangkasbitung,2024-06,269561,12.95,56,49,49.62,46.96,30.62,94.8,27.2,58.92,Medium,synthetic_formula_with_seeded_noise,synthetic_prototype
REG-STA-065-2024-07,STA-065,cisauk,Cisauk,Rangkasbitung,2024-07,243568,12.7,60,61,57.16,45.27,26.35,100.04,27.2,57.58,Medium,synthetic_formula_with_seeded_noise,synthetic_prototype
REG-STA-065-2024-08,STA-065,cisauk,Cisauk,Rangkasbitung,2024-08,302014,13.26,59,57,48.67,53.89,26.98,82.97,27.2,58.37,Medium,synthetic_formula_with_seeded_noise,synthetic_prototype
REG-STA-065-2024-09,STA-065,cisauk,Cisauk,Rangkasbitung,2024-09,293302,12.35,53,44,46.86,56.42,19.09,91.29,27.2,59.31,Medium,synthetic_formula_with_seeded_noise,synthetic_prototype
REG-STA-065-2024-10,STA-065,cisauk,Cisauk,Rangkasbitung,2024-10,297613,13.2,55,46,44.84,45.15,27.65,102.04,27.2,56.35,Medium,synthetic_formula_with_seeded_noise,synthetic_prototype
REG-STA-065-2024-11,STA-065,cisauk,Cisauk,Rangkasbitung,2024-11,292741,11.96,58,56,49.86,46.37,28.41,97.13,27.2,58.3,Medium,synthetic_formula_with_seeded_noise,synthetic_prototype
REG-STA-065-2024-12,STA-065,cisauk,Cisauk,Rangkasbitung,2024-12,289082,12.53,59,56,49.26,46.01,26.11,94.57,27.2,57.7,Medium,synthetic_formula_with_seeded_noise,synthetic_prototype
REG-STA-065-2025-01,STA-065,cisauk,Cisauk,Rangkasbitung,2025-01,297972,13.38,57,57,48.25,54.49,29.29,101.45,27.2,62.98,Medium,synthetic_formula_with_seeded_noise,synthetic_prototype
REG-STA-065-2025-02,STA-065,cisauk,Cisauk,Rangkasbitung,2025-02,294888,12.78,63,60,43.87,51.72,27.28,99.64,27.2,54.64,Medium,synthetic_formula_with_seeded_noise,synthetic_prototype
REG-STA-065-2025-03,STA-065,cisauk,Cisauk,Rangkasbitung,2025-03,320578,13.61,60,61,48.38,50.14,29.01,85.96,27.2,65.23,Medium,synthetic_formula_with_seeded_noise,synthetic_prototype
REG-STA-065-2025-04,STA-065,cisauk,Cisauk,Rangkasbitung,2025-04,286464,13.06,61,67,48.71,48.89,26.63,103.2,27.2,55.78,Medium,synthetic_formula_with_seeded_noise,synthetic_prototype
REG-STA-065-2025-05,STA-065,cisauk,Cisauk,Rangkasbitung,2025-05,325739,13.41,56,50,47.7,53.49,27.23,101.34,27.2,60.63,Medium,synthetic_formula_with_seeded_noise,synthetic_prototype
REG-STA-065-2025-06,STA-065,cisauk,Cisauk,Rangkasbitung,2025-06,293890,12.01,55,46,48.06,56.36,31.67,92.82,27.2,59.04,Medium,synthetic_formula_with_seeded_noise,synthetic_prototype
REG-STA-065-2025-07,STA-065,cisauk,Cisauk,Rangkasbitung,2025-07,318279,12.86,56,60,48.78,50.88,27.03,93.34,27.2,57.25,Medium,synthetic_formula_with_seeded_noise,synthetic_prototype
REG-STA-065-2025-08,STA-065,cisauk,Cisauk,Rangkasbitung,2025-08,311968,12.44,57,49,49.7,44.76,30.03,93.67,27.2,57.21,Medium,synthetic_formula_with_seeded_noise,synthetic_prototype
REG-STA-065-2025-09,STA-065,cisauk,Cisauk,Rangkasbitung,2025-09,355777,12.94,59,57,42.91,50.07,25.27,103.28,27.2,60.88,Medium,synthetic_formula_with_seeded_noise,synthetic_prototype
REG-STA-065-2025-10,STA-065,cisauk,Cisauk,Rangkasbitung,2025-10,359480,13.2,62,56,45.9,53.84,24.79,97.79,27.2,66.83,Medium,synthetic_formula_with_seeded_noise,synthetic_prototype
REG-STA-065-2025-11,STA-065,cisauk,Cisauk,Rangkasbitung,2025-11,346339,13.61,58,50,49.82,48.0,28.79,90.0,27.2,66.35,Medium,synthetic_formula_with_seeded_noise,synthetic_prototype
REG-STA-065-2025-12,STA-065,cisauk,Cisauk,Rangkasbitung,2025-12,325475,12.98,60,62,50.33,44.04,32.28,91.15,27.2,58.19,Medium,synthetic_formula_with_seeded_noise,synthetic_prototype
REG-STA-066-2023-01,STA-066,cicayur,Cicayur,Rangkasbitung,2023-01,108081,8.93,36,35,32.25,50.56,25.07,72.75,30.4,43.31,Low,synthetic_formula_with_seeded_noise,synthetic_prototype
REG-STA-066-2023-02,STA-066,cicayur,Cicayur,Rangkasbitung,2023-02,104776,9.57,35,36,34.64,55.91,30.71,78.86,30.4,44.75,Low,synthetic_formula_with_seeded_noise,synthetic_prototype
REG-STA-066-2023-03,STA-066,cicayur,Cicayur,Rangkasbitung,2023-03,119740,9.41,37,32,38.68,51.83,25.44,88.11,30.4,44.69,Low,synthetic_formula_with_seeded_noise,synthetic_prototype
REG-STA-066-2023-04,STA-066,cicayur,Cicayur,Rangkasbitung,2023-04,122173,10.56,32,27,36.59,52.7,28.27,87.75,30.4,51.01,Medium,synthetic_formula_with_seeded_noise,synthetic_prototype
REG-STA-066-2023-05,STA-066,cicayur,Cicayur,Rangkasbitung,2023-05,124310,9.69,43,43,38.95,58.21,28.63,84.88,30.4,53.5,Medium,synthetic_formula_with_seeded_noise,synthetic_prototype
REG-STA-066-2023-06,STA-066,cicayur,Cicayur,Rangkasbitung,2023-06,111965,9.44,40,32,38.73,50.45,32.05,86.93,30.4,48.58,Medium,synthetic_formula_with_seeded_noise,synthetic_prototype
REG-STA-066-2023-07,STA-066,cicayur,Cicayur,Rangkasbitung,2023-07,103059,9.61,27,29,42.3,59.2,24.39,82.95,30.4,48.17,Medium,synthetic_formula_with_seeded_noise,synthetic_prototype
REG-STA-066-2023-08,STA-066,cicayur,Cicayur,Rangkasbitung,2023-08,119968,10.18,38,30,37.63,50.13,26.08,96.63,30.4,45.5,Medium,synthetic_formula_with_seeded_noise,synthetic_prototype
REG-STA-066-2023-09,STA-066,cicayur,Cicayur,Rangkasbitung,2023-09,124718,9.99,33,31,34.5,53.22,28.87,77.9,30.4,50.34,Medium,synthetic_formula_with_seeded_noise,synthetic_prototype
REG-STA-066-2023-10,STA-066,cicayur,Cicayur,Rangkasbitung,2023-10,128581,9.5,33,34,36.46,48.12,26.07,84.26,30.4,50.71,Medium,synthetic_formula_with_seeded_noise,synthetic_prototype
REG-STA-066-2023-11,STA-066,cicayur,Cicayur,Rangkasbitung,2023-11,135645,9.75,34,34,38.5,54.32,24.09,93.36,30.4,52.63,Medium,synthetic_formula_with_seeded_noise,synthetic_prototype
REG-STA-066-2023-12,STA-066,cicayur,Cicayur,Rangkasbitung,2023-12,117115,10.91,38,32,36.49,48.23,25.58,91.52,30.4,47.41,Medium,synthetic_formula_with_seeded_noise,synthetic_prototype
REG-STA-066-2024-01,STA-066,cicayur,Cicayur,Rangkasbitung,2024-01,119279,9.75,38,31,37.76,52.9,28.76,90.36,30.4,48.72,Medium,synthetic_formula_with_seeded_noise,synthetic_prototype
REG-STA-066-2024-02,STA-066,cicayur,Cicayur,Rangkasbitung,2024-02,134194,9.47,29,29,38.98,58.73,24.37,80.72,30.4,53.97,Medium,synthetic_formula_with_seeded_noise,synthetic_prototype
REG-STA-066-2024-03,STA-066,cicayur,Cicayur,Rangkasbitung,2024-03,133040,8.88,39,31,31.18,49.27,29.41,92.41,30.4,54.66,Medium,synthetic_formula_with_seeded_noise,synthetic_prototype
REG-STA-066-2024-04,STA-066,cicayur,Cicayur,Rangkasbitung,2024-04,120336,10.69,34,42,32.77,51.34,30.42,89.01,30.4,49.91,Medium,synthetic_formula_with_seeded_noise,synthetic_prototype
REG-STA-066-2024-05,STA-066,cicayur,Cicayur,Rangkasbitung,2024-05,133779,9.38,34,34,38.04,55.34,29.44,74.94,30.4,50.47,Medium,synthetic_formula_with_seeded_noise,synthetic_prototype
REG-STA-066-2024-06,STA-066,cicayur,Cicayur,Rangkasbitung,2024-06,131260,9.69,25,22,37.33,53.63,25.97,94.29,30.4,55.02,Medium,synthetic_formula_with_seeded_noise,synthetic_prototype
REG-STA-066-2024-07,STA-066,cicayur,Cicayur,Rangkasbitung,2024-07,121595,9.33,33,33,37.56,55.35,24.83,85.84,30.4,50.36,Medium,synthetic_formula_with_seeded_noise,synthetic_prototype
REG-STA-066-2024-08,STA-066,cicayur,Cicayur,Rangkasbitung,2024-08,135632,10.17,43,36,36.99,55.19,26.25,64.16,30.4,49.52,Medium,synthetic_formula_with_seeded_noise,synthetic_prototype
REG-STA-066-2024-09,STA-066,cicayur,Cicayur,Rangkasbitung,2024-09,143665,10.22,39,37,35.37,55.45,28.78,82.73,30.4,50.51,Medium,synthetic_formula_with_seeded_noise,synthetic_prototype
REG-STA-066-2024-10,STA-066,cicayur,Cicayur,Rangkasbitung,2024-10,149777,9.16,38,41,33.36,52.25,25.88,86.0,30.4,57.38,Medium,synthetic_formula_with_seeded_noise,synthetic_prototype
REG-STA-066-2024-11,STA-066,cicayur,Cicayur,Rangkasbitung,2024-11,151973,10.43,36,33,33.68,56.23,31.2,83.81,30.4,53.72,Medium,synthetic_formula_with_seeded_noise,synthetic_prototype
REG-STA-066-2024-12,STA-066,cicayur,Cicayur,Rangkasbitung,2024-12,136640,10.42,35,24,36.52,50.95,22.83,71.47,30.4,50.66,Medium,synthetic_formula_with_seeded_noise,synthetic_prototype
REG-STA-066-2025-01,STA-066,cicayur,Cicayur,Rangkasbitung,2025-01,136438,8.85,35,40,36.91,51.57,28.09,82.11,30.4,49.22,Medium,synthetic_formula_with_seeded_noise,synthetic_prototype
REG-STA-066-2025-02,STA-066,cicayur,Cicayur,Rangkasbitung,2025-02,141081,9.74,39,39,40.36,56.32,26.1,99.95,30.4,53.99,Medium,synthetic_formula_with_seeded_noise,synthetic_prototype
REG-STA-066-2025-03,STA-066,cicayur,Cicayur,Rangkasbitung,2025-03,149057,10.48,39,33,35.66,48.86,23.99,82.3,30.4,53.06,Medium,synthetic_formula_with_seeded_noise,synthetic_prototype
REG-STA-066-2025-04,STA-066,cicayur,Cicayur,Rangkasbitung,2025-04,148851,9.0,35,32,35.33,58.68,25.28,96.6,30.4,53.66,Medium,synthetic_formula_with_seeded_noise,synthetic_prototype
REG-STA-066-2025-05,STA-066,cicayur,Cicayur,Rangkasbitung,2025-05,160604,9.68,36,31,32.34,48.71,30.05,82.62,30.4,52.43,Medium,synthetic_formula_with_seeded_noise,synthetic_prototype
REG-STA-066-2025-06,STA-066,cicayur,Cicayur,Rangkasbitung,2025-06,133985,9.54,34,38,27.18,54.03,27.53,82.22,30.4,48.34,Medium,synthetic_formula_with_seeded_noise,synthetic_prototype
REG-STA-066-2025-07,STA-066,cicayur,Cicayur,Rangkasbitung,2025-07,127343,9.83,29,23,38.24,56.05,27.79,81.94,30.4,49.88,Medium,synthetic_formula_with_seeded_noise,synthetic_prototype
REG-STA-066-2025-08,STA-066,cicayur,Cicayur,Rangkasbitung,2025-08,151125,8.38,42,41,39.73,53.15,24.4,91.38,30.4,55.02,Medium,synthetic_formula_with_seeded_noise,synthetic_prototype
REG-STA-066-2025-09,STA-066,cicayur,Cicayur,Rangkasbitung,2025-09,151824,9.94,38,31,37.26,47.92,28.22,75.75,30.4,56.55,Medium,synthetic_formula_with_seeded_noise,synthetic_prototype
REG-STA-066-2025-10,STA-066,cicayur,Cicayur,Rangkasbitung,2025-10,160914,10.12,39,36,36.13,55.29,24.07,90.78,30.4,54.51,Medium,synthetic_formula_with_seeded_noise,synthetic_prototype
REG-STA-066-2025-11,STA-066,cicayur,Cicayur,Rangkasbitung,2025-11,167742,11.05,33,25,40.38,55.2,26.39,68.4,30.4,53.35,Medium,synthetic_formula_with_seeded_noise,synthetic_prototype
REG-STA-066-2025-12,STA-066,cicayur,Cicayur,Rangkasbitung,2025-12,139310,9.98,35,26,31.77,56.04,27.94,89.59,30.4,48.48,Medium,synthetic_formula_with_seeded_noise,synthetic_prototype
REG-STA-067-2023-01,STA-067,parungpanjang,Parung Panjang,Rangkasbitung,2023-01,444450,10.68,88,81,32.93,61.44,25.81,74.26,42.7,46.93,Medium,synthetic_formula_with_seeded_noise,synthetic_prototype
REG-STA-067-2023-02,STA-067,parungpanjang,Parung Panjang,Rangkasbitung,2023-02,485372,9.98,82,71,36.49,54.78,29.05,80.2,42.7,48.84,Medium,synthetic_formula_with_seeded_noise,synthetic_prototype
REG-STA-067-2023-03,STA-067,parungpanjang,Parung Panjang,Rangkasbitung,2023-03,527109,9.28,85,80,35.24,63.14,25.69,80.14,42.7,57.9,Medium,synthetic_formula_with_seeded_noise,synthetic_prototype
REG-STA-067-2023-04,STA-067,parungpanjang,Parung Panjang,Rangkasbitung,2023-04,513360,10.36,81,82,38.81,56.43,33.41,87.38,42.7,53.92,Medium,synthetic_formula_with_seeded_noise,synthetic_prototype
REG-STA-067-2023-05,STA-067,parungpanjang,Parung Panjang,Rangkasbitung,2023-05,565968,10.86,83,76,37.19,65.17,25.14,87.02,42.7,56.36,Medium,synthetic_formula_with_seeded_noise,synthetic_prototype
REG-STA-067-2023-06,STA-067,parungpanjang,Parung Panjang,Rangkasbitung,2023-06,456159,10.52,77,69,33.16,51.84,18.58,84.05,42.7,46.2,Medium,synthetic_formula_with_seeded_noise,synthetic_prototype
REG-STA-067-2023-07,STA-067,parungpanjang,Parung Panjang,Rangkasbitung,2023-07,450043,9.85,78,79,34.79,58.55,29.58,74.91,42.7,53.9,Medium,synthetic_formula_with_seeded_noise,synthetic_prototype
REG-STA-067-2023-08,STA-067,parungpanjang,Parung Panjang,Rangkasbitung,2023-08,500629,11.62,82,79,34.9,59.49,25.4,77.89,42.7,47.69,Medium,synthetic_formula_with_seeded_noise,synthetic_prototype
REG-STA-067-2023-09,STA-067,parungpanjang,Parung Panjang,Rangkasbitung,2023-09,537571,9.62,83,78,35.98,56.62,22.82,89.47,42.7,54.02,Medium,synthetic_formula_with_seeded_noise,synthetic_prototype
REG-STA-067-2023-10,STA-067,parungpanjang,Parung Panjang,Rangkasbitung,2023-10,568567,10.28,78,73,35.18,62.94,28.9,82.93,42.7,57.14,Medium,synthetic_formula_with_seeded_noise,synthetic_prototype
REG-STA-067-2023-11,STA-067,parungpanjang,Parung Panjang,Rangkasbitung,2023-11,574826,10.37,88,87,38.88,56.29,23.94,83.86,42.7,58.79,Medium,synthetic_formula_with_seeded_noise,synthetic_prototype
REG-STA-067-2023-12,STA-067,parungpanjang,Parung Panjang,Rangkasbitung,2023-12,489478,10.79,81,70,39.9,55.28,29.92,94.02,42.7,49.74,Medium,synthetic_formula_with_seeded_noise,synthetic_prototype
REG-STA-067-2024-01,STA-067,parungpanjang,Parung Panjang,Rangkasbitung,2024-01,516849,10.13,83,75,36.42,58.86,25.95,81.64,42.7,60.83,Medium,synthetic_formula_with_seeded_noise,synthetic_prototype
REG-STA-067-2024-02,STA-067,parungpanjang,Parung Panjang,Rangkasbitung,2024-02,513133,10.49,76,67,36.06,56.31,35.91,92.8,42.7,50.51,Medium,synthetic_formula_with_seeded_noise,synthetic_prototype
REG-STA-067-2024-03,STA-067,parungpanjang,Parung Panjang,Rangkasbitung,2024-03,573025,10.1,84,70,39.02,61.29,28.57,94.16,42.7,52.69,Medium,synthetic_formula_with_seeded_noise,synthetic_prototype
REG-STA-067-2024-04,STA-067,parungpanjang,Parung Panjang,Rangkasbitung,2024-04,559291,9.3,86,78,35.01,59.52,25.23,88.31,42.7,51.39,Medium,synthetic_formula_with_seeded_noise,synthetic_prototype
REG-STA-067-2024-05,STA-067,parungpanjang,Parung Panjang,Rangkasbitung,2024-05,577006,10.35,87,80,35.6,63.97,27.86,72.87,42.7,60.58,Medium,synthetic_formula_with_seeded_noise,synthetic_prototype
REG-STA-067-2024-06,STA-067,parungpanjang,Parung Panjang,Rangkasbitung,2024-06,515525,10.56,75,67,37.21,58.69,30.59,74.75,42.7,51.63,Medium,synthetic_formula_with_seeded_noise,synthetic_prototype
REG-STA-067-2024-07,STA-067,parungpanjang,Parung Panjang,Rangkasbitung,2024-07,531606,10.41,89,81,34.86,61.29,25.68,64.59,42.7,57.2,Medium,synthetic_formula_with_seeded_noise,synthetic_prototype
REG-STA-067-2024-08,STA-067,parungpanjang,Parung Panjang,Rangkasbitung,2024-08,593158,10.68,81,72,35.33,55.36,27.2,83.68,42.7,54.61,Medium,synthetic_formula_with_seeded_noise,synthetic_prototype
REG-STA-067-2024-09,STA-067,parungpanjang,Parung Panjang,Rangkasbitung,2024-09,612597,10.51,87,74,39.91,57.63,29.28,82.88,42.7,59.24,Medium,synthetic_formula_with_seeded_noise,synthetic_prototype
REG-STA-067-2024-10,STA-067,parungpanjang,Parung Panjang,Rangkasbitung,2024-10,610182,10.32,88,77,35.9,56.05,28.03,81.46,42.7,59.95,Medium,synthetic_formula_with_seeded_noise,synthetic_prototype
REG-STA-067-2024-11,STA-067,parungpanjang,Parung Panjang,Rangkasbitung,2024-11,617702,10.67,89,79,39.56,59.21,24.75,90.42,42.7,59.54,Medium,synthetic_formula_with_seeded_noise,synthetic_prototype
REG-STA-067-2024-12,STA-067,parungpanjang,Parung Panjang,Rangkasbitung,2024-12,533065,10.36,90,84,34.14,60.84,28.07,76.39,42.7,53.4,Medium,synthetic_formula_with_seeded_noise,synthetic_prototype
REG-STA-067-2025-01,STA-067,parungpanjang,Parung Panjang,Rangkasbitung,2025-01,575173,10.35,96,79,35.7,59.68,31.98,79.4,42.7,60.35,Medium,synthetic_formula_with_seeded_noise,synthetic_prototype
REG-STA-067-2025-02,STA-067,parungpanjang,Parung Panjang,Rangkasbitung,2025-02,596747,10.05,86,65,43.24,62.78,28.71,84.44,42.7,62.36,Medium,synthetic_formula_with_seeded_noise,synthetic_prototype
REG-STA-067-2025-03,STA-067,parungpanjang,Parung Panjang,Rangkasbitung,2025-03,661903,10.66,78,71,32.15,61.68,28.67,99.23,42.7,59.21,Medium,synthetic_formula_with_seeded_noise,synthetic_prototype
REG-STA-067-2025-04,STA-067,parungpanjang,Parung Panjang,Rangkasbitung,2025-04,553509,10.3,87,71,36.87,59.99,28.36,84.89,42.7,60.13,Medium,synthetic_formula_with_seeded_noise,synthetic_prototype
REG-STA-067-2025-05,STA-067,parungpanjang,Parung Panjang,Rangkasbitung,2025-05,643381,9.68,84,68,36.08,65.61,23.79,86.03,42.7,55.81,Medium,synthetic_formula_with_seeded_noise,synthetic_prototype
REG-STA-067-2025-06,STA-067,parungpanjang,Parung Panjang,Rangkasbitung,2025-06,593941,10.61,83,76,34.95,59.89,28.19,84.86,42.7,55.02,Medium,synthetic_formula_with_seeded_noise,synthetic_prototype
REG-STA-067-2025-07,STA-067,parungpanjang,Parung Panjang,Rangkasbitung,2025-07,603817,10.29,89,73,36.83,56.46,28.81,72.45,42.7,56.48,Medium,synthetic_formula_with_seeded_noise,synthetic_prototype
REG-STA-067-2025-08,STA-067,parungpanjang,Parung Panjang,Rangkasbitung,2025-08,640133,10.57,87,75,35.81,60.12,32.69,98.84,42.7,56.05,Medium,synthetic_formula_with_seeded_noise,synthetic_prototype
REG-STA-067-2025-09,STA-067,parungpanjang,Parung Panjang,Rangkasbitung,2025-09,621730,10.67,83,70,35.12,57.73,23.69,105.02,42.7,61.01,Medium,synthetic_formula_with_seeded_noise,synthetic_prototype
REG-STA-067-2025-10,STA-067,parungpanjang,Parung Panjang,Rangkasbitung,2025-10,708530,10.6,88,81,38.01,54.61,33.6,78.8,42.7,60.61,Medium,synthetic_formula_with_seeded_noise,synthetic_prototype
REG-STA-067-2025-11,STA-067,parungpanjang,Parung Panjang,Rangkasbitung,2025-11,667581,10.82,90,86,31.97,57.44,26.54,82.97,42.7,61.86,Medium,synthetic_formula_with_seeded_noise,synthetic_prototype
REG-STA-067-2025-12,STA-067,parungpanjang,Parung Panjang,Rangkasbitung,2025-12,579228,10.08,88,78,35.69,55.68,23.59,86.31,42.7,50.2,Medium,synthetic_formula_with_seeded_noise,synthetic_prototype
REG-STA-068-2023-01,STA-068,cilejit,Cilejit,Rangkasbitung,2023-01,107141,12.03,34,30,32.85,59.15,31.96,65.34,46.6,48.8,Medium,synthetic_formula_with_seeded_noise,synthetic_prototype
REG-STA-068-2023-02,STA-068,cilejit,Cilejit,Rangkasbitung,2023-02,112828,11.16,22,32,41.59,59.86,28.48,75.45,46.6,52.02,Medium,synthetic_formula_with_seeded_noise,synthetic_prototype
REG-STA-068-2023-03,STA-068,cilejit,Cilejit,Rangkasbitung,2023-03,116560,12.2,27,34,35.2,66.99,23.46,74.39,46.6,45.6,Medium,synthetic_formula_with_seeded_noise,synthetic_prototype
REG-STA-068-2023-04,STA-068,cilejit,Cilejit,Rangkasbitung,2023-04,124134,11.78,29,22,34.35,56.43,29.49,74.62,46.6,51.98,Medium,synthetic_formula_with_seeded_noise,synthetic_prototype
REG-STA-068-2023-05,STA-068,cilejit,Cilejit,Rangkasbitung,2023-05,116219,11.59,31,24,35.12,61.52,29.28,67.78,46.6,57.45,Medium,synthetic_formula_with_seeded_noise,synthetic_prototype
REG-STA-068-2023-06,STA-068,cilejit,Cilejit,Rangkasbitung,2023-06,111761,11.9,27,31,35.45,58.89,28.79,67.99,46.6,49.71,Medium,synthetic_formula_with_seeded_noise,synthetic_prototype
REG-STA-068-2023-07,STA-068,cilejit,Cilejit,Rangkasbitung,2023-07,117315,11.74,38,33,35.92,56.96,26.15,68.04,46.6,50.6,Medium,synthetic_formula_with_seeded_noise,synthetic_prototype
REG-STA-068-2023-08,STA-068,cilejit,Cilejit,Rangkasbitung,2023-08,123034,13.05,24,18,33.37,57.01,27.32,78.49,46.6,49.54,Medium,synthetic_formula_with_seeded_noise,synthetic_prototype
REG-STA-068-2023-09,STA-068,cilejit,Cilejit,Rangkasbitung,2023-09,125656,10.84,35,31,35.62,66.59,27.0,59.7,46.6,53.58,Medium,synthetic_formula_with_seeded_noise,synthetic_prototype
REG-STA-068-2023-10,STA-068,cilejit,Cilejit,Rangkasbitung,2023-10,128374,11.62,34,34,37.24,66.58,26.79,62.16,46.6,53.22,Medium,synthetic_formula_with_seeded_noise,synthetic_prototype
REG-STA-068-2023-11,STA-068,cilejit,Cilejit,Rangkasbitung,2023-11,128099,11.54,33,29,34.3,57.04,27.67,71.2,46.6,58.08,Medium,synthetic_formula_with_seeded_noise,synthetic_prototype
REG-STA-068-2023-12,STA-068,cilejit,Cilejit,Rangkasbitung,2023-12,120850,12.17,33,18,33.49,58.54,31.89,85.26,46.6,48.67,Medium,synthetic_formula_with_seeded_noise,synthetic_prototype
REG-STA-068-2024-01,STA-068,cilejit,Cilejit,Rangkasbitung,2024-01,126715,11.89,29,36,32.06,55.28,28.61,80.29,46.6,47.04,Medium,synthetic_formula_with_seeded_noise,synthetic_prototype
REG-STA-068-2024-02,STA-068,cilejit,Cilejit,Rangkasbitung,2024-02,131673,11.06,34,32,33.05,62.74,23.29,68.93,46.6,54.87,Medium,synthetic_formula_with_seeded_noise,synthetic_prototype
REG-STA-068-2024-03,STA-068,cilejit,Cilejit,Rangkasbitung,2024-03,125914,11.97,26,24,37.62,58.59,27.98,65.88,46.6,54.17,Medium,synthetic_formula_with_seeded_noise,synthetic_prototype
REG-STA-068-2024-04,STA-068,cilejit,Cilejit,Rangkasbitung,2024-04,124354,12.76,28,21,39.14,53.76,29.14,71.82,46.6,50.57,Medium,synthetic_formula_with_seeded_noise,synthetic_prototype
REG-STA-068-2024-05,STA-068,cilejit,Cilejit,Rangkasbitung,2024-05,131650,12.07,38,43,36.02,58.92,29.07,65.99,46.6,53.38,Medium,synthetic_formula_with_seeded_noise,synthetic_prototype
REG-STA-068-2024-06,STA-068,cilejit,Cilejit,Rangkasbitung,2024-06,121825,12.4,29,29,34.49,59.04,26.2,73.64,46.6,54.63,Medium,synthetic_formula_with_seeded_noise,synthetic_prototype
REG-STA-068-2024-07,STA-068,cilejit,Cilejit,Rangkasbitung,2024-07,121950,12.0,31,31,39.19,63.57,24.11,58.88,46.6,54.13,Medium,synthetic_formula_with_seeded_noise,synthetic_prototype
REG-STA-068-2024-08,STA-068,cilejit,Cilejit,Rangkasbitung,2024-08,130632,12.12,29,27,31.6,68.65,25.75,69.06,46.6,53.17,Medium,synthetic_formula_with_seeded_noise,synthetic_prototype
REG-STA-068-2024-09,STA-068,cilejit,Cilejit,Rangkasbitung,2024-09,137488,12.46,24,18,35.14,58.88,29.09,68.68,46.6,57.05,Medium,synthetic_formula_with_seeded_noise,synthetic_prototype
REG-STA-068-2024-10,STA-068,cilejit,Cilejit,Rangkasbitung,2024-10,140934,11.69,24,28,33.91,57.63,29.93,63.9,46.6,51.67,Medium,synthetic_formula_with_seeded_noise,synthetic_prototype
REG-STA-068-2024-11,STA-068,cilejit,Cilejit,Rangkasbitung,2024-11,146677,11.68,29,22,37.92,52.83,22.82,70.27,46.6,56.44,Medium,synthetic_formula_with_seeded_noise,synthetic_prototype
REG-STA-068-2024-12,STA-068,cilejit,Cilejit,Rangkasbitung,2024-12,129514,10.87,35,35,34.35,60.8,32.18,71.74,46.6,55.83,Medium,synthetic_formula_with_seeded_noise,synthetic_prototype
REG-STA-068-2025-01,STA-068,cilejit,Cilejit,Rangkasbitung,2025-01,131079,11.72,29,30,34.0,61.0,25.25,57.65,46.6,46.62,Medium,synthetic_formula_with_seeded_noise,synthetic_prototype
REG-STA-068-2025-02,STA-068,cilejit,Cilejit,Rangkasbitung,2025-02,137893,11.74,37,40,36.47,67.24,32.44,75.06,46.6,56.09,Medium,synthetic_formula_with_seeded_noise,synthetic_prototype
REG-STA-068-2025-03,STA-068,cilejit,Cilejit,Rangkasbitung,2025-03,145761,12.02,24,27,36.7,63.05,34.79,70.76,46.6,60.82,Medium,synthetic_formula_with_seeded_noise,synthetic_prototype
REG-STA-068-2025-04,STA-068,cilejit,Cilejit,Rangkasbitung,2025-04,129386,11.09,30,32,35.16,63.97,25.97,69.62,46.6,56.87,Medium,synthetic_formula_with_seeded_noise,synthetic_prototype
REG-STA-068-2025-05,STA-068,cilejit,Cilejit,Rangkasbitung,2025-05,159376,11.81,25,18,38.27,58.26,25.76,65.79,46.6,57.83,Medium,synthetic_formula_with_seeded_noise,synthetic_prototype
REG-STA-068-2025-06,STA-068,cilejit,Cilejit,Rangkasbitung,2025-06,144432,11.31,23,23,36.53,60.0,29.37,73.66,46.6,54.46,Medium,synthetic_formula_with_seeded_noise,synthetic_prototype
REG-STA-068-2025-07,STA-068,cilejit,Cilejit,Rangkasbitung,2025-07,137940,11.97,31,26,35.91,57.25,23.33,74.62,46.6,53.9,Medium,synthetic_formula_with_seeded_noise,synthetic_prototype
REG-STA-068-2025-08,STA-068,cilejit,Cilejit,Rangkasbitung,2025-08,145428,12.05,26,24,34.81,59.15,27.29,62.47,46.6,60.24,Medium,synthetic_formula_with_seeded_noise,synthetic_prototype
REG-STA-068-2025-09,STA-068,cilejit,Cilejit,Rangkasbitung,2025-09,155579,11.23,32,31,40.28,61.14,34.99,67.33,46.6,61.42,Medium,synthetic_formula_with_seeded_noise,synthetic_prototype
REG-STA-068-2025-10,STA-068,cilejit,Cilejit,Rangkasbitung,2025-10,161282,11.25,38,40,36.62,60.21,30.04,62.74,46.6,51.85,Medium,synthetic_formula_with_seeded_noise,synthetic_prototype
REG-STA-068-2025-11,STA-068,cilejit,Cilejit,Rangkasbitung,2025-11,163659,11.56,24,21,34.5,66.09,28.63,70.29,46.6,57.89,Medium,synthetic_formula_with_seeded_noise,synthetic_prototype
REG-STA-068-2025-12,STA-068,cilejit,Cilejit,Rangkasbitung,2025-12,145699,11.9,36,30,38.41,57.75,32.23,76.43,46.6,58.61,Medium,synthetic_formula_with_seeded_noise,synthetic_prototype
REG-STA-069-2023-01,STA-069,daru,Daru,Rangkasbitung,2023-01,98927,11.15,33,28,28.11,65.07,29.85,58.82,49.3,46.33,Medium,synthetic_formula_with_seeded_noise,synthetic_prototype
REG-STA-069-2023-02,STA-069,daru,Daru,Rangkasbitung,2023-02,119026,11.04,38,46,30.13,65.22,30.03,66.1,49.3,54.22,Medium,synthetic_formula_with_seeded_noise,synthetic_prototype
REG-STA-069-2023-03,STA-069,daru,Daru,Rangkasbitung,2023-03,113720,10.47,34,32,27.92,70.63,23.48,63.92,49.3,52.11,Medium,synthetic_formula_with_seeded_noise,synthetic_prototype
REG-STA-069-2023-04,STA-069,daru,Daru,Rangkasbitung,2023-04,113337,11.8,37,33,31.31,68.44,25.21,75.96,49.3,52.11,Medium,synthetic_formula_with_seeded_noise,synthetic_prototype
REG-STA-069-2023-05,STA-069,daru,Daru,Rangkasbitung,2023-05,122074,10.88,32,20,27.02,61.51,23.75,65.29,49.3,47.23,Medium,synthetic_formula_with_seeded_noise,synthetic_prototype
REG-STA-069-2023-06,STA-069,daru,Daru,Rangkasbitung,2023-06,113553,10.5,31,34,36.54,65.37,29.3,65.4,49.3,49.91,Medium,synthetic_formula_with_seeded_noise,synthetic_prototype
REG-STA-069-2023-07,STA-069,daru,Daru,Rangkasbitung,2023-07,101592,12.07,33,35,31.37,69.28,26.52,68.5,49.3,43.94,Low,synthetic_formula_with_seeded_noise,synthetic_prototype
REG-STA-069-2023-08,STA-069,daru,Daru,Rangkasbitung,2023-08,125274,10.81,46,39,32.95,70.29,21.72,65.43,49.3,44.79,Low,synthetic_formula_with_seeded_noise,synthetic_prototype
REG-STA-069-2023-09,STA-069,daru,Daru,Rangkasbitung,2023-09,136871,10.17,38,29,26.67,68.95,27.59,56.28,49.3,55.23,Medium,synthetic_formula_with_seeded_noise,synthetic_prototype
REG-STA-069-2023-10,STA-069,daru,Daru,Rangkasbitung,2023-10,123134,11.0,33,25,25.95,71.57,21.59,67.16,49.3,46.18,Medium,synthetic_formula_with_seeded_noise,synthetic_prototype
REG-STA-069-2023-11,STA-069,daru,Daru,Rangkasbitung,2023-11,130009,10.66,35,33,33.77,73.99,23.76,49.08,49.3,52.33,Medium,synthetic_formula_with_seeded_noise,synthetic_prototype
REG-STA-069-2023-12,STA-069,daru,Daru,Rangkasbitung,2023-12,111526,10.13,39,37,31.52,68.23,30.14,61.36,49.3,48.93,Medium,synthetic_formula_with_seeded_noise,synthetic_prototype
REG-STA-069-2024-01,STA-069,daru,Daru,Rangkasbitung,2024-01,118826,10.61,33,28,31.43,70.27,29.23,57.07,49.3,52.77,Medium,synthetic_formula_with_seeded_noise,synthetic_prototype
REG-STA-069-2024-02,STA-069,daru,Daru,Rangkasbitung,2024-02,127331,11.24,43,34,26.62,61.47,25.46,64.53,49.3,56.89,Medium,synthetic_formula_with_seeded_noise,synthetic_prototype
REG-STA-069-2024-03,STA-069,daru,Daru,Rangkasbitung,2024-03,132981,11.49,42,33,30.15,71.33,27.92,52.12,49.3,52.28,Medium,synthetic_formula_with_seeded_noise,synthetic_prototype
REG-STA-069-2024-04,STA-069,daru,Daru,Rangkasbitung,2024-04,127753,10.91,33,18,32.0,70.48,32.21,50.26,49.3,53.34,Medium,synthetic_formula_with_seeded_noise,synthetic_prototype
REG-STA-069-2024-05,STA-069,daru,Daru,Rangkasbitung,2024-05,149406,11.01,34,24,32.53,71.65,26.31,65.23,49.3,53.65,Medium,synthetic_formula_with_seeded_noise,synthetic_prototype
REG-STA-069-2024-06,STA-069,daru,Daru,Rangkasbitung,2024-06,131784,10.71,37,32,37.19,74.11,24.8,60.05,49.3,55.05,Medium,synthetic_formula_with_seeded_noise,synthetic_prototype
REG-STA-069-2024-07,STA-069,daru,Daru,Rangkasbitung,2024-07,115998,10.46,35,20,33.88,67.5,19.52,57.64,49.3,46.83,Medium,synthetic_formula_with_seeded_noise,synthetic_prototype
REG-STA-069-2024-08,STA-069,daru,Daru,Rangkasbitung,2024-08,143275,10.5,36,40,32.2,71.75,30.48,71.03,49.3,51.57,Medium,synthetic_formula_with_seeded_noise,synthetic_prototype
REG-STA-069-2024-09,STA-069,daru,Daru,Rangkasbitung,2024-09,147385,10.77,43,38,37.04,66.86,30.18,71.62,49.3,56.0,Medium,synthetic_formula_with_seeded_noise,synthetic_prototype
REG-STA-069-2024-10,STA-069,daru,Daru,Rangkasbitung,2024-10,140086,10.28,33,35,28.18,67.58,25.09,79.52,49.3,51.27,Medium,synthetic_formula_with_seeded_noise,synthetic_prototype
REG-STA-069-2024-11,STA-069,daru,Daru,Rangkasbitung,2024-11,150235,10.52,43,41,30.78,70.63,23.23,57.41,49.3,51.81,Medium,synthetic_formula_with_seeded_noise,synthetic_prototype
REG-STA-069-2024-12,STA-069,daru,Daru,Rangkasbitung,2024-12,137102,10.93,32,31,24.21,69.12,29.29,59.94,49.3,49.56,Medium,synthetic_formula_with_seeded_noise,synthetic_prototype
REG-STA-069-2025-01,STA-069,daru,Daru,Rangkasbitung,2025-01,130489,10.85,34,35,29.31,75.54,21.75,69.79,49.3,49.77,Medium,synthetic_formula_with_seeded_noise,synthetic_prototype
REG-STA-069-2025-02,STA-069,daru,Daru,Rangkasbitung,2025-02,139374,10.78,34,26,30.43,66.91,31.69,66.42,49.3,49.07,Medium,synthetic_formula_with_seeded_noise,synthetic_prototype
REG-STA-069-2025-03,STA-069,daru,Daru,Rangkasbitung,2025-03,152107,10.75,36,31,32.54,71.13,33.61,58.48,49.3,55.77,Medium,synthetic_formula_with_seeded_noise,synthetic_prototype
REG-STA-069-2025-04,STA-069,daru,Daru,Rangkasbitung,2025-04,150169,9.88,28,24,31.01,69.49,30.71,66.34,49.3,57.06,Medium,synthetic_formula_with_seeded_noise,synthetic_prototype
REG-STA-069-2025-05,STA-069,daru,Daru,Rangkasbitung,2025-05,158191,11.55,36,33,33.69,73.15,27.57,65.72,49.3,54.49,Medium,synthetic_formula_with_seeded_noise,synthetic_prototype
REG-STA-069-2025-06,STA-069,daru,Daru,Rangkasbitung,2025-06,141762,10.45,39,44,31.03,69.2,23.58,62.85,49.3,53.35,Medium,synthetic_formula_with_seeded_noise,synthetic_prototype
REG-STA-069-2025-07,STA-069,daru,Daru,Rangkasbitung,2025-07,134888,11.58,39,32,25.44,70.95,26.77,68.85,49.3,59.7,Medium,synthetic_formula_with_seeded_noise,synthetic_prototype
REG-STA-069-2025-08,STA-069,daru,Daru,Rangkasbitung,2025-08,160958,10.6,37,30,31.75,66.7,27.98,79.16,49.3,57.47,Medium,synthetic_formula_with_seeded_noise,synthetic_prototype
REG-STA-069-2025-09,STA-069,daru,Daru,Rangkasbitung,2025-09,159414,10.96,41,25,29.55,73.6,22.54,60.65,49.3,58.43,Medium,synthetic_formula_with_seeded_noise,synthetic_prototype
REG-STA-069-2025-10,STA-069,daru,Daru,Rangkasbitung,2025-10,155768,11.54,38,29,27.55,68.12,26.3,67.85,49.3,53.76,Medium,synthetic_formula_with_seeded_noise,synthetic_prototype
REG-STA-069-2025-11,STA-069,daru,Daru,Rangkasbitung,2025-11,168803,11.42,41,36,33.27,72.51,30.1,65.27,49.3,58.21,Medium,synthetic_formula_with_seeded_noise,synthetic_prototype
REG-STA-069-2025-12,STA-069,daru,Daru,Rangkasbitung,2025-12,145867,11.14,43,47,29.97,63.12,23.99,70.58,49.3,52.88,Medium,synthetic_formula_with_seeded_noise,synthetic_prototype
REG-STA-070-2023-01,STA-070,tenjo,Tenjo,Rangkasbitung,2023-01,236526,11.22,36,37,33.26,69.29,28.26,65.57,52.1,52.59,Medium,synthetic_formula_with_seeded_noise,synthetic_prototype
REG-STA-070-2023-02,STA-070,tenjo,Tenjo,Rangkasbitung,2023-02,240500,10.06,43,31,33.02,65.88,27.2,56.81,52.1,46.85,Medium,synthetic_formula_with_seeded_noise,synthetic_prototype
REG-STA-070-2023-03,STA-070,tenjo,Tenjo,Rangkasbitung,2023-03,251774,11.57,45,44,33.04,71.41,23.3,80.06,52.1,51.01,Medium,synthetic_formula_with_seeded_noise,synthetic_prototype
REG-STA-070-2023-04,STA-070,tenjo,Tenjo,Rangkasbitung,2023-04,250275,11.03,56,44,32.75,73.08,28.72,63.82,52.1,49.97,Medium,synthetic_formula_with_seeded_noise,synthetic_prototype
REG-STA-070-2023-05,STA-070,tenjo,Tenjo,Rangkasbitung,2023-05,285366,9.55,54,47,35.1,64.66,27.18,68.54,52.1,50.23,Medium,synthetic_formula_with_seeded_noise,synthetic_prototype
REG-STA-070-2023-06,STA-070,tenjo,Tenjo,Rangkasbitung,2023-06,235917,10.88,51,41,38.88,66.52,26.08,73.7,52.1,51.74,Medium,synthetic_formula_with_seeded_noise,synthetic_prototype
REG-STA-070-2023-07,STA-070,tenjo,Tenjo,Rangkasbitung,2023-07,239260,10.85,50,41,37.55,71.36,26.51,69.62,52.1,58.77,Medium,synthetic_formula_with_seeded_noise,synthetic_prototype
REG-STA-070-2023-08,STA-070,tenjo,Tenjo,Rangkasbitung,2023-08,249938,10.38,55,43,37.47,70.55,22.66,61.29,52.1,47.1,Medium,synthetic_formula_with_seeded_noise,synthetic_prototype
REG-STA-070-2023-09,STA-070,tenjo,Tenjo,Rangkasbitung,2023-09,260945,11.15,47,42,36.76,64.73,27.97,72.58,52.1,54.42,Medium,synthetic_formula_with_seeded_noise,synthetic_prototype
REG-STA-070-2023-10,STA-070,tenjo,Tenjo,Rangkasbitung,2023-10,284351,10.11,49,47,37.49,65.86,29.82,54.11,52.1,62.55,Medium,synthetic_formula_with_seeded_noise,synthetic_prototype
REG-STA-070-2023-11,STA-070,tenjo,Tenjo,Rangkasbitung,2023-11,292907,11.52,51,47,38.07,66.92,28.99,64.36,52.1,59.91,Medium,synthetic_formula_with_seeded_noise,synthetic_prototype
REG-STA-070-2023-12,STA-070,tenjo,Tenjo,Rangkasbitung,2023-12,248976,11.19,49,43,34.08,64.91,28.05,67.65,52.1,48.31,Medium,synthetic_formula_with_seeded_noise,synthetic_prototype
REG-STA-070-2024-01,STA-070,tenjo,Tenjo,Rangkasbitung,2024-01,250424,10.66,51,48,33.54,69.01,31.56,62.03,52.1,51.1,Medium,synthetic_formula_with_seeded_noise,synthetic_prototype
REG-STA-070-2024-02,STA-070,tenjo,Tenjo,Rangkasbitung,2024-02,260994,10.59,51,43,38.61,72.03,25.53,56.78,52.1,49.87,Medium,synthetic_formula_with_seeded_noise,synthetic_prototype
REG-STA-070-2024-03,STA-070,tenjo,Tenjo,Rangkasbitung,2024-03,303189,9.89,47,48,36.98,74.06,28.29,61.79,52.1,58.97,Medium,synthetic_formula_with_seeded_noise,synthetic_prototype
REG-STA-070-2024-04,STA-070,tenjo,Tenjo,Rangkasbitung,2024-04,279769,11.75,57,45,39.15,65.58,25.13,64.07,52.1,58.15,Medium,synthetic_formula_with_seeded_noise,synthetic_prototype
REG-STA-070-2024-05,STA-070,tenjo,Tenjo,Rangkasbitung,2024-05,306690,10.59,50,41,34.14,69.62,22.85,68.43,52.1,53.57,Medium,synthetic_formula_with_seeded_noise,synthetic_prototype
REG-STA-070-2024-06,STA-070,tenjo,Tenjo,Rangkasbitung,2024-06,271675,10.77,45,46,36.24,59.39,29.16,69.3,52.1,59.61,Medium,synthetic_formula_with_seeded_noise,synthetic_prototype
REG-STA-070-2024-07,STA-070,tenjo,Tenjo,Rangkasbitung,2024-07,266295,10.54,56,58,34.23,65.73,28.79,62.43,52.1,49.31,Medium,synthetic_formula_with_seeded_noise,synthetic_prototype
REG-STA-070-2024-08,STA-070,tenjo,Tenjo,Rangkasbitung,2024-08,281390,9.98,44,29,35.55,66.16,26.35,78.3,52.1,52.78,Medium,synthetic_formula_with_seeded_noise,synthetic_prototype
REG-STA-070-2024-09,STA-070,tenjo,Tenjo,Rangkasbitung,2024-09,318712,10.53,48,37,33.59,68.95,30.08,60.54,52.1,52.06,Medium,synthetic_formula_with_seeded_noise,synthetic_prototype
REG-STA-070-2024-10,STA-070,tenjo,Tenjo,Rangkasbitung,2024-10,329357,11.23,49,35,35.34,66.46,26.18,64.94,52.1,62.91,Medium,synthetic_formula_with_seeded_noise,synthetic_prototype
REG-STA-070-2024-11,STA-070,tenjo,Tenjo,Rangkasbitung,2024-11,308863,11.24,60,60,31.04,59.85,30.05,52.76,52.1,55.33,Medium,synthetic_formula_with_seeded_noise,synthetic_prototype
REG-STA-070-2024-12,STA-070,tenjo,Tenjo,Rangkasbitung,2024-12,276283,11.12,50,43,33.59,66.36,24.96,71.29,52.1,54.45,Medium,synthetic_formula_with_seeded_noise,synthetic_prototype
REG-STA-070-2025-01,STA-070,tenjo,Tenjo,Rangkasbitung,2025-01,282974,10.99,51,35,31.37,78.19,24.06,79.71,52.1,54.77,Medium,synthetic_formula_with_seeded_noise,synthetic_prototype
REG-STA-070-2025-02,STA-070,tenjo,Tenjo,Rangkasbitung,2025-02,291973,11.04,57,53,39.53,64.47,28.6,65.64,52.1,55.61,Medium,synthetic_formula_with_seeded_noise,synthetic_prototype
REG-STA-070-2025-03,STA-070,tenjo,Tenjo,Rangkasbitung,2025-03,323886,10.34,58,58,34.77,70.07,30.46,67.94,52.1,52.48,Medium,synthetic_formula_with_seeded_noise,synthetic_prototype
REG-STA-070-2025-04,STA-070,tenjo,Tenjo,Rangkasbitung,2025-04,309718,10.41,48,37,36.71,66.67,32.75,68.56,52.1,60.2,Medium,synthetic_formula_with_seeded_noise,synthetic_prototype
REG-STA-070-2025-05,STA-070,tenjo,Tenjo,Rangkasbitung,2025-05,332293,10.34,48,43,31.32,68.02,22.68,62.62,52.1,52.92,Medium,synthetic_formula_with_seeded_noise,synthetic_prototype
REG-STA-070-2025-06,STA-070,tenjo,Tenjo,Rangkasbitung,2025-06,298148,10.9,45,34,34.09,70.01,28.95,74.51,52.1,54.53,Medium,synthetic_formula_with_seeded_noise,synthetic_prototype
REG-STA-070-2025-07,STA-070,tenjo,Tenjo,Rangkasbitung,2025-07,307668,10.09,46,32,34.54,73.09,25.12,62.07,52.1,54.89,Medium,synthetic_formula_with_seeded_noise,synthetic_prototype
REG-STA-070-2025-08,STA-070,tenjo,Tenjo,Rangkasbitung,2025-08,340484,11.26,56,53,31.98,68.95,30.61,61.61,52.1,64.15,Medium,synthetic_formula_with_seeded_noise,synthetic_prototype
REG-STA-070-2025-09,STA-070,tenjo,Tenjo,Rangkasbitung,2025-09,338656,11.02,56,47,32.21,63.5,23.24,56.74,52.1,62.84,Medium,synthetic_formula_with_seeded_noise,synthetic_prototype
REG-STA-070-2025-10,STA-070,tenjo,Tenjo,Rangkasbitung,2025-10,358712,10.34,55,50,39.87,64.9,26.8,67.76,52.1,62.02,Medium,synthetic_formula_with_seeded_noise,synthetic_prototype
REG-STA-070-2025-11,STA-070,tenjo,Tenjo,Rangkasbitung,2025-11,328349,10.11,47,43,31.96,69.93,24.97,66.23,52.1,52.09,Medium,synthetic_formula_with_seeded_noise,synthetic_prototype
REG-STA-070-2025-12,STA-070,tenjo,Tenjo,Rangkasbitung,2025-12,308924,11.16,49,32,32.57,67.86,28.77,76.0,52.1,54.42,Medium,synthetic_formula_with_seeded_noise,synthetic_prototype
REG-STA-071-2023-01,STA-071,tigaraksa,Tigaraksa,Rangkasbitung,2023-01,229652,9.7,42,30,34.25,77.79,31.34,76.71,54.6,50.26,Medium,synthetic_formula_with_seeded_noise,synthetic_prototype
REG-STA-071-2023-02,STA-071,tigaraksa,Tigaraksa,Rangkasbitung,2023-02,240309,8.7,47,49,32.27,72.47,31.23,68.61,54.6,53.17,Medium,synthetic_formula_with_seeded_noise,synthetic_prototype
REG-STA-071-2023-03,STA-071,tigaraksa,Tigaraksa,Rangkasbitung,2023-03,245480,10.21,42,42,33.83,69.41,28.95,67.04,54.6,53.42,Medium,synthetic_formula_with_seeded_noise,synthetic_prototype
REG-STA-071-2023-04,STA-071,tigaraksa,Tigaraksa,Rangkasbitung,2023-04,251420,9.37,42,31,36.88,70.09,27.25,50.73,54.6,53.79,Medium,synthetic_formula_with_seeded_noise,synthetic_prototype
REG-STA-071-2023-05,STA-071,tigaraksa,Tigaraksa,Rangkasbitung,2023-05,275550,8.98,48,40,33.46,66.91,28.86,62.03,54.6,50.64,Medium,synthetic_formula_with_seeded_noise,synthetic_prototype
REG-STA-071-2023-06,STA-071,tigaraksa,Tigaraksa,Rangkasbitung,2023-06,233433,9.2,35,29,30.79,68.01,25.93,59.32,54.6,44.39,Low,synthetic_formula_with_seeded_noise,synthetic_prototype
REG-STA-071-2023-07,STA-071,tigaraksa,Tigaraksa,Rangkasbitung,2023-07,228191,9.86,53,51,32.22,72.73,29.09,66.85,54.6,52.35,Medium,synthetic_formula_with_seeded_noise,synthetic_prototype
REG-STA-071-2023-08,STA-071,tigaraksa,Tigaraksa,Rangkasbitung,2023-08,266376,9.52,44,34,31.85,75.32,25.44,58.99,54.6,45.01,Medium,synthetic_formula_with_seeded_noise,synthetic_prototype
REG-STA-071-2023-09,STA-071,tigaraksa,Tigaraksa,Rangkasbitung,2023-09,266585,8.07,43,29,32.19,71.41,23.22,47.27,54.6,46.94,Medium,synthetic_formula_with_seeded_noise,synthetic_prototype
REG-STA-071-2023-10,STA-071,tigaraksa,Tigaraksa,Rangkasbitung,2023-10,278339,9.97,45,36,34.59,74.3,28.62,61.17,54.6,52.03,Medium,synthetic_formula_with_seeded_noise,synthetic_prototype
REG-STA-071-2023-11,STA-071,tigaraksa,Tigaraksa,Rangkasbitung,2023-11,299715,8.89,48,45,38.52,68.61,28.71,65.47,54.6,59.81,Medium,synthetic_formula_with_seeded_noise,synthetic_prototype
REG-STA-071-2023-12,STA-071,tigaraksa,Tigaraksa,Rangkasbitung,2023-12,243059,9.75,42,41,34.3,67.93,25.23,62.63,54.6,53.44,Medium,synthetic_formula_with_seeded_noise,synthetic_prototype
REG-STA-071-2024-01,STA-071,tigaraksa,Tigaraksa,Rangkasbitung,2024-01,246139,8.99,48,42,31.28,75.67,28.3,70.14,54.6,48.65,Medium,synthetic_formula_with_seeded_noise,synthetic_prototype
REG-STA-071-2024-02,STA-071,tigaraksa,Tigaraksa,Rangkasbitung,2024-02,276511,8.98,44,37,35.08,76.81,27.74,67.94,54.6,50.68,Medium,synthetic_formula_with_seeded_noise,synthetic_prototype
REG-STA-071-2024-03,STA-071,tigaraksa,Tigaraksa,Rangkasbitung,2024-03,297997,8.38,41,30,31.2,73.83,29.89,64.11,54.6,60.62,Medium,synthetic_formula_with_seeded_noise,synthetic_prototype
REG-STA-071-2024-04,STA-071,tigaraksa,Tigaraksa,Rangkasbitung,2024-04,276075,9.0,42,31,33.45,72.96,30.47,66.31,54.6,54.44,Medium,synthetic_formula_with_seeded_noise,synthetic_prototype
REG-STA-071-2024-05,STA-071,tigaraksa,Tigaraksa,Rangkasbitung,2024-05,313566,8.22,45,46,34.5,74.67,29.74,58.89,54.6,52.98,Medium,synthetic_formula_with_seeded_noise,synthetic_prototype
REG-STA-071-2024-06,STA-071,tigaraksa,Tigaraksa,Rangkasbitung,2024-06,264442,9.69,43,37,29.54,71.33,27.22,59.59,54.6,47.73,Medium,synthetic_formula_with_seeded_noise,synthetic_prototype
REG-STA-071-2024-07,STA-071,tigaraksa,Tigaraksa,Rangkasbitung,2024-07,268119,10.8,39,33,29.45,76.94,28.73,70.23,54.6,53.87,Medium,synthetic_formula_with_seeded_noise,synthetic_prototype
REG-STA-071-2024-08,STA-071,tigaraksa,Tigaraksa,Rangkasbitung,2024-08,285037,9.73,42,40,36.68,75.55,30.29,61.55,54.6,56.21,Medium,synthetic_formula_with_seeded_noise,synthetic_prototype
REG-STA-071-2024-09,STA-071,tigaraksa,Tigaraksa,Rangkasbitung,2024-09,305609,9.7,43,23,33.18,71.05,30.9,63.68,54.6,54.34,Medium,synthetic_formula_with_seeded_noise,synthetic_prototype
REG-STA-071-2024-10,STA-071,tigaraksa,Tigaraksa,Rangkasbitung,2024-10,312443,8.7,45,42,36.05,73.13,25.6,54.09,54.6,54.95,Medium,synthetic_formula_with_seeded_noise,synthetic_prototype
REG-STA-071-2024-11,STA-071,tigaraksa,Tigaraksa,Rangkasbitung,2024-11,314533,9.4,49,42,33.42,74.89,29.69,66.74,54.6,55.16,Medium,synthetic_formula_with_seeded_noise,synthetic_prototype
REG-STA-071-2024-12,STA-071,tigaraksa,Tigaraksa,Rangkasbitung,2024-12,272673,8.78,41,40,35.66,74.05,27.89,60.64,54.6,54.23,Medium,synthetic_formula_with_seeded_noise,synthetic_prototype
REG-STA-071-2025-01,STA-071,tigaraksa,Tigaraksa,Rangkasbitung,2025-01,308929,8.1,47,45,35.08,74.5,26.11,59.66,54.6,57.05,Medium,synthetic_formula_with_seeded_noise,synthetic_prototype
REG-STA-071-2025-02,STA-071,tigaraksa,Tigaraksa,Rangkasbitung,2025-02,295086,8.93,44,46,36.42,76.27,33.31,47.08,54.6,56.31,Medium,synthetic_formula_with_seeded_noise,synthetic_prototype
REG-STA-071-2025-03,STA-071,tigaraksa,Tigaraksa,Rangkasbitung,2025-03,309236,9.06,37,33,36.57,70.19,31.88,67.28,54.6,50.38,Medium,synthetic_formula_with_seeded_noise,synthetic_prototype
REG-STA-071-2025-04,STA-071,tigaraksa,Tigaraksa,Rangkasbitung,2025-04,296152,10.42,50,42,31.88,70.45,28.73,62.56,54.6,57.85,Medium,synthetic_formula_with_seeded_noise,synthetic_prototype
REG-STA-071-2025-05,STA-071,tigaraksa,Tigaraksa,Rangkasbitung,2025-05,315321,9.08,42,38,36.09,76.74,26.73,60.68,54.6,53.92,Medium,synthetic_formula_with_seeded_noise,synthetic_prototype
REG-STA-071-2025-06,STA-071,tigaraksa,Tigaraksa,Rangkasbitung,2025-06,285237,9.45,48,43,34.38,76.83,29.43,51.79,54.6,58.91,Medium,synthetic_formula_with_seeded_noise,synthetic_prototype
REG-STA-071-2025-07,STA-071,tigaraksa,Tigaraksa,Rangkasbitung,2025-07,283810,8.7,43,22,35.38,70.3,22.9,70.01,54.6,51.97,Medium,synthetic_formula_with_seeded_noise,synthetic_prototype
REG-STA-071-2025-08,STA-071,tigaraksa,Tigaraksa,Rangkasbitung,2025-08,308134,9.04,46,41,34.4,72.56,30.69,53.22,54.6,52.56,Medium,synthetic_formula_with_seeded_noise,synthetic_prototype
REG-STA-071-2025-09,STA-071,tigaraksa,Tigaraksa,Rangkasbitung,2025-09,336303,9.56,49,44,34.51,72.44,26.13,64.95,54.6,56.82,Medium,synthetic_formula_with_seeded_noise,synthetic_prototype
REG-STA-071-2025-10,STA-071,tigaraksa,Tigaraksa,Rangkasbitung,2025-10,358172,9.51,43,36,36.15,69.65,25.23,57.63,54.6,56.62,Medium,synthetic_formula_with_seeded_noise,synthetic_prototype
REG-STA-071-2025-11,STA-071,tigaraksa,Tigaraksa,Rangkasbitung,2025-11,330059,9.39,42,32,35.79,69.87,26.3,66.62,54.6,56.47,Medium,synthetic_formula_with_seeded_noise,synthetic_prototype
REG-STA-071-2025-12,STA-071,tigaraksa,Tigaraksa,Rangkasbitung,2025-12,322564,8.74,40,36,35.38,70.22,32.38,61.22,54.6,53.92,Medium,synthetic_formula_with_seeded_noise,synthetic_prototype
REG-STA-072-2023-01,STA-072,cikoya,Cikoya,Rangkasbitung,2023-01,106974,9.29,28,19,28.44,70.25,20.23,58.07,58,44.87,Low,synthetic_formula_with_seeded_noise,synthetic_prototype
REG-STA-072-2023-02,STA-072,cikoya,Cikoya,Rangkasbitung,2023-02,109243,8.99,32,35,28.16,66.67,26.84,50.14,58,48.39,Medium,synthetic_formula_with_seeded_noise,synthetic_prototype
REG-STA-072-2023-03,STA-072,cikoya,Cikoya,Rangkasbitung,2023-03,124178,10.13,33,23,24.77,77.56,22.64,65.12,58,48.15,Medium,synthetic_formula_with_seeded_noise,synthetic_prototype
REG-STA-072-2023-04,STA-072,cikoya,Cikoya,Rangkasbitung,2023-04,113729,8.71,19,13,24.37,76.73,25.53,49.4,58,50.69,Medium,synthetic_formula_with_seeded_noise,synthetic_prototype
REG-STA-072-2023-05,STA-072,cikoya,Cikoya,Rangkasbitung,2023-05,120980,9.67,26,21,27.93,74.6,33.39,60.97,58,49.51,Medium,synthetic_formula_with_seeded_noise,synthetic_prototype
REG-STA-072-2023-06,STA-072,cikoya,Cikoya,Rangkasbitung,2023-06,116805,9.23,24,19,28.28,71.65,27.77,48.29,58,50.67,Medium,synthetic_formula_with_seeded_noise,synthetic_prototype
REG-STA-072-2023-07,STA-072,cikoya,Cikoya,Rangkasbitung,2023-07,114692,9.03,30,27,26.71,68.42,29.66,57.77,58,54.66,Medium,synthetic_formula_with_seeded_noise,synthetic_prototype
REG-STA-072-2023-08,STA-072,cikoya,Cikoya,Rangkasbitung,2023-08,120046,8.56,27,27,25.27,77.31,29.2,56.72,58,44.64,Low,synthetic_formula_with_seeded_noise,synthetic_prototype
REG-STA-072-2023-09,STA-072,cikoya,Cikoya,Rangkasbitung,2023-09,117164,9.29,32,31,26.84,77.08,26.06,55.02,58,50.35,Medium,synthetic_formula_with_seeded_noise,synthetic_prototype
REG-STA-072-2023-10,STA-072,cikoya,Cikoya,Rangkasbitung,2023-10,135484,9.12,27,21,27.04,76.14,26.88,65.67,58,50.0,Medium,synthetic_formula_with_seeded_noise,synthetic_prototype
REG-STA-072-2023-11,STA-072,cikoya,Cikoya,Rangkasbitung,2023-11,125496,9.12,26,23,28.21,69.78,31.07,53.04,58,50.52,Medium,synthetic_formula_with_seeded_noise,synthetic_prototype
REG-STA-072-2023-12,STA-072,cikoya,Cikoya,Rangkasbitung,2023-12,118182,9.4,27,22,25.66,75.86,27.47,62.87,58,47.28,Medium,synthetic_formula_with_seeded_noise,synthetic_prototype
REG-STA-072-2024-01,STA-072,cikoya,Cikoya,Rangkasbitung,2024-01,121715,10.01,21,12,29.94,79.0,32.0,44.79,58,45.44,Medium,synthetic_formula_with_seeded_noise,synthetic_prototype
REG-STA-072-2024-02,STA-072,cikoya,Cikoya,Rangkasbitung,2024-02,130615,9.49,30,28,27.19,73.43,22.8,50.47,58,42.32,Low,synthetic_formula_with_seeded_noise,synthetic_prototype
REG-STA-072-2024-03,STA-072,cikoya,Cikoya,Rangkasbitung,2024-03,133579,8.79,28,29,25.83,69.79,27.48,61.79,58,46.86,Medium,synthetic_formula_with_seeded_noise,synthetic_prototype
REG-STA-072-2024-04,STA-072,cikoya,Cikoya,Rangkasbitung,2024-04,120856,10.21,24,25,29.88,67.5,28.83,53.88,58,52.22,Medium,synthetic_formula_with_seeded_noise,synthetic_prototype
REG-STA-072-2024-05,STA-072,cikoya,Cikoya,Rangkasbitung,2024-05,149833,9.15,25,14,29.45,71.97,30.9,62.43,58,56.86,Medium,synthetic_formula_with_seeded_noise,synthetic_prototype
REG-STA-072-2024-06,STA-072,cikoya,Cikoya,Rangkasbitung,2024-06,131989,9.93,24,21,25.55,72.79,22.91,62.83,58,47.94,Medium,synthetic_formula_with_seeded_noise,synthetic_prototype
REG-STA-072-2024-07,STA-072,cikoya,Cikoya,Rangkasbitung,2024-07,116034,10.04,27,15,27.05,72.17,30.11,53.45,58,48.71,Medium,synthetic_formula_with_seeded_noise,synthetic_prototype
REG-STA-072-2024-08,STA-072,cikoya,Cikoya,Rangkasbitung,2024-08,142499,9.62,30,25,24.77,74.19,24.86,46.62,58,50.57,Medium,synthetic_formula_with_seeded_noise,synthetic_prototype
REG-STA-072-2024-09,STA-072,cikoya,Cikoya,Rangkasbitung,2024-09,139880,9.97,32,26,29.78,71.93,29.86,65.53,58,50.58,Medium,synthetic_formula_with_seeded_noise,synthetic_prototype
REG-STA-072-2024-10,STA-072,cikoya,Cikoya,Rangkasbitung,2024-10,148378,9.47,26,18,24.18,66.57,29.63,50.27,58,50.83,Medium,synthetic_formula_with_seeded_noise,synthetic_prototype
REG-STA-072-2024-11,STA-072,cikoya,Cikoya,Rangkasbitung,2024-11,147183,10.31,24,19,26.52,71.24,28.23,50.92,58,53.33,Medium,synthetic_formula_with_seeded_noise,synthetic_prototype
REG-STA-072-2024-12,STA-072,cikoya,Cikoya,Rangkasbitung,2024-12,127945,9.38,20,11,27.06,78.02,26.65,50.38,58,54.86,Medium,synthetic_formula_with_seeded_noise,synthetic_prototype
REG-STA-072-2025-01,STA-072,cikoya,Cikoya,Rangkasbitung,2025-01,137184,8.77,23,18,26.66,72.98,28.41,52.39,58,53.14,Medium,synthetic_formula_with_seeded_noise,synthetic_prototype
REG-STA-072-2025-02,STA-072,cikoya,Cikoya,Rangkasbitung,2025-02,144645,9.56,32,24,25.37,74.81,28.89,61.46,58,50.57,Medium,synthetic_formula_with_seeded_noise,synthetic_prototype
REG-STA-072-2025-03,STA-072,cikoya,Cikoya,Rangkasbitung,2025-03,145444,9.46,25,19,28.02,71.28,33.36,61.38,58,52.09,Medium,synthetic_formula_with_seeded_noise,synthetic_prototype
REG-STA-072-2025-04,STA-072,cikoya,Cikoya,Rangkasbitung,2025-04,146756,9.39,20,23,29.75,78.31,25.48,47.47,58,54.6,Medium,synthetic_formula_with_seeded_noise,synthetic_prototype
REG-STA-072-2025-05,STA-072,cikoya,Cikoya,Rangkasbitung,2025-05,147136,9.23,32,27,23.56,73.99,33.74,60.18,58,53.2,Medium,synthetic_formula_with_seeded_noise,synthetic_prototype
REG-STA-072-2025-06,STA-072,cikoya,Cikoya,Rangkasbitung,2025-06,142318,9.59,30,23,27.9,66.78,28.3,54.18,58,48.81,Medium,synthetic_formula_with_seeded_noise,synthetic_prototype
REG-STA-072-2025-07,STA-072,cikoya,Cikoya,Rangkasbitung,2025-07,135361,9.63,28,29,26.83,75.39,23.81,55.7,58,48.89,Medium,synthetic_formula_with_seeded_noise,synthetic_prototype
REG-STA-072-2025-08,STA-072,cikoya,Cikoya,Rangkasbitung,2025-08,155734,9.81,29,30,27.78,78.86,28.46,62.07,58,53.06,Medium,synthetic_formula_with_seeded_noise,synthetic_prototype
REG-STA-072-2025-09,STA-072,cikoya,Cikoya,Rangkasbitung,2025-09,149468,9.55,26,18,27.37,73.93,29.97,64.38,58,58.04,Medium,synthetic_formula_with_seeded_noise,synthetic_prototype
REG-STA-072-2025-10,STA-072,cikoya,Cikoya,Rangkasbitung,2025-10,155548,9.51,21,32,27.91,74.58,28.57,52.17,58,59.44,Medium,synthetic_formula_with_seeded_noise,synthetic_prototype
REG-STA-072-2025-11,STA-072,cikoya,Cikoya,Rangkasbitung,2025-11,163649,10.03,24,26,26.28,74.19,20.45,49.76,58,51.4,Medium,synthetic_formula_with_seeded_noise,synthetic_prototype
REG-STA-072-2025-12,STA-072,cikoya,Cikoya,Rangkasbitung,2025-12,136523,9.56,30,26,30.91,74.88,23.82,44.45,58,57.46,Medium,synthetic_formula_with_seeded_noise,synthetic_prototype
REG-STA-073-2023-01,STA-073,maja,Maja,Rangkasbitung,2023-01,214237,8.6,26,29,30.61,69.41,32.15,48.05,61.6,49.6,Medium,synthetic_formula_with_seeded_noise,synthetic_prototype
REG-STA-073-2023-02,STA-073,maja,Maja,Rangkasbitung,2023-02,248896,9.43,25,29,24.73,63.61,25.51,49.12,61.6,51.09,Medium,synthetic_formula_with_seeded_noise,synthetic_prototype
REG-STA-073-2023-03,STA-073,maja,Maja,Rangkasbitung,2023-03,245886,8.27,29,22,31.13,62.2,23.5,51.82,61.6,46.29,Medium,synthetic_formula_with_seeded_noise,synthetic_prototype
REG-STA-073-2023-04,STA-073,maja,Maja,Rangkasbitung,2023-04,252660,8.81,28,26,31.36,60.49,24.48,55.83,61.6,47.53,Medium,synthetic_formula_with_seeded_noise,synthetic_prototype
REG-STA-073-2023-05,STA-073,maja,Maja,Rangkasbitung,2023-05,266309,8.84,25,10,22.38,67.92,36.04,49.2,61.6,48.19,Medium,synthetic_formula_with_seeded_noise,synthetic_prototype
REG-STA-073-2023-06,STA-073,maja,Maja,Rangkasbitung,2023-06,228661,9.56,31,29,29.03,66.49,30.33,60.14,61.6,47.01,Medium,synthetic_formula_with_seeded_noise,synthetic_prototype
REG-STA-073-2023-07,STA-073,maja,Maja,Rangkasbitung,2023-07,228778,9.04,25,20,33.68,63.36,27.95,57.62,61.6,45.23,Medium,synthetic_formula_with_seeded_noise,synthetic_prototype
REG-STA-073-2023-08,STA-073,maja,Maja,Rangkasbitung,2023-08,270809,8.98,27,27,29.25,67.74,26.9,39.47,61.6,44.51,Low,synthetic_formula_with_seeded_noise,synthetic_prototype
REG-STA-073-2023-09,STA-073,maja,Maja,Rangkasbitung,2023-09,272474,9.55,28,24,28.34,66.12,27.5,50.7,61.6,47.35,Medium,synthetic_formula_with_seeded_noise,synthetic_prototype
REG-STA-073-2023-10,STA-073,maja,Maja,Rangkasbitung,2023-10,285601,9.85,32,33,30.3,65.75,23.54,61.9,61.6,53.62,Medium,synthetic_formula_with_seeded_noise,synthetic_prototype
REG-STA-073-2023-11,STA-073,maja,Maja,Rangkasbitung,2023-11,298352,9.07,33,22,28.19,65.61,28.56,54.62,61.6,52.99,Medium,synthetic_formula_with_seeded_noise,synthetic_prototype
REG-STA-073-2023-12,STA-073,maja,Maja,Rangkasbitung,2023-12,230124,9.59,30,32,31.6,65.84,29.57,48.66,61.6,46.12,Medium,synthetic_formula_with_seeded_noise,synthetic_prototype
REG-STA-073-2024-01,STA-073,maja,Maja,Rangkasbitung,2024-01,253977,9.83,31,19,27.27,65.41,28.51,62.48,61.6,44.44,Low,synthetic_formula_with_seeded_noise,synthetic_prototype
REG-STA-073-2024-02,STA-073,maja,Maja,Rangkasbitung,2024-02,263454,9.08,35,23,30.07,68.4,21.37,63.48,61.6,51.41,Medium,synthetic_formula_with_seeded_noise,synthetic_prototype
REG-STA-073-2024-03,STA-073,maja,Maja,Rangkasbitung,2024-03,280654,9.82,29,22,32.98,70.08,31.91,59.19,61.6,48.86,Medium,synthetic_formula_with_seeded_noise,synthetic_prototype
REG-STA-073-2024-04,STA-073,maja,Maja,Rangkasbitung,2024-04,267555,9.15,25,24,30.47,65.88,34.69,60.15,61.6,51.56,Medium,synthetic_formula_with_seeded_noise,synthetic_prototype
REG-STA-073-2024-05,STA-073,maja,Maja,Rangkasbitung,2024-05,299264,9.0,32,24,28.5,66.39,28.19,46.56,61.6,49.29,Medium,synthetic_formula_with_seeded_noise,synthetic_prototype
REG-STA-073-2024-06,STA-073,maja,Maja,Rangkasbitung,2024-06,260350,9.16,21,22,29.87,65.09,26.3,49.23,61.6,45.71,Medium,synthetic_formula_with_seeded_noise,synthetic_prototype
REG-STA-073-2024-07,STA-073,maja,Maja,Rangkasbitung,2024-07,269351,10.07,26,14,27.05,62.34,25.73,51.04,61.6,48.24,Medium,synthetic_formula_with_seeded_noise,synthetic_prototype
REG-STA-073-2024-08,STA-073,maja,Maja,Rangkasbitung,2024-08,314835,10.05,36,29,34.25,68.72,31.53,66.79,61.6,53.59,Medium,synthetic_formula_with_seeded_noise,synthetic_prototype
REG-STA-073-2024-09,STA-073,maja,Maja,Rangkasbitung,2024-09,298799,8.73,24,10,32.66,63.19,22.14,49.69,61.6,51.85,Medium,synthetic_formula_with_seeded_noise,synthetic_prototype
REG-STA-073-2024-10,STA-073,maja,Maja,Rangkasbitung,2024-10,317650,9.89,27,20,27.94,68.43,29.27,44.1,61.6,58.48,Medium,synthetic_formula_with_seeded_noise,synthetic_prototype
REG-STA-073-2024-11,STA-073,maja,Maja,Rangkasbitung,2024-11,317954,8.55,29,32,29.76,65.6,27.94,74.07,61.6,58.25,Medium,synthetic_formula_with_seeded_noise,synthetic_prototype
REG-STA-073-2024-12,STA-073,maja,Maja,Rangkasbitung,2024-12,281989,9.45,33,26,29.59,69.0,32.28,55.1,61.6,54.92,Medium,synthetic_formula_with_seeded_noise,synthetic_prototype
REG-STA-073-2025-01,STA-073,maja,Maja,Rangkasbitung,2025-01,293417,8.43,23,21,27.68,66.26,26.97,56.22,61.6,49.39,Medium,synthetic_formula_with_seeded_noise,synthetic_prototype
REG-STA-073-2025-02,STA-073,maja,Maja,Rangkasbitung,2025-02,281403,9.06,26,28,28.42,62.7,24.94,47.04,61.6,50.91,Medium,synthetic_formula_with_seeded_noise,synthetic_prototype
REG-STA-073-2025-03,STA-073,maja,Maja,Rangkasbitung,2025-03,330948,8.93,33,24,31.62,67.65,30.63,58.46,61.6,55.55,Medium,synthetic_formula_with_seeded_noise,synthetic_prototype
REG-STA-073-2025-04,STA-073,maja,Maja,Rangkasbitung,2025-04,289092,9.09,35,25,24.76,64.6,28.62,51.72,61.6,56.09,Medium,synthetic_formula_with_seeded_noise,synthetic_prototype
REG-STA-073-2025-05,STA-073,maja,Maja,Rangkasbitung,2025-05,336975,9.76,30,26,30.67,66.94,25.89,60.46,61.6,56.5,Medium,synthetic_formula_with_seeded_noise,synthetic_prototype
REG-STA-073-2025-06,STA-073,maja,Maja,Rangkasbitung,2025-06,301851,9.5,27,16,33.46,64.68,27.55,65.66,61.6,54.96,Medium,synthetic_formula_with_seeded_noise,synthetic_prototype
REG-STA-073-2025-07,STA-073,maja,Maja,Rangkasbitung,2025-07,280050,8.6,26,11,31.17,67.44,26.14,60.11,61.6,50.67,Medium,synthetic_formula_with_seeded_noise,synthetic_prototype
REG-STA-073-2025-08,STA-073,maja,Maja,Rangkasbitung,2025-08,334091,8.55,32,29,31.01,69.44,24.58,61.45,61.6,50.9,Medium,synthetic_formula_with_seeded_noise,synthetic_prototype
REG-STA-073-2025-09,STA-073,maja,Maja,Rangkasbitung,2025-09,339594,9.17,35,25,29.03,66.82,32.41,55.5,61.6,58.48,Medium,synthetic_formula_with_seeded_noise,synthetic_prototype
REG-STA-073-2025-10,STA-073,maja,Maja,Rangkasbitung,2025-10,338245,8.6,26,17,29.46,70.12,34.09,58.38,61.6,59.06,Medium,synthetic_formula_with_seeded_noise,synthetic_prototype
REG-STA-073-2025-11,STA-073,maja,Maja,Rangkasbitung,2025-11,328678,8.46,28,27,24.86,69.12,30.2,59.65,61.6,52.15,Medium,synthetic_formula_with_seeded_noise,synthetic_prototype
REG-STA-073-2025-12,STA-073,maja,Maja,Rangkasbitung,2025-12,280212,9.4,21,4,27.21,66.53,28.76,58.75,61.6,51.91,Medium,synthetic_formula_with_seeded_noise,synthetic_prototype
REG-STA-074-2023-01,STA-074,citeras,Citeras,Rangkasbitung,2023-01,115550,7.29,23,26,35.36,86.06,27.54,42.36,67,47.5,Medium,synthetic_formula_with_seeded_noise,synthetic_prototype
REG-STA-074-2023-02,STA-074,citeras,Citeras,Rangkasbitung,2023-02,112615,7.62,26,22,38.43,74.91,25.63,41.12,67,47.84,Medium,synthetic_formula_with_seeded_noise,synthetic_prototype
REG-STA-074-2023-03,STA-074,citeras,Citeras,Rangkasbitung,2023-03,116253,6.34,15,10,37.6,77.92,26.0,38.83,67,47.36,Medium,synthetic_formula_with_seeded_noise,synthetic_prototype
REG-STA-074-2023-04,STA-074,citeras,Citeras,Rangkasbitung,2023-04,108463,7.12,20,9,27.95,85.17,24.96,47.34,67,48.88,Medium,synthetic_formula_with_seeded_noise,synthetic_prototype
REG-STA-074-2023-05,STA-074,citeras,Citeras,Rangkasbitung,2023-05,123267,8.29,26,23,34.18,79.51,31.82,50.87,67,49.07,Medium,synthetic_formula_with_seeded_noise,synthetic_prototype
REG-STA-074-2023-06,STA-074,citeras,Citeras,Rangkasbitung,2023-06,115031,7.26,20,13,35.08,88.65,32.91,41.45,67,51.32,Medium,synthetic_formula_with_seeded_noise,synthetic_prototype
REG-STA-074-2023-07,STA-074,citeras,Citeras,Rangkasbitung,2023-07,107976,6.84,21,18,32.37,71.58,28.74,56.55,67,48.62,Medium,synthetic_formula_with_seeded_noise,synthetic_prototype
REG-STA-074-2023-08,STA-074,citeras,Citeras,Rangkasbitung,2023-08,130435,6.72,20,17,31.0,75.78,27.46,46.61,67,52.49,Medium,synthetic_formula_with_seeded_noise,synthetic_prototype
REG-STA-074-2023-09,STA-074,citeras,Citeras,Rangkasbitung,2023-09,119268,6.64,20,16,33.31,78.34,21.53,46.77,67,52.84,Medium,synthetic_formula_with_seeded_noise,synthetic_prototype
REG-STA-074-2023-10,STA-074,citeras,Citeras,Rangkasbitung,2023-10,130173,7.09,27,25,36.41,81.45,23.82,41.19,67,55.99,Medium,synthetic_formula_with_seeded_noise,synthetic_prototype
REG-STA-074-2023-11,STA-074,citeras,Citeras,Rangkasbitung,2023-11,122566,7.33,24,15,36.75,80.92,29.84,41.3,67,50.28,Medium,synthetic_formula_with_seeded_noise,synthetic_prototype
REG-STA-074-2023-12,STA-074,citeras,Citeras,Rangkasbitung,2023-12,116225,7.57,20,14,30.05,78.42,31.29,40.16,67,48.86,Medium,synthetic_formula_with_seeded_noise,synthetic_prototype
REG-STA-074-2024-01,STA-074,citeras,Citeras,Rangkasbitung,2024-01,122730,7.88,28,31,35.8,77.51,22.3,30.92,67,45.31,Medium,synthetic_formula_with_seeded_noise,synthetic_prototype
REG-STA-074-2024-02,STA-074,citeras,Citeras,Rangkasbitung,2024-02,130193,7.17,22,18,36.22,79.75,31.18,47.44,67,53.49,Medium,synthetic_formula_with_seeded_noise,synthetic_prototype
REG-STA-074-2024-03,STA-074,citeras,Citeras,Rangkasbitung,2024-03,138576,7.78,26,9,36.5,78.07,27.11,44.21,67,54.02,Medium,synthetic_formula_with_seeded_noise,synthetic_prototype
REG-STA-074-2024-04,STA-074,citeras,Citeras,Rangkasbitung,2024-04,122762,7.55,15,7,31.26,78.52,25.5,43.71,67,47.87,Medium,synthetic_formula_with_seeded_noise,synthetic_prototype
REG-STA-074-2024-05,STA-074,citeras,Citeras,Rangkasbitung,2024-05,144901,7.88,25,22,30.4,75.47,23.51,43.54,67,52.21,Medium,synthetic_formula_with_seeded_noise,synthetic_prototype
REG-STA-074-2024-06,STA-074,citeras,Citeras,Rangkasbitung,2024-06,129517,7.62,23,17,32.45,77.61,31.95,45.02,67,50.99,Medium,synthetic_formula_with_seeded_noise,synthetic_prototype
REG-STA-074-2024-07,STA-074,citeras,Citeras,Rangkasbitung,2024-07,118623,7.94,16,18,31.38,76.13,29.39,37.8,67,49.41,Medium,synthetic_formula_with_seeded_noise,synthetic_prototype
REG-STA-074-2024-08,STA-074,citeras,Citeras,Rangkasbitung,2024-08,138883,8.21,24,13,37.68,77.32,29.34,41.9,67,49.89,Medium,synthetic_formula_with_seeded_noise,synthetic_prototype
REG-STA-074-2024-09,STA-074,citeras,Citeras,Rangkasbitung,2024-09,146654,7.31,22,20,32.66,82.54,30.47,41.44,67,54.91,Medium,synthetic_formula_with_seeded_noise,synthetic_prototype
REG-STA-074-2024-10,STA-074,citeras,Citeras,Rangkasbitung,2024-10,145601,8.43,19,18,33.14,82.34,22.93,50.16,67,49.73,Medium,synthetic_formula_with_seeded_noise,synthetic_prototype
REG-STA-074-2024-11,STA-074,citeras,Citeras,Rangkasbitung,2024-11,151714,8.11,20,16,32.79,72.56,27.79,41.66,67,52.95,Medium,synthetic_formula_with_seeded_noise,synthetic_prototype
REG-STA-074-2024-12,STA-074,citeras,Citeras,Rangkasbitung,2024-12,141369,8.79,20,17,29.63,81.21,26.1,44.33,67,49.2,Medium,synthetic_formula_with_seeded_noise,synthetic_prototype
REG-STA-074-2025-01,STA-074,citeras,Citeras,Rangkasbitung,2025-01,136317,6.99,19,23,35.14,80.62,23.57,46.66,67,50.13,Medium,synthetic_formula_with_seeded_noise,synthetic_prototype
REG-STA-074-2025-02,STA-074,citeras,Citeras,Rangkasbitung,2025-02,130223,8.39,18,15,33.51,86.22,31.13,59.73,67,51.09,Medium,synthetic_formula_with_seeded_noise,synthetic_prototype
REG-STA-074-2025-03,STA-074,citeras,Citeras,Rangkasbitung,2025-03,149944,6.86,14,13,29.82,80.31,27.67,51.92,67,55.35,Medium,synthetic_formula_with_seeded_noise,synthetic_prototype
REG-STA-074-2025-04,STA-074,citeras,Citeras,Rangkasbitung,2025-04,140410,8.19,21,17,31.63,80.11,25.97,48.95,67,49.35,Medium,synthetic_formula_with_seeded_noise,synthetic_prototype
REG-STA-074-2025-05,STA-074,citeras,Citeras,Rangkasbitung,2025-05,158035,7.41,24,10,34.84,80.13,24.63,32.65,67,51.59,Medium,synthetic_formula_with_seeded_noise,synthetic_prototype
REG-STA-074-2025-06,STA-074,citeras,Citeras,Rangkasbitung,2025-06,135764,8.72,18,7,33.99,75.91,32.17,51.82,67,54.49,Medium,synthetic_formula_with_seeded_noise,synthetic_prototype
REG-STA-074-2025-07,STA-074,citeras,Citeras,Rangkasbitung,2025-07,132665,8.8,24,26,38.01,77.19,29.32,34.11,67,50.07,Medium,synthetic_formula_with_seeded_noise,synthetic_prototype
REG-STA-074-2025-08,STA-074,citeras,Citeras,Rangkasbitung,2025-08,156822,7.54,28,24,32.22,74.29,28.16,43.98,67,55.83,Medium,synthetic_formula_with_seeded_noise,synthetic_prototype
REG-STA-074-2025-09,STA-074,citeras,Citeras,Rangkasbitung,2025-09,158945,7.94,19,16,32.41,82.77,28.41,29.02,67,54.08,Medium,synthetic_formula_with_seeded_noise,synthetic_prototype
REG-STA-074-2025-10,STA-074,citeras,Citeras,Rangkasbitung,2025-10,163364,7.26,26,12,38.33,76.28,23.71,53.49,67,55.73,Medium,synthetic_formula_with_seeded_noise,synthetic_prototype
REG-STA-074-2025-11,STA-074,citeras,Citeras,Rangkasbitung,2025-11,162831,7.46,19,9,33.66,77.14,27.26,50.41,67,47.59,Medium,synthetic_formula_with_seeded_noise,synthetic_prototype
REG-STA-074-2025-12,STA-074,citeras,Citeras,Rangkasbitung,2025-12,133189,8.33,24,15,30.89,75.45,21.01,48.78,67,47.9,Medium,synthetic_formula_with_seeded_noise,synthetic_prototype
REG-STA-075-2023-01,STA-075,rangkasbitung,Rangkasbitung,Rangkasbitung,2023-01,481629,10.08,62,44,19.62,75.73,26.96,38.34,76.2,49.75,Medium,synthetic_formula_with_seeded_noise,synthetic_prototype
REG-STA-075-2023-02,STA-075,rangkasbitung,Rangkasbitung,Rangkasbitung,2023-02,472544,10.29,63,48,19.81,72.45,26.09,43.73,76.2,50.33,Medium,synthetic_formula_with_seeded_noise,synthetic_prototype
REG-STA-075-2023-03,STA-075,rangkasbitung,Rangkasbitung,Rangkasbitung,2023-03,462974,9.71,65,51,18.69,73.78,31.37,50.6,76.2,55.15,Medium,synthetic_formula_with_seeded_noise,synthetic_prototype
REG-STA-075-2023-04,STA-075,rangkasbitung,Rangkasbitung,Rangkasbitung,2023-04,494876,9.89,59,58,18.08,74.12,27.95,41.9,76.2,51.0,Medium,synthetic_formula_with_seeded_noise,synthetic_prototype
REG-STA-075-2023-05,STA-075,rangkasbitung,Rangkasbitung,Rangkasbitung,2023-05,541613,10.96,72,64,19.22,70.6,28.09,53.36,76.2,51.15,Medium,synthetic_formula_with_seeded_noise,synthetic_prototype
REG-STA-075-2023-06,STA-075,rangkasbitung,Rangkasbitung,Rangkasbitung,2023-06,483154,10.35,68,53,23.76,75.23,25.82,47.67,76.2,52.75,Medium,synthetic_formula_with_seeded_noise,synthetic_prototype
REG-STA-075-2023-07,STA-075,rangkasbitung,Rangkasbitung,Rangkasbitung,2023-07,488121,9.48,59,49,19.13,75.15,29.97,45.57,76.2,51.21,Medium,synthetic_formula_with_seeded_noise,synthetic_prototype
REG-STA-075-2023-08,STA-075,rangkasbitung,Rangkasbitung,Rangkasbitung,2023-08,504562,9.9,63,38,20.67,75.37,29.08,53.7,76.2,51.87,Medium,synthetic_formula_with_seeded_noise,synthetic_prototype
REG-STA-075-2023-09,STA-075,rangkasbitung,Rangkasbitung,Rangkasbitung,2023-09,557415,11.2,67,56,20.52,79.63,32.54,49.33,76.2,55.42,Medium,synthetic_formula_with_seeded_noise,synthetic_prototype
REG-STA-075-2023-10,STA-075,rangkasbitung,Rangkasbitung,Rangkasbitung,2023-10,584779,10.06,66,47,20.81,77.29,26.97,47.45,76.2,55.79,Medium,synthetic_formula_with_seeded_noise,synthetic_prototype
REG-STA-075-2023-11,STA-075,rangkasbitung,Rangkasbitung,Rangkasbitung,2023-11,513645,11.27,63,47,17.87,79.6,31.1,55.91,76.2,45.2,Medium,synthetic_formula_with_seeded_noise,synthetic_prototype
REG-STA-075-2023-12,STA-075,rangkasbitung,Rangkasbitung,Rangkasbitung,2023-12,497247,10.86,66,43,23.58,79.01,27.37,45.88,76.2,54.67,Medium,synthetic_formula_with_seeded_noise,synthetic_prototype
REG-STA-075-2024-01,STA-075,rangkasbitung,Rangkasbitung,Rangkasbitung,2024-01,507908,10.62,67,46,21.88,72.97,25.11,57.54,76.2,52.07,Medium,synthetic_formula_with_seeded_noise,synthetic_prototype
REG-STA-075-2024-02,STA-075,rangkasbitung,Rangkasbitung,Rangkasbitung,2024-02,511941,9.94,59,41,19.89,78.06,29.58,47.24,76.2,54.59,Medium,synthetic_formula_with_seeded_noise,synthetic_prototype
REG-STA-075-2024-03,STA-075,rangkasbitung,Rangkasbitung,Rangkasbitung,2024-03,589742,11.0,73,60,21.52,74.64,28.07,48.85,76.2,52.16,Medium,synthetic_formula_with_seeded_noise,synthetic_prototype
REG-STA-075-2024-04,STA-075,rangkasbitung,Rangkasbitung,Rangkasbitung,2024-04,569504,9.91,72,52,20.58,74.65,24.66,60.57,76.2,50.41,Medium,synthetic_formula_with_seeded_noise,synthetic_prototype
REG-STA-075-2024-05,STA-075,rangkasbitung,Rangkasbitung,Rangkasbitung,2024-05,594599,9.87,65,39,22.63,75.69,30.72,35.0,76.2,53.81,Medium,synthetic_formula_with_seeded_noise,synthetic_prototype
REG-STA-075-2024-06,STA-075,rangkasbitung,Rangkasbitung,Rangkasbitung,2024-06,567209,10.37,69,55,16.87,70.11,31.48,45.07,76.2,52.17,Medium,synthetic_formula_with_seeded_noise,synthetic_prototype
REG-STA-075-2024-07,STA-075,rangkasbitung,Rangkasbitung,Rangkasbitung,2024-07,496317,9.78,67,53,17.79,72.71,34.44,49.4,76.2,55.47,Medium,synthetic_formula_with_seeded_noise,synthetic_prototype
REG-STA-075-2024-08,STA-075,rangkasbitung,Rangkasbitung,Rangkasbitung,2024-08,610787,10.29,67,49,19.94,75.35,21.48,38.33,76.2,56.15,Medium,synthetic_formula_with_seeded_noise,synthetic_prototype
REG-STA-075-2024-09,STA-075,rangkasbitung,Rangkasbitung,Rangkasbitung,2024-09,596968,10.17,62,50,18.34,77.78,26.2,47.51,76.2,50.85,Medium,synthetic_formula_with_seeded_noise,synthetic_prototype
REG-STA-075-2024-10,STA-075,rangkasbitung,Rangkasbitung,Rangkasbitung,2024-10,672553,10.71,66,54,21.46,81.18,24.97,42.78,76.2,56.05,Medium,synthetic_formula_with_seeded_noise,synthetic_prototype
REG-STA-075-2024-11,STA-075,rangkasbitung,Rangkasbitung,Rangkasbitung,2024-11,673137,10.3,71,50,21.65,78.43,26.68,49.2,76.2,62.74,Medium,synthetic_formula_with_seeded_noise,synthetic_prototype
REG-STA-075-2024-12,STA-075,rangkasbitung,Rangkasbitung,Rangkasbitung,2024-12,536554,10.01,64,60,19.36,80.25,27.62,54.64,76.2,51.45,Medium,synthetic_formula_with_seeded_noise,synthetic_prototype
REG-STA-075-2025-01,STA-075,rangkasbitung,Rangkasbitung,Rangkasbitung,2025-01,593601,11.14,70,69,19.97,75.31,23.66,47.88,76.2,53.13,Medium,synthetic_formula_with_seeded_noise,synthetic_prototype
REG-STA-075-2025-02,STA-075,rangkasbitung,Rangkasbitung,Rangkasbitung,2025-02,609951,10.18,72,53,19.11,85.54,30.65,59.71,76.2,52.99,Medium,synthetic_formula_with_seeded_noise,synthetic_prototype
REG-STA-075-2025-03,STA-075,rangkasbitung,Rangkasbitung,Rangkasbitung,2025-03,614143,10.42,66,59,20.82,73.52,29.48,47.17,76.2,53.55,Medium,synthetic_formula_with_seeded_noise,synthetic_prototype
REG-STA-075-2025-04,STA-075,rangkasbitung,Rangkasbitung,Rangkasbitung,2025-04,602231,9.05,65,51,20.38,70.87,27.76,54.56,76.2,52.9,Medium,synthetic_formula_with_seeded_noise,synthetic_prototype
REG-STA-075-2025-05,STA-075,rangkasbitung,Rangkasbitung,Rangkasbitung,2025-05,658346,10.01,68,58,19.48,78.62,26.31,47.81,76.2,58.39,Medium,synthetic_formula_with_seeded_noise,synthetic_prototype
REG-STA-075-2025-06,STA-075,rangkasbitung,Rangkasbitung,Rangkasbitung,2025-06,585795,9.65,63,57,19.37,77.65,30.44,43.72,76.2,50.11,Medium,synthetic_formula_with_seeded_noise,synthetic_prototype
REG-STA-075-2025-07,STA-075,rangkasbitung,Rangkasbitung,Rangkasbitung,2025-07,583854,9.94,75,56,17.18,75.6,30.81,60.41,76.2,53.88,Medium,synthetic_formula_with_seeded_noise,synthetic_prototype
REG-STA-075-2025-08,STA-075,rangkasbitung,Rangkasbitung,Rangkasbitung,2025-08,690367,9.65,74,64,22.78,69.88,30.47,45.39,76.2,59.07,Medium,synthetic_formula_with_seeded_noise,synthetic_prototype
REG-STA-075-2025-09,STA-075,rangkasbitung,Rangkasbitung,Rangkasbitung,2025-09,701272,10.97,69,54,20.08,73.99,25.62,48.99,76.2,54.81,Medium,synthetic_formula_with_seeded_noise,synthetic_prototype
REG-STA-075-2025-10,STA-075,rangkasbitung,Rangkasbitung,Rangkasbitung,2025-10,655101,10.35,65,46,17.81,73.18,26.35,43.5,76.2,60.84,Medium,synthetic_formula_with_seeded_noise,synthetic_prototype
REG-STA-075-2025-11,STA-075,rangkasbitung,Rangkasbitung,Rangkasbitung,2025-11,702034,10.52,73,40,21.13,78.83,27.46,62.22,76.2,55.1,Medium,synthetic_formula_with_seeded_noise,synthetic_prototype
REG-STA-075-2025-12,STA-075,rangkasbitung,Rangkasbitung,Rangkasbitung,2025-12,640497,10.21,69,55,17.67,76.23,28.08,37.14,76.2,52.92,Medium,synthetic_formula_with_seeded_noise,synthetic_prototype
REG-STA-076-2023-01,STA-076,ancol,Ancol,Tanjung Priok,2023-01,142858,2.1,50,58,31.97,42.32,29.76,116.58,5.8,41.91,Low,synthetic_formula_with_seeded_noise,synthetic_prototype
REG-STA-076-2023-02,STA-076,ancol,Ancol,Tanjung Priok,2023-02,151714,1.96,50,53,34.9,48.05,31.0,119.57,5.8,43.34,Low,synthetic_formula_with_seeded_noise,synthetic_prototype
REG-STA-076-2023-03,STA-076,ancol,Ancol,Tanjung Priok,2023-03,168894,2.2,51,49,39.27,33.48,29.22,114.97,5.8,41.5,Low,synthetic_formula_with_seeded_noise,synthetic_prototype
REG-STA-076-2023-04,STA-076,ancol,Ancol,Tanjung Priok,2023-04,154577,2.44,49,46,34.34,45.17,26.07,123.05,5.8,41.22,Low,synthetic_formula_with_seeded_noise,synthetic_prototype
REG-STA-076-2023-05,STA-076,ancol,Ancol,Tanjung Priok,2023-05,162607,2.11,53,59,34.52,45.47,31.95,106.73,5.8,49.0,Medium,synthetic_formula_with_seeded_noise,synthetic_prototype
REG-STA-076-2023-06,STA-076,ancol,Ancol,Tanjung Priok,2023-06,149819,1.15,46,45,36.94,42.76,30.38,121.82,5.8,38.11,Low,synthetic_formula_with_seeded_noise,synthetic_prototype
REG-STA-076-2023-07,STA-076,ancol,Ancol,Tanjung Priok,2023-07,141496,1.43,46,41,34.97,40.81,26.39,118.44,5.8,43.9,Low,synthetic_formula_with_seeded_noise,synthetic_prototype
REG-STA-076-2023-08,STA-076,ancol,Ancol,Tanjung Priok,2023-08,159591,3.02,50,46,34.58,40.15,24.33,125.31,5.8,38.15,Low,synthetic_formula_with_seeded_noise,synthetic_prototype
REG-STA-076-2023-09,STA-076,ancol,Ancol,Tanjung Priok,2023-09,161821,1.67,51,52,34.58,34.55,30.29,112.48,5.8,46.15,Medium,synthetic_formula_with_seeded_noise,synthetic_prototype
REG-STA-076-2023-10,STA-076,ancol,Ancol,Tanjung Priok,2023-10,179374,0.94,57,55,35.92,48.79,26.94,115.65,5.8,50.65,Medium,synthetic_formula_with_seeded_noise,synthetic_prototype
REG-STA-076-2023-11,STA-076,ancol,Ancol,Tanjung Priok,2023-11,161779,1.01,57,60,36.75,42.97,27.57,103.56,5.8,48.26,Medium,synthetic_formula_with_seeded_noise,synthetic_prototype
REG-STA-076-2023-12,STA-076,ancol,Ancol,Tanjung Priok,2023-12,157599,2.7,48,46,33.35,40.23,25.97,105.61,5.8,42.56,Low,synthetic_formula_with_seeded_noise,synthetic_prototype
REG-STA-076-2024-01,STA-076,ancol,Ancol,Tanjung Priok,2024-01,157794,1.91,50,57,37.79,46.14,25.58,126.15,5.8,46.19,Medium,synthetic_formula_with_seeded_noise,synthetic_prototype
REG-STA-076-2024-02,STA-076,ancol,Ancol,Tanjung Priok,2024-02,151207,3.17,55,60,35.73,39.23,29.29,113.55,5.8,45.11,Medium,synthetic_formula_with_seeded_noise,synthetic_prototype
REG-STA-076-2024-03,STA-076,ancol,Ancol,Tanjung Priok,2024-03,169142,1.99,51,59,35.6,43.64,29.53,117.19,5.8,44.71,Low,synthetic_formula_with_seeded_noise,synthetic_prototype
REG-STA-076-2024-04,STA-076,ancol,Ancol,Tanjung Priok,2024-04,162723,2.39,46,44,37.24,43.09,33.49,125.22,5.8,44.63,Low,synthetic_formula_with_seeded_noise,synthetic_prototype
REG-STA-076-2024-05,STA-076,ancol,Ancol,Tanjung Priok,2024-05,162469,1.51,50,55,31.27,40.54,23.56,113.12,5.8,37.77,Low,synthetic_formula_with_seeded_noise,synthetic_prototype
REG-STA-076-2024-06,STA-076,ancol,Ancol,Tanjung Priok,2024-06,146656,2.02,52,54,33.82,41.98,27.39,119.87,5.8,41.01,Low,synthetic_formula_with_seeded_noise,synthetic_prototype
REG-STA-076-2024-07,STA-076,ancol,Ancol,Tanjung Priok,2024-07,153512,1.61,47,44,31.32,44.71,31.77,108.25,5.8,42.78,Low,synthetic_formula_with_seeded_noise,synthetic_prototype
REG-STA-076-2024-08,STA-076,ancol,Ancol,Tanjung Priok,2024-08,176992,1.75,51,50,34.49,52.31,29.16,114.99,5.8,47.45,Medium,synthetic_formula_with_seeded_noise,synthetic_prototype
REG-STA-076-2024-09,STA-076,ancol,Ancol,Tanjung Priok,2024-09,174536,2.43,53,49,33.5,38.74,22.46,123.57,5.8,40.52,Low,synthetic_formula_with_seeded_noise,synthetic_prototype
REG-STA-076-2024-10,STA-076,ancol,Ancol,Tanjung Priok,2024-10,169391,1.68,53,54,32.3,41.75,22.91,101.06,5.8,44.57,Low,synthetic_formula_with_seeded_noise,synthetic_prototype
REG-STA-076-2024-11,STA-076,ancol,Ancol,Tanjung Priok,2024-11,187770,1.71,53,62,34.08,41.85,30.19,125.5,5.8,46.88,Medium,synthetic_formula_with_seeded_noise,synthetic_prototype
REG-STA-076-2024-12,STA-076,ancol,Ancol,Tanjung Priok,2024-12,151156,2.48,51,45,33.7,46.27,31.07,111.87,5.8,42.02,Low,synthetic_formula_with_seeded_noise,synthetic_prototype
REG-STA-076-2025-01,STA-076,ancol,Ancol,Tanjung Priok,2025-01,154512,2.09,50,44,34.84,40.63,28.92,113.68,5.8,43.78,Low,synthetic_formula_with_seeded_noise,synthetic_prototype
REG-STA-076-2025-02,STA-076,ancol,Ancol,Tanjung Priok,2025-02,155947,0.73,57,55,35.45,38.24,32.23,107.16,5.8,45.41,Medium,synthetic_formula_with_seeded_noise,synthetic_prototype
REG-STA-076-2025-03,STA-076,ancol,Ancol,Tanjung Priok,2025-03,180939,2.29,55,51,35.52,47.01,32.1,127.54,5.8,47.62,Medium,synthetic_formula_with_seeded_noise,synthetic_prototype
REG-STA-076-2025-04,STA-076,ancol,Ancol,Tanjung Priok,2025-04,170720,1.57,49,53,42.92,43.8,29.1,113.6,5.8,43.37,Low,synthetic_formula_with_seeded_noise,synthetic_prototype
REG-STA-076-2025-05,STA-076,ancol,Ancol,Tanjung Priok,2025-05,170895,2.18,54,57,34.98,45.64,33.59,120.6,5.8,47.56,Medium,synthetic_formula_with_seeded_noise,synthetic_prototype
REG-STA-076-2025-06,STA-076,ancol,Ancol,Tanjung Priok,2025-06,154603,1.73,51,53,37.45,40.92,26.7,125.11,5.8,42.99,Low,synthetic_formula_with_seeded_noise,synthetic_prototype
REG-STA-076-2025-07,STA-076,ancol,Ancol,Tanjung Priok,2025-07,151710,1.61,47,45,34.69,43.08,32.26,105.86,5.8,39.33,Low,synthetic_formula_with_seeded_noise,synthetic_prototype
REG-STA-076-2025-08,STA-076,ancol,Ancol,Tanjung Priok,2025-08,169333,1.52,49,52,40.14,45.24,30.6,114.3,5.8,45.71,Medium,synthetic_formula_with_seeded_noise,synthetic_prototype
REG-STA-076-2025-09,STA-076,ancol,Ancol,Tanjung Priok,2025-09,178906,2.06,52,56,35.81,52.86,25.96,108.7,5.8,46.93,Medium,synthetic_formula_with_seeded_noise,synthetic_prototype
REG-STA-076-2025-10,STA-076,ancol,Ancol,Tanjung Priok,2025-10,177054,2.34,55,52,38.38,43.09,26.96,122.76,5.8,40.47,Low,synthetic_formula_with_seeded_noise,synthetic_prototype
REG-STA-076-2025-11,STA-076,ancol,Ancol,Tanjung Priok,2025-11,172721,1.98,59,64,38.48,45.86,22.95,104.82,5.8,43.08,Low,synthetic_formula_with_seeded_noise,synthetic_prototype
REG-STA-076-2025-12,STA-076,ancol,Ancol,Tanjung Priok,2025-12,164615,2.16,43,47,37.02,46.72,28.13,102.12,5.8,42.18,Low,synthetic_formula_with_seeded_noise,synthetic_prototype
REG-STA-077-2023-01,STA-077,tanjungpriok,Tanjung Priok,Tanjung Priok,2023-01,307487,4.7,67,68,41.8,34.96,30.64,119.35,9,38.33,Low,synthetic_formula_with_seeded_noise,synthetic_prototype
REG-STA-077-2023-02,STA-077,tanjungpriok,Tanjung Priok,Tanjung Priok,2023-02,294072,3.63,59,57,43.88,36.31,23.64,104.24,9,46.36,Medium,synthetic_formula_with_seeded_noise,synthetic_prototype
REG-STA-077-2023-03,STA-077,tanjungpriok,Tanjung Priok,Tanjung Priok,2023-03,339881,3.88,65,57,40.93,42.53,25.39,101.66,9,42.27,Low,synthetic_formula_with_seeded_noise,synthetic_prototype
REG-STA-077-2023-04,STA-077,tanjungpriok,Tanjung Priok,Tanjung Priok,2023-04,291478,3.61,61,60,43.94,39.26,24.39,112.64,9,46.2,Medium,synthetic_formula_with_seeded_noise,synthetic_prototype
REG-STA-077-2023-05,STA-077,tanjungpriok,Tanjung Priok,Tanjung Priok,2023-05,353636,3.94,62,58,43.64,32.82,29.57,120.39,9,48.2,Medium,synthetic_formula_with_seeded_noise,synthetic_prototype
REG-STA-077-2023-06,STA-077,tanjungpriok,Tanjung Priok,Tanjung Priok,2023-06,319070,4.18,62,64,43.29,41.77,28.74,121.13,9,48.91,Medium,synthetic_formula_with_seeded_noise,synthetic_prototype
REG-STA-077-2023-07,STA-077,tanjungpriok,Tanjung Priok,Tanjung Priok,2023-07,294317,4.54,69,66,43.68,37.36,29.57,112.83,9,38.15,Low,synthetic_formula_with_seeded_noise,synthetic_prototype
REG-STA-077-2023-08,STA-077,tanjungpriok,Tanjung Priok,Tanjung Priok,2023-08,343343,3.37,69,83,44.28,32.93,35.18,118.56,9,54.4,Medium,synthetic_formula_with_seeded_noise,synthetic_prototype
REG-STA-077-2023-09,STA-077,tanjungpriok,Tanjung Priok,Tanjung Priok,2023-09,379194,2.67,71,70,39.27,38.6,24.87,118.16,9,40.33,Low,synthetic_formula_with_seeded_noise,synthetic_prototype
REG-STA-077-2023-10,STA-077,tanjungpriok,Tanjung Priok,Tanjung Priok,2023-10,354434,3.72,68,70,44.81,39.75,33.01,102.95,9,55.02,Medium,synthetic_formula_with_seeded_noise,synthetic_prototype
REG-STA-077-2023-11,STA-077,tanjungpriok,Tanjung Priok,Tanjung Priok,2023-11,343222,4.73,63,54,45.21,34.74,28.63,125.58,9,45.21,Medium,synthetic_formula_with_seeded_noise,synthetic_prototype
REG-STA-077-2023-12,STA-077,tanjungpriok,Tanjung Priok,Tanjung Priok,2023-12,337067,3.58,64,67,42.87,40.8,29.77,112.98,9,52.44,Medium,synthetic_formula_with_seeded_noise,synthetic_prototype
REG-STA-077-2024-01,STA-077,tanjungpriok,Tanjung Priok,Tanjung Priok,2024-01,309315,3.41,58,59,38.8,36.82,27.98,114.87,9,46.19,Medium,synthetic_formula_with_seeded_noise,synthetic_prototype
REG-STA-077-2024-02,STA-077,tanjungpriok,Tanjung Priok,Tanjung Priok,2024-02,328405,3.94,63,67,47.51,33.73,26.26,117.27,9,45.02,Medium,synthetic_formula_with_seeded_noise,synthetic_prototype
REG-STA-077-2024-03,STA-077,tanjungpriok,Tanjung Priok,Tanjung Priok,2024-03,370009,4.35,59,64,46.66,37.24,24.92,109.47,9,51.82,Medium,synthetic_formula_with_seeded_noise,synthetic_prototype
REG-STA-077-2024-04,STA-077,tanjungpriok,Tanjung Priok,Tanjung Priok,2024-04,342240,3.7,73,74,43.56,41.63,33.35,118.75,9,46.66,Medium,synthetic_formula_with_seeded_noise,synthetic_prototype
REG-STA-077-2024-05,STA-077,tanjungpriok,Tanjung Priok,Tanjung Priok,2024-05,364758,2.93,63,55,39.43,42.67,29.91,124.35,9,43.96,Low,synthetic_formula_with_seeded_noise,synthetic_prototype
REG-STA-077-2024-06,STA-077,tanjungpriok,Tanjung Priok,Tanjung Priok,2024-06,326424,4.1,68,66,42.54,42.62,27.8,118.39,9,53.78,Medium,synthetic_formula_with_seeded_noise,synthetic_prototype
REG-STA-077-2024-07,STA-077,tanjungpriok,Tanjung Priok,Tanjung Priok,2024-07,314064,4.56,68,67,45.91,39.37,25.78,119.86,9,45.89,Medium,synthetic_formula_with_seeded_noise,synthetic_prototype
REG-STA-077-2024-08,STA-077,tanjungpriok,Tanjung Priok,Tanjung Priok,2024-08,363253,3.52,59,48,41.61,32.98,26.43,122.2,9,45.51,Medium,synthetic_formula_with_seeded_noise,synthetic_prototype
REG-STA-077-2024-09,STA-077,tanjungpriok,Tanjung Priok,Tanjung Priok,2024-09,328762,4.18,63,66,45.0,34.94,32.55,120.42,9,49.34,Medium,synthetic_formula_with_seeded_noise,synthetic_prototype
REG-STA-077-2024-10,STA-077,tanjungpriok,Tanjung Priok,Tanjung Priok,2024-10,371758,4.5,66,60,44.37,43.76,24.28,122.87,9,55.2,Medium,synthetic_formula_with_seeded_noise,synthetic_prototype
REG-STA-077-2024-11,STA-077,tanjungpriok,Tanjung Priok,Tanjung Priok,2024-11,376336,3.7,70,70,43.86,34.56,24.99,118.16,9,53.79,Medium,synthetic_formula_with_seeded_noise,synthetic_prototype
REG-STA-077-2024-12,STA-077,tanjungpriok,Tanjung Priok,Tanjung Priok,2024-12,315699,3.9,68,63,42.38,38.37,24.62,104.82,9,48.02,Medium,synthetic_formula_with_seeded_noise,synthetic_prototype
REG-STA-077-2025-01,STA-077,tanjungpriok,Tanjung Priok,Tanjung Priok,2025-01,334269,4.22,64,68,47.64,35.01,27.6,108.05,9,46.58,Medium,synthetic_formula_with_seeded_noise,synthetic_prototype
REG-STA-077-2025-02,STA-077,tanjungpriok,Tanjung Priok,Tanjung Priok,2025-02,326088,4.1,66,61,43.87,33.84,28.47,124.47,9,44.53,Low,synthetic_formula_with_seeded_noise,synthetic_prototype
REG-STA-077-2025-03,STA-077,tanjungpriok,Tanjung Priok,Tanjung Priok,2025-03,375263,5.17,67,70,43.13,37.65,29.04,107.62,9,52.7,Medium,synthetic_formula_with_seeded_noise,synthetic_prototype
REG-STA-077-2025-04,STA-077,tanjungpriok,Tanjung Priok,Tanjung Priok,2025-04,335478,4.21,70,59,45.2,46.47,31.22,119.25,9,54.5,Medium,synthetic_formula_with_seeded_noise,synthetic_prototype
REG-STA-077-2025-05,STA-077,tanjungpriok,Tanjung Priok,Tanjung Priok,2025-05,376935,4.45,67,63,42.22,36.69,28.61,109.73,9,45.42,Medium,synthetic_formula_with_seeded_noise,synthetic_prototype
REG-STA-077-2025-06,STA-077,tanjungpriok,Tanjung Priok,Tanjung Priok,2025-06,344242,3.98,61,59,44.52,38.32,25.77,109.78,9,47.26,Medium,synthetic_formula_with_seeded_noise,synthetic_prototype
REG-STA-077-2025-07,STA-077,tanjungpriok,Tanjung Priok,Tanjung Priok,2025-07,325620,3.77,70,69,45.2,35.65,27.71,108.22,9,45.22,Medium,synthetic_formula_with_seeded_noise,synthetic_prototype
REG-STA-077-2025-08,STA-077,tanjungpriok,Tanjung Priok,Tanjung Priok,2025-08,376255,3.5,61,70,42.34,34.0,34.62,117.09,9,53.17,Medium,synthetic_formula_with_seeded_noise,synthetic_prototype
REG-STA-077-2025-09,STA-077,tanjungpriok,Tanjung Priok,Tanjung Priok,2025-09,372544,4.57,70,67,45.02,44.14,24.03,108.67,9,52.24,Medium,synthetic_formula_with_seeded_noise,synthetic_prototype
REG-STA-077-2025-10,STA-077,tanjungpriok,Tanjung Priok,Tanjung Priok,2025-10,388196,4.25,68,72,43.23,38.29,27.78,119.58,9,46.41,Medium,synthetic_formula_with_seeded_noise,synthetic_prototype
REG-STA-077-2025-11,STA-077,tanjungpriok,Tanjung Priok,Tanjung Priok,2025-11,384456,4.34,69,67,44.09,43.02,21.99,110.91,9,49.91,Medium,synthetic_formula_with_seeded_noise,synthetic_prototype
REG-STA-077-2025-12,STA-077,tanjungpriok,Tanjung Priok,Tanjung Priok,2025-12,333895,3.04,59,58,50.51,36.57,23.4,111.28,9,49.46,Medium,synthetic_formula_with_seeded_noise,synthetic_prototype
