record_id,station_code,station_id,station_name,period,buffer_radius_m,estimated_daily_footfall,passenger_volume_monthly,food_poi_count,beverage_poi_count,hobby_poi_count,bookstore_poi_count,other_retail_poi_count,office_activity_index,residential_activity_index,education_activity_index,pedestrian_access_index,estimated_rental_index_rp_thousand_m2_month,recommended_business_category,synthetic_recommendation_confidence,label_provenance,source_status
CLS-STA-001-2023-01-500,STA-001,jakartakota,Jakarta Kota,2023-01,500,8875,1066497,40,21,15,3,24,92.42,47.46,6.73,84.38,142.51,Makanan,0.529,synthetic_opportunity_formula_with_seeded_noise,synthetic_training_only
CLS-STA-001-2023-02-750,STA-001,jakartakota,Jakarta Kota,2023-02,750,13139,1074602,61,45,20,0,46,92.42,47.46,6.73,78.59,138.08,Makanan,0.658,synthetic_opportunity_formula_with_seeded_noise,synthetic_training_only
CLS-STA-001-2023-03-1000,STA-001,jakartakota,Jakarta Kota,2023-03,1000,19687,1192014,84,56,28,7,66,92.42,47.46,6.73,81.16,155.32,Makanan,0.716,synthetic_opportunity_formula_with_seeded_noise,synthetic_training_only
CLS-STA-001-2023-04-500,STA-001,jakartakota,Jakarta Kota,2023-04,500,9474,1171062,39,27,10,2,32,92.42,47.46,6.73,75.81,144.48,Makanan,0.633,synthetic_opportunity_formula_with_seeded_noise,synthetic_training_only
CLS-STA-001-2023-05-750,STA-001,jakartakota,Jakarta Kota,2023-05,750,14727,1185560,69,43,23,6,50,92.42,47.46,6.73,81.94,140.07,Makanan,0.613,synthetic_opportunity_formula_with_seeded_noise,synthetic_training_only
CLS-STA-001-2023-06-1000,STA-001,jakartakota,Jakarta Kota,2023-06,1000,17289,1058947,79,54,27,6,56,92.42,47.46,6.73,77.83,152.9,Makanan,0.661,synthetic_opportunity_formula_with_seeded_noise,synthetic_training_only
CLS-STA-001-2023-07-500,STA-001,jakartakota,Jakarta Kota,2023-07,500,9132,1111777,41,31,15,4,37,92.42,47.46,6.73,79.04,148.56,Makanan,0.55,synthetic_opportunity_formula_with_seeded_noise,synthetic_training_only
CLS-STA-001-2023-08-750,STA-001,jakartakota,Jakarta Kota,2023-08,750,15192,1221531,64,42,20,6,41,92.42,47.46,6.73,81.22,150.98,Makanan,0.616,synthetic_opportunity_formula_with_seeded_noise,synthetic_training_only
CLS-STA-001-2023-09-1000,STA-001,jakartakota,Jakarta Kota,2023-09,1000,19665,1197097,78,57,24,6,60,92.42,47.46,6.73,81.64,138.39,Makanan,0.742,synthetic_opportunity_formula_with_seeded_noise,synthetic_training_only
CLS-STA-001-2023-10-500,STA-001,jakartakota,Jakarta Kota,2023-10,500,10676,1282098,40,27,9,4,38,92.42,47.46,6.73,84.94,151.49,Makanan,0.607,synthetic_opportunity_formula_with_seeded_noise,synthetic_training_only
CLS-STA-001-2023-11-750,STA-001,jakartakota,Jakarta Kota,2023-11,750,14802,1220200,62,40,19,5,45,92.42,47.46,6.73,77.27,153.03,Makanan,0.613,synthetic_opportunity_formula_with_seeded_noise,synthetic_training_only
CLS-STA-001-2023-12-1000,STA-001,jakartakota,Jakarta Kota,2023-12,1000,17963,1083253,78,58,23,5,55,92.42,47.46,6.73,81.58,135.98,Makanan,0.686,synthetic_opportunity_formula_with_seeded_noise,synthetic_training_only
CLS-STA-001-2024-01-750,STA-001,jakartakota,Jakarta Kota,2024-01,750,13841,1120923,62,41,20,7,47,92.42,47.46,6.73,81.32,138.45,Makanan,0.623,synthetic_opportunity_formula_with_seeded_noise,synthetic_training_only
CLS-STA-001-2024-02-1000,STA-001,jakartakota,Jakarta Kota,2024-02,1000,18776,1116883,84,57,29,6,64,92.42,47.46,6.73,86.75,164.72,Makanan,0.656,synthetic_opportunity_formula_with_seeded_noise,synthetic_training_only
CLS-STA-001-2024-03-500,STA-001,jakartakota,Jakarta Kota,2024-03,500,10136,1221373,41,28,16,2,29,92.42,47.46,6.73,83.09,155.67,Makanan,0.624,synthetic_opportunity_formula_with_seeded_noise,synthetic_training_only
CLS-STA-001-2024-04-750,STA-001,jakartakota,Jakarta Kota,2024-04,750,14225,1146972,61,45,20,8,51,92.42,47.46,6.73,81.23,149.48,Makanan,0.646,synthetic_opportunity_formula_with_seeded_noise,synthetic_training_only
CLS-STA-001-2024-05-1000,STA-001,jakartakota,Jakarta Kota,2024-05,1000,20399,1238669,90,54,29,4,58,92.42,47.46,6.73,79.73,142.3,Makanan,0.622,synthetic_opportunity_formula_with_seeded_noise,synthetic_training_only
CLS-STA-001-2024-06-500,STA-001,jakartakota,Jakarta Kota,2024-06,500,9895,1171604,36,30,14,4,31,92.42,47.46,6.73,82.96,150.04,Makanan,0.61,synthetic_opportunity_formula_with_seeded_noise,synthetic_training_only
CLS-STA-001-2024-07-750,STA-001,jakartakota,Jakarta Kota,2024-07,750,14278,1124293,62,43,20,7,43,92.42,47.46,6.73,85.51,137.79,Makanan,0.629,synthetic_opportunity_formula_with_seeded_noise,synthetic_training_only
CLS-STA-001-2024-08-1000,STA-001,jakartakota,Jakarta Kota,2024-08,1000,20641,1221440,88,60,29,11,63,92.42,47.46,6.73,85.72,152.83,Makanan,0.69,synthetic_opportunity_formula_with_seeded_noise,synthetic_training_only
CLS-STA-001-2024-09-500,STA-001,jakartakota,Jakarta Kota,2024-09,500,11017,1339743,40,31,14,3,36,92.42,47.46,6.73,80.93,153.71,Makanan,0.628,synthetic_opportunity_formula_with_seeded_noise,synthetic_training_only
CLS-STA-001-2024-10-750,STA-001,jakartakota,Jakarta Kota,2024-10,750,16914,1346507,66,44,21,6,55,92.42,47.46,6.73,83.62,155.82,Makanan,0.664,synthetic_opportunity_formula_with_seeded_noise,synthetic_training_only
CLS-STA-001-2024-11-1000,STA-001,jakartakota,Jakarta Kota,2024-11,1000,22742,1360689,82,48,25,6,72,92.42,47.46,6.73,82.13,135.39,Makanan,0.716,synthetic_opportunity_formula_with_seeded_noise,synthetic_training_only
CLS-STA-001-2024-12-500,STA-001,jakartakota,Jakarta Kota,2024-12,500,9857,1199513,38,27,14,4,30,92.42,47.46,6.73,80.17,135.07,Makanan,0.604,synthetic_opportunity_formula_with_seeded_noise,synthetic_training_only
CLS-STA-001-2025-01-1000,STA-001,jakartakota,Jakarta Kota,2025-01,1000,19870,1186045,82,55,24,7,69,92.42,47.46,6.73,84.77,152.84,Makanan,0.628,synthetic_opportunity_formula_with_seeded_noise,synthetic_training_only
CLS-STA-001-2025-02-500,STA-001,jakartakota,Jakarta Kota,2025-02,500,10487,1251575,49,28,12,3,29,92.42,47.46,6.73,82.18,135.28,Makanan,0.558,synthetic_opportunity_formula_with_seeded_noise,synthetic_training_only
CLS-STA-001-2025-03-750,STA-001,jakartakota,Jakarta Kota,2025-03,750,15397,1228311,65,45,16,3,44,92.42,47.46,6.73,82.57,154.72,Makanan,0.677,synthetic_opportunity_formula_with_seeded_noise,synthetic_training_only
CLS-STA-001-2025-04-1000,STA-001,jakartakota,Jakarta Kota,2025-04,1000,21232,1296989,88,61,26,8,66,92.42,47.46,6.73,79.53,137.05,Makanan,0.743,synthetic_opportunity_formula_with_seeded_noise,synthetic_training_only
CLS-STA-001-2025-05-500,STA-001,jakartakota,Jakarta Kota,2025-05,500,11505,1362897,43,28,14,2,30,92.42,47.46,6.73,86.68,149.45,Makanan,0.64,synthetic_opportunity_formula_with_seeded_noise,synthetic_training_only
CLS-STA-001-2025-06-750,STA-001,jakartakota,Jakarta Kota,2025-06,750,14683,1181130,63,43,20,5,56,92.42,47.46,6.73,82.9,134.8,Makanan,0.598,synthetic_opportunity_formula_with_seeded_noise,synthetic_training_only
CLS-STA-001-2025-07-1000,STA-001,jakartakota,Jakarta Kota,2025-07,1000,19946,1204712,85,58,26,4,62,92.42,47.46,6.73,82.17,144.53,Makanan,0.68,synthetic_opportunity_formula_with_seeded_noise,synthetic_training_only
CLS-STA-001-2025-08-500,STA-001,jakartakota,Jakarta Kota,2025-08,500,12048,1452584,42,29,13,3,31,92.42,47.46,6.73,81.65,151.17,Makanan,0.584,synthetic_opportunity_formula_with_seeded_noise,synthetic_training_only
CLS-STA-001-2025-09-750,STA-001,jakartakota,Jakarta Kota,2025-09,750,17411,1380772,64,43,24,5,45,92.42,47.46,6.73,84.49,145.09,Makanan,0.651,synthetic_opportunity_formula_with_seeded_noise,synthetic_training_only
CLS-STA-001-2025-10-1000,STA-001,jakartakota,Jakarta Kota,2025-10,1000,23261,1423965,81,54,26,7,55,92.42,47.46,6.73,79.57,138.44,Makanan,0.719,synthetic_opportunity_formula_with_seeded_noise,synthetic_training_only
CLS-STA-001-2025-11-500,STA-001,jakartakota,Jakarta Kota,2025-11,500,11569,1371243,43,29,14,2,33,92.42,47.46,6.73,84.5,147.51,Makanan,0.634,synthetic_opportunity_formula_with_seeded_noise,synthetic_training_only
CLS-STA-001-2025-12-750,STA-001,jakartakota,Jakarta Kota,2025-12,750,14747,1198087,63,47,18,6,51,92.42,47.46,6.73,81.04,149.44,Makanan,0.677,synthetic_opportunity_formula_with_seeded_noise,synthetic_training_only
CLS-STA-002-2023-01-750,STA-002,jayakarta,Jayakarta,2023-01,750,1422,123181,27,29,8,3,28,84.3,46.74,8.12,45.98,110.0,Makanan,0.518,synthetic_opportunity_formula_with_seeded_noise,synthetic_training_only
CLS-STA-002-2023-02-1000,STA-002,jayakarta,Jayakarta,2023-02,1000,1641,116419,33,30,12,4,26,84.3,46.74,8.12,42.71,111.68,Makanan,0.522,synthetic_opportunity_formula_with_seeded_noise,synthetic_training_only
CLS-STA-002-2023-03-500,STA-002,jayakarta,Jayakarta,2023-03,500,897,126203,18,17,10,2,10,84.3,46.74,8.12,42.7,115.58,Makanan,0.502,synthetic_opportunity_formula_with_seeded_noise,synthetic_training_only
CLS-STA-002-2023-04-750,STA-002,jayakarta,Jayakarta,2023-04,750,1358,125882,33,22,9,4,19,84.3,46.74,8.12,42.25,118.4,Minuman,0.5,synthetic_opportunity_formula_with_seeded_noise,synthetic_training_only
CLS-STA-002-2023-05-1000,STA-002,jayakarta,Jayakarta,2023-05,1000,1917,133966,41,28,13,4,24,84.3,46.74,8.12,40.11,119.06,Minuman,0.514,synthetic_opportunity_formula_with_seeded_noise,synthetic_training_only
CLS-STA-002-2023-06-500,STA-002,jayakarta,Jayakarta,2023-06,500,1028,126279,17,15,7,2,14,84.3,46.74,8.12,47.12,121.23,Makanan,0.517,synthetic_opportunity_formula_with_seeded_noise,synthetic_training_only
CLS-STA-002-2023-07-750,STA-002,jayakarta,Jayakarta,2023-07,750,1205,117569,22,21,9,6,18,84.3,46.74,8.12,42.14,121.0,Makanan,0.5,synthetic_opportunity_formula_with_seeded_noise,synthetic_training_only
CLS-STA-002-2023-08-1000,STA-002,jayakarta,Jayakarta,2023-08,1000,1784,130456,36,30,16,2,29,84.3,46.74,8.12,44.71,113.32,Lainnya,0.56,synthetic_opportunity_formula_with_seeded_noise,synthetic_training_only
CLS-STA-002-2023-09-500,STA-002,jayakarta,Jayakarta,2023-09,500,892,150678,20,17,9,4,10,84.3,46.74,8.12,42.02,108.73,Lainnya,0.561,synthetic_opportunity_formula_with_seeded_noise,synthetic_training_only
CLS-STA-002-2023-10-750,STA-002,jayakarta,Jayakarta,2023-10,750,1528,145078,31,24,12,5,26,84.3,46.74,8.12,42.77,102.75,Lainnya,0.5,synthetic_opportunity_formula_with_seeded_noise,synthetic_training_only
CLS-STA-002-2023-11-1000,STA-002,jayakarta,Jayakarta,2023-11,1000,2080,145437,37,31,13,4,29,84.3,46.74,8.12,41.67,113.47,Lainnya,0.5,synthetic_opportunity_formula_with_seeded_noise,synthetic_training_only
CLS-STA-002-2023-12-500,STA-002,jayakarta,Jayakarta,2023-12,500,986,121439,17,18,7,0,25,84.3,46.74,8.12,39.31,110.56,Makanan,0.541,synthetic_opportunity_formula_with_seeded_noise,synthetic_training_only
CLS-STA-002-2024-01-1000,STA-002,jayakarta,Jayakarta,2024-01,1000,1619,125032,37,32,13,2,32,84.3,46.74,8.12,40.83,115.28,Toko Buku,0.5,synthetic_opportunity_formula_with_seeded_noise,synthetic_training_only
CLS-STA-002-2024-02-500,STA-002,jayakarta,Jayakarta,2024-02,500,1053,130637,26,13,11,1,19,84.3,46.74,8.12,40.85,118.57,Minuman,0.556,synthetic_opportunity_formula_with_seeded_noise,synthetic_training_only
CLS-STA-002-2024-03-750,STA-002,jayakarta,Jayakarta,2024-03,750,1495,147984,29,26,14,3,27,84.3,46.74,8.12,42.98,112.01,Makanan,0.506,synthetic_opportunity_formula_with_seeded_noise,synthetic_training_only
CLS-STA-002-2024-04-1000,STA-002,jayakarta,Jayakarta,2024-04,1000,2012,139838,39,24,14,3,28,84.3,46.74,8.12,42.92,112.22,Minuman,0.549,synthetic_opportunity_formula_with_seeded_noise,synthetic_training_only
CLS-STA-002-2024-05-500,STA-002,jayakarta,Jayakarta,2024-05,500,929,147876,21,8,3,0,12,84.3,46.74,8.12,39.12,118.3,Minuman,0.547,synthetic_opportunity_formula_with_seeded_noise,synthetic_training_only
CLS-STA-002-2024-06-750,STA-002,jayakarta,Jayakarta,2024-06,750,1345,132815,24,29,11,1,25,84.3,46.74,8.12,43.39,122.03,Makanan,0.563,synthetic_opportunity_formula_with_seeded_noise,synthetic_training_only
CLS-STA-002-2024-07-1000,STA-002,jayakarta,Jayakarta,2024-07,1000,1799,135929,40,35,13,4,27,84.3,46.74,8.12,44.16,113.75,Lainnya,0.512,synthetic_opportunity_formula_with_seeded_noise,synthetic_training_only
CLS-STA-002-2024-08-500,STA-002,jayakarta,Jayakarta,2024-08,500,899,143095,19,11,2,2,10,84.3,46.74,8.12,36.8,105.01,Minuman,0.505,synthetic_opportunity_formula_with_seeded_noise,synthetic_training_only
CLS-STA-002-2024-09-750,STA-002,jayakarta,Jayakarta,2024-09,750,1584,154176,25,24,10,4,29,84.3,46.74,8.12,40.04,114.78,Makanan,0.537,synthetic_opportunity_formula_with_seeded_noise,synthetic_training_only
CLS-STA-002-2024-10-1000,STA-002,jayakarta,Jayakarta,2024-10,1000,2161,153929,40,28,14,3,24,84.3,46.74,8.12,45.03,118.57,Lainnya,0.531,synthetic_opportunity_formula_with_seeded_noise,synthetic_training_only
CLS-STA-002-2024-11-500,STA-002,jayakarta,Jayakarta,2024-11,500,963,152409,21,14,14,2,18,84.3,46.74,8.12,35.85,114.42,Minuman,0.541,synthetic_opportunity_formula_with_seeded_noise,synthetic_training_only
CLS-STA-002-2024-12-750,STA-002,jayakarta,Jayakarta,2024-12,750,1410,142504,33,26,11,5,18,84.3,46.74,8.12,41.44,109.61,Lainnya,0.577,synthetic_opportunity_formula_with_seeded_noise,synthetic_training_only
CLS-STA-002-2025-01-500,STA-002,jayakarta,Jayakarta,2025-01,500,1041,141632,16,9,4,2,18,84.3,46.74,8.12,43.86,97.04,Minuman,0.561,synthetic_opportunity_formula_with_seeded_noise,synthetic_training_only
CLS-STA-002-2025-02-750,STA-002,jayakarta,Jayakarta,2025-02,750,1488,136798,25,22,9,1,20,84.3,46.74,8.12,43.68,111.35,Makanan,0.5,synthetic_opportunity_formula_with_seeded_noise,synthetic_training_only
CLS-STA-002-2025-03-1000,STA-002,jayakarta,Jayakarta,2025-03,1000,2093,152747,39,29,15,2,30,84.3,46.74,8.12,37.58,121.42,Minuman,0.5,synthetic_opportunity_formula_with_seeded_noise,synthetic_training_only
CLS-STA-002-2025-04-500,STA-002,jayakarta,Jayakarta,2025-04,500,985,141931,19,11,9,2,19,84.3,46.74,8.12,44.82,127.22,Minuman,0.541,synthetic_opportunity_formula_with_seeded_noise,synthetic_training_only
CLS-STA-002-2025-05-750,STA-002,jayakarta,Jayakarta,2025-05,750,1590,159886,24,19,11,4,20,84.3,46.74,8.12,42.87,114.37,Makanan,0.5,synthetic_opportunity_formula_with_seeded_noise,synthetic_training_only
CLS-STA-002-2025-06-1000,STA-002,jayakarta,Jayakarta,2025-06,1000,2043,141996,37,26,16,3,29,84.3,46.74,8.12,42.53,119.98,Minuman,0.51,synthetic_opportunity_formula_with_seeded_noise,synthetic_training_only
CLS-STA-002-2025-07-500,STA-002,jayakarta,Jayakarta,2025-07,500,1106,142769,19,11,8,3,7,84.3,46.74,8.12,45.25,115.17,Lainnya,0.5,synthetic_opportunity_formula_with_seeded_noise,synthetic_training_only
CLS-STA-002-2025-08-750,STA-002,jayakarta,Jayakarta,2025-08,750,1566,152188,30,27,15,4,29,84.3,46.74,8.12,37.59,111.59,Makanan,0.503,synthetic_opportunity_formula_with_seeded_noise,synthetic_training_only
CLS-STA-002-2025-09-1000,STA-002,jayakarta,Jayakarta,2025-09,1000,2102,158200,36,29,13,2,27,84.3,46.74,8.12,40.67,112.08,Lainnya,0.506,synthetic_opportunity_formula_with_seeded_noise,synthetic_training_only
CLS-STA-002-2025-10-500,STA-002,jayakarta,Jayakarta,2025-10,500,1162,158055,20,12,6,1,21,84.3,46.74,8.12,46.97,115.48,Minuman,0.5,synthetic_opportunity_formula_with_seeded_noise,synthetic_training_only
CLS-STA-002-2025-11-750,STA-002,jayakarta,Jayakarta,2025-11,750,1645,160076,32,28,10,1,17,84.3,46.74,8.12,41.95,119.6,Lainnya,0.552,synthetic_opportunity_formula_with_seeded_noise,synthetic_training_only
CLS-STA-002-2025-12-1000,STA-002,jayakarta,Jayakarta,2025-12,1000,2008,146879,36,30,16,3,26,84.3,46.74,8.12,44.51,104.15,Lainnya,0.5,synthetic_opportunity_formula_with_seeded_noise,synthetic_training_only
CLS-STA-003-2023-01-1000,STA-003,manggabesar,Mangga Besar,2023-01,1000,1661,119344,38,22,8,6,30,52.31,32.32,14.79,39.85,123.53,Hobi,0.5,synthetic_opportunity_formula_with_seeded_noise,synthetic_training_only
CLS-STA-003-2023-02-500,STA-003,manggabesar,Mangga Besar,2023-02,500,904,126626,15,12,9,0,8,52.31,32.32,14.79,42.34,107.31,Lainnya,0.51,synthetic_opportunity_formula_with_seeded_noise,synthetic_training_only
CLS-STA-003-2023-03-750,STA-003,manggabesar,Mangga Besar,2023-03,750,1326,129315,22,19,12,4,25,52.31,32.32,14.79,42.84,107.62,Makanan,0.534,synthetic_opportunity_formula_with_seeded_noise,synthetic_training_only
CLS-STA-003-2023-04-1000,STA-003,manggabesar,Mangga Besar,2023-04,1000,1764,130713,27,22,12,7,31,52.31,32.32,14.79,42.26,106.21,Makanan,0.552,synthetic_opportunity_formula_with_seeded_noise,synthetic_training_only
CLS-STA-003-2023-05-500,STA-003,manggabesar,Mangga Besar,2023-05,500,1065,136268,11,8,8,1,16,52.31,32.32,14.79,43.64,115.98,Makanan,0.5,synthetic_opportunity_formula_with_seeded_noise,synthetic_training_only
CLS-STA-003-2023-06-750,STA-003,manggabesar,Mangga Besar,2023-06,750,1310,123256,19,18,9,6,24,52.31,32.32,14.79,41.56,123.47,Makanan,0.5,synthetic_opportunity_formula_with_seeded_noise,synthetic_training_only
CLS-STA-003-2023-07-1000,STA-003,manggabesar,Mangga Besar,2023-07,1000,1790,119064,31,21,13,6,32,52.31,32.32,14.79,42.67,120.35,Minuman,0.518,synthetic_opportunity_formula_with_seeded_noise,synthetic_training_only
CLS-STA-003-2023-08-500,STA-003,manggabesar,Mangga Besar,2023-08,500,1153,148511,19,16,7,2,19,52.31,32.32,14.79,43.73,103.77,Lainnya,0.522,synthetic_opportunity_formula_with_seeded_noise,synthetic_training_only
CLS-STA-003-2023-09-750,STA-003,manggabesar,Mangga Besar,2023-09,750,1544,142257,21,16,11,4,20,52.31,32.32,14.79,42.67,112.04,Lainnya,0.5,synthetic_opportunity_formula_with_seeded_noise,synthetic_training_only
CLS-STA-003-2023-10-1000,STA-003,manggabesar,Mangga Besar,2023-10,1000,2001,140206,34,25,13,3,25,52.31,32.32,14.79,47.11,126.03,Lainnya,0.5,synthetic_opportunity_formula_with_seeded_noise,synthetic_training_only
CLS-STA-003-2023-11-500,STA-003,manggabesar,Mangga Besar,2023-11,500,1040,149817,16,6,8,1,17,52.31,32.32,14.79,41.03,116.29,Minuman,0.531,synthetic_opportunity_formula_with_seeded_noise,synthetic_training_only
CLS-STA-003-2023-12-750,STA-003,manggabesar,Mangga Besar,2023-12,750,1268,122489,30,18,8,5,21,52.31,32.32,14.79,39.99,119.59,Lainnya,0.578,synthetic_opportunity_formula_with_seeded_noise,synthetic_training_only
CLS-STA-003-2024-01-500,STA-003,manggabesar,Mangga Besar,2024-01,500,897,133590,15,11,9,3,10,52.31,32.32,14.79,40.18,114.92,Lainnya,0.591,synthetic_opportunity_formula_with_seeded_noise,synthetic_training_only
CLS-STA-003-2024-02-750,STA-003,manggabesar,Mangga Besar,2024-02,750,1353,137979,24,16,8,2,15,52.31,32.32,14.79,40.5,123.93,Lainnya,0.5,synthetic_opportunity_formula_with_seeded_noise,synthetic_training_only
CLS-STA-003-2024-03-1000,STA-003,manggabesar,Mangga Besar,2024-03,1000,1975,151193,32,31,11,4,33,52.31,32.32,14.79,41.77,110.09,Makanan,0.5,synthetic_opportunity_formula_with_seeded_noise,synthetic_training_only
CLS-STA-003-2024-04-500,STA-003,manggabesar,Mangga Besar,2024-04,500,976,136620,15,13,7,3,14,52.31,32.32,14.79,43.14,102.52,Makanan,0.5,synthetic_opportunity_formula_with_seeded_noise,synthetic_training_only
CLS-STA-003-2024-05-750,STA-003,manggabesar,Mangga Besar,2024-05,750,1482,152037,20,20,7,5,28,52.31,32.32,14.79,38.47,114.63,Makanan,0.508,synthetic_opportunity_formula_with_seeded_noise,synthetic_training_only
CLS-STA-003-2024-06-1000,STA-003,manggabesar,Mangga Besar,2024-06,1000,1920,130554,34,24,14,6,34,52.31,32.32,14.79,39.86,119.6,Minuman,0.5,synthetic_opportunity_formula_with_seeded_noise,synthetic_training_only
CLS-STA-003-2024-07-500,STA-003,manggabesar,Mangga Besar,2024-07,500,774,130997,13,12,5,3,23,52.31,32.32,14.79,45.24,121.63,Makanan,0.505,synthetic_opportunity_formula_with_seeded_noise,synthetic_training_only
CLS-STA-003-2024-08-750,STA-003,manggabesar,Mangga Besar,2024-08,750,1501,145800,25,18,10,3,21,52.31,32.32,14.79,43.6,121.26,Lainnya,0.562,synthetic_opportunity_formula_with_seeded_noise,synthetic_training_only
CLS-STA-003-2024-09-1000,STA-003,manggabesar,Mangga Besar,2024-09,1000,2003,151459,32,27,11,5,29,52.31,32.32,14.79,40.95,128.29,Lainnya,0.511,synthetic_opportunity_formula_with_seeded_noise,synthetic_training_only
CLS-STA-003-2024-10-500,STA-003,manggabesar,Mangga Besar,2024-10,500,1051,158879,15,17,8,0,18,52.31,32.32,14.79,42.98,116.05,Lainnya,0.5,synthetic_opportunity_formula_with_seeded_noise,synthetic_training_only
CLS-STA-003-2024-11-750,STA-003,manggabesar,Mangga Besar,2024-11,750,1688,148716,25,20,8,1,26,52.31,32.32,14.79,42.71,125.29,Lainnya,0.5,synthetic_opportunity_formula_with_seeded_noise,synthetic_training_only
CLS-STA-003-2024-12-1000,STA-003,manggabesar,Mangga Besar,2024-12,1000,2097,147930,36,20,13,5,32,52.31,32.32,14.79,38.52,112.51,Minuman,0.547,synthetic_opportunity_formula_with_seeded_noise,synthetic_training_only
CLS-STA-003-2025-01-750,STA-003,manggabesar,Mangga Besar,2025-01,750,1382,141230,20,19,9,6,23,52.31,32.32,14.79,39.88,110.71,Makanan,0.5,synthetic_opportunity_formula_with_seeded_noise,synthetic_training_only
CLS-STA-003-2025-02-1000,STA-003,manggabesar,Mangga Besar,2025-02,1000,1863,136424,34,21,12,6,33,52.31,32.32,14.79,39.89,110.0,Minuman,0.582,synthetic_opportunity_formula_with_seeded_noise,synthetic_training_only
CLS-STA-003-2025-03-500,STA-003,manggabesar,Mangga Besar,2025-03,500,859,157609,16,10,8,5,10,52.31,32.32,14.79,42.79,114.35,Lainnya,0.5,synthetic_opportunity_formula_with_seeded_noise,synthetic_training_only
CLS-STA-003-2025-04-750,STA-003,manggabesar,Mangga Besar,2025-04,750,1695,152541,22,17,11,2,24,52.31,32.32,14.79,41.92,119.92,Makanan,0.518,synthetic_opportunity_formula_with_seeded_noise,synthetic_training_only
CLS-STA-003-2025-05-1000,STA-003,manggabesar,Mangga Besar,2025-05,1000,2334,159474,31,23,13,6,28,52.31,32.32,14.79,43.71,117.07,Makanan,0.524,synthetic_opportunity_formula_with_seeded_noise,synthetic_training_only
CLS-STA-003-2025-06-500,STA-003,manggabesar,Mangga Besar,2025-06,500,1019,150645,19,8,7,4,19,52.31,32.32,14.79,40.82,113.43,Minuman,0.558,synthetic_opportunity_formula_with_seeded_noise,synthetic_training_only
CLS-STA-003-2025-07-750,STA-003,manggabesar,Mangga Besar,2025-07,750,1310,132837,22,14,10,4,26,52.31,32.32,14.79,41.02,118.17,Minuman,0.5,synthetic_opportunity_formula_with_seeded_noise,synthetic_training_only
CLS-STA-003-2025-08-1000,STA-003,manggabesar,Mangga Besar,2025-08,1000,1998,147622,32,21,15,5,32,52.31,32.32,14.79,37.67,110.7,Minuman,0.517,synthetic_opportunity_formula_with_seeded_noise,synthetic_training_only
CLS-STA-003-2025-09-500,STA-003,manggabesar,Mangga Besar,2025-09,500,990,148548,13,13,7,3,13,52.31,32.32,14.79,40.67,109.9,Lainnya,0.5,synthetic_opportunity_formula_with_seeded_noise,synthetic_training_only
CLS-STA-003-2025-10-750,STA-003,manggabesar,Mangga Besar,2025-10,750,1701,174339,25,20,9,1,24,52.31,32.32,14.79,38.73,116.61,Lainnya,0.5,synthetic_opportunity_formula_with_seeded_noise,synthetic_training_only
CLS-STA-003-2025-11-1000,STA-003,manggabesar,Mangga Besar,2025-11,1000,2350,167238,33,23,10,5,28,52.31,32.32,14.79,44.71,118.04,Minuman,0.5,synthetic_opportunity_formula_with_seeded_noise,synthetic_training_only
CLS-STA-003-2025-12-500,STA-003,manggabesar,Mangga Besar,2025-12,500,1003,144373,19,14,9,0,16,52.31,32.32,14.79,41.31,104.08,Lainnya,0.5,synthetic_opportunity_formula_with_seeded_noise,synthetic_training_only
CLS-STA-004-2023-01-500,STA-004,sawahbesar,Sawah Besar,2023-01,500,889,123020,24,19,5,1,7,80.08,46.01,2.0,42.58,117.44,Lainnya,0.541,synthetic_opportunity_formula_with_seeded_noise,synthetic_training_only
CLS-STA-004-2023-02-750,STA-004,sawahbesar,Sawah Besar,2023-02,750,1174,116185,24,13,8,3,11,80.08,46.01,2.0,45.08,107.43,Minuman,0.5,synthetic_opportunity_formula_with_seeded_noise,synthetic_training_only
CLS-STA-004-2023-03-1000,STA-004,sawahbesar,Sawah Besar,2023-03,1000,1897,128354,33,27,11,4,20,80.08,46.01,2.0,39.45,124.41,Lainnya,0.5,synthetic_opportunity_formula_with_seeded_noise,synthetic_training_only
CLS-STA-004-2023-04-500,STA-004,sawahbesar,Sawah Besar,2023-04,500,973,129792,12,10,8,1,9,80.08,46.01,2.0,44.55,125.56,Makanan,0.548,synthetic_opportunity_formula_with_seeded_noise,synthetic_training_only
CLS-STA-004-2023-05-750,STA-004,sawahbesar,Sawah Besar,2023-05,750,1493,143747,27,19,12,2,11,80.08,46.01,2.0,43.66,120.98,Lainnya,0.536,synthetic_opportunity_formula_with_seeded_noise,synthetic_training_only
CLS-STA-004-2023-06-1000,STA-004,sawahbesar,Sawah Besar,2023-06,1000,1850,125566,30,24,11,1,26,80.08,46.01,2.0,44.86,118.64,Makanan,0.5,synthetic_opportunity_formula_with_seeded_noise,synthetic_training_only
CLS-STA-004-2023-07-500,STA-004,sawahbesar,Sawah Besar,2023-07,500,870,121436,17,16,4,0,18,80.08,46.01,2.0,46.49,118.53,Makanan,0.566,synthetic_opportunity_formula_with_seeded_noise,synthetic_training_only
CLS-STA-004-2023-08-750,STA-004,sawahbesar,Sawah Besar,2023-08,750,1429,136602,25,20,12,1,21,80.08,46.01,2.0,49.11,115.22,Makanan,0.501,synthetic_opportunity_formula_with_seeded_noise,synthetic_training_only
CLS-STA-004-2023-09-1000,STA-004,sawahbesar,Sawah Besar,2023-09,1000,1875,133916,34,22,14,1,25,80.08,46.01,2.0,42.6,129.41,Minuman,0.5,synthetic_opportunity_formula_with_seeded_noise,synthetic_training_only
CLS-STA-004-2023-10-500,STA-004,sawahbesar,Sawah Besar,2023-10,500,872,142185,17,13,6,2,5,80.08,46.01,2.0,44.84,127.93,Lainnya,0.571,synthetic_opportunity_formula_with_seeded_noise,synthetic_training_only
CLS-STA-004-2023-11-750,STA-004,sawahbesar,Sawah Besar,2023-11,750,1522,142372,26,17,6,0,20,80.08,46.01,2.0,46.38,105.96,Minuman,0.5,synthetic_opportunity_formula_with_seeded_noise,synthetic_training_only
CLS-STA-004-2023-12-1000,STA-004,sawahbesar,Sawah Besar,2023-12,1000,1900,134223,30,29,11,0,24,80.08,46.01,2.0,41.86,115.81,Makanan,0.5,synthetic_opportunity_formula_with_seeded_noise,synthetic_training_only
CLS-STA-004-2024-01-750,STA-004,sawahbesar,Sawah Besar,2024-01,750,1314,124116,30,22,7,1,12,80.08,46.01,2.0,47.15,121.48,Lainnya,0.578,synthetic_opportunity_formula_with_seeded_noise,synthetic_training_only
CLS-STA-004-2024-02-1000,STA-004,sawahbesar,Sawah Besar,2024-02,1000,1826,127141,35,28,14,3,26,80.08,46.01,2.0,51.76,112.7,Makanan,0.501,synthetic_opportunity_formula_with_seeded_noise,synthetic_training_only
CLS-STA-004-2024-03-500,STA-004,sawahbesar,Sawah Besar,2024-03,500,988,150346,13,15,3,2,8,80.08,46.01,2.0,44.11,116.85,Makanan,0.5,synthetic_opportunity_formula_with_seeded_noise,synthetic_training_only
CLS-STA-004-2024-04-750,STA-004,sawahbesar,Sawah Besar,2024-04,750,1512,140827,21,21,9,0,19,80.08,46.01,2.0,42.45,113.79,Makanan,0.574,synthetic_opportunity_formula_with_seeded_noise,synthetic_training_only
CLS-STA-004-2024-05-1000,STA-004,sawahbesar,Sawah Besar,2024-05,1000,2209,151695,33,26,13,2,21,80.08,46.01,2.0,42.82,113.5,Makanan,0.509,synthetic_opportunity_formula_with_seeded_noise,synthetic_training_only
CLS-STA-004-2024-06-500,STA-004,sawahbesar,Sawah Besar,2024-06,500,1031,135517,17,18,8,2,11,80.08,46.01,2.0,47.75,123.29,Makanan,0.533,synthetic_opportunity_formula_with_seeded_noise,synthetic_training_only
CLS-STA-004-2024-07-750,STA-004,sawahbesar,Sawah Besar,2024-07,750,1314,129257,25,22,10,1,23,80.08,46.01,2.0,45.97,123.09,Makanan,0.525,synthetic_opportunity_formula_with_seeded_noise,synthetic_training_only
CLS-STA-004-2024-08-1000,STA-004,sawahbesar,Sawah Besar,2024-08,1000,2087,141303,31,31,14,2,30,80.08,46.01,2.0,47.0,126.63,Makanan,0.518,synthetic_opportunity_formula_with_seeded_noise,synthetic_training_only
CLS-STA-004-2024-09-500,STA-004,sawahbesar,Sawah Besar,2024-09,500,1041,151331,15,17,6,0,13,80.08,46.01,2.0,40.56,111.51,Makanan,0.5,synthetic_opportunity_formula_with_seeded_noise,synthetic_training_only
CLS-STA-004-2024-10-750,STA-004,sawahbesar,Sawah Besar,2024-10,750,1667,150981,23,23,8,1,19,80.08,46.01,2.0,46.22,120.39,Makanan,0.525,synthetic_opportunity_formula_with_seeded_noise,synthetic_training_only
CLS-STA-004-2024-11-1000,STA-004,sawahbesar,Sawah Besar,2024-11,1000,2239,159745,35,29,12,0,27,80.08,46.01,2.0,48.03,127.54,Lainnya,0.5,synthetic_opportunity_formula_with_seeded_noise,synthetic_training_only
CLS-STA-004-2024-12-500,STA-004,sawahbesar,Sawah Besar,2024-12,500,1051,135702,15,23,7,0,18,80.08,46.01,2.0,46.83,109.89,Makanan,0.5,synthetic_opportunity_formula_with_seeded_noise,synthetic_training_only
CLS-STA-004-2025-01-1000,STA-004,sawahbesar,Sawah Besar,2025-01,1000,1892,138615,30,26,11,4,24,80.08,46.01,2.0,40.86,116.35,Makanan,0.556,synthetic_opportunity_formula_with_seeded_noise,synthetic_training_only
CLS-STA-004-2025-02-500,STA-004,sawahbesar,Sawah Besar,2025-02,500,954,135272,21,13,7,2,4,80.08,46.01,2.0,42.98,111.99,Lainnya,0.5,synthetic_opportunity_formula_with_seeded_noise,synthetic_training_only
CLS-STA-004-2025-03-750,STA-004,sawahbesar,Sawah Besar,2025-03,750,1606,167211,27,24,10,3,26,80.08,46.01,2.0,45.06,117.52,Makanan,0.514,synthetic_opportunity_formula_with_seeded_noise,synthetic_training_only
CLS-STA-004-2025-04-1000,STA-004,sawahbesar,Sawah Besar,2025-04,1000,2076,145443,33,30,10,2,23,80.08,46.01,2.0,46.9,112.18,Makanan,0.5,synthetic_opportunity_formula_with_seeded_noise,synthetic_training_only
CLS-STA-004-2025-05-500,STA-004,sawahbesar,Sawah Besar,2025-05,500,1022,157567,14,14,3,3,14,80.08,46.01,2.0,42.91,125.65,Makanan,0.5,synthetic_opportunity_formula_with_seeded_noise,synthetic_training_only
CLS-STA-004-2025-06-750,STA-004,sawahbesar,Sawah Besar,2025-06,750,1464,144194,23,20,9,3,21,80.08,46.01,2.0,41.02,116.97,Makanan,0.535,synthetic_opportunity_formula_with_seeded_noise,synthetic_training_only
CLS-STA-004-2025-07-1000,STA-004,sawahbesar,Sawah Besar,2025-07,1000,1920,139717,34,26,12,1,24,80.08,46.01,2.0,48.57,120.73,Lainnya,0.51,synthetic_opportunity_formula_with_seeded_noise,synthetic_training_only
CLS-STA-004-2025-08-500,STA-004,sawahbesar,Sawah Besar,2025-08,500,1117,156748,12,20,6,0,6,80.08,46.01,2.0,44.93,111.22,Lainnya,0.5,synthetic_opportunity_formula_with_seeded_noise,synthetic_training_only
CLS-STA-004-2025-09-750,STA-004,sawahbesar,Sawah Besar,2025-09,750,1624,154870,27,22,14,2,23,80.08,46.01,2.0,40.3,118.57,Makanan,0.583,synthetic_opportunity_formula_with_seeded_noise,synthetic_training_only
CLS-STA-004-2025-10-1000,STA-004,sawahbesar,Sawah Besar,2025-10,1000,2425,167598,30,30,13,2,22,80.08,46.01,2.0,46.76,123.73,Makanan,0.5,synthetic_opportunity_formula_with_seeded_noise,synthetic_training_only
CLS-STA-004-2025-11-500,STA-004,sawahbesar,Sawah Besar,2025-11,500,1295,175241,23,8,8,1,12,80.08,46.01,2.0,43.62,118.74,Minuman,0.521,synthetic_opportunity_formula_with_seeded_noise,synthetic_training_only
CLS-STA-004-2025-12-750,STA-004,sawahbesar,Sawah Besar,2025-12,750,1524,152482,26,16,10,3,15,80.08,46.01,2.0,45.17,120.97,Lainnya,0.506,synthetic_opportunity_formula_with_seeded_noise,synthetic_training_only
CLS-STA-005-2023-01-750,STA-005,juanda,Juanda,2023-01,750,2772,265023,33,25,13,4,32,84.1,59.62,15.0,46.79,119.35,Makanan,0.5,synthetic_opportunity_formula_with_seeded_noise,synthetic_training_only
CLS-STA-005-2023-02-1000,STA-005,juanda,Juanda,2023-02,1000,3566,251093,49,37,20,6,35,84.1,59.62,15.0,50.45,119.69,Makanan,0.543,synthetic_opportunity_formula_with_seeded_noise,synthetic_training_only
CLS-STA-005-2023-03-500,STA-005,juanda,Juanda,2023-03,500,2224,294243,24,15,10,2,16,84.1,59.62,15.0,49.2,114.14,Minuman,0.5,synthetic_opportunity_formula_with_seeded_noise,synthetic_training_only
CLS-STA-005-2023-04-750,STA-005,juanda,Juanda,2023-04,750,2902,271703,38,28,15,2,26,84.1,59.62,15.0,51.41,118.88,Makanan,0.521,synthetic_opportunity_formula_with_seeded_noise,synthetic_training_only
CLS-STA-005-2023-05-1000,STA-005,juanda,Juanda,2023-05,1000,4333,291091,43,33,18,6,34,84.1,59.62,15.0,53.87,119.37,Makanan,0.526,synthetic_opportunity_formula_with_seeded_noise,synthetic_training_only
CLS-STA-005-2023-06-500,STA-005,juanda,Juanda,2023-06,500,2058,273778,31,16,10,0,21,84.1,59.62,15.0,52.66,131.44,Minuman,0.507,synthetic_opportunity_formula_with_seeded_noise,synthetic_training_only
CLS-STA-005-2023-07-750,STA-005,juanda,Juanda,2023-07,750,2976,272211,39,32,14,5,29,84.1,59.62,15.0,51.14,124.54,Makanan,0.537,synthetic_opportunity_formula_with_seeded_noise,synthetic_training_only
CLS-STA-005-2023-08-1000,STA-005,juanda,Juanda,2023-08,1000,4354,307324,54,40,19,4,36,84.1,59.62,15.0,50.25,121.91,Makanan,0.518,synthetic_opportunity_formula_with_seeded_noise,synthetic_training_only
CLS-STA-005-2023-09-500,STA-005,juanda,Juanda,2023-09,500,2129,294763,24,19,9,5,17,84.1,59.62,15.0,53.37,123.09,Makanan,0.5,synthetic_opportunity_formula_with_seeded_noise,synthetic_training_only
CLS-STA-005-2023-10-750,STA-005,juanda,Juanda,2023-10,750,3162,309836,33,28,18,6,28,84.1,59.62,15.0,48.09,132.68,Makanan,0.538,synthetic_opportunity_formula_with_seeded_noise,synthetic_training_only
CLS-STA-005-2023-11-1000,STA-005,juanda,Juanda,2023-11,1000,4562,314929,52,35,15,7,33,84.1,59.62,15.0,51.59,126.19,Minuman,0.505,synthetic_opportunity_formula_with_seeded_noise,synthetic_training_only
CLS-STA-005-2023-12-500,STA-005,juanda,Juanda,2023-12,500,2038,286722,26,19,7,3,15,84.1,59.62,15.0,46.91,121.64,Lainnya,0.502,synthetic_opportunity_formula_with_seeded_noise,synthetic_training_only
CLS-STA-005-2024-01-1000,STA-005,juanda,Juanda,2024-01,1000,3917,267965,50,33,21,6,37,84.1,59.62,15.0,50.56,130.63,Minuman,0.545,synthetic_opportunity_formula_with_seeded_noise,synthetic_training_only
CLS-STA-005-2024-02-500,STA-005,juanda,Juanda,2024-02,500,2039,282672,28,14,8,4,24,84.1,59.62,15.0,51.86,115.59,Minuman,0.546,synthetic_opportunity_formula_with_seeded_noise,synthetic_training_only
CLS-STA-005-2024-03-750,STA-005,juanda,Juanda,2024-03,750,3493,312992,39,27,15,5,22,84.1,59.62,15.0,53.54,120.62,Makanan,0.5,synthetic_opportunity_formula_with_seeded_noise,synthetic_training_only
CLS-STA-005-2024-04-1000,STA-005,juanda,Juanda,2024-04,1000,4155,285915,48,35,19,5,41,84.1,59.62,15.0,51.04,134.96,Makanan,0.566,synthetic_opportunity_formula_with_seeded_noise,synthetic_training_only
CLS-STA-005-2024-05-500,STA-005,juanda,Juanda,2024-05,500,2220,306713,32,21,11,1,21,84.1,59.62,15.0,49.72,137.1,Minuman,0.531,synthetic_opportunity_formula_with_seeded_noise,synthetic_training_only
CLS-STA-005-2024-06-750,STA-005,juanda,Juanda,2024-06,750,3040,286035,39,25,14,5,21,84.1,59.62,15.0,48.11,130.69,Minuman,0.5,synthetic_opportunity_formula_with_seeded_noise,synthetic_training_only
CLS-STA-005-2024-07-1000,STA-005,juanda,Juanda,2024-07,1000,4079,279831,48,37,17,4,35,84.1,59.62,15.0,51.74,128.9,Makanan,0.5,synthetic_opportunity_formula_with_seeded_noise,synthetic_training_only
CLS-STA-005-2024-08-500,STA-005,juanda,Juanda,2024-08,500,2157,307696,24,18,8,3,15,84.1,59.62,15.0,53.1,126.11,Makanan,0.55,synthetic_opportunity_formula_with_seeded_noise,synthetic_training_only
CLS-STA-005-2024-09-750,STA-005,juanda,Juanda,2024-09,750,3483,317210,38,28,17,5,26,84.1,59.62,15.0,47.63,116.06,Makanan,0.5,synthetic_opportunity_formula_with_seeded_noise,synthetic_training_only
CLS-STA-005-2024-10-1000,STA-005,juanda,Juanda,2024-10,1000,4896,335625,48,35,19,5,39,84.1,59.62,15.0,52.18,121.63,Makanan,0.5,synthetic_opportunity_formula_with_seeded_noise,synthetic_training_only
CLS-STA-005-2024-11-500,STA-005,juanda,Juanda,2024-11,500,2243,310376,28,27,12,4,23,84.1,59.62,15.0,48.48,123.43,Makanan,0.555,synthetic_opportunity_formula_with_seeded_noise,synthetic_training_only
CLS-STA-005-2024-12-750,STA-005,juanda,Juanda,2024-12,750,2951,276043,36,26,13,4,33,84.1,59.62,15.0,47.74,119.49,Makanan,0.5,synthetic_opportunity_formula_with_seeded_noise,synthetic_training_only
CLS-STA-005-2025-01-500,STA-005,juanda,Juanda,2025-01,500,2178,312462,24,16,5,6,18,84.1,59.62,15.0,50.69,131.81,Makanan,0.503,synthetic_opportunity_formula_with_seeded_noise,synthetic_training_only
CLS-STA-005-2025-02-750,STA-005,juanda,Juanda,2025-02,750,3252,297327,34,29,14,4,30,84.1,59.62,15.0,55.31,128.45,Makanan,0.554,synthetic_opportunity_formula_with_seeded_noise,synthetic_training_only
CLS-STA-005-2025-03-1000,STA-005,juanda,Juanda,2025-03,1000,4681,313461,52,33,16,8,39,84.1,59.62,15.0,50.75,119.93,Minuman,0.5,synthetic_opportunity_formula_with_seeded_noise,synthetic_training_only
CLS-STA-005-2025-04-500,STA-005,juanda,Juanda,2025-04,500,2211,308502,24,23,11,2,21,84.1,59.62,15.0,48.71,126.97,Makanan,0.506,synthetic_opportunity_formula_with_seeded_noise,synthetic_training_only
CLS-STA-005-2025-05-750,STA-005,juanda,Juanda,2025-05,750,3587,336921,35,26,14,5,25,84.1,59.62,15.0,49.96,130.49,Makanan,0.57,synthetic_opportunity_formula_with_seeded_noise,synthetic_training_only
CLS-STA-005-2025-06-1000,STA-005,juanda,Juanda,2025-06,1000,4589,313412,43,33,20,4,35,84.1,59.62,15.0,52.92,120.87,Makanan,0.5,synthetic_opportunity_formula_with_seeded_noise,synthetic_training_only
CLS-STA-005-2025-07-500,STA-005,juanda,Juanda,2025-07,500,2024,273857,26,21,8,3,16,84.1,59.62,15.0,50.76,112.07,Makanan,0.538,synthetic_opportunity_formula_with_seeded_noise,synthetic_training_only
CLS-STA-005-2025-08-750,STA-005,juanda,Juanda,2025-08,750,3958,353276,43,26,18,5,28,84.1,59.62,15.0,52.83,124.81,Minuman,0.532,synthetic_opportunity_formula_with_seeded_noise,synthetic_training_only
CLS-STA-005-2025-09-1000,STA-005,juanda,Juanda,2025-09,1000,4946,340534,46,35,21,4,35,84.1,59.62,15.0,51.36,122.44,Makanan,0.528,synthetic_opportunity_formula_with_seeded_noise,synthetic_training_only
CLS-STA-005-2025-10-500,STA-005,juanda,Juanda,2025-10,500,2504,346472,26,19,8,3,15,84.1,59.62,15.0,53.8,106.14,Makanan,0.5,synthetic_opportunity_formula_with_seeded_noise,synthetic_training_only
CLS-STA-005-2025-11-750,STA-005,juanda,Juanda,2025-11,750,3586,335089,37,28,13,6,29,84.1,59.62,15.0,49.46,125.47,Makanan,0.5,synthetic_opportunity_formula_with_seeded_noise,synthetic_training_only
CLS-STA-005-2025-12-1000,STA-005,juanda,Juanda,2025-12,1000,4206,289537,48,34,18,6,34,84.1,59.62,15.0,49.36,120.33,Makanan,0.5,synthetic_opportunity_formula_with_seeded_noise,synthetic_training_only
CLS-STA-006-2023-01-1000,STA-006,gondangdia,Gondangdia,2023-01,1000,3686,256419,40,32,14,9,32,86.77,51.86,32.42,48.89,113.47,Makanan,0.5,synthetic_opportunity_formula_with_seeded_noise,synthetic_training_only
CLS-STA-006-2023-02-500,STA-006,gondangdia,Gondangdia,2023-02,500,1965,268138,25,22,10,5,19,86.77,51.86,32.42,51.34,126.86,Makanan,0.54,synthetic_opportunity_formula_with_seeded_noise,synthetic_training_only
CLS-STA-006-2023-03-750,STA-006,gondangdia,Gondangdia,2023-03,750,3060,277623,32,28,16,6,21,86.77,51.86,32.42,45.37,112.41,Makanan,0.593,synthetic_opportunity_formula_with_seeded_noise,synthetic_training_only
CLS-STA-006-2023-04-1000,STA-006,gondangdia,Gondangdia,2023-04,1000,3784,262750,47,34,18,10,29,86.77,51.86,32.42,46.41,118.06,Minuman,0.5,synthetic_opportunity_formula_with_seeded_noise,synthetic_training_only
CLS-STA-006-2023-05-500,STA-006,gondangdia,Gondangdia,2023-05,500,2203,308916,19,21,9,3,15,86.77,51.86,32.42,45.87,126.2,Makanan,0.576,synthetic_opportunity_formula_with_seeded_noise,synthetic_training_only
CLS-STA-006-2023-06-750,STA-006,gondangdia,Gondangdia,2023-06,750,2981,281737,31,27,13,8,25,86.77,51.86,32.42,46.52,132.87,Makanan,0.535,synthetic_opportunity_formula_with_seeded_noise,synthetic_training_only
CLS-STA-006-2023-07-1000,STA-006,gondangdia,Gondangdia,2023-07,1000,3834,260677,42,32,19,7,29,86.77,51.86,32.42,50.84,120.62,Makanan,0.5,synthetic_opportunity_formula_with_seeded_noise,synthetic_training_only
CLS-STA-006-2023-08-500,STA-006,gondangdia,Gondangdia,2023-08,500,2287,308180,21,13,8,3,14,86.77,51.86,32.42,50.54,128.66,Minuman,0.5,synthetic_opportunity_formula_with_seeded_noise,synthetic_training_only
CLS-STA-006-2023-09-750,STA-006,gondangdia,Gondangdia,2023-09,750,3382,309413,29,25,14,7,23,86.77,51.86,32.42,48.73,133.18,Makanan,0.528,synthetic_opportunity_formula_with_seeded_noise,synthetic_training_only
CLS-STA-006-2023-10-1000,STA-006,gondangdia,Gondangdia,2023-10,1000,4327,305620,42,40,19,10,30,86.77,51.86,32.42,46.18,135.09,Makanan,0.53,synthetic_opportunity_formula_with_seeded_noise,synthetic_training_only
CLS-STA-006-2023-11-500,STA-006,gondangdia,Gondangdia,2023-11,500,2221,315304,22,22,12,2,17,86.77,51.86,32.42,43.71,119.77,Makanan,0.552,synthetic_opportunity_formula_with_seeded_noise,synthetic_training_only
CLS-STA-006-2023-12-750,STA-006,gondangdia,Gondangdia,2023-12,750,2977,292931,38,25,16,6,24,86.77,51.86,32.42,48.27,130.48,Minuman,0.5,synthetic_opportunity_formula_with_seeded_noise,synthetic_training_only
CLS-STA-006-2024-01-500,STA-006,gondangdia,Gondangdia,2024-01,500,1876,269152,21,20,11,6,18,86.77,51.86,32.42,49.19,113.71,Makanan,0.564,synthetic_opportunity_formula_with_seeded_noise,synthetic_training_only
CLS-STA-006-2024-02-750,STA-006,gondangdia,Gondangdia,2024-02,750,3049,283908,28,22,15,9,23,86.77,51.86,32.42,45.99,121.61,Makanan,0.5,synthetic_opportunity_formula_with_seeded_noise,synthetic_training_only
CLS-STA-006-2024-03-1000,STA-006,gondangdia,Gondangdia,2024-03,1000,4411,311735,49,35,17,7,25,86.77,51.86,32.42,50.62,120.67,Makanan,0.5,synthetic_opportunity_formula_with_seeded_noise,synthetic_training_only
CLS-STA-006-2024-04-500,STA-006,gondangdia,Gondangdia,2024-04,500,2036,309773,23,17,11,5,14,86.77,51.86,32.42,40.89,132.64,Minuman,0.5,synthetic_opportunity_formula_with_seeded_noise,synthetic_training_only
CLS-STA-006-2024-05-750,STA-006,gondangdia,Gondangdia,2024-05,750,3504,328024,38,25,16,7,18,86.77,51.86,32.42,47.63,120.71,Minuman,0.553,synthetic_opportunity_formula_with_seeded_noise,synthetic_training_only
CLS-STA-006-2024-06-1000,STA-006,gondangdia,Gondangdia,2024-06,1000,4127,281461,39,38,19,8,30,86.77,51.86,32.42,50.3,120.3,Makanan,0.612,synthetic_opportunity_formula_with_seeded_noise,synthetic_training_only
CLS-STA-006-2024-07-500,STA-006,gondangdia,Gondangdia,2024-07,500,1976,276905,22,19,9,6,17,86.77,51.86,32.42,49.2,121.96,Makanan,0.52,synthetic_opportunity_formula_with_seeded_noise,synthetic_training_only
CLS-STA-006-2024-08-750,STA-006,gondangdia,Gondangdia,2024-08,750,3257,301470,36,28,15,7,31,86.77,51.86,32.42,50.28,114.11,Makanan,0.508,synthetic_opportunity_formula_with_seeded_noise,synthetic_training_only
CLS-STA-006-2024-09-1000,STA-006,gondangdia,Gondangdia,2024-09,1000,4699,323062,41,36,17,7,28,86.77,51.86,32.42,47.75,128.53,Makanan,0.5,synthetic_opportunity_formula_with_seeded_noise,synthetic_training_only
CLS-STA-006-2024-10-500,STA-006,gondangdia,Gondangdia,2024-10,500,2367,328699,20,11,9,6,9,86.77,51.86,32.42,45.0,129.07,Minuman,0.554,synthetic_opportunity_formula_with_seeded_noise,synthetic_training_only
CLS-STA-006-2024-11-750,STA-006,gondangdia,Gondangdia,2024-11,750,3655,333713,36,29,16,4,18,86.77,51.86,32.42,45.45,118.84,Makanan,0.5,synthetic_opportunity_formula_with_seeded_noise,synthetic_training_only
CLS-STA-006-2024-12-1000,STA-006,gondangdia,Gondangdia,2024-12,1000,4061,282832,44,35,19,7,33,86.77,51.86,32.42,47.58,117.99,Makanan,0.519,synthetic_opportunity_formula_with_seeded_noise,synthetic_training_only
CLS-STA-006-2025-01-750,STA-006,gondangdia,Gondangdia,2025-01,750,3271,303415,35,28,17,6,33,86.77,51.86,32.42,45.46,124.73,Makanan,0.511,synthetic_opportunity_formula_with_seeded_noise,synthetic_training_only
CLS-STA-006-2025-02-1000,STA-006,gondangdia,Gondangdia,2025-02,1000,4389,304424,43,38,17,9,31,86.77,51.86,32.42,49.46,132.36,Makanan,0.566,synthetic_opportunity_formula_with_seeded_noise,synthetic_training_only
CLS-STA-006-2025-03-500,STA-006,gondangdia,Gondangdia,2025-03,500,2048,309540,24,19,10,6,16,86.77,51.86,32.42,47.42,123.69,Makanan,0.568,synthetic_opportunity_formula_with_seeded_noise,synthetic_training_only
CLS-STA-006-2025-04-750,STA-006,gondangdia,Gondangdia,2025-04,750,3189,293999,32,21,16,5,21,86.77,51.86,32.42,47.05,122.22,Minuman,0.5,synthetic_opportunity_formula_with_seeded_noise,synthetic_training_only
CLS-STA-006-2025-05-1000,STA-006,gondangdia,Gondangdia,2025-05,1000,4843,331657,42,40,19,9,30,86.77,51.86,32.42,46.84,142.58,Makanan,0.55,synthetic_opportunity_formula_with_seeded_noise,synthetic_training_only
CLS-STA-006-2025-06-500,STA-006,gondangdia,Gondangdia,2025-06,500,2350,320316,22,27,10,5,11,86.77,51.86,32.42,49.93,122.39,Makanan,0.614,synthetic_opportunity_formula_with_seeded_noise,synthetic_training_only
CLS-STA-006-2025-07-750,STA-006,gondangdia,Gondangdia,2025-07,750,3096,290692,31,27,17,6,22,86.77,51.86,32.42,47.49,121.53,Makanan,0.574,synthetic_opportunity_formula_with_seeded_noise,synthetic_training_only
CLS-STA-006-2025-08-1000,STA-006,gondangdia,Gondangdia,2025-08,1000,4351,312892,42,36,22,9,39,86.77,51.86,32.42,47.4,118.39,Makanan,0.577,synthetic_opportunity_formula_with_seeded_noise,synthetic_training_only
CLS-STA-006-2025-09-500,STA-006,gondangdia,Gondangdia,2025-09,500,2377,339331,22,17,12,4,27,86.77,51.86,32.42,49.13,129.62,Makanan,0.5,synthetic_opportunity_formula_with_seeded_noise,synthetic_training_only
CLS-STA-006-2025-10-750,STA-006,gondangdia,Gondangdia,2025-10,750,3730,348646,31,30,15,8,29,86.77,51.86,32.42,49.8,112.23,Makanan,0.544,synthetic_opportunity_formula_with_seeded_noise,synthetic_training_only
CLS-STA-006-2025-11-1000,STA-006,gondangdia,Gondangdia,2025-11,1000,4428,311554,44,38,18,8,32,86.77,51.86,32.42,41.89,129.04,Makanan,0.559,synthetic_opportunity_formula_with_seeded_noise,synthetic_training_only
CLS-STA-006-2025-12-500,STA-006,gondangdia,Gondangdia,2025-12,500,2215,309388,21,20,9,6,14,86.77,51.86,32.42,49.5,115.3,Makanan,0.54,synthetic_opportunity_formula_with_seeded_noise,synthetic_training_only
CLS-STA-007-2023-01-500,STA-007,cikini,Cikini,2023-01,500,1751,261055,20,20,9,2,18,63.43,33.99,6.91,41.01,126.78,Makanan,0.5,synthetic_opportunity_formula_with_seeded_noise,synthetic_training_only
CLS-STA-007-2023-02-750,STA-007,cikini,Cikini,2023-02,750,2869,287051,28,23,10,2,25,63.43,33.99,6.91,46.26,119.54,Makanan,0.514,synthetic_opportunity_formula_with_seeded_noise,synthetic_training_only
CLS-STA-007-2023-03-1000,STA-007,cikini,Cikini,2023-03,1000,3629,260038,46,36,17,2,38,63.43,33.99,6.91,41.32,133.5,Makanan,0.5,synthetic_opportunity_formula_with_seeded_noise,synthetic_training_only
CLS-STA-007-2023-04-500,STA-007,cikini,Cikini,2023-04,500,1906,285026,24,9,3,3,17,63.43,33.99,6.91,42.24,129.29,Minuman,0.543,synthetic_opportunity_formula_with_seeded_noise,synthetic_training_only
CLS-STA-007-2023-05-750,STA-007,cikini,Cikini,2023-05,750,3328,300234,33,27,11,1,26,63.43,33.99,6.91,44.26,125.18,Makanan,0.522,synthetic_opportunity_formula_with_seeded_noise,synthetic_training_only
CLS-STA-007-2023-06-1000,STA-007,cikini,Cikini,2023-06,1000,3696,264043,39,26,13,2,33,63.43,33.99,6.91,43.21,108.98,Minuman,0.5,synthetic_opportunity_formula_with_seeded_noise,synthetic_training_only
CLS-STA-007-2023-07-500,STA-007,cikini,Cikini,2023-07,500,1755,262389,20,12,7,2,18,63.43,33.99,6.91,41.02,115.82,Minuman,0.5,synthetic_opportunity_formula_with_seeded_noise,synthetic_training_only
CLS-STA-007-2023-08-750,STA-007,cikini,Cikini,2023-08,750,2748,272731,30,27,11,2,28,63.43,33.99,6.91,45.12,123.18,Makanan,0.581,synthetic_opportunity_formula_with_seeded_noise,synthetic_training_only
CLS-STA-007-2023-09-1000,STA-007,cikini,Cikini,2023-09,1000,4126,302321,38,25,14,8,34,63.43,33.99,6.91,39.38,119.4,Makanan,0.5,synthetic_opportunity_formula_with_seeded_noise,synthetic_training_only
CLS-STA-007-2023-10-500,STA-007,cikini,Cikini,2023-10,500,2158,318197,20,15,3,3,21,63.43,33.99,6.91,42.84,110.86,Makanan,0.5,synthetic_opportunity_formula_with_seeded_noise,synthetic_training_only
CLS-STA-007-2023-11-750,STA-007,cikini,Cikini,2023-11,750,3512,329185,30,26,12,3,21,63.43,33.99,6.91,46.1,124.04,Makanan,0.5,synthetic_opportunity_formula_with_seeded_noise,synthetic_training_only
CLS-STA-007-2023-12-1000,STA-007,cikini,Cikini,2023-12,1000,3796,270233,35,30,15,3,31,63.43,33.99,6.91,45.41,137.44,Makanan,0.542,synthetic_opportunity_formula_with_seeded_noise,synthetic_training_only
CLS-STA-007-2024-01-750,STA-007,cikini,Cikini,2024-01,750,2975,282872,30,20,10,2,24,63.43,33.99,6.91,44.36,122.09,Minuman,0.562,synthetic_opportunity_formula_with_seeded_noise,synthetic_training_only
CLS-STA-007-2024-02-1000,STA-007,cikini,Cikini,2024-02,1000,4088,303909,41,29,15,2,36,63.43,33.99,6.91,41.51,119.71,Makanan,0.539,synthetic_opportunity_formula_with_seeded_noise,synthetic_training_only
CLS-STA-007-2024-03-500,STA-007,cikini,Cikini,2024-03,500,2153,306567,20,15,6,4,14,63.43,33.99,6.91,41.16,117.73,Makanan,0.532,synthetic_opportunity_formula_with_seeded_noise,synthetic_training_only
CLS-STA-007-2024-04-750,STA-007,cikini,Cikini,2024-04,750,3208,297211,32,27,13,1,31,63.43,33.99,6.91,45.88,129.03,Makanan,0.5,synthetic_opportunity_formula_with_seeded_noise,synthetic_training_only
CLS-STA-007-2024-05-1000,STA-007,cikini,Cikini,2024-05,1000,4434,325898,46,31,12,5,36,63.43,33.99,6.91,41.6,118.72,Makanan,0.5,synthetic_opportunity_formula_with_seeded_noise,synthetic_training_only
CLS-STA-007-2024-06-500,STA-007,cikini,Cikini,2024-06,500,1994,278727,15,17,5,3,22,63.43,33.99,6.91,46.46,118.93,Makanan,0.532,synthetic_opportunity_formula_with_seeded_noise,synthetic_training_only
CLS-STA-007-2024-07-750,STA-007,cikini,Cikini,2024-07,750,2971,279600,27,18,12,1,30,63.43,33.99,6.91,41.47,127.81,Makanan,0.5,synthetic_opportunity_formula_with_seeded_noise,synthetic_training_only
CLS-STA-007-2024-08-1000,STA-007,cikini,Cikini,2024-08,1000,4307,314223,44,30,15,5,38,63.43,33.99,6.91,40.18,120.9,Makanan,0.515,synthetic_opportunity_formula_with_seeded_noise,synthetic_training_only
CLS-STA-007-2024-09-500,STA-007,cikini,Cikini,2024-09,500,2315,324565,26,16,5,3,14,63.43,33.99,6.91,40.68,129.21,Lainnya,0.55,synthetic_opportunity_formula_with_seeded_noise,synthetic_training_only
CLS-STA-007-2024-10-750,STA-007,cikini,Cikini,2024-10,750,3365,322257,33,23,11,2,33,63.43,33.99,6.91,44.74,112.12,Makanan,0.5,synthetic_opportunity_formula_with_seeded_noise,synthetic_training_only
CLS-STA-007-2024-11-1000,STA-007,cikini,Cikini,2024-11,1000,4716,329783,32,27,14,5,31,63.43,33.99,6.91,41.94,121.3,Makanan,0.572,synthetic_opportunity_formula_with_seeded_noise,synthetic_training_only
CLS-STA-007-2024-12-500,STA-007,cikini,Cikini,2024-12,500,1996,298338,17,11,4,2,14,63.43,33.99,6.91,41.46,113.0,Minuman,0.5,synthetic_opportunity_formula_with_seeded_noise,synthetic_training_only
CLS-STA-007-2025-01-1000,STA-007,cikini,Cikini,2025-01,1000,4339,291029,41,31,14,1,38,63.43,33.99,6.91,47.94,125.92,Makanan,0.512,synthetic_opportunity_formula_with_seeded_noise,synthetic_training_only
CLS-STA-007-2025-02-500,STA-007,cikini,Cikini,2025-02,500,2063,311987,21,19,9,2,17,63.43,33.99,6.91,40.05,113.22,Makanan,0.5,synthetic_opportunity_formula_with_seeded_noise,synthetic_training_only
CLS-STA-007-2025-03-750,STA-007,cikini,Cikini,2025-03,750,3716,350519,30,21,9,4,26,63.43,33.99,6.91,46.97,116.56,Makanan,0.514,synthetic_opportunity_formula_with_seeded_noise,synthetic_training_only
CLS-STA-007-2025-04-1000,STA-007,cikini,Cikini,2025-04,1000,4563,324034,36,27,15,3,33,63.43,33.99,6.91,43.33,122.4,Makanan,0.51,synthetic_opportunity_formula_with_seeded_noise,synthetic_training_only
CLS-STA-007-2025-05-500,STA-007,cikini,Cikini,2025-05,500,2253,332556,23,17,7,3,18,63.43,33.99,6.91,42.84,136.14,Makanan,0.533,synthetic_opportunity_formula_with_seeded_noise,synthetic_training_only
CLS-STA-007-2025-06-750,STA-007,cikini,Cikini,2025-06,750,3090,286980,35,24,10,6,25,63.43,33.99,6.91,46.24,124.05,Makanan,0.522,synthetic_opportunity_formula_with_seeded_noise,synthetic_training_only
CLS-STA-007-2025-07-1000,STA-007,cikini,Cikini,2025-07,1000,4496,323979,35,30,13,5,37,63.43,33.99,6.91,40.82,113.06,Makanan,0.555,synthetic_opportunity_formula_with_seeded_noise,synthetic_training_only
CLS-STA-007-2025-08-500,STA-007,cikini,Cikini,2025-08,500,2375,333697,22,17,4,2,20,63.43,33.99,6.91,43.68,126.42,Makanan,0.535,synthetic_opportunity_formula_with_seeded_noise,synthetic_training_only
CLS-STA-007-2025-09-750,STA-007,cikini,Cikini,2025-09,750,3589,342891,32,15,8,4,30,63.43,33.99,6.91,43.07,118.04,Minuman,0.537,synthetic_opportunity_formula_with_seeded_noise,synthetic_training_only
CLS-STA-007-2025-10-1000,STA-007,cikini,Cikini,2025-10,1000,4804,352151,45,30,18,5,34,63.43,33.99,6.91,37.75,120.32,Makanan,0.53,synthetic_opportunity_formula_with_seeded_noise,synthetic_training_only
CLS-STA-007-2025-11-500,STA-007,cikini,Cikini,2025-11,500,2566,351994,24,14,3,3,25,63.43,33.99,6.91,43.54,120.88,Minuman,0.509,synthetic_opportunity_formula_with_seeded_noise,synthetic_training_only
CLS-STA-007-2025-12-750,STA-007,cikini,Cikini,2025-12,750,3169,308271,27,27,11,4,31,63.43,33.99,6.91,42.73,135.32,Makanan,0.577,synthetic_opportunity_formula_with_seeded_noise,synthetic_training_only
CLS-STA-008-2023-01-750,STA-008,manggarai,Manggarai,2023-01,750,13076,1011902,53,40,18,6,45,98.0,33.04,2.86,90.69,155.09,Makanan,0.628,synthetic_opportunity_formula_with_seeded_noise,synthetic_training_only
CLS-STA-008-2023-02-1000,STA-008,manggarai,Manggarai,2023-02,1000,17879,1058890,80,59,23,7,65,98.0,33.04,2.86,85.75,141.02,Makanan,0.676,synthetic_opportunity_formula_with_seeded_noise,synthetic_training_only
CLS-STA-008-2023-03-500,STA-008,manggarai,Manggarai,2023-03,500,10127,1204456,39,23,14,3,29,98.0,33.04,2.86,89.34,150.89,Makanan,0.564,synthetic_opportunity_formula_with_seeded_noise,synthetic_training_only
CLS-STA-008-2023-04-750,STA-008,manggarai,Manggarai,2023-04,750,14084,1118331,59,40,14,7,51,98.0,33.04,2.86,85.32,145.93,Makanan,0.627,synthetic_opportunity_formula_with_seeded_noise,synthetic_training_only
CLS-STA-008-2023-05-1000,STA-008,manggarai,Manggarai,2023-05,1000,20044,1171409,78,55,23,7,65,98.0,33.04,2.86,90.95,139.08,Makanan,0.716,synthetic_opportunity_formula_with_seeded_noise,synthetic_training_only
CLS-STA-008-2023-06-500,STA-008,manggarai,Manggarai,2023-06,500,9201,1090905,41,25,16,1,26,98.0,33.04,2.86,87.65,155.51,Makanan,0.555,synthetic_opportunity_formula_with_seeded_noise,synthetic_training_only
CLS-STA-008-2023-07-750,STA-008,manggarai,Manggarai,2023-07,750,13310,1049781,59,41,21,7,44,98.0,33.04,2.86,87.63,140.26,Makanan,0.685,synthetic_opportunity_formula_with_seeded_noise,synthetic_training_only
CLS-STA-008-2023-08-1000,STA-008,manggarai,Manggarai,2023-08,1000,20788,1231070,78,56,25,5,56,98.0,33.04,2.86,86.65,145.63,Makanan,0.728,synthetic_opportunity_formula_with_seeded_noise,synthetic_training_only
CLS-STA-008-2023-09-500,STA-008,manggarai,Manggarai,2023-09,500,9948,1185747,42,29,14,2,20,98.0,33.04,2.86,84.2,143.79,Makanan,0.611,synthetic_opportunity_formula_with_seeded_noise,synthetic_training_only
CLS-STA-008-2023-10-750,STA-008,manggarai,Manggarai,2023-10,750,15817,1238418,52,38,15,5,47,98.0,33.04,2.86,89.44,152.77,Makanan,0.623,synthetic_opportunity_formula_with_seeded_noise,synthetic_training_only
CLS-STA-008-2023-11-1000,STA-008,manggarai,Manggarai,2023-11,1000,20535,1223746,76,63,21,6,62,98.0,33.04,2.86,85.81,154.13,Makanan,0.721,synthetic_opportunity_formula_with_seeded_noise,synthetic_training_only
CLS-STA-008-2023-12-500,STA-008,manggarai,Manggarai,2023-12,500,8691,1039198,39,26,10,0,24,98.0,33.04,2.86,83.91,153.21,Makanan,0.564,synthetic_opportunity_formula_with_seeded_noise,synthetic_training_only
CLS-STA-008-2024-01-1000,STA-008,manggarai,Manggarai,2024-01,1000,19789,1172805,81,55,21,6,60,98.0,33.04,2.86,86.08,152.54,Makanan,0.721,synthetic_opportunity_formula_with_seeded_noise,synthetic_training_only
CLS-STA-008-2024-02-500,STA-008,manggarai,Manggarai,2024-02,500,9984,1189363,43,25,11,4,26,98.0,33.04,2.86,85.55,146.83,Makanan,0.529,synthetic_opportunity_formula_with_seeded_noise,synthetic_training_only
CLS-STA-008-2024-03-750,STA-008,manggarai,Manggarai,2024-03,750,17329,1337703,62,38,16,6,42,98.0,33.04,2.86,91.06,157.07,Makanan,0.609,synthetic_opportunity_formula_with_seeded_noise,synthetic_training_only
CLS-STA-008-2024-04-1000,STA-008,manggarai,Manggarai,2024-04,1000,19330,1134132,81,53,24,8,61,98.0,33.04,2.86,89.79,143.25,Makanan,0.736,synthetic_opportunity_formula_with_seeded_noise,synthetic_training_only
CLS-STA-008-2024-05-500,STA-008,manggarai,Manggarai,2024-05,500,11195,1312839,39,27,13,6,32,98.0,33.04,2.86,89.9,144.59,Makanan,0.632,synthetic_opportunity_formula_with_seeded_noise,synthetic_training_only
CLS-STA-008-2024-06-750,STA-008,manggarai,Manggarai,2024-06,750,14337,1141406,59,41,15,5,47,98.0,33.04,2.86,84.18,149.3,Makanan,0.666,synthetic_opportunity_formula_with_seeded_noise,synthetic_training_only
CLS-STA-008-2024-07-1000,STA-008,manggarai,Manggarai,2024-07,1000,20453,1205556,77,53,23,7,58,98.0,33.04,2.86,87.69,140.76,Makanan,0.708,synthetic_opportunity_formula_with_seeded_noise,synthetic_training_only
CLS-STA-008-2024-08-500,STA-008,manggarai,Manggarai,2024-08,500,10341,1215642,42,26,13,2,30,98.0,33.04,2.86,89.03,152.08,Makanan,0.536,synthetic_opportunity_formula_with_seeded_noise,synthetic_training_only
CLS-STA-008-2024-09-750,STA-008,manggarai,Manggarai,2024-09,750,15955,1249770,60,36,18,7,50,98.0,33.04,2.86,87.83,152.79,Makanan,0.65,synthetic_opportunity_formula_with_seeded_noise,synthetic_training_only
CLS-STA-008-2024-10-1000,STA-008,manggarai,Manggarai,2024-10,1000,22265,1298265,83,50,23,6,58,98.0,33.04,2.86,90.31,152.31,Makanan,0.68,synthetic_opportunity_formula_with_seeded_noise,synthetic_training_only
CLS-STA-008-2024-11-500,STA-008,manggarai,Manggarai,2024-11,500,10451,1205882,34,30,9,5,35,98.0,33.04,2.86,92.33,154.06,Makanan,0.592,synthetic_opportunity_formula_with_seeded_noise,synthetic_training_only
CLS-STA-008-2024-12-750,STA-008,manggarai,Manggarai,2024-12,750,14262,1145439,54,43,18,4,46,98.0,33.04,2.86,83.14,156.45,Makanan,0.708,synthetic_opportunity_formula_with_seeded_noise,synthetic_training_only
CLS-STA-008-2025-01-500,STA-008,manggarai,Manggarai,2025-01,500,9495,1148010,40,26,14,2,30,98.0,33.04,2.86,83.97,138.4,Makanan,0.566,synthetic_opportunity_formula_with_seeded_noise,synthetic_training_only
CLS-STA-008-2025-02-750,STA-008,manggarai,Manggarai,2025-02,750,14914,1187579,61,41,17,6,45,98.0,33.04,2.86,84.32,158.68,Makanan,0.628,synthetic_opportunity_formula_with_seeded_noise,synthetic_training_only
CLS-STA-008-2025-03-1000,STA-008,manggarai,Manggarai,2025-03,1000,21932,1303814,79,50,25,6,63,98.0,33.04,2.86,85.65,131.55,Makanan,0.724,synthetic_opportunity_formula_with_seeded_noise,synthetic_training_only
CLS-STA-008-2025-04-500,STA-008,manggarai,Manggarai,2025-04,500,10404,1213289,33,29,9,3,28,98.0,33.04,2.86,87.51,153.61,Makanan,0.659,synthetic_opportunity_formula_with_seeded_noise,synthetic_training_only
CLS-STA-008-2025-05-750,STA-008,manggarai,Manggarai,2025-05,750,16689,1306348,64,39,18,3,42,98.0,33.04,2.86,89.34,149.39,Makanan,0.616,synthetic_opportunity_formula_with_seeded_noise,synthetic_training_only
CLS-STA-008-2025-06-1000,STA-008,manggarai,Manggarai,2025-06,1000,20254,1206195,79,56,22,3,58,98.0,33.04,2.86,86.31,142.5,Makanan,0.75,synthetic_opportunity_formula_with_seeded_noise,synthetic_training_only
CLS-STA-008-2025-07-500,STA-008,manggarai,Manggarai,2025-07,500,9879,1162988,42,27,12,3,32,98.0,33.04,2.86,86.72,155.11,Makanan,0.542,synthetic_opportunity_formula_with_seeded_noise,synthetic_training_only
CLS-STA-008-2025-08-750,STA-008,manggarai,Manggarai,2025-08,750,17849,1411745,62,42,18,6,49,98.0,33.04,2.86,86.91,140.09,Makanan,0.695,synthetic_opportunity_formula_with_seeded_noise,synthetic_training_only
CLS-STA-008-2025-09-1000,STA-008,manggarai,Manggarai,2025-09,1000,20872,1225442,73,59,24,4,57,98.0,33.04,2.86,88.23,164.3,Makanan,0.773,synthetic_opportunity_formula_with_seeded_noise,synthetic_training_only
CLS-STA-008-2025-10-500,STA-008,manggarai,Manggarai,2025-10,500,12292,1471526,42,26,12,2,30,98.0,33.04,2.86,84.88,143.45,Makanan,0.629,synthetic_opportunity_formula_with_seeded_noise,synthetic_training_only
CLS-STA-008-2025-11-750,STA-008,manggarai,Manggarai,2025-11,750,18432,1466538,66,43,21,5,50,98.0,33.04,2.86,86.56,144.22,Makanan,0.689,synthetic_opportunity_formula_with_seeded_noise,synthetic_training_only
CLS-STA-008-2025-12-1000,STA-008,manggarai,Manggarai,2025-12,1000,19080,1137387,81,54,23,4,66,98.0,33.04,2.86,82.87,148.12,Makanan,0.712,synthetic_opportunity_formula_with_seeded_noise,synthetic_training_only
CLS-STA-009-2023-01-1000,STA-009,tebet,Tebet,2023-01,1000,7637,529053,52,37,17,5,38,89.44,52.31,2.0,44.22,120.15,Makanan,0.559,synthetic_opportunity_formula_with_seeded_noise,synthetic_training_only
CLS-STA-009-2023-02-500,STA-009,tebet,Tebet,2023-02,500,3642,545930,25,15,10,0,22,89.44,52.31,2.0,41.19,124.3,Makanan,0.505,synthetic_opportunity_formula_with_seeded_noise,synthetic_training_only
CLS-STA-009-2023-03-750,STA-009,tebet,Tebet,2023-03,750,5994,581074,41,25,15,2,28,89.44,52.31,2.0,40.47,122.96,Makanan,0.536,synthetic_opportunity_formula_with_seeded_noise,synthetic_training_only
CLS-STA-009-2023-04-1000,STA-009,tebet,Tebet,2023-04,1000,7457,546729,51,38,15,3,45,89.44,52.31,2.0,37.2,125.25,Makanan,0.605,synthetic_opportunity_formula_with_seeded_noise,synthetic_training_only
CLS-STA-009-2023-05-500,STA-009,tebet,Tebet,2023-05,500,3907,564507,30,20,8,1,15,89.44,52.31,2.0,41.27,129.77,Makanan,0.526,synthetic_opportunity_formula_with_seeded_noise,synthetic_training_only
CLS-STA-009-2023-06-750,STA-009,tebet,Tebet,2023-06,750,5492,525486,46,29,10,2,32,89.44,52.31,2.0,41.58,138.88,Makanan,0.549,synthetic_opportunity_formula_with_seeded_noise,synthetic_training_only
CLS-STA-009-2023-07-1000,STA-009,tebet,Tebet,2023-07,1000,7139,515692,49,38,19,3,41,89.44,52.31,2.0,42.61,135.06,Makanan,0.581,synthetic_opportunity_formula_with_seeded_noise,synthetic_training_only
CLS-STA-009-2023-08-500,STA-009,tebet,Tebet,2023-08,500,3929,573558,28,23,8,3,19,89.44,52.31,2.0,40.05,117.56,Makanan,0.606,synthetic_opportunity_formula_with_seeded_noise,synthetic_training_only
CLS-STA-009-2023-09-750,STA-009,tebet,Tebet,2023-09,750,6385,606068,35,28,14,3,34,89.44,52.31,2.0,39.71,112.23,Makanan,0.598,synthetic_opportunity_formula_with_seeded_noise,synthetic_training_only
CLS-STA-009-2023-10-1000,STA-009,tebet,Tebet,2023-10,1000,8692,637573,54,38,18,3,41,89.44,52.31,2.0,38.25,129.72,Makanan,0.629,synthetic_opportunity_formula_with_seeded_noise,synthetic_training_only
CLS-STA-009-2023-11-500,STA-009,tebet,Tebet,2023-11,500,4696,668522,26,19,11,4,19,89.44,52.31,2.0,39.3,123.71,Makanan,0.554,synthetic_opportunity_formula_with_seeded_noise,synthetic_training_only
CLS-STA-009-2023-12-750,STA-009,tebet,Tebet,2023-12,750,5843,555762,40,33,11,2,33,89.44,52.31,2.0,42.64,129.15,Makanan,0.613,synthetic_opportunity_formula_with_seeded_noise,synthetic_training_only
CLS-STA-009-2024-01-500,STA-009,tebet,Tebet,2024-01,500,3682,537402,23,22,10,1,10,89.44,52.31,2.0,38.97,122.67,Makanan,0.589,synthetic_opportunity_formula_with_seeded_noise,synthetic_training_only
CLS-STA-009-2024-02-750,STA-009,tebet,Tebet,2024-02,750,6045,576151,43,30,11,2,29,89.44,52.31,2.0,38.38,129.62,Makanan,0.544,synthetic_opportunity_formula_with_seeded_noise,synthetic_training_only
CLS-STA-009-2024-03-1000,STA-009,tebet,Tebet,2024-03,1000,8488,624231,47,36,21,5,33,89.44,52.31,2.0,37.76,120.95,Makanan,0.65,synthetic_opportunity_formula_with_seeded_noise,synthetic_training_only
CLS-STA-009-2024-04-500,STA-009,tebet,Tebet,2024-04,500,4578,628926,29,18,9,2,9,89.44,52.31,2.0,43.44,131.22,Makanan,0.513,synthetic_opportunity_formula_with_seeded_noise,synthetic_training_only
CLS-STA-009-2024-05-750,STA-009,tebet,Tebet,2024-05,750,6647,658401,41,31,12,2,31,89.44,52.31,2.0,35.9,131.4,Makanan,0.556,synthetic_opportunity_formula_with_seeded_noise,synthetic_training_only
CLS-STA-009-2024-06-1000,STA-009,tebet,Tebet,2024-06,1000,7626,553474,53,41,22,5,41,89.44,52.31,2.0,40.79,137.82,Makanan,0.564,synthetic_opportunity_formula_with_seeded_noise,synthetic_training_only
CLS-STA-009-2024-07-500,STA-009,tebet,Tebet,2024-07,500,3842,534314,30,25,9,0,21,89.44,52.31,2.0,42.53,130.93,Makanan,0.595,synthetic_opportunity_formula_with_seeded_noise,synthetic_training_only
CLS-STA-009-2024-08-750,STA-009,tebet,Tebet,2024-08,750,6687,640489,40,31,13,1,29,89.44,52.31,2.0,42.5,116.77,Makanan,0.554,synthetic_opportunity_formula_with_seeded_noise,synthetic_training_only
CLS-STA-009-2024-09-1000,STA-009,tebet,Tebet,2024-09,1000,8452,612457,52,41,17,4,41,89.44,52.31,2.0,38.26,133.05,Makanan,0.577,synthetic_opportunity_formula_with_seeded_noise,synthetic_training_only
CLS-STA-009-2024-10-500,STA-009,tebet,Tebet,2024-10,500,4998,713801,31,18,7,0,28,89.44,52.31,2.0,40.3,128.69,Makanan,0.531,synthetic_opportunity_formula_with_seeded_noise,synthetic_training_only
CLS-STA-009-2024-11-750,STA-009,tebet,Tebet,2024-11,750,7265,690006,44,28,16,1,37,89.44,52.31,2.0,41.08,126.31,Makanan,0.578,synthetic_opportunity_formula_with_seeded_noise,synthetic_training_only
CLS-STA-009-2024-12-1000,STA-009,tebet,Tebet,2024-12,1000,8034,574043,49,31,21,4,39,89.44,52.31,2.0,39.77,127.78,Makanan,0.583,synthetic_opportunity_formula_with_seeded_noise,synthetic_training_only
CLS-STA-009-2025-01-750,STA-009,tebet,Tebet,2025-01,750,5945,579433,37,29,12,3,24,89.44,52.31,2.0,38.24,123.29,Makanan,0.578,synthetic_opportunity_formula_with_seeded_noise,synthetic_training_only
CLS-STA-009-2025-02-1000,STA-009,tebet,Tebet,2025-02,1000,7958,598049,54,42,16,2,41,89.44,52.31,2.0,38.48,132.42,Makanan,0.571,synthetic_opportunity_formula_with_seeded_noise,synthetic_training_only
CLS-STA-009-2025-03-500,STA-009,tebet,Tebet,2025-03,500,4356,616011,29,16,6,0,19,89.44,52.31,2.0,41.38,140.75,Makanan,0.536,synthetic_opportunity_formula_with_seeded_noise,synthetic_training_only
CLS-STA-009-2025-04-750,STA-009,tebet,Tebet,2025-04,750,6199,600830,46,29,11,1,26,89.44,52.31,2.0,43.66,119.62,Makanan,0.528,synthetic_opportunity_formula_with_seeded_noise,synthetic_training_only
CLS-STA-009-2025-05-1000,STA-009,tebet,Tebet,2025-05,1000,8771,642477,55,44,19,4,39,89.44,52.31,2.0,36.71,135.09,Makanan,0.58,synthetic_opportunity_formula_with_seeded_noise,synthetic_training_only
CLS-STA-009-2025-06-500,STA-009,tebet,Tebet,2025-06,500,4425,642633,28,20,9,1,20,89.44,52.31,2.0,40.04,119.84,Makanan,0.556,synthetic_opportunity_formula_with_seeded_noise,synthetic_training_only
CLS-STA-009-2025-07-750,STA-009,tebet,Tebet,2025-07,750,6243,609473,41,30,16,2,31,89.44,52.31,2.0,37.75,128.81,Makanan,0.555,synthetic_opportunity_formula_with_seeded_noise,synthetic_training_only
CLS-STA-009-2025-08-1000,STA-009,tebet,Tebet,2025-08,1000,9703,699682,53,32,20,3,35,89.44,52.31,2.0,42.55,123.07,Makanan,0.58,synthetic_opportunity_formula_with_seeded_noise,synthetic_training_only
CLS-STA-009-2025-09-500,STA-009,tebet,Tebet,2025-09,500,4931,705185,23,14,9,2,19,89.44,52.31,2.0,44.87,137.06,Makanan,0.577,synthetic_opportunity_formula_with_seeded_noise,synthetic_training_only
CLS-STA-009-2025-10-750,STA-009,tebet,Tebet,2025-10,750,6881,673144,40,34,12,1,30,89.44,52.31,2.0,38.42,137.48,Makanan,0.609,synthetic_opportunity_formula_with_seeded_noise,synthetic_training_only
CLS-STA-009-2025-11-1000,STA-009,tebet,Tebet,2025-11,1000,9346,683801,51,41,20,4,43,89.44,52.31,2.0,40.46,134.03,Makanan,0.635,synthetic_opportunity_formula_with_seeded_noise,synthetic_training_only
CLS-STA-009-2025-12-500,STA-009,tebet,Tebet,2025-12,500,4315,632263,22,19,7,2,15,89.44,52.31,2.0,38.93,114.91,Makanan,0.615,synthetic_opportunity_formula_with_seeded_noise,synthetic_training_only
CLS-STA-010-2023-01-500,STA-010,cawang,Cawang,2023-01,500,3727,528247,28,21,11,3,14,79.62,39.16,12.59,45.29,123.96,Makanan,0.5,synthetic_opportunity_formula_with_seeded_noise,synthetic_training_only
CLS-STA-010-2023-02-750,STA-010,cawang,Cawang,2023-02,750,5874,538680,33,20,11,2,27,79.62,39.16,12.59,46.43,135.48,Makanan,0.57,synthetic_opportunity_formula_with_seeded_noise,synthetic_training_only
CLS-STA-010-2023-03-1000,STA-010,cawang,Cawang,2023-03,1000,7741,536367,49,34,20,3,34,79.62,39.16,12.59,48.59,114.31,Makanan,0.508,synthetic_opportunity_formula_with_seeded_noise,synthetic_training_only
CLS-STA-010-2023-04-500,STA-010,cawang,Cawang,2023-04,500,3985,551322,29,18,9,4,22,79.62,39.16,12.59,47.05,117.21,Makanan,0.528,synthetic_opportunity_formula_with_seeded_noise,synthetic_training_only
CLS-STA-010-2023-05-750,STA-010,cawang,Cawang,2023-05,750,6629,599826,45,21,12,1,29,79.62,39.16,12.59,51.07,125.25,Minuman,0.5,synthetic_opportunity_formula_with_seeded_noise,synthetic_training_only
CLS-STA-010-2023-06-1000,STA-010,cawang,Cawang,2023-06,1000,8408,587141,49,33,20,7,39,79.62,39.16,12.59,47.76,137.58,Makanan,0.614,synthetic_opportunity_formula_with_seeded_noise,synthetic_training_only
CLS-STA-010-2023-07-500,STA-010,cawang,Cawang,2023-07,500,3638,518837,25,18,12,4,19,79.62,39.16,12.59,42.59,131.52,Makanan,0.546,synthetic_opportunity_formula_with_seeded_noise,synthetic_training_only
CLS-STA-010-2023-08-750,STA-010,cawang,Cawang,2023-08,750,6274,599722,41,31,13,2,27,79.62,39.16,12.59,43.93,143.64,Makanan,0.54,synthetic_opportunity_formula_with_seeded_noise,synthetic_training_only
CLS-STA-010-2023-09-1000,STA-010,cawang,Cawang,2023-09,1000,8733,609156,53,42,19,4,43,79.62,39.16,12.59,47.93,136.05,Makanan,0.573,synthetic_opportunity_formula_with_seeded_noise,synthetic_training_only
CLS-STA-010-2023-10-500,STA-010,cawang,Cawang,2023-10,500,4266,598101,22,20,8,3,20,79.62,39.16,12.59,47.7,128.51,Makanan,0.594,synthetic_opportunity_formula_with_seeded_noise,synthetic_training_only
CLS-STA-010-2023-11-750,STA-010,cawang,Cawang,2023-11,750,7110,650039,40,27,9,5,34,79.62,39.16,12.59,49.75,120.27,Makanan,0.551,synthetic_opportunity_formula_with_seeded_noise,synthetic_training_only
CLS-STA-010-2023-12-1000,STA-010,cawang,Cawang,2023-12,1000,8113,568508,53,29,16,4,42,79.62,39.16,12.59,44.86,121.16,Makanan,0.548,synthetic_opportunity_formula_with_seeded_noise,synthetic_training_only
CLS-STA-010-2024-01-750,STA-010,cawang,Cawang,2024-01,750,5488,516253,37,29,12,7,26,79.62,39.16,12.59,50.73,127.58,Makanan,0.533,synthetic_opportunity_formula_with_seeded_noise,synthetic_training_only
CLS-STA-010-2024-02-1000,STA-010,cawang,Cawang,2024-02,1000,8523,603721,49,39,18,7,43,79.62,39.16,12.59,48.05,123.07,Makanan,0.547,synthetic_opportunity_formula_with_seeded_noise,synthetic_training_only
CLS-STA-010-2024-03-500,STA-010,cawang,Cawang,2024-03,500,4456,612992,19,15,10,4,16,79.62,39.16,12.59,47.02,131.54,Makanan,0.575,synthetic_opportunity_formula_with_seeded_noise,synthetic_training_only
CLS-STA-010-2024-04-750,STA-010,cawang,Cawang,2024-04,750,6456,613988,35,33,11,6,24,79.62,39.16,12.59,43.67,131.33,Makanan,0.585,synthetic_opportunity_formula_with_seeded_noise,synthetic_training_only
CLS-STA-010-2024-05-1000,STA-010,cawang,Cawang,2024-05,1000,8415,593834,47,33,17,7,35,79.62,39.16,12.59,45.34,129.93,Makanan,0.622,synthetic_opportunity_formula_with_seeded_noise,synthetic_training_only
CLS-STA-010-2024-06-500,STA-010,cawang,Cawang,2024-06,500,3852,552965,24,20,11,4,21,79.62,39.16,12.59,48.19,123.72,Makanan,0.519,synthetic_opportunity_formula_with_seeded_noise,synthetic_training_only
CLS-STA-010-2024-07-750,STA-010,cawang,Cawang,2024-07,750,6102,554348,37,27,11,6,29,79.62,39.16,12.59,49.58,118.79,Makanan,0.544,synthetic_opportunity_formula_with_seeded_noise,synthetic_training_only
CLS-STA-010-2024-08-1000,STA-010,cawang,Cawang,2024-08,1000,8936,629310,45,33,15,5,36,79.62,39.16,12.59,45.94,120.08,Makanan,0.579,synthetic_opportunity_formula_with_seeded_noise,synthetic_training_only
CLS-STA-010-2024-09-500,STA-010,cawang,Cawang,2024-09,500,4649,634963,23,15,9,3,18,79.62,39.16,12.59,50.78,127.59,Makanan,0.53,synthetic_opportunity_formula_with_seeded_noise,synthetic_training_only
CLS-STA-010-2024-10-750,STA-010,cawang,Cawang,2024-10,750,7129,681648,45,28,15,7,25,79.62,39.16,12.59,42.45,130.31,Makanan,0.549,synthetic_opportunity_formula_with_seeded_noise,synthetic_training_only
CLS-STA-010-2024-11-1000,STA-010,cawang,Cawang,2024-11,1000,8998,630781,49,36,20,6,42,79.62,39.16,12.59,44.78,122.81,Makanan,0.606,synthetic_opportunity_formula_with_seeded_noise,synthetic_training_only
CLS-STA-010-2024-12-500,STA-010,cawang,Cawang,2024-12,500,4344,581690,23,15,8,5,21,79.62,39.16,12.59,45.87,120.66,Makanan,0.5,synthetic_opportunity_formula_with_seeded_noise,synthetic_training_only
CLS-STA-010-2025-01-1000,STA-010,cawang,Cawang,2025-01,1000,7864,558766,48,37,16,4,43,79.62,39.16,12.59,45.53,127.55,Makanan,0.624,synthetic_opportunity_formula_with_seeded_noise,synthetic_training_only
CLS-STA-010-2025-02-500,STA-010,cawang,Cawang,2025-02,500,4563,624382,27,16,4,3,18,79.62,39.16,12.59,44.6,110.98,Makanan,0.5,synthetic_opportunity_formula_with_seeded_noise,synthetic_training_only
CLS-STA-010-2025-03-750,STA-010,cawang,Cawang,2025-03,750,6957,646487,36,30,10,1,26,79.62,39.16,12.59,49.22,127.73,Makanan,0.629,synthetic_opportunity_formula_with_seeded_noise,synthetic_training_only
CLS-STA-010-2025-04-1000,STA-010,cawang,Cawang,2025-04,1000,8771,610826,53,38,17,9,40,79.62,39.16,12.59,48.44,133.9,Makanan,0.546,synthetic_opportunity_formula_with_seeded_noise,synthetic_training_only
CLS-STA-010-2025-05-500,STA-010,cawang,Cawang,2025-05,500,5104,691465,28,22,6,3,23,79.62,39.16,12.59,51.11,134.67,Makanan,0.57,synthetic_opportunity_formula_with_seeded_noise,synthetic_training_only
CLS-STA-010-2025-06-750,STA-010,cawang,Cawang,2025-06,750,6443,611213,35,24,10,2,32,79.62,39.16,12.59,45.14,130.28,Makanan,0.567,synthetic_opportunity_formula_with_seeded_noise,synthetic_training_only
CLS-STA-010-2025-07-1000,STA-010,cawang,Cawang,2025-07,1000,8194,579003,46,32,13,6,38,79.62,39.16,12.59,46.9,124.38,Makanan,0.622,synthetic_opportunity_formula_with_seeded_noise,synthetic_training_only
CLS-STA-010-2025-08-500,STA-010,cawang,Cawang,2025-08,500,4972,696693,29,17,8,1,20,79.62,39.16,12.59,48.24,112.04,Makanan,0.557,synthetic_opportunity_formula_with_seeded_noise,synthetic_training_only
CLS-STA-010-2025-09-750,STA-010,cawang,Cawang,2025-09,750,6978,655761,41,26,15,2,35,79.62,39.16,12.59,46.55,131.42,Makanan,0.552,synthetic_opportunity_formula_with_seeded_noise,synthetic_training_only
CLS-STA-010-2025-10-1000,STA-010,cawang,Cawang,2025-10,1000,10010,722352,50,37,20,5,38,79.62,39.16,12.59,41.12,118.39,Makanan,0.603,synthetic_opportunity_formula_with_seeded_noise,synthetic_training_only
CLS-STA-010-2025-11-500,STA-010,cawang,Cawang,2025-11,500,5152,715025,25,20,9,4,22,79.62,39.16,12.59,51.53,120.82,Makanan,0.546,synthetic_opportunity_formula_with_seeded_noise,synthetic_training_only
CLS-STA-010-2025-12-750,STA-010,cawang,Cawang,2025-12,750,6618,612445,38,26,17,3,27,79.62,39.16,12.59,46.2,112.55,Makanan,0.592,synthetic_opportunity_formula_with_seeded_noise,synthetic_training_only
CLS-STA-011-2023-01-750,STA-011,durenkalibata,Duren Kalibata,2023-01,750,2761,269702,28,22,13,3,27,69.02,52.82,2.0,36.7,119.08,Makanan,0.546,synthetic_opportunity_formula_with_seeded_noise,synthetic_training_only
CLS-STA-011-2023-02-1000,STA-011,durenkalibata,Duren Kalibata,2023-02,1000,3685,260317,39,35,19,5,31,69.02,52.82,2.0,44.8,121.64,Makanan,0.559,synthetic_opportunity_formula_with_seeded_noise,synthetic_training_only
CLS-STA-011-2023-03-500,STA-011,durenkalibata,Duren Kalibata,2023-03,500,2096,306777,22,13,6,0,19,69.02,52.82,2.0,42.08,110.68,Makanan,0.5,synthetic_opportunity_formula_with_seeded_noise,synthetic_training_only
CLS-STA-011-2023-04-750,STA-011,durenkalibata,Duren Kalibata,2023-04,750,2656,260480,33,21,10,2,27,69.02,52.82,2.0,37.39,114.94,Makanan,0.503,synthetic_opportunity_formula_with_seeded_noise,synthetic_training_only
CLS-STA-011-2023-05-1000,STA-011,durenkalibata,Duren Kalibata,2023-05,1000,4243,306215,39,33,16,2,32,69.02,52.82,2.0,45.25,111.37,Makanan,0.527,synthetic_opportunity_formula_with_seeded_noise,synthetic_training_only
CLS-STA-011-2023-06-500,STA-011,durenkalibata,Duren Kalibata,2023-06,500,2118,290654,22,19,7,1,8,69.02,52.82,2.0,40.32,114.91,Makanan,0.5,synthetic_opportunity_formula_with_seeded_noise,synthetic_training_only
CLS-STA-011-2023-07-750,STA-011,durenkalibata,Duren Kalibata,2023-07,750,2539,251072,38,15,14,4,23,69.02,52.82,2.0,42.29,127.54,Minuman,0.551,synthetic_opportunity_formula_with_seeded_noise,synthetic_training_only
CLS-STA-011-2023-08-1000,STA-011,durenkalibata,Duren Kalibata,2023-08,1000,4101,289576,42,22,19,4,32,69.02,52.82,2.0,41.32,127.5,Minuman,0.526,synthetic_opportunity_formula_with_seeded_noise,synthetic_training_only
CLS-STA-011-2023-09-500,STA-011,durenkalibata,Duren Kalibata,2023-09,500,2031,306217,21,15,11,2,23,69.02,52.82,2.0,40.07,106.01,Makanan,0.569,synthetic_opportunity_formula_with_seeded_noise,synthetic_training_only
CLS-STA-011-2023-10-750,STA-011,durenkalibata,Duren Kalibata,2023-10,750,3189,307398,30,22,12,4,28,69.02,52.82,2.0,39.91,122.24,Makanan,0.541,synthetic_opportunity_formula_with_seeded_noise,synthetic_training_only
CLS-STA-011-2023-11-1000,STA-011,durenkalibata,Duren Kalibata,2023-11,1000,4076,291532,40,28,14,2,32,69.02,52.82,2.0,39.5,113.14,Makanan,0.5,synthetic_opportunity_formula_with_seeded_noise,synthetic_training_only
CLS-STA-011-2023-12-500,STA-011,durenkalibata,Duren Kalibata,2023-12,500,1821,276710,24,7,6,2,14,69.02,52.82,2.0,42.71,125.05,Minuman,0.519,synthetic_opportunity_formula_with_seeded_noise,synthetic_training_only
CLS-STA-011-2024-01-1000,STA-011,durenkalibata,Duren Kalibata,2024-01,1000,3647,278449,43,28,13,2,37,69.02,52.82,2.0,37.53,114.01,Makanan,0.5,synthetic_opportunity_formula_with_seeded_noise,synthetic_training_only
CLS-STA-011-2024-02-500,STA-011,durenkalibata,Duren Kalibata,2024-02,500,1947,292245,20,17,8,3,15,69.02,52.82,2.0,40.51,118.36,Makanan,0.532,synthetic_opportunity_formula_with_seeded_noise,synthetic_training_only
CLS-STA-011-2024-03-750,STA-011,durenkalibata,Duren Kalibata,2024-03,750,3247,316671,29,21,9,3,24,69.02,52.82,2.0,42.59,121.37,Makanan,0.573,synthetic_opportunity_formula_with_seeded_noise,synthetic_training_only
CLS-STA-011-2024-04-1000,STA-011,durenkalibata,Duren Kalibata,2024-04,1000,3927,279352,43,33,19,1,39,69.02,52.82,2.0,42.06,109.27,Makanan,0.515,synthetic_opportunity_formula_with_seeded_noise,synthetic_training_only
CLS-STA-011-2024-05-500,STA-011,durenkalibata,Duren Kalibata,2024-05,500,2103,297682,25,16,8,3,6,69.02,52.82,2.0,40.77,105.94,Lainnya,0.5,synthetic_opportunity_formula_with_seeded_noise,synthetic_training_only
CLS-STA-011-2024-06-750,STA-011,durenkalibata,Duren Kalibata,2024-06,750,3033,297751,33,23,11,2,34,69.02,52.82,2.0,42.62,112.76,Makanan,0.552,synthetic_opportunity_formula_with_seeded_noise,synthetic_training_only
CLS-STA-011-2024-07-1000,STA-011,durenkalibata,Duren Kalibata,2024-07,1000,4031,280799,48,30,14,3,37,69.02,52.82,2.0,44.64,117.74,Minuman,0.545,synthetic_opportunity_formula_with_seeded_noise,synthetic_training_only
CLS-STA-011-2024-08-500,STA-011,durenkalibata,Duren Kalibata,2024-08,500,2135,304661,24,18,7,3,17,69.02,52.82,2.0,44.74,122.9,Makanan,0.5,synthetic_opportunity_formula_with_seeded_noise,synthetic_training_only
CLS-STA-011-2024-09-750,STA-011,durenkalibata,Duren Kalibata,2024-09,750,3677,343361,33,22,12,1,28,69.02,52.82,2.0,41.06,131.49,Makanan,0.556,synthetic_opportunity_formula_with_seeded_noise,synthetic_training_only
CLS-STA-011-2024-10-1000,STA-011,durenkalibata,Duren Kalibata,2024-10,1000,4640,334077,46,33,13,0,35,69.02,52.82,2.0,38.1,113.61,Makanan,0.5,synthetic_opportunity_formula_with_seeded_noise,synthetic_training_only
CLS-STA-011-2024-11-500,STA-011,durenkalibata,Duren Kalibata,2024-11,500,2444,345001,22,11,11,0,15,69.02,52.82,2.0,39.32,118.76,Minuman,0.548,synthetic_opportunity_formula_with_seeded_noise,synthetic_training_only
CLS-STA-011-2024-12-750,STA-011,durenkalibata,Duren Kalibata,2024-12,750,3078,293301,28,15,12,0,22,69.02,52.82,2.0,41.82,121.86,Minuman,0.52,synthetic_opportunity_formula_with_seeded_noise,synthetic_training_only
CLS-STA-011-2025-01-500,STA-011,durenkalibata,Duren Kalibata,2025-01,500,2113,297575,21,16,10,1,18,69.02,52.82,2.0,40.65,112.68,Makanan,0.557,synthetic_opportunity_formula_with_seeded_noise,synthetic_training_only
CLS-STA-011-2025-02-750,STA-011,durenkalibata,Duren Kalibata,2025-02,750,2984,288344,33,23,10,3,33,69.02,52.82,2.0,40.91,112.79,Makanan,0.502,synthetic_opportunity_formula_with_seeded_noise,synthetic_training_only
CLS-STA-011-2025-03-1000,STA-011,durenkalibata,Duren Kalibata,2025-03,1000,4641,338444,44,31,16,2,30,69.02,52.82,2.0,42.94,126.76,Makanan,0.523,synthetic_opportunity_formula_with_seeded_noise,synthetic_training_only
CLS-STA-011-2025-04-500,STA-011,durenkalibata,Duren Kalibata,2025-04,500,2170,307768,22,15,9,2,20,69.02,52.82,2.0,37.59,100.61,Makanan,0.5,synthetic_opportunity_formula_with_seeded_noise,synthetic_training_only
CLS-STA-011-2025-05-750,STA-011,durenkalibata,Duren Kalibata,2025-05,750,3548,329143,31,19,12,3,23,69.02,52.82,2.0,42.48,108.61,Makanan,0.5,synthetic_opportunity_formula_with_seeded_noise,synthetic_training_only
CLS-STA-011-2025-06-1000,STA-011,durenkalibata,Duren Kalibata,2025-06,1000,4347,312870,42,31,15,3,35,69.02,52.82,2.0,38.27,105.07,Makanan,0.542,synthetic_opportunity_formula_with_seeded_noise,synthetic_training_only
CLS-STA-011-2025-07-500,STA-011,durenkalibata,Duren Kalibata,2025-07,500,2042,285467,18,8,5,0,15,69.02,52.82,2.0,41.33,117.19,Minuman,0.526,synthetic_opportunity_formula_with_seeded_noise,synthetic_training_only
CLS-STA-011-2025-08-750,STA-011,durenkalibata,Duren Kalibata,2025-08,750,3321,314153,32,25,10,2,29,69.02,52.82,2.0,41.51,117.7,Makanan,0.547,synthetic_opportunity_formula_with_seeded_noise,synthetic_training_only
CLS-STA-011-2025-09-1000,STA-011,durenkalibata,Duren Kalibata,2025-09,1000,4343,321361,42,29,16,1,31,69.02,52.82,2.0,39.24,125.77,Makanan,0.548,synthetic_opportunity_formula_with_seeded_noise,synthetic_training_only
CLS-STA-011-2025-10-500,STA-011,durenkalibata,Duren Kalibata,2025-10,500,2491,361036,20,13,8,1,24,69.02,52.82,2.0,40.37,130.38,Makanan,0.5,synthetic_opportunity_formula_with_seeded_noise,synthetic_training_only
CLS-STA-011-2025-11-750,STA-011,durenkalibata,Duren Kalibata,2025-11,750,3428,331341,35,24,11,1,21,69.02,52.82,2.0,42.0,101.4,Makanan,0.513,synthetic_opportunity_formula_with_seeded_noise,synthetic_training_only
CLS-STA-011-2025-12-1000,STA-011,durenkalibata,Duren Kalibata,2025-12,1000,4628,331825,40,35,18,3,35,69.02,52.82,2.0,42.81,96.86,Makanan,0.597,synthetic_opportunity_formula_with_seeded_noise,synthetic_training_only
CLS-STA-012-2023-01-1000,STA-012,pasarminggu,Pasar Minggu,2023-01,1000,6707,500643,41,37,18,4,40,60.72,45.73,16.14,33.76,116.45,Makanan,0.598,synthetic_opportunity_formula_with_seeded_noise,synthetic_training_only
CLS-STA-012-2023-02-500,STA-012,pasarminggu,Pasar Minggu,2023-02,500,3703,550524,21,17,7,4,21,60.72,45.73,16.14,35.61,132.43,Makanan,0.555,synthetic_opportunity_formula_with_seeded_noise,synthetic_training_only
CLS-STA-012-2023-03-750,STA-012,pasarminggu,Pasar Minggu,2023-03,750,5692,559590,30,31,12,3,26,60.72,45.73,16.14,37.08,112.79,Makanan,0.663,synthetic_opportunity_formula_with_seeded_noise,synthetic_training_only
CLS-STA-012-2023-04-1000,STA-012,pasarminggu,Pasar Minggu,2023-04,1000,7952,586125,37,29,17,7,37,60.72,45.73,16.14,35.62,126.9,Makanan,0.578,synthetic_opportunity_formula_with_seeded_noise,synthetic_training_only
CLS-STA-012-2023-05-500,STA-012,pasarminggu,Pasar Minggu,2023-05,500,3960,579637,22,15,12,0,16,60.72,45.73,16.14,37.89,122.67,Makanan,0.56,synthetic_opportunity_formula_with_seeded_noise,synthetic_training_only
CLS-STA-012-2023-06-750,STA-012,pasarminggu,Pasar Minggu,2023-06,750,5365,527594,25,20,10,5,30,60.72,45.73,16.14,39.68,139.91,Makanan,0.61,synthetic_opportunity_formula_with_seeded_noise,synthetic_training_only
CLS-STA-012-2023-07-1000,STA-012,pasarminggu,Pasar Minggu,2023-07,1000,7188,539874,47,30,17,5,33,60.72,45.73,16.14,35.83,124.13,Makanan,0.541,synthetic_opportunity_formula_with_seeded_noise,synthetic_training_only
CLS-STA-012-2023-08-500,STA-012,pasarminggu,Pasar Minggu,2023-08,500,3997,563400,22,14,9,2,21,60.72,45.73,16.14,36.85,126.65,Makanan,0.5,synthetic_opportunity_formula_with_seeded_noise,synthetic_training_only
CLS-STA-012-2023-09-750,STA-012,pasarminggu,Pasar Minggu,2023-09,750,6405,615553,35,28,10,4,22,60.72,45.73,16.14,37.58,121.36,Makanan,0.616,synthetic_opportunity_formula_with_seeded_noise,synthetic_training_only
CLS-STA-012-2023-10-1000,STA-012,pasarminggu,Pasar Minggu,2023-10,1000,8858,660238,41,31,17,5,36,60.72,45.73,16.14,36.14,130.96,Makanan,0.594,synthetic_opportunity_formula_with_seeded_noise,synthetic_training_only
CLS-STA-012-2023-11-500,STA-012,pasarminggu,Pasar Minggu,2023-11,500,3945,581653,23,16,13,3,15,60.72,45.73,16.14,39.15,124.85,Makanan,0.503,synthetic_opportunity_formula_with_seeded_noise,synthetic_training_only
CLS-STA-012-2023-12-750,STA-012,pasarminggu,Pasar Minggu,2023-12,750,5639,555984,31,22,13,4,25,60.72,45.73,16.14,36.38,116.44,Makanan,0.521,synthetic_opportunity_formula_with_seeded_noise,synthetic_training_only
CLS-STA-012-2024-01-500,STA-012,pasarminggu,Pasar Minggu,2024-01,500,4075,599917,25,8,6,4,13,60.72,45.73,16.14,41.18,119.93,Minuman,0.529,synthetic_opportunity_formula_with_seeded_noise,synthetic_training_only
CLS-STA-012-2024-02-750,STA-012,pasarminggu,Pasar Minggu,2024-02,750,6285,612918,30,24,16,5,24,60.72,45.73,16.14,38.36,124.68,Makanan,0.559,synthetic_opportunity_formula_with_seeded_noise,synthetic_training_only
CLS-STA-012-2024-03-1000,STA-012,pasarminggu,Pasar Minggu,2024-03,1000,8345,609680,44,32,18,7,35,60.72,45.73,16.14,36.6,109.63,Makanan,0.565,synthetic_opportunity_formula_with_seeded_noise,synthetic_training_only
CLS-STA-012-2024-04-500,STA-012,pasarminggu,Pasar Minggu,2024-04,500,4176,607758,22,22,9,1,27,60.72,45.73,16.14,37.39,116.36,Makanan,0.561,synthetic_opportunity_formula_with_seeded_noise,synthetic_training_only
CLS-STA-012-2024-05-750,STA-012,pasarminggu,Pasar Minggu,2024-05,750,6408,650662,28,26,12,5,26,60.72,45.73,16.14,30.77,115.48,Makanan,0.691,synthetic_opportunity_formula_with_seeded_noise,synthetic_training_only
CLS-STA-012-2024-06-1000,STA-012,pasarminggu,Pasar Minggu,2024-06,1000,8045,597564,46,33,19,8,38,60.72,45.73,16.14,36.7,114.85,Makanan,0.636,synthetic_opportunity_formula_with_seeded_noise,synthetic_training_only
CLS-STA-012-2024-07-500,STA-012,pasarminggu,Pasar Minggu,2024-07,500,3704,532840,26,19,6,7,20,60.72,45.73,16.14,38.99,116.51,Makanan,0.539,synthetic_opportunity_formula_with_seeded_noise,synthetic_training_only
CLS-STA-012-2024-08-750,STA-012,pasarminggu,Pasar Minggu,2024-08,750,6543,645366,36,20,14,3,26,60.72,45.73,16.14,37.16,119.11,Makanan,0.581,synthetic_opportunity_formula_with_seeded_noise,synthetic_training_only
CLS-STA-012-2024-09-1000,STA-012,pasarminggu,Pasar Minggu,2024-09,1000,8966,673979,41,33,16,5,34,60.72,45.73,16.14,32.53,132.34,Makanan,0.641,synthetic_opportunity_formula_with_seeded_noise,synthetic_training_only
CLS-STA-012-2024-10-500,STA-012,pasarminggu,Pasar Minggu,2024-10,500,4198,618290,23,18,6,5,12,60.72,45.73,16.14,36.72,120.8,Makanan,0.509,synthetic_opportunity_formula_with_seeded_noise,synthetic_training_only
CLS-STA-012-2024-11-750,STA-012,pasarminggu,Pasar Minggu,2024-11,750,6284,627733,37,24,10,3,23,60.72,45.73,16.14,36.22,118.12,Makanan,0.516,synthetic_opportunity_formula_with_seeded_noise,synthetic_training_only
CLS-STA-012-2024-12-1000,STA-012,pasarminggu,Pasar Minggu,2024-12,1000,7096,537302,43,30,16,7,43,60.72,45.73,16.14,32.8,110.24,Makanan,0.517,synthetic_opportunity_formula_with_seeded_noise,synthetic_training_only
CLS-STA-012-2025-01-750,STA-012,pasarminggu,Pasar Minggu,2025-01,750,5563,538561,35,19,15,6,19,60.72,45.73,16.14,37.16,109.3,Makanan,0.509,synthetic_opportunity_formula_with_seeded_noise,synthetic_training_only
CLS-STA-012-2025-02-1000,STA-012,pasarminggu,Pasar Minggu,2025-02,1000,8668,648263,41,27,19,7,39,60.72,45.73,16.14,33.94,117.72,Makanan,0.586,synthetic_opportunity_formula_with_seeded_noise,synthetic_training_only
CLS-STA-012-2025-03-500,STA-012,pasarminggu,Pasar Minggu,2025-03,500,4467,658272,22,16,10,5,21,60.72,45.73,16.14,37.14,118.79,Makanan,0.554,synthetic_opportunity_formula_with_seeded_noise,synthetic_training_only
CLS-STA-012-2025-04-750,STA-012,pasarminggu,Pasar Minggu,2025-04,750,6145,617725,33,26,13,6,29,60.72,45.73,16.14,30.84,118.3,Makanan,0.542,synthetic_opportunity_formula_with_seeded_noise,synthetic_training_only
CLS-STA-012-2025-05-1000,STA-012,pasarminggu,Pasar Minggu,2025-05,1000,8988,657690,41,31,18,6,37,60.72,45.73,16.14,37.41,133.52,Makanan,0.641,synthetic_opportunity_formula_with_seeded_noise,synthetic_training_only
CLS-STA-012-2025-06-500,STA-012,pasarminggu,Pasar Minggu,2025-06,500,3992,610129,16,11,6,2,16,60.72,45.73,16.14,32.28,115.37,Makanan,0.607,synthetic_opportunity_formula_with_seeded_noise,synthetic_training_only
CLS-STA-012-2025-07-750,STA-012,pasarminggu,Pasar Minggu,2025-07,750,6017,586601,30,27,16,5,23,60.72,45.73,16.14,36.37,111.0,Makanan,0.603,synthetic_opportunity_formula_with_seeded_noise,synthetic_training_only
CLS-STA-012-2025-08-1000,STA-012,pasarminggu,Pasar Minggu,2025-08,1000,9559,695201,47,31,18,6,43,60.72,45.73,16.14,38.65,123.62,Makanan,0.558,synthetic_opportunity_formula_with_seeded_noise,synthetic_training_only
CLS-STA-012-2025-09-500,STA-012,pasarminggu,Pasar Minggu,2025-09,500,4626,688532,19,16,6,3,20,60.72,45.73,16.14,38.09,122.28,Makanan,0.576,synthetic_opportunity_formula_with_seeded_noise,synthetic_training_only
CLS-STA-012-2025-10-750,STA-012,pasarminggu,Pasar Minggu,2025-10,750,7277,709221,29,20,9,7,29,60.72,45.73,16.14,36.13,120.49,Makanan,0.595,synthetic_opportunity_formula_with_seeded_noise,synthetic_training_only
CLS-STA-012-2025-11-1000,STA-012,pasarminggu,Pasar Minggu,2025-11,1000,9220,688296,47,26,16,6,28,60.72,45.73,16.14,33.6,128.43,Makanan,0.551,synthetic_opportunity_formula_with_seeded_noise,synthetic_training_only
CLS-STA-012-2025-12-500,STA-012,pasarminggu,Pasar Minggu,2025-12,500,4206,618711,27,14,11,5,14,60.72,45.73,16.14,35.95,121.69,Makanan,0.5,synthetic_opportunity_formula_with_seeded_noise,synthetic_training_only
CLS-STA-013-2023-01-500,STA-013,pasarminggubaru,Pasar Minggu Baru,2023-01,500,1813,264147,10,12,7,4,9,39.85,50.48,33.99,46.87,104.13,Makanan,0.581,synthetic_opportunity_formula_with_seeded_noise,synthetic_training_only
CLS-STA-013-2023-02-750,STA-013,pasarminggubaru,Pasar Minggu Baru,2023-02,750,2904,278592,17,16,13,5,20,39.85,50.48,33.99,41.49,107.42,Makanan,0.522,synthetic_opportunity_formula_with_seeded_noise,synthetic_training_only
CLS-STA-013-2023-03-1000,STA-013,pasarminggubaru,Pasar Minggu Baru,2023-03,1000,3964,276105,28,21,18,10,26,39.85,50.48,33.99,47.52,120.4,Makanan,0.5,synthetic_opportunity_formula_with_seeded_noise,synthetic_training_only
CLS-STA-013-2023-04-500,STA-013,pasarminggubaru,Pasar Minggu Baru,2023-04,500,1808,261378,22,16,12,6,10,39.85,50.48,33.99,47.61,116.6,Lainnya,0.5,synthetic_opportunity_formula_with_seeded_noise,synthetic_training_only
CLS-STA-013-2023-05-750,STA-013,pasarminggubaru,Pasar Minggu Baru,2023-05,750,3193,305438,24,14,14,9,15,39.85,50.48,33.99,50.33,108.85,Makanan,0.5,synthetic_opportunity_formula_with_seeded_noise,synthetic_training_only
CLS-STA-013-2023-06-1000,STA-013,pasarminggubaru,Pasar Minggu Baru,2023-06,1000,3713,270414,35,19,19,11,24,39.85,50.48,33.99,46.09,118.48,Minuman,0.5,synthetic_opportunity_formula_with_seeded_noise,synthetic_training_only
CLS-STA-013-2023-07-500,STA-013,pasarminggubaru,Pasar Minggu Baru,2023-07,500,1793,264049,10,14,7,4,11,39.85,50.48,33.99,48.55,105.08,Makanan,0.505,synthetic_opportunity_formula_with_seeded_noise,synthetic_training_only
CLS-STA-013-2023-08-750,STA-013,pasarminggubaru,Pasar Minggu Baru,2023-08,750,3245,300393,26,17,9,6,27,39.85,50.48,33.99,46.22,118.62,Makanan,0.5,synthetic_opportunity_formula_with_seeded_noise,synthetic_training_only
CLS-STA-013-2023-09-1000,STA-013,pasarminggubaru,Pasar Minggu Baru,2023-09,1000,4332,296705,33,26,18,7,26,39.85,50.48,33.99,48.85,115.87,Makanan,0.545,synthetic_opportunity_formula_with_seeded_noise,synthetic_training_only
CLS-STA-013-2023-10-500,STA-013,pasarminggubaru,Pasar Minggu Baru,2023-10,500,2103,316630,15,7,8,4,17,39.85,50.48,33.99,44.1,107.34,Minuman,0.574,synthetic_opportunity_formula_with_seeded_noise,synthetic_training_only
CLS-STA-013-2023-11-750,STA-013,pasarminggubaru,Pasar Minggu Baru,2023-11,750,3262,314455,22,22,12,6,19,39.85,50.48,33.99,46.89,109.1,Makanan,0.55,synthetic_opportunity_formula_with_seeded_noise,synthetic_training_only
CLS-STA-013-2023-12-1000,STA-013,pasarminggubaru,Pasar Minggu Baru,2023-12,1000,3872,268069,24,27,13,8,28,39.85,50.48,33.99,47.35,109.91,Makanan,0.596,synthetic_opportunity_formula_with_seeded_noise,synthetic_training_only
CLS-STA-013-2024-01-750,STA-013,pasarminggubaru,Pasar Minggu Baru,2024-01,750,2975,274129,27,20,15,7,25,39.85,50.48,33.99,46.72,106.12,Makanan,0.559,synthetic_opportunity_formula_with_seeded_noise,synthetic_training_only
CLS-STA-013-2024-02-1000,STA-013,pasarminggubaru,Pasar Minggu Baru,2024-02,1000,4242,294572,27,25,17,7,18,39.85,50.48,33.99,45.9,113.31,Makanan,0.566,synthetic_opportunity_formula_with_seeded_noise,synthetic_training_only
CLS-STA-013-2024-03-500,STA-013,pasarminggubaru,Pasar Minggu Baru,2024-03,500,2378,326410,19,8,7,5,22,39.85,50.48,33.99,49.34,107.55,Minuman,0.513,synthetic_opportunity_formula_with_seeded_noise,synthetic_training_only
CLS-STA-013-2024-04-750,STA-013,pasarminggubaru,Pasar Minggu Baru,2024-04,750,3119,293378,26,15,12,3,15,39.85,50.48,33.99,46.34,108.37,Minuman,0.539,synthetic_opportunity_formula_with_seeded_noise,synthetic_training_only
CLS-STA-013-2024-05-1000,STA-013,pasarminggubaru,Pasar Minggu Baru,2024-05,1000,4711,337804,37,29,21,9,39,39.85,50.48,33.99,40.67,112.52,Makanan,0.573,synthetic_opportunity_formula_with_seeded_noise,synthetic_training_only
CLS-STA-013-2024-06-500,STA-013,pasarminggubaru,Pasar Minggu Baru,2024-06,500,1759,267636,17,9,10,6,13,39.85,50.48,33.99,40.75,109.64,Minuman,0.523,synthetic_opportunity_formula_with_seeded_noise,synthetic_training_only
CLS-STA-013-2024-07-750,STA-013,pasarminggubaru,Pasar Minggu Baru,2024-07,750,2782,258234,14,19,12,6,13,39.85,50.48,33.99,45.53,105.12,Makanan,0.581,synthetic_opportunity_formula_with_seeded_noise,synthetic_training_only
CLS-STA-013-2024-08-1000,STA-013,pasarminggubaru,Pasar Minggu Baru,2024-08,1000,4355,313367,30,20,17,8,27,39.85,50.48,33.99,42.13,118.62,Makanan,0.505,synthetic_opportunity_formula_with_seeded_noise,synthetic_training_only
CLS-STA-013-2024-09-500,STA-013,pasarminggubaru,Pasar Minggu Baru,2024-09,500,2228,328268,12,10,11,7,14,39.85,50.48,33.99,46.42,106.93,Makanan,0.551,synthetic_opportunity_formula_with_seeded_noise,synthetic_training_only
CLS-STA-013-2024-10-750,STA-013,pasarminggubaru,Pasar Minggu Baru,2024-10,750,3629,332104,22,18,19,6,13,39.85,50.48,33.99,48.65,96.97,Makanan,0.563,synthetic_opportunity_formula_with_seeded_noise,synthetic_training_only
CLS-STA-013-2024-11-1000,STA-013,pasarminggubaru,Pasar Minggu Baru,2024-11,1000,4212,302214,25,25,20,7,29,39.85,50.48,33.99,42.13,113.3,Makanan,0.56,synthetic_opportunity_formula_with_seeded_noise,synthetic_training_only
CLS-STA-013-2024-12-500,STA-013,pasarminggubaru,Pasar Minggu Baru,2024-12,500,2079,291468,20,14,9,5,13,39.85,50.48,33.99,45.94,108.83,Lainnya,0.5,synthetic_opportunity_formula_with_seeded_noise,synthetic_training_only
CLS-STA-013-2025-01-1000,STA-013,pasarminggubaru,Pasar Minggu Baru,2025-01,1000,4283,297359,33,26,16,9,34,39.85,50.48,33.99,47.22,117.76,Makanan,0.544,synthetic_opportunity_formula_with_seeded_noise,synthetic_training_only
CLS-STA-013-2025-02-500,STA-013,pasarminggubaru,Pasar Minggu Baru,2025-02,500,1944,282770,13,11,7,4,12,39.85,50.48,33.99,47.18,109.45,Makanan,0.513,synthetic_opportunity_formula_with_seeded_noise,synthetic_training_only
CLS-STA-013-2025-03-750,STA-013,pasarminggubaru,Pasar Minggu Baru,2025-03,750,3241,308780,26,13,12,7,18,39.85,50.48,33.99,41.03,111.49,Minuman,0.5,synthetic_opportunity_formula_with_seeded_noise,synthetic_training_only
CLS-STA-013-2025-04-1000,STA-013,pasarminggubaru,Pasar Minggu Baru,2025-04,1000,4647,319280,34,19,17,6,33,39.85,50.48,33.99,49.2,121.36,Makanan,0.515,synthetic_opportunity_formula_with_seeded_noise,synthetic_training_only
CLS-STA-013-2025-05-500,STA-013,pasarminggubaru,Pasar Minggu Baru,2025-05,500,2452,338470,11,9,8,4,16,39.85,50.48,33.99,48.27,110.45,Makanan,0.5,synthetic_opportunity_formula_with_seeded_noise,synthetic_training_only
CLS-STA-013-2025-06-750,STA-013,pasarminggubaru,Pasar Minggu Baru,2025-06,750,3211,298060,20,16,13,7,13,39.85,50.48,33.99,45.6,116.15,Makanan,0.57,synthetic_opportunity_formula_with_seeded_noise,synthetic_training_only
CLS-STA-013-2025-07-1000,STA-013,pasarminggubaru,Pasar Minggu Baru,2025-07,1000,4097,293959,31,21,20,9,26,39.85,50.48,33.99,46.54,97.38,Makanan,0.548,synthetic_opportunity_formula_with_seeded_noise,synthetic_training_only
CLS-STA-013-2025-08-500,STA-013,pasarminggubaru,Pasar Minggu Baru,2025-08,500,2304,337537,16,10,9,4,16,39.85,50.48,33.99,43.74,105.01,Makanan,0.513,synthetic_opportunity_formula_with_seeded_noise,synthetic_training_only
CLS-STA-013-2025-09-750,STA-013,pasarminggubaru,Pasar Minggu Baru,2025-09,750,3523,335301,25,21,10,7,15,39.85,50.48,33.99,44.63,107.76,Makanan,0.505,synthetic_opportunity_formula_with_seeded_noise,synthetic_training_only
CLS-STA-013-2025-10-1000,STA-013,pasarminggubaru,Pasar Minggu Baru,2025-10,1000,4778,341517,31,24,17,6,24,39.85,50.48,33.99,45.18,116.74,Makanan,0.53,synthetic_opportunity_formula_with_seeded_noise,synthetic_training_only
CLS-STA-013-2025-11-500,STA-013,pasarminggubaru,Pasar Minggu Baru,2025-11,500,2469,351963,18,11,10,1,19,39.85,50.48,33.99,45.03,109.52,Makanan,0.522,synthetic_opportunity_formula_with_seeded_noise,synthetic_training_only
CLS-STA-013-2025-12-750,STA-013,pasarminggubaru,Pasar Minggu Baru,2025-12,750,3111,297927,23,14,15,5,22,39.85,50.48,33.99,42.98,95.76,Makanan,0.531,synthetic_opportunity_formula_with_seeded_noise,synthetic_training_only
CLS-STA-014-2023-01-750,STA-014,tanjungbarat,Tanjung Barat,2023-01,750,2798,280941,24,19,13,4,31,44.02,51.41,21.88,33.17,108.44,Makanan,0.542,synthetic_opportunity_formula_with_seeded_noise,synthetic_training_only
CLS-STA-014-2023-02-1000,STA-014,tanjungbarat,Tanjung Barat,2023-02,1000,3746,275264,29,26,16,5,35,44.02,51.41,21.88,35.43,110.86,Makanan,0.56,synthetic_opportunity_formula_with_seeded_noise,synthetic_training_only
CLS-STA-014-2023-03-500,STA-014,tanjungbarat,Tanjung Barat,2023-03,500,1945,276636,14,5,8,1,16,44.02,51.41,21.88,31.15,107.3,Minuman,0.5,synthetic_opportunity_formula_with_seeded_noise,synthetic_training_only
CLS-STA-014-2023-04-750,STA-014,tanjungbarat,Tanjung Barat,2023-04,750,2923,283201,25,16,16,2,19,44.02,51.41,21.88,37.93,108.62,Makanan,0.529,synthetic_opportunity_formula_with_seeded_noise,synthetic_training_only
CLS-STA-014-2023-05-1000,STA-014,tanjungbarat,Tanjung Barat,2023-05,1000,3898,287527,39,24,21,6,30,44.02,51.41,21.88,40.04,96.8,Makanan,0.5,synthetic_opportunity_formula_with_seeded_noise,synthetic_training_only
CLS-STA-014-2023-06-500,STA-014,tanjungbarat,Tanjung Barat,2023-06,500,1828,275653,12,17,5,2,16,44.02,51.41,21.88,32.24,123.02,Makanan,0.545,synthetic_opportunity_formula_with_seeded_noise,synthetic_training_only
CLS-STA-014-2023-07-750,STA-014,tanjungbarat,Tanjung Barat,2023-07,750,2833,273545,23,19,16,5,23,44.02,51.41,21.88,35.33,107.77,Makanan,0.589,synthetic_opportunity_formula_with_seeded_noise,synthetic_training_only
CLS-STA-014-2023-08-1000,STA-014,tanjungbarat,Tanjung Barat,2023-08,1000,3856,286561,37,24,15,4,35,44.02,51.41,21.88,34.22,116.1,Makanan,0.533,synthetic_opportunity_formula_with_seeded_noise,synthetic_training_only
CLS-STA-014-2023-09-500,STA-014,tanjungbarat,Tanjung Barat,2023-09,500,2096,316755,17,7,8,2,20,44.02,51.41,21.88,36.47,119.09,Minuman,0.5,synthetic_opportunity_formula_with_seeded_noise,synthetic_training_only
CLS-STA-014-2023-10-750,STA-014,tanjungbarat,Tanjung Barat,2023-10,750,3312,318896,30,13,11,5,30,44.02,51.41,21.88,36.53,115.04,Minuman,0.5,synthetic_opportunity_formula_with_seeded_noise,synthetic_training_only
CLS-STA-014-2023-11-1000,STA-014,tanjungbarat,Tanjung Barat,2023-11,1000,4416,321031,39,27,15,9,26,44.02,51.41,21.88,37.78,122.69,Makanan,0.582,synthetic_opportunity_formula_with_seeded_noise,synthetic_training_only
CLS-STA-014-2023-12-500,STA-014,tanjungbarat,Tanjung Barat,2023-12,500,1944,296891,11,11,14,4,11,44.02,51.41,21.88,33.94,116.02,Makanan,0.514,synthetic_opportunity_formula_with_seeded_noise,synthetic_training_only
CLS-STA-014-2024-01-1000,STA-014,tanjungbarat,Tanjung Barat,2024-01,1000,3456,262656,37,18,21,6,32,44.02,51.41,21.88,35.73,103.91,Minuman,0.544,synthetic_opportunity_formula_with_seeded_noise,synthetic_training_only
CLS-STA-014-2024-02-500,STA-014,tanjungbarat,Tanjung Barat,2024-02,500,1792,294023,19,11,6,5,9,44.02,51.41,21.88,31.51,97.78,Minuman,0.556,synthetic_opportunity_formula_with_seeded_noise,synthetic_training_only
CLS-STA-014-2024-03-750,STA-014,tanjungbarat,Tanjung Barat,2024-03,750,3172,312421,26,15,14,7,15,44.02,51.41,21.88,32.62,118.28,Makanan,0.538,synthetic_opportunity_formula_with_seeded_noise,synthetic_training_only
CLS-STA-014-2024-04-1000,STA-014,tanjungbarat,Tanjung Barat,2024-04,1000,3721,281514,38,28,18,6,29,44.02,51.41,21.88,34.75,108.77,Makanan,0.5,synthetic_opportunity_formula_with_seeded_noise,synthetic_training_only
CLS-STA-014-2024-05-500,STA-014,tanjungbarat,Tanjung Barat,2024-05,500,2098,310625,15,13,11,4,14,44.02,51.41,21.88,36.56,109.34,Makanan,0.53,synthetic_opportunity_formula_with_seeded_noise,synthetic_training_only
CLS-STA-014-2024-06-750,STA-014,tanjungbarat,Tanjung Barat,2024-06,750,2588,271272,24,21,13,4,23,44.02,51.41,21.88,28.67,110.14,Makanan,0.549,synthetic_opportunity_formula_with_seeded_noise,synthetic_training_only
CLS-STA-014-2024-07-1000,STA-014,tanjungbarat,Tanjung Barat,2024-07,1000,3749,276421,28,23,16,5,14,44.02,51.41,21.88,33.16,113.01,Makanan,0.509,synthetic_opportunity_formula_with_seeded_noise,synthetic_training_only
CLS-STA-014-2024-08-500,STA-014,tanjungbarat,Tanjung Barat,2024-08,500,2288,326063,12,13,8,3,13,44.02,51.41,21.88,35.89,113.85,Makanan,0.55,synthetic_opportunity_formula_with_seeded_noise,synthetic_training_only
CLS-STA-014-2024-09-750,STA-014,tanjungbarat,Tanjung Barat,2024-09,750,3040,310554,28,19,14,4,22,44.02,51.41,21.88,32.2,109.85,Makanan,0.534,synthetic_opportunity_formula_with_seeded_noise,synthetic_training_only
CLS-STA-014-2024-10-1000,STA-014,tanjungbarat,Tanjung Barat,2024-10,1000,4735,339243,35,25,15,7,29,44.02,51.41,21.88,37.78,110.64,Makanan,0.534,synthetic_opportunity_formula_with_seeded_noise,synthetic_training_only
CLS-STA-014-2024-11-500,STA-014,tanjungbarat,Tanjung Barat,2024-11,500,2193,322472,13,10,11,5,18,44.02,51.41,21.88,37.22,104.75,Makanan,0.534,synthetic_opportunity_formula_with_seeded_noise,synthetic_training_only
CLS-STA-014-2024-12-750,STA-014,tanjungbarat,Tanjung Barat,2024-12,750,2823,283234,25,15,13,4,19,44.02,51.41,21.88,32.75,109.22,Makanan,0.518,synthetic_opportunity_formula_with_seeded_noise,synthetic_training_only
CLS-STA-014-2025-01-500,STA-014,tanjungbarat,Tanjung Barat,2025-01,500,2080,298539,18,17,12,5,16,44.02,51.41,21.88,37.62,107.73,Makanan,0.54,synthetic_opportunity_formula_with_seeded_noise,synthetic_training_only
CLS-STA-014-2025-02-750,STA-014,tanjungbarat,Tanjung Barat,2025-02,750,2931,282862,27,17,13,6,27,44.02,51.41,21.88,36.51,110.57,Makanan,0.5,synthetic_opportunity_formula_with_seeded_noise,synthetic_training_only
CLS-STA-014-2025-03-1000,STA-014,tanjungbarat,Tanjung Barat,2025-03,1000,4502,339817,35,23,21,6,28,44.02,51.41,21.88,37.7,102.57,Makanan,0.524,synthetic_opportunity_formula_with_seeded_noise,synthetic_training_only
CLS-STA-014-2025-04-500,STA-014,tanjungbarat,Tanjung Barat,2025-04,500,1999,315923,15,12,7,1,17,44.02,51.41,21.88,30.72,94.7,Makanan,0.5,synthetic_opportunity_formula_with_seeded_noise,synthetic_training_only
CLS-STA-014-2025-05-750,STA-014,tanjungbarat,Tanjung Barat,2025-05,750,3562,339615,21,18,8,3,17,44.02,51.41,21.88,39.58,112.67,Makanan,0.558,synthetic_opportunity_formula_with_seeded_noise,synthetic_training_only
CLS-STA-014-2025-06-1000,STA-014,tanjungbarat,Tanjung Barat,2025-06,1000,4136,312073,36,28,18,8,35,44.02,51.41,21.88,37.94,116.86,Makanan,0.526,synthetic_opportunity_formula_with_seeded_noise,synthetic_training_only
CLS-STA-014-2025-07-500,STA-014,tanjungbarat,Tanjung Barat,2025-07,500,2099,313311,14,9,6,3,14,44.02,51.41,21.88,38.94,103.71,Makanan,0.525,synthetic_opportunity_formula_with_seeded_noise,synthetic_training_only
CLS-STA-014-2025-08-750,STA-014,tanjungbarat,Tanjung Barat,2025-08,750,3331,346416,29,21,14,6,28,44.02,51.41,21.88,29.91,105.7,Makanan,0.507,synthetic_opportunity_formula_with_seeded_noise,synthetic_training_only
CLS-STA-014-2025-09-1000,STA-014,tanjungbarat,Tanjung Barat,2025-09,1000,4101,317465,39,23,19,4,32,44.02,51.41,21.88,36.0,110.64,Minuman,0.52,synthetic_opportunity_formula_with_seeded_noise,synthetic_training_only
CLS-STA-014-2025-10-500,STA-014,tanjungbarat,Tanjung Barat,2025-10,500,2400,334450,19,12,9,4,17,44.02,51.41,21.88,39.88,118.22,Makanan,0.515,synthetic_opportunity_formula_with_seeded_noise,synthetic_training_only
CLS-STA-014-2025-11-750,STA-014,tanjungbarat,Tanjung Barat,2025-11,750,3452,340499,23,22,16,4,30,44.02,51.41,21.88,35.63,100.87,Makanan,0.55,synthetic_opportunity_formula_with_seeded_noise,synthetic_training_only
CLS-STA-014-2025-12-1000,STA-014,tanjungbarat,Tanjung Barat,2025-12,1000,4206,310385,37,29,14,5,33,44.02,51.41,21.88,37.91,107.82,Makanan,0.56,synthetic_opportunity_formula_with_seeded_noise,synthetic_training_only
CLS-STA-015-2023-01-1000,STA-015,lentengagung,Lenteng Agung,2023-01,1000,3561,258864,31,26,12,5,21,63.71,48.86,5.78,38.66,103.58,Makanan,0.564,synthetic_opportunity_formula_with_seeded_noise,synthetic_training_only
CLS-STA-015-2023-02-500,STA-015,lentengagung,Lenteng Agung,2023-02,500,1962,261999,15,15,8,2,17,63.71,48.86,5.78,43.92,95.61,Makanan,0.527,synthetic_opportunity_formula_with_seeded_noise,synthetic_training_only
CLS-STA-015-2023-03-750,STA-015,lentengagung,Lenteng Agung,2023-03,750,2856,280142,27,19,12,3,22,63.71,48.86,5.78,42.16,113.91,Makanan,0.5,synthetic_opportunity_formula_with_seeded_noise,synthetic_training_only
CLS-STA-015-2023-04-1000,STA-015,lentengagung,Lenteng Agung,2023-04,1000,3683,266949,27,28,15,2,19,63.71,48.86,5.78,40.48,125.26,Makanan,0.627,synthetic_opportunity_formula_with_seeded_noise,synthetic_training_only
CLS-STA-015-2023-05-500,STA-015,lentengagung,Lenteng Agung,2023-05,500,2036,298269,19,12,6,0,18,63.71,48.86,5.78,42.36,117.47,Makanan,0.558,synthetic_opportunity_formula_with_seeded_noise,synthetic_training_only
CLS-STA-015-2023-06-750,STA-015,lentengagung,Lenteng Agung,2023-06,750,2740,270886,20,15,13,3,18,63.71,48.86,5.78,45.8,113.79,Makanan,0.5,synthetic_opportunity_formula_with_seeded_noise,synthetic_training_only
CLS-STA-015-2023-07-1000,STA-015,lentengagung,Lenteng Agung,2023-07,1000,3629,264323,28,21,12,2,18,63.71,48.86,5.78,43.87,111.03,Makanan,0.527,synthetic_opportunity_formula_with_seeded_noise,synthetic_training_only
CLS-STA-015-2023-08-500,STA-015,lentengagung,Lenteng Agung,2023-08,500,2104,306090,15,14,7,2,9,63.71,48.86,5.78,40.22,104.03,Makanan,0.56,synthetic_opportunity_formula_with_seeded_noise,synthetic_training_only
CLS-STA-015-2023-09-750,STA-015,lentengagung,Lenteng Agung,2023-09,750,3067,305160,27,19,13,3,19,63.71,48.86,5.78,37.53,101.16,Makanan,0.546,synthetic_opportunity_formula_with_seeded_noise,synthetic_training_only
CLS-STA-015-2023-10-1000,STA-015,lentengagung,Lenteng Agung,2023-10,1000,4617,331956,33,25,13,2,29,63.71,48.86,5.78,40.78,90.73,Makanan,0.564,synthetic_opportunity_formula_with_seeded_noise,synthetic_training_only
CLS-STA-015-2023-11-500,STA-015,lentengagung,Lenteng Agung,2023-11,500,2175,307521,18,18,3,1,11,63.71,48.86,5.78,39.9,98.29,Makanan,0.52,synthetic_opportunity_formula_with_seeded_noise,synthetic_training_only
CLS-STA-015-2023-12-750,STA-015,lentengagung,Lenteng Agung,2023-12,750,3305,305979,24,21,8,2,15,63.71,48.86,5.78,44.53,107.36,Makanan,0.597,synthetic_opportunity_formula_with_seeded_noise,synthetic_training_only
CLS-STA-015-2024-01-500,STA-015,lentengagung,Lenteng Agung,2024-01,500,2072,275929,21,11,7,1,19,63.71,48.86,5.78,37.14,95.72,Minuman,0.5,synthetic_opportunity_formula_with_seeded_noise,synthetic_training_only
CLS-STA-015-2024-02-750,STA-015,lentengagung,Lenteng Agung,2024-02,750,3015,274495,28,14,10,2,19,63.71,48.86,5.78,47.44,107.88,Minuman,0.554,synthetic_opportunity_formula_with_seeded_noise,synthetic_training_only
CLS-STA-015-2024-03-1000,STA-015,lentengagung,Lenteng Agung,2024-03,1000,4193,301087,31,32,13,2,26,63.71,48.86,5.78,37.93,103.46,Makanan,0.621,synthetic_opportunity_formula_with_seeded_noise,synthetic_training_only
CLS-STA-015-2024-04-500,STA-015,lentengagung,Lenteng Agung,2024-04,500,2091,278495,17,10,3,3,10,63.71,48.86,5.78,45.83,108.95,Makanan,0.527,synthetic_opportunity_formula_with_seeded_noise,synthetic_training_only
CLS-STA-015-2024-05-750,STA-015,lentengagung,Lenteng Agung,2024-05,750,3519,342067,27,14,8,1,13,63.71,48.86,5.78,40.13,111.07,Makanan,0.52,synthetic_opportunity_formula_with_seeded_noise,synthetic_training_only
CLS-STA-015-2024-06-1000,STA-015,lentengagung,Lenteng Agung,2024-06,1000,4016,283673,28,18,14,4,20,63.71,48.86,5.78,40.41,112.52,Makanan,0.527,synthetic_opportunity_formula_with_seeded_noise,synthetic_training_only
CLS-STA-015-2024-07-500,STA-015,lentengagung,Lenteng Agung,2024-07,500,1712,269359,12,20,6,1,18,63.71,48.86,5.78,40.2,98.27,Makanan,0.646,synthetic_opportunity_formula_with_seeded_noise,synthetic_training_only
CLS-STA-015-2024-08-750,STA-015,lentengagung,Lenteng Agung,2024-08,750,3391,316753,26,25,8,1,17,63.71,48.86,5.78,41.78,110.52,Makanan,0.521,synthetic_opportunity_formula_with_seeded_noise,synthetic_training_only
CLS-STA-015-2024-09-1000,STA-015,lentengagung,Lenteng Agung,2024-09,1000,4544,321849,39,22,12,0,22,63.71,48.86,5.78,41.52,110.71,Minuman,0.5,synthetic_opportunity_formula_with_seeded_noise,synthetic_training_only
CLS-STA-015-2024-10-500,STA-015,lentengagung,Lenteng Agung,2024-10,500,2177,329600,15,9,11,5,10,63.71,48.86,5.78,37.1,96.11,Makanan,0.5,synthetic_opportunity_formula_with_seeded_noise,synthetic_training_only
CLS-STA-015-2024-11-750,STA-015,lentengagung,Lenteng Agung,2024-11,750,3544,337553,23,21,6,3,20,63.71,48.86,5.78,39.72,105.85,Makanan,0.538,synthetic_opportunity_formula_with_seeded_noise,synthetic_training_only
CLS-STA-015-2024-12-1000,STA-015,lentengagung,Lenteng Agung,2024-12,1000,4187,301374,36,23,13,2,26,63.71,48.86,5.78,39.36,105.8,Makanan,0.5,synthetic_opportunity_formula_with_seeded_noise,synthetic_training_only
CLS-STA-015-2025-01-750,STA-015,lentengagung,Lenteng Agung,2025-01,750,3169,299825,18,20,10,3,20,63.71,48.86,5.78,39.73,111.48,Makanan,0.537,synthetic_opportunity_formula_with_seeded_noise,synthetic_training_only
CLS-STA-015-2025-02-1000,STA-015,lentengagung,Lenteng Agung,2025-02,1000,4285,294722,22,20,6,3,22,63.71,48.86,5.78,43.64,117.28,Makanan,0.591,synthetic_opportunity_formula_with_seeded_noise,synthetic_training_only
CLS-STA-015-2025-03-500,STA-015,lentengagung,Lenteng Agung,2025-03,500,2358,328819,17,10,7,0,15,63.71,48.86,5.78,46.95,107.6,Makanan,0.538,synthetic_opportunity_formula_with_seeded_noise,synthetic_training_only
CLS-STA-015-2025-04-750,STA-015,lentengagung,Lenteng Agung,2025-04,750,3083,300693,30,16,10,1,16,63.71,48.86,5.78,42.54,117.35,Minuman,0.514,synthetic_opportunity_formula_with_seeded_noise,synthetic_training_only
CLS-STA-015-2025-05-1000,STA-015,lentengagung,Lenteng Agung,2025-05,1000,4708,327949,31,21,16,3,27,63.71,48.86,5.78,45.67,99.6,Makanan,0.55,synthetic_opportunity_formula_with_seeded_noise,synthetic_training_only
CLS-STA-015-2025-06-500,STA-015,lentengagung,Lenteng Agung,2025-06,500,1935,283375,18,10,10,4,13,63.71,48.86,5.78,42.93,102.87,Makanan,0.5,synthetic_opportunity_formula_with_seeded_noise,synthetic_training_only
CLS-STA-015-2025-07-750,STA-015,lentengagung,Lenteng Agung,2025-07,750,2797,282895,24,21,11,6,23,63.71,48.86,5.78,39.69,114.52,Makanan,0.508,synthetic_opportunity_formula_with_seeded_noise,synthetic_training_only
CLS-STA-015-2025-08-1000,STA-015,lentengagung,Lenteng Agung,2025-08,1000,4470,314909,32,20,17,1,23,63.71,48.86,5.78,42.79,112.27,Makanan,0.514,synthetic_opportunity_formula_with_seeded_noise,synthetic_training_only
CLS-STA-015-2025-09-500,STA-015,lentengagung,Lenteng Agung,2025-09,500,2233,329322,14,10,8,1,17,63.71,48.86,5.78,39.58,95.77,Makanan,0.5,synthetic_opportunity_formula_with_seeded_noise,synthetic_training_only
CLS-STA-015-2025-10-750,STA-015,lentengagung,Lenteng Agung,2025-10,750,3707,367347,24,23,9,0,18,63.71,48.86,5.78,43.74,93.35,Makanan,0.546,synthetic_opportunity_formula_with_seeded_noise,synthetic_training_only
CLS-STA-015-2025-11-1000,STA-015,lentengagung,Lenteng Agung,2025-11,1000,4589,335965,39,23,14,3,24,63.71,48.86,5.78,39.59,120.03,Makanan,0.523,synthetic_opportunity_formula_with_seeded_noise,synthetic_training_only
CLS-STA-015-2025-12-500,STA-015,lentengagung,Lenteng Agung,2025-12,500,2474,342710,13,12,2,0,19,63.71,48.86,5.78,43.36,109.97,Makanan,0.542,synthetic_opportunity_formula_with_seeded_noise,synthetic_training_only
CLS-STA-016-2023-01-500,STA-016,univpancasila,Universitas Pancasila,2023-01,500,938,125054,19,14,8,6,9,74.87,63.31,21.79,42.2,98.61,Minuman,0.506,synthetic_opportunity_formula_with_seeded_noise,synthetic_training_only
CLS-STA-016-2023-02-750,STA-016,univpancasila,Universitas Pancasila,2023-02,750,1336,121745,20,10,12,4,16,74.87,63.31,21.79,46.8,106.24,Minuman,0.535,synthetic_opportunity_formula_with_seeded_noise,synthetic_training_only
CLS-STA-016-2023-03-1000,STA-016,univpancasila,Universitas Pancasila,2023-03,1000,1767,129749,33,28,15,7,19,74.87,63.31,21.79,43.69,96.34,Makanan,0.555,synthetic_opportunity_formula_with_seeded_noise,synthetic_training_only
CLS-STA-016-2023-04-500,STA-016,univpancasila,Universitas Pancasila,2023-04,500,924,131263,17,14,10,2,11,74.87,63.31,21.79,43.46,104.72,Makanan,0.501,synthetic_opportunity_formula_with_seeded_noise,synthetic_training_only
CLS-STA-016-2023-05-750,STA-016,univpancasila,Universitas Pancasila,2023-05,750,1354,138375,27,20,11,7,18,74.87,63.31,21.79,39.68,97.03,Makanan,0.504,synthetic_opportunity_formula_with_seeded_noise,synthetic_training_only
CLS-STA-016-2023-06-1000,STA-016,univpancasila,Universitas Pancasila,2023-06,1000,1799,128273,32,24,14,2,20,74.87,63.31,21.79,43.38,103.65,Makanan,0.538,synthetic_opportunity_formula_with_seeded_noise,synthetic_training_only
CLS-STA-016-2023-07-500,STA-016,univpancasila,Universitas Pancasila,2023-07,500,863,124310,18,16,10,3,11,74.87,63.31,21.79,42.44,100.4,Makanan,0.553,synthetic_opportunity_formula_with_seeded_noise,synthetic_training_only
CLS-STA-016-2023-08-750,STA-016,univpancasila,Universitas Pancasila,2023-08,750,1168,137864,22,20,13,2,23,74.87,63.31,21.79,37.88,104.12,Makanan,0.539,synthetic_opportunity_formula_with_seeded_noise,synthetic_training_only
CLS-STA-016-2023-09-1000,STA-016,univpancasila,Universitas Pancasila,2023-09,1000,1874,137513,34,24,16,9,25,74.87,63.31,21.79,39.79,108.95,Minuman,0.5,synthetic_opportunity_formula_with_seeded_noise,synthetic_training_only
CLS-STA-016-2023-10-500,STA-016,univpancasila,Universitas Pancasila,2023-10,500,949,137529,14,11,13,5,9,74.87,63.31,21.79,41.51,112.16,Makanan,0.547,synthetic_opportunity_formula_with_seeded_noise,synthetic_training_only
CLS-STA-016-2023-11-750,STA-016,univpancasila,Universitas Pancasila,2023-11,750,1405,142454,27,19,12,4,13,74.87,63.31,21.79,41.57,110.45,Lainnya,0.522,synthetic_opportunity_formula_with_seeded_noise,synthetic_training_only
CLS-STA-016-2023-12-1000,STA-016,univpancasila,Universitas Pancasila,2023-12,1000,1818,133190,35,27,18,6,31,74.87,63.31,21.79,39.08,100.19,Makanan,0.5,synthetic_opportunity_formula_with_seeded_noise,synthetic_training_only
CLS-STA-016-2024-01-750,STA-016,univpancasila,Universitas Pancasila,2024-01,750,1283,126576,22,13,12,1,16,74.87,63.31,21.79,38.29,91.0,Minuman,0.5,synthetic_opportunity_formula_with_seeded_noise,synthetic_training_only
CLS-STA-016-2024-02-1000,STA-016,univpancasila,Universitas Pancasila,2024-02,1000,1761,130553,36,25,16,6,27,74.87,63.31,21.79,41.5,96.31,Minuman,0.5,synthetic_opportunity_formula_with_seeded_noise,synthetic_training_only
CLS-STA-016-2024-03-500,STA-016,univpancasila,Universitas Pancasila,2024-03,500,791,142108,18,20,9,4,12,74.87,63.31,21.79,38.3,81.79,Makanan,0.5,synthetic_opportunity_formula_with_seeded_noise,synthetic_training_only
CLS-STA-016-2024-04-750,STA-016,univpancasila,Universitas Pancasila,2024-04,750,1344,123936,27,20,12,6,13,74.87,63.31,21.79,45.88,106.13,Makanan,0.5,synthetic_opportunity_formula_with_seeded_noise,synthetic_training_only
CLS-STA-016-2024-05-1000,STA-016,univpancasila,Universitas Pancasila,2024-05,1000,1997,139030,33,28,17,6,21,74.87,63.31,21.79,45.06,91.33,Makanan,0.512,synthetic_opportunity_formula_with_seeded_noise,synthetic_training_only
CLS-STA-016-2024-06-500,STA-016,univpancasila,Universitas Pancasila,2024-06,500,1003,139422,20,11,9,2,11,74.87,63.31,21.79,44.11,105.02,Minuman,0.518,synthetic_opportunity_formula_with_seeded_noise,synthetic_training_only
CLS-STA-016-2024-07-750,STA-016,univpancasila,Universitas Pancasila,2024-07,750,1352,137829,32,26,13,5,12,74.87,63.31,21.79,42.21,105.91,Lainnya,0.532,synthetic_opportunity_formula_with_seeded_noise,synthetic_training_only
CLS-STA-016-2024-08-1000,STA-016,univpancasila,Universitas Pancasila,2024-08,1000,1988,145103,32,24,17,6,28,74.87,63.31,21.79,49.42,102.0,Makanan,0.51,synthetic_opportunity_formula_with_seeded_noise,synthetic_training_only
CLS-STA-016-2024-09-500,STA-016,univpancasila,Universitas Pancasila,2024-09,500,1018,154353,19,18,8,3,12,74.87,63.31,21.79,43.99,95.04,Hobi,0.546,synthetic_opportunity_formula_with_seeded_noise,synthetic_training_only
CLS-STA-016-2024-10-750,STA-016,univpancasila,Universitas Pancasila,2024-10,750,1667,157117,25,21,9,2,20,74.87,63.31,21.79,41.22,105.56,Makanan,0.5,synthetic_opportunity_formula_with_seeded_noise,synthetic_training_only
CLS-STA-016-2024-11-1000,STA-016,univpancasila,Universitas Pancasila,2024-11,1000,2483,172682,34,27,16,7,22,74.87,63.31,21.79,47.03,104.7,Makanan,0.542,synthetic_opportunity_formula_with_seeded_noise,synthetic_training_only
CLS-STA-016-2024-12-500,STA-016,univpancasila,Universitas Pancasila,2024-12,500,997,142618,22,19,12,2,12,74.87,63.31,21.79,41.23,112.52,Lainnya,0.518,synthetic_opportunity_formula_with_seeded_noise,synthetic_training_only
CLS-STA-016-2025-01-1000,STA-016,univpancasila,Universitas Pancasila,2025-01,1000,2007,139785,30,26,17,5,22,74.87,63.31,21.79,41.76,94.06,Makanan,0.518,synthetic_opportunity_formula_with_seeded_noise,synthetic_training_only
CLS-STA-016-2025-02-500,STA-016,univpancasila,Universitas Pancasila,2025-02,500,988,142696,23,15,8,5,6,74.87,63.31,21.79,48.17,101.82,Lainnya,0.5,synthetic_opportunity_formula_with_seeded_noise,synthetic_training_only
CLS-STA-016-2025-03-750,STA-016,univpancasila,Universitas Pancasila,2025-03,750,1556,147081,27,26,13,5,12,74.87,63.31,21.79,41.76,95.85,Makanan,0.5,synthetic_opportunity_formula_with_seeded_noise,synthetic_training_only
CLS-STA-016-2025-04-1000,STA-016,univpancasila,Universitas Pancasila,2025-04,1000,2137,148748,35,27,15,4,25,74.87,63.31,21.79,47.2,98.35,Makanan,0.512,synthetic_opportunity_formula_with_seeded_noise,synthetic_training_only
CLS-STA-016-2025-05-500,STA-016,univpancasila,Universitas Pancasila,2025-05,500,1217,153268,13,13,7,2,16,74.87,63.31,21.79,46.29,93.92,Makanan,0.533,synthetic_opportunity_formula_with_seeded_noise,synthetic_training_only
CLS-STA-016-2025-06-750,STA-016,univpancasila,Universitas Pancasila,2025-06,750,1548,140810,28,23,15,4,18,74.87,63.31,21.79,42.92,95.19,Makanan,0.502,synthetic_opportunity_formula_with_seeded_noise,synthetic_training_only
CLS-STA-016-2025-07-1000,STA-016,univpancasila,Universitas Pancasila,2025-07,1000,2208,151117,40,26,19,4,17,74.87,63.31,21.79,42.34,104.17,Lainnya,0.528,synthetic_opportunity_formula_with_seeded_noise,synthetic_training_only
CLS-STA-016-2025-08-500,STA-016,univpancasila,Universitas Pancasila,2025-08,500,1213,154760,16,15,8,4,11,74.87,63.31,21.79,47.9,94.05,Makanan,0.526,synthetic_opportunity_formula_with_seeded_noise,synthetic_training_only
CLS-STA-016-2025-09-750,STA-016,univpancasila,Universitas Pancasila,2025-09,750,1669,167278,23,23,15,3,22,74.87,63.31,21.79,42.11,96.12,Makanan,0.508,synthetic_opportunity_formula_with_seeded_noise,synthetic_training_only
CLS-STA-016-2025-10-1000,STA-016,univpancasila,Universitas Pancasila,2025-10,1000,2222,159869,41,25,20,8,28,74.87,63.31,21.79,43.65,89.48,Minuman,0.5,synthetic_opportunity_formula_with_seeded_noise,synthetic_training_only
CLS-STA-016-2025-11-500,STA-016,univpancasila,Universitas Pancasila,2025-11,500,1233,162744,16,20,9,3,9,74.87,63.31,21.79,44.23,98.63,Makanan,0.5,synthetic_opportunity_formula_with_seeded_noise,synthetic_training_only
CLS-STA-016-2025-12-750,STA-016,univpancasila,Universitas Pancasila,2025-12,750,1683,154944,27,24,15,5,23,74.87,63.31,21.79,49.27,116.42,Makanan,0.525,synthetic_opportunity_formula_with_seeded_noise,synthetic_training_only
CLS-STA-017-2023-01-750,STA-017,univindonesia,Universitas Indonesia,2023-01,750,2610,263669,29,24,18,9,24,60.45,63.23,40.76,37.58,102.3,Makanan,0.5,synthetic_opportunity_formula_with_seeded_noise,synthetic_training_only
CLS-STA-017-2023-02-1000,STA-017,univindonesia,Universitas Indonesia,2023-02,1000,3596,256683,40,30,22,10,25,60.45,63.23,40.76,41.41,103.01,Makanan,0.5,synthetic_opportunity_formula_with_seeded_noise,synthetic_training_only
CLS-STA-017-2023-03-500,STA-017,univindonesia,Universitas Indonesia,2023-03,500,1982,292490,15,14,7,4,16,60.45,63.23,40.76,42.9,104.41,Makanan,0.537,synthetic_opportunity_formula_with_seeded_noise,synthetic_training_only
CLS-STA-017-2023-04-750,STA-017,univindonesia,Universitas Indonesia,2023-04,750,2979,280207,28,20,20,6,17,60.45,63.23,40.76,37.68,101.12,Makanan,0.503,synthetic_opportunity_formula_with_seeded_noise,synthetic_training_only
CLS-STA-017-2023-05-1000,STA-017,univindonesia,Universitas Indonesia,2023-05,1000,3825,288614,40,27,24,10,23,60.45,63.23,40.76,36.24,107.33,Makanan,0.5,synthetic_opportunity_formula_with_seeded_noise,synthetic_training_only
CLS-STA-017-2023-06-500,STA-017,univindonesia,Universitas Indonesia,2023-06,500,1916,268883,28,22,17,4,10,60.45,63.23,40.76,41.59,97.2,Lainnya,0.504,synthetic_opportunity_formula_with_seeded_noise,synthetic_training_only
CLS-STA-017-2023-07-750,STA-017,univindonesia,Universitas Indonesia,2023-07,750,2469,262038,32,24,19,9,21,60.45,63.23,40.76,34.69,91.46,Makanan,0.515,synthetic_opportunity_formula_with_seeded_noise,synthetic_training_only
CLS-STA-017-2023-08-1000,STA-017,univindonesia,Universitas Indonesia,2023-08,1000,3985,282741,38,29,24,11,34,60.45,63.23,40.76,37.85,101.3,Makanan,0.5,synthetic_opportunity_formula_with_seeded_noise,synthetic_training_only
CLS-STA-017-2023-09-500,STA-017,univindonesia,Universitas Indonesia,2023-09,500,2181,309366,17,19,12,4,8,60.45,63.23,40.76,42.61,104.93,Makanan,0.559,synthetic_opportunity_formula_with_seeded_noise,synthetic_training_only
CLS-STA-017-2023-10-750,STA-017,univindonesia,Universitas Indonesia,2023-10,750,3303,320753,35,23,19,9,23,60.45,63.23,40.76,37.18,98.34,Minuman,0.5,synthetic_opportunity_formula_with_seeded_noise,synthetic_training_only
CLS-STA-017-2023-11-1000,STA-017,univindonesia,Universitas Indonesia,2023-11,1000,4500,324276,45,35,26,10,36,60.45,63.23,40.76,41.91,104.16,Makanan,0.516,synthetic_opportunity_formula_with_seeded_noise,synthetic_training_only
CLS-STA-017-2023-12-500,STA-017,univindonesia,Universitas Indonesia,2023-12,500,1974,287586,24,17,14,5,13,60.45,63.23,40.76,39.36,107.59,Minuman,0.5,synthetic_opportunity_formula_with_seeded_noise,synthetic_training_only
CLS-STA-017-2024-01-1000,STA-017,univindonesia,Universitas Indonesia,2024-01,1000,3769,275698,37,28,25,12,26,60.45,63.23,40.76,38.76,106.43,Makanan,0.507,synthetic_opportunity_formula_with_seeded_noise,synthetic_training_only
CLS-STA-017-2024-02-500,STA-017,univindonesia,Universitas Indonesia,2024-02,500,1819,275408,21,13,12,7,18,60.45,63.23,40.76,39.02,95.35,Minuman,0.51,synthetic_opportunity_formula_with_seeded_noise,synthetic_training_only
CLS-STA-017-2024-03-750,STA-017,univindonesia,Universitas Indonesia,2024-03,750,3020,288121,31,25,16,7,20,60.45,63.23,40.76,41.53,95.44,Makanan,0.544,synthetic_opportunity_formula_with_seeded_noise,synthetic_training_only
CLS-STA-017-2024-04-1000,STA-017,univindonesia,Universitas Indonesia,2024-04,1000,4159,294892,37,31,21,11,35,60.45,63.23,40.76,42.21,97.51,Makanan,0.555,synthetic_opportunity_formula_with_seeded_noise,synthetic_training_only
CLS-STA-017-2024-05-500,STA-017,univindonesia,Universitas Indonesia,2024-05,500,2093,307549,21,16,14,8,10,60.45,63.23,40.76,35.91,103.49,Makanan,0.523,synthetic_opportunity_formula_with_seeded_noise,synthetic_training_only
CLS-STA-017-2024-06-750,STA-017,univindonesia,Universitas Indonesia,2024-06,750,2886,267158,30,20,16,11,21,60.45,63.23,40.76,39.75,90.18,Makanan,0.5,synthetic_opportunity_formula_with_seeded_noise,synthetic_training_only
CLS-STA-017-2024-07-1000,STA-017,univindonesia,Universitas Indonesia,2024-07,1000,3634,269949,40,33,26,11,27,60.45,63.23,40.76,38.67,85.74,Makanan,0.551,synthetic_opportunity_formula_with_seeded_noise,synthetic_training_only
CLS-STA-017-2024-08-500,STA-017,univindonesia,Universitas Indonesia,2024-08,500,2086,300477,19,16,12,6,19,60.45,63.23,40.76,43.17,107.42,Makanan,0.511,synthetic_opportunity_formula_with_seeded_noise,synthetic_training_only
CLS-STA-017-2024-09-750,STA-017,univindonesia,Universitas Indonesia,2024-09,750,3470,345120,33,30,16,8,27,60.45,63.23,40.76,37.32,101.88,Makanan,0.591,synthetic_opportunity_formula_with_seeded_noise,synthetic_training_only
CLS-STA-017-2024-10-1000,STA-017,univindonesia,Universitas Indonesia,2024-10,1000,4616,344266,37,30,21,10,35,60.45,63.23,40.76,39.76,99.64,Makanan,0.5,synthetic_opportunity_formula_with_seeded_noise,synthetic_training_only
CLS-STA-017-2024-11-500,STA-017,univindonesia,Universitas Indonesia,2024-11,500,2188,329355,21,17,10,4,16,60.45,63.23,40.76,38.8,96.49,Makanan,0.5,synthetic_opportunity_formula_with_seeded_noise,synthetic_training_only
CLS-STA-017-2024-12-750,STA-017,univindonesia,Universitas Indonesia,2024-12,750,3295,309827,31,23,14,7,24,60.45,63.23,40.76,39.22,88.22,Makanan,0.503,synthetic_opportunity_formula_with_seeded_noise,synthetic_training_only
CLS-STA-017-2025-01-500,STA-017,univindonesia,Universitas Indonesia,2025-01,500,1932,286376,23,12,11,8,12,60.45,63.23,40.76,37.05,110.96,Minuman,0.52,synthetic_opportunity_formula_with_seeded_noise,synthetic_training_only
CLS-STA-017-2025-02-750,STA-017,univindonesia,Universitas Indonesia,2025-02,750,3167,325540,28,27,19,10,23,60.45,63.23,40.76,38.15,108.48,Makanan,0.55,synthetic_opportunity_formula_with_seeded_noise,synthetic_training_only
CLS-STA-017-2025-03-1000,STA-017,univindonesia,Universitas Indonesia,2025-03,1000,4497,335621,41,31,24,10,32,60.45,63.23,40.76,38.18,93.95,Makanan,0.555,synthetic_opportunity_formula_with_seeded_noise,synthetic_training_only
CLS-STA-017-2025-04-500,STA-017,univindonesia,Universitas Indonesia,2025-04,500,2148,303086,20,12,5,3,16,60.45,63.23,40.76,40.74,108.47,Minuman,0.54,synthetic_opportunity_formula_with_seeded_noise,synthetic_training_only
CLS-STA-017-2025-05-750,STA-017,univindonesia,Universitas Indonesia,2025-05,750,3609,344676,30,23,17,6,26,60.45,63.23,40.76,37.2,113.79,Makanan,0.506,synthetic_opportunity_formula_with_seeded_noise,synthetic_training_only
CLS-STA-017-2025-06-1000,STA-017,univindonesia,Universitas Indonesia,2025-06,1000,4296,311951,43,29,26,11,38,60.45,63.23,40.76,38.49,106.85,Makanan,0.55,synthetic_opportunity_formula_with_seeded_noise,synthetic_training_only
CLS-STA-017-2025-07-500,STA-017,univindonesia,Universitas Indonesia,2025-07,500,2137,301049,17,17,12,5,20,60.45,63.23,40.76,40.84,112.84,Makanan,0.5,synthetic_opportunity_formula_with_seeded_noise,synthetic_training_only
CLS-STA-017-2025-08-750,STA-017,univindonesia,Universitas Indonesia,2025-08,750,3207,311999,25,25,15,8,25,60.45,63.23,40.76,37.45,105.01,Makanan,0.568,synthetic_opportunity_formula_with_seeded_noise,synthetic_training_only
CLS-STA-017-2025-09-1000,STA-017,univindonesia,Universitas Indonesia,2025-09,1000,4564,332732,41,32,24,7,28,60.45,63.23,40.76,39.37,98.06,Makanan,0.537,synthetic_opportunity_formula_with_seeded_noise,synthetic_training_only
CLS-STA-017-2025-10-500,STA-017,univindonesia,Universitas Indonesia,2025-10,500,2346,349001,25,17,8,7,19,60.45,63.23,40.76,40.94,119.07,Minuman,0.556,synthetic_opportunity_formula_with_seeded_noise,synthetic_training_only
CLS-STA-017-2025-11-750,STA-017,univindonesia,Universitas Indonesia,2025-11,750,3622,348188,35,29,12,7,26,60.45,63.23,40.76,38.7,95.29,Makanan,0.553,synthetic_opportunity_formula_with_seeded_noise,synthetic_training_only
CLS-STA-017-2025-12-1000,STA-017,univindonesia,Universitas Indonesia,2025-12,1000,4219,317759,47,37,24,10,30,60.45,63.23,40.76,31.23,106.41,Makanan,0.518,synthetic_opportunity_formula_with_seeded_noise,synthetic_training_only
CLS-STA-018-2023-01-1000,STA-018,pondokcina,Pondok Cina,2023-01,1000,3548,247023,43,31,22,10,36,60.16,55.02,45.68,48.7,110.92,Minuman,0.514,synthetic_opportunity_formula_with_seeded_noise,synthetic_training_only
CLS-STA-018-2023-02-500,STA-018,pondokcina,Pondok Cina,2023-02,500,1865,260010,15,16,11,8,13,60.16,55.02,45.68,48.05,90.68,Makanan,0.506,synthetic_opportunity_formula_with_seeded_noise,synthetic_training_only
CLS-STA-018-2023-03-750,STA-018,pondokcina,Pondok Cina,2023-03,750,3200,296462,30,24,16,8,17,60.16,55.02,45.68,48.3,106.59,Makanan,0.549,synthetic_opportunity_formula_with_seeded_noise,synthetic_training_only
CLS-STA-018-2023-04-1000,STA-018,pondokcina,Pondok Cina,2023-04,1000,4117,281625,39,34,24,9,28,60.16,55.02,45.68,47.8,95.82,Makanan,0.538,synthetic_opportunity_formula_with_seeded_noise,synthetic_training_only
CLS-STA-018-2023-05-500,STA-018,pondokcina,Pondok Cina,2023-05,500,2344,305356,20,17,10,8,11,60.16,55.02,45.68,52.16,103.16,Makanan,0.53,synthetic_opportunity_formula_with_seeded_noise,synthetic_training_only
CLS-STA-018-2023-06-750,STA-018,pondokcina,Pondok Cina,2023-06,750,3479,308423,31,21,13,9,21,60.16,55.02,45.68,51.64,105.08,Makanan,0.524,synthetic_opportunity_formula_with_seeded_noise,synthetic_training_only
CLS-STA-018-2023-07-1000,STA-018,pondokcina,Pondok Cina,2023-07,1000,3850,267400,46,30,26,13,34,60.16,55.02,45.68,43.45,94.04,Minuman,0.515,synthetic_opportunity_formula_with_seeded_noise,synthetic_training_only
CLS-STA-018-2023-08-500,STA-018,pondokcina,Pondok Cina,2023-08,500,2166,309745,24,13,12,4,18,60.16,55.02,45.68,44.52,91.89,Minuman,0.573,synthetic_opportunity_formula_with_seeded_noise,synthetic_training_only
CLS-STA-018-2023-09-750,STA-018,pondokcina,Pondok Cina,2023-09,750,3443,316640,32,21,18,9,21,60.16,55.02,45.68,43.86,98.37,Minuman,0.515,synthetic_opportunity_formula_with_seeded_noise,synthetic_training_only
CLS-STA-018-2023-10-1000,STA-018,pondokcina,Pondok Cina,2023-10,1000,4798,321890,45,37,25,12,38,60.16,55.02,45.68,51.18,99.93,Makanan,0.535,synthetic_opportunity_formula_with_seeded_noise,synthetic_training_only
CLS-STA-018-2023-11-500,STA-018,pondokcina,Pondok Cina,2023-11,500,2215,306891,18,11,14,3,13,60.16,55.02,45.68,45.44,104.39,Minuman,0.5,synthetic_opportunity_formula_with_seeded_noise,synthetic_training_only
CLS-STA-018-2023-12-750,STA-018,pondokcina,Pondok Cina,2023-12,750,3101,284331,28,21,17,8,21,60.16,55.02,45.68,49.35,89.07,Makanan,0.5,synthetic_opportunity_formula_with_seeded_noise,synthetic_training_only
CLS-STA-018-2024-01-500,STA-018,pondokcina,Pondok Cina,2024-01,500,1827,277973,26,17,15,4,21,60.16,55.02,45.68,47.69,107.19,Minuman,0.518,synthetic_opportunity_formula_with_seeded_noise,synthetic_training_only
CLS-STA-018-2024-02-750,STA-018,pondokcina,Pondok Cina,2024-02,750,2957,276488,28,23,16,5,31,60.16,55.02,45.68,47.93,105.0,Makanan,0.586,synthetic_opportunity_formula_with_seeded_noise,synthetic_training_only
CLS-STA-018-2024-03-1000,STA-018,pondokcina,Pondok Cina,2024-03,1000,4532,326665,45,30,24,12,33,60.16,55.02,45.68,45.76,102.24,Minuman,0.504,synthetic_opportunity_formula_with_seeded_noise,synthetic_training_only
CLS-STA-018-2024-04-500,STA-018,pondokcina,Pondok Cina,2024-04,500,2245,298816,21,19,13,5,18,60.16,55.02,45.68,47.33,110.78,Makanan,0.545,synthetic_opportunity_formula_with_seeded_noise,synthetic_training_only
CLS-STA-018-2024-05-750,STA-018,pondokcina,Pondok Cina,2024-05,750,3214,303985,34,28,16,8,26,60.16,55.02,45.68,46.72,100.73,Makanan,0.554,synthetic_opportunity_formula_with_seeded_noise,synthetic_training_only
CLS-STA-018-2024-06-1000,STA-018,pondokcina,Pondok Cina,2024-06,1000,4154,281117,45,29,20,12,34,60.16,55.02,45.68,48.45,101.65,Minuman,0.563,synthetic_opportunity_formula_with_seeded_noise,synthetic_training_only
CLS-STA-018-2024-07-500,STA-018,pondokcina,Pondok Cina,2024-07,500,2035,267410,18,16,12,9,23,60.16,55.02,45.68,52.2,103.18,Makanan,0.563,synthetic_opportunity_formula_with_seeded_noise,synthetic_training_only
CLS-STA-018-2024-08-750,STA-018,pondokcina,Pondok Cina,2024-08,750,3144,296693,30,21,16,11,19,60.16,55.02,45.68,46.71,94.51,Minuman,0.5,synthetic_opportunity_formula_with_seeded_noise,synthetic_training_only
CLS-STA-018-2024-09-1000,STA-018,pondokcina,Pondok Cina,2024-09,1000,4764,335279,46,30,21,12,28,60.16,55.02,45.68,43.51,90.88,Minuman,0.5,synthetic_opportunity_formula_with_seeded_noise,synthetic_training_only
CLS-STA-018-2024-10-500,STA-018,pondokcina,Pondok Cina,2024-10,500,2702,357937,24,14,11,3,16,60.16,55.02,45.68,47.86,88.0,Minuman,0.503,synthetic_opportunity_formula_with_seeded_noise,synthetic_training_only
CLS-STA-018-2024-11-750,STA-018,pondokcina,Pondok Cina,2024-11,750,3268,311029,35,26,19,12,26,60.16,55.02,45.68,45.38,92.35,Makanan,0.5,synthetic_opportunity_formula_with_seeded_noise,synthetic_training_only
CLS-STA-018-2024-12-1000,STA-018,pondokcina,Pondok Cina,2024-12,1000,4227,299098,41,34,20,10,40,60.16,55.02,45.68,47.75,95.68,Makanan,0.513,synthetic_opportunity_formula_with_seeded_noise,synthetic_training_only
CLS-STA-018-2025-01-750,STA-018,pondokcina,Pondok Cina,2025-01,750,3188,295830,40,27,17,8,20,60.16,55.02,45.68,50.27,107.69,Minuman,0.5,synthetic_opportunity_formula_with_seeded_noise,synthetic_training_only
CLS-STA-018-2025-02-1000,STA-018,pondokcina,Pondok Cina,2025-02,1000,4114,287321,37,30,22,15,33,60.16,55.02,45.68,49.08,108.58,Makanan,0.574,synthetic_opportunity_formula_with_seeded_noise,synthetic_training_only
CLS-STA-018-2025-03-500,STA-018,pondokcina,Pondok Cina,2025-03,500,2310,331344,21,10,11,5,19,60.16,55.02,45.68,49.2,93.85,Minuman,0.52,synthetic_opportunity_formula_with_seeded_noise,synthetic_training_only
CLS-STA-018-2025-04-750,STA-018,pondokcina,Pondok Cina,2025-04,750,3345,317634,31,25,18,9,19,60.16,55.02,45.68,46.74,99.23,Makanan,0.5,synthetic_opportunity_formula_with_seeded_noise,synthetic_training_only
CLS-STA-018-2025-05-1000,STA-018,pondokcina,Pondok Cina,2025-05,1000,4840,343700,47,41,27,10,30,60.16,55.02,45.68,50.04,100.1,Makanan,0.541,synthetic_opportunity_formula_with_seeded_noise,synthetic_training_only
CLS-STA-018-2025-06-500,STA-018,pondokcina,Pondok Cina,2025-06,500,2306,313251,17,14,9,6,19,60.16,55.02,45.68,43.42,100.39,Makanan,0.511,synthetic_opportunity_formula_with_seeded_noise,synthetic_training_only
CLS-STA-018-2025-07-750,STA-018,pondokcina,Pondok Cina,2025-07,750,3154,303541,29,23,15,11,27,60.16,55.02,45.68,47.68,107.55,Makanan,0.567,synthetic_opportunity_formula_with_seeded_noise,synthetic_training_only
CLS-STA-018-2025-08-1000,STA-018,pondokcina,Pondok Cina,2025-08,1000,4940,339023,41,32,28,13,39,60.16,55.02,45.68,49.04,105.7,Makanan,0.577,synthetic_opportunity_formula_with_seeded_noise,synthetic_training_only
CLS-STA-018-2025-09-500,STA-018,pondokcina,Pondok Cina,2025-09,500,2444,341738,24,15,12,7,18,60.16,55.02,45.68,49.42,100.58,Minuman,0.525,synthetic_opportunity_formula_with_seeded_noise,synthetic_training_only
CLS-STA-018-2025-10-750,STA-018,pondokcina,Pondok Cina,2025-10,750,3414,329072,35,20,15,11,22,60.16,55.02,45.68,41.45,108.7,Minuman,0.535,synthetic_opportunity_formula_with_seeded_noise,synthetic_training_only
CLS-STA-018-2025-11-1000,STA-018,pondokcina,Pondok Cina,2025-11,1000,5100,355229,40,37,21,11,29,60.16,55.02,45.68,49.73,102.07,Makanan,0.584,synthetic_opportunity_formula_with_seeded_noise,synthetic_training_only
CLS-STA-018-2025-12-500,STA-018,pondokcina,Pondok Cina,2025-12,500,2218,312637,23,6,15,6,16,60.16,55.02,45.68,49.76,100.21,Minuman,0.586,synthetic_opportunity_formula_with_seeded_noise,synthetic_training_only
CLS-STA-019-2023-01-500,STA-019,depokbaru,Depok Baru,2023-01,500,3341,506697,18,23,14,5,20,47.89,67.77,35.08,35.9,103.37,Makanan,0.647,synthetic_opportunity_formula_with_seeded_noise,synthetic_training_only
CLS-STA-019-2023-02-750,STA-019,depokbaru,Depok Baru,2023-02,750,5560,535171,36,25,16,7,31,47.89,67.77,35.08,40.02,103.93,Makanan,0.5,synthetic_opportunity_formula_with_seeded_noise,synthetic_training_only
CLS-STA-019-2023-03-1000,STA-019,depokbaru,Depok Baru,2023-03,1000,7759,569677,54,32,26,9,37,47.89,67.77,35.08,40.05,111.79,Makanan,0.511,synthetic_opportunity_formula_with_seeded_noise,synthetic_training_only
CLS-STA-019-2023-04-500,STA-019,depokbaru,Depok Baru,2023-04,500,3664,553715,26,17,11,5,20,47.89,67.77,35.08,38.84,108.16,Makanan,0.503,synthetic_opportunity_formula_with_seeded_noise,synthetic_training_only
CLS-STA-019-2023-05-750,STA-019,depokbaru,Depok Baru,2023-05,750,6644,653787,37,29,20,7,33,47.89,67.77,35.08,36.92,112.06,Makanan,0.608,synthetic_opportunity_formula_with_seeded_noise,synthetic_training_only
CLS-STA-019-2023-06-1000,STA-019,depokbaru,Depok Baru,2023-06,1000,6836,494559,53,32,30,9,40,47.89,67.77,35.08,39.83,107.12,Makanan,0.597,synthetic_opportunity_formula_with_seeded_noise,synthetic_training_only
CLS-STA-019-2023-07-500,STA-019,depokbaru,Depok Baru,2023-07,500,3741,537213,23,18,11,5,16,47.89,67.77,35.08,39.47,107.98,Makanan,0.558,synthetic_opportunity_formula_with_seeded_noise,synthetic_training_only
CLS-STA-019-2023-08-750,STA-019,depokbaru,Depok Baru,2023-08,750,5716,554349,31,26,17,9,25,47.89,67.77,35.08,41.23,108.02,Makanan,0.557,synthetic_opportunity_formula_with_seeded_noise,synthetic_training_only
CLS-STA-019-2023-09-1000,STA-019,depokbaru,Depok Baru,2023-09,1000,8123,598488,51,38,25,12,40,47.89,67.77,35.08,41.05,106.91,Makanan,0.564,synthetic_opportunity_formula_with_seeded_noise,synthetic_training_only
CLS-STA-019-2023-10-500,STA-019,depokbaru,Depok Baru,2023-10,500,4465,654762,24,17,13,5,26,47.89,67.77,35.08,38.2,107.15,Makanan,0.564,synthetic_opportunity_formula_with_seeded_noise,synthetic_training_only
CLS-STA-019-2023-11-750,STA-019,depokbaru,Depok Baru,2023-11,750,6377,623221,37,27,17,9,36,47.89,67.77,35.08,38.74,105.42,Makanan,0.612,synthetic_opportunity_formula_with_seeded_noise,synthetic_training_only
CLS-STA-019-2023-12-1000,STA-019,depokbaru,Depok Baru,2023-12,1000,7488,528115,50,37,23,10,43,47.89,67.77,35.08,43.06,115.25,Makanan,0.569,synthetic_opportunity_formula_with_seeded_noise,synthetic_training_only
CLS-STA-019-2024-01-750,STA-019,depokbaru,Depok Baru,2024-01,750,5614,539807,33,23,21,7,24,47.89,67.77,35.08,38.35,107.12,Makanan,0.545,synthetic_opportunity_formula_with_seeded_noise,synthetic_training_only
CLS-STA-019-2024-02-1000,STA-019,depokbaru,Depok Baru,2024-02,1000,7730,561547,54,36,28,10,30,47.89,67.77,35.08,38.68,111.65,Makanan,0.567,synthetic_opportunity_formula_with_seeded_noise,synthetic_training_only
CLS-STA-019-2024-03-500,STA-019,depokbaru,Depok Baru,2024-03,500,3912,601221,27,12,11,6,12,47.89,67.77,35.08,36.52,113.64,Minuman,0.5,synthetic_opportunity_formula_with_seeded_noise,synthetic_training_only
CLS-STA-019-2024-04-750,STA-019,depokbaru,Depok Baru,2024-04,750,5785,564804,32,23,20,3,28,47.89,67.77,35.08,40.25,114.05,Makanan,0.583,synthetic_opportunity_formula_with_seeded_noise,synthetic_training_only
CLS-STA-019-2024-05-1000,STA-019,depokbaru,Depok Baru,2024-05,1000,8664,635518,51,35,26,10,42,47.89,67.77,35.08,36.74,99.55,Makanan,0.511,synthetic_opportunity_formula_with_seeded_noise,synthetic_training_only
CLS-STA-019-2024-06-500,STA-019,depokbaru,Depok Baru,2024-06,500,3865,547717,21,19,13,4,18,47.89,67.77,35.08,43.42,115.04,Makanan,0.52,synthetic_opportunity_formula_with_seeded_noise,synthetic_training_only
CLS-STA-019-2024-07-750,STA-019,depokbaru,Depok Baru,2024-07,750,5832,560227,34,25,21,9,31,47.89,67.77,35.08,41.15,112.12,Makanan,0.575,synthetic_opportunity_formula_with_seeded_noise,synthetic_training_only
CLS-STA-019-2024-08-1000,STA-019,depokbaru,Depok Baru,2024-08,1000,8593,626867,48,29,27,11,38,47.89,67.77,35.08,39.68,103.93,Makanan,0.58,synthetic_opportunity_formula_with_seeded_noise,synthetic_training_only
CLS-STA-019-2024-09-500,STA-019,depokbaru,Depok Baru,2024-09,500,4296,640423,29,16,13,4,21,47.89,67.77,35.08,32.81,107.3,Makanan,0.502,synthetic_opportunity_formula_with_seeded_noise,synthetic_training_only
CLS-STA-019-2024-10-750,STA-019,depokbaru,Depok Baru,2024-10,750,6631,640934,35,28,21,4,21,47.89,67.77,35.08,41.38,100.99,Makanan,0.601,synthetic_opportunity_formula_with_seeded_noise,synthetic_training_only
CLS-STA-019-2024-11-1000,STA-019,depokbaru,Depok Baru,2024-11,1000,8663,643718,46,30,25,13,38,47.89,67.77,35.08,36.17,118.03,Makanan,0.617,synthetic_opportunity_formula_with_seeded_noise,synthetic_training_only
CLS-STA-019-2024-12-500,STA-019,depokbaru,Depok Baru,2024-12,500,4056,602699,26,13,13,6,16,47.89,67.77,35.08,35.19,107.46,Makanan,0.503,synthetic_opportunity_formula_with_seeded_noise,synthetic_training_only
CLS-STA-019-2025-01-1000,STA-019,depokbaru,Depok Baru,2025-01,1000,8037,593868,52,27,22,10,34,47.89,67.77,35.08,39.3,100.27,Makanan,0.502,synthetic_opportunity_formula_with_seeded_noise,synthetic_training_only
CLS-STA-019-2025-02-500,STA-019,depokbaru,Depok Baru,2025-02,500,3966,576065,21,19,11,3,24,47.89,67.77,35.08,40.53,101.58,Makanan,0.56,synthetic_opportunity_formula_with_seeded_noise,synthetic_training_only
CLS-STA-019-2025-03-750,STA-019,depokbaru,Depok Baru,2025-03,750,6360,624535,40,20,19,8,32,47.89,67.77,35.08,39.53,103.91,Makanan,0.529,synthetic_opportunity_formula_with_seeded_noise,synthetic_training_only
CLS-STA-019-2025-04-1000,STA-019,depokbaru,Depok Baru,2025-04,1000,8759,646247,46,38,26,10,33,47.89,67.77,35.08,37.39,104.1,Makanan,0.585,synthetic_opportunity_formula_with_seeded_noise,synthetic_training_only
CLS-STA-019-2025-05-500,STA-019,depokbaru,Depok Baru,2025-05,500,4516,671281,24,8,10,2,16,47.89,67.77,35.08,41.94,106.3,Minuman,0.5,synthetic_opportunity_formula_with_seeded_noise,synthetic_training_only
CLS-STA-019-2025-06-750,STA-019,depokbaru,Depok Baru,2025-06,750,6457,616912,33,26,17,10,29,47.89,67.77,35.08,42.92,118.18,Makanan,0.64,synthetic_opportunity_formula_with_seeded_noise,synthetic_training_only
CLS-STA-019-2025-07-1000,STA-019,depokbaru,Depok Baru,2025-07,1000,7997,588151,54,33,28,11,41,47.89,67.77,35.08,38.47,109.81,Makanan,0.524,synthetic_opportunity_formula_with_seeded_noise,synthetic_training_only
CLS-STA-019-2025-08-500,STA-019,depokbaru,Depok Baru,2025-08,500,4728,666610,30,15,11,7,21,47.89,67.77,35.08,43.02,108.02,Makanan,0.514,synthetic_opportunity_formula_with_seeded_noise,synthetic_training_only
CLS-STA-019-2025-09-750,STA-019,depokbaru,Depok Baru,2025-09,750,7244,711124,34,24,20,10,28,47.89,67.77,35.08,35.03,105.81,Makanan,0.546,synthetic_opportunity_formula_with_seeded_noise,synthetic_training_only
CLS-STA-019-2025-10-1000,STA-019,depokbaru,Depok Baru,2025-10,1000,9557,690431,58,33,24,13,36,47.89,67.77,35.08,39.98,92.1,Makanan,0.523,synthetic_opportunity_formula_with_seeded_noise,synthetic_training_only
CLS-STA-019-2025-11-500,STA-019,depokbaru,Depok Baru,2025-11,500,4854,701141,25,13,14,5,17,47.89,67.77,35.08,41.34,110.08,Makanan,0.549,synthetic_opportunity_formula_with_seeded_noise,synthetic_training_only
CLS-STA-019-2025-12-750,STA-019,depokbaru,Depok Baru,2025-12,750,6257,608657,40,23,20,9,21,47.89,67.77,35.08,37.08,113.28,Makanan,0.5,synthetic_opportunity_formula_with_seeded_noise,synthetic_training_only
CLS-STA-020-2023-01-750,STA-020,depok,Depok,2023-01,750,5206,507900,36,20,16,5,30,54.39,66.04,19.9,37.98,108.22,Makanan,0.525,synthetic_opportunity_formula_with_seeded_noise,synthetic_training_only
CLS-STA-020-2023-02-1000,STA-020,depok,Depok,2023-02,1000,7632,554976,40,25,21,5,33,54.39,66.04,19.9,38.76,108.9,Makanan,0.543,synthetic_opportunity_formula_with_seeded_noise,synthetic_training_only
CLS-STA-020-2023-03-500,STA-020,depok,Depok,2023-03,500,3855,563983,18,21,10,2,26,54.39,66.04,19.9,40.11,102.33,Makanan,0.545,synthetic_opportunity_formula_with_seeded_noise,synthetic_training_only
CLS-STA-020-2023-04-750,STA-020,depok,Depok,2023-04,750,5896,556686,38,23,13,5,28,54.39,66.04,19.9,43.75,119.56,Makanan,0.541,synthetic_opportunity_formula_with_seeded_noise,synthetic_training_only
CLS-STA-020-2023-05-1000,STA-020,depok,Depok,2023-05,1000,8442,599475,46,30,23,8,42,54.39,66.04,19.9,42.64,114.3,Makanan,0.578,synthetic_opportunity_formula_with_seeded_noise,synthetic_training_only
CLS-STA-020-2023-06-500,STA-020,depok,Depok,2023-06,500,3703,520548,21,15,7,2,22,54.39,66.04,19.9,44.17,119.02,Makanan,0.565,synthetic_opportunity_formula_with_seeded_noise,synthetic_training_only
CLS-STA-020-2023-07-750,STA-020,depok,Depok,2023-07,750,6075,567699,43,21,15,6,22,54.39,66.04,19.9,40.42,108.14,Minuman,0.512,synthetic_opportunity_formula_with_seeded_noise,synthetic_training_only
CLS-STA-020-2023-08-1000,STA-020,depok,Depok,2023-08,1000,8524,607601,42,30,22,6,34,54.39,66.04,19.9,39.84,110.88,Makanan,0.636,synthetic_opportunity_formula_with_seeded_noise,synthetic_training_only
CLS-STA-020-2023-09-500,STA-020,depok,Depok,2023-09,500,3810,560590,20,17,12,4,13,54.39,66.04,19.9,36.24,106.16,Makanan,0.555,synthetic_opportunity_formula_with_seeded_noise,synthetic_training_only
CLS-STA-020-2023-10-750,STA-020,depok,Depok,2023-10,750,6650,632112,34,25,13,9,26,54.39,66.04,19.9,41.83,94.72,Makanan,0.533,synthetic_opportunity_formula_with_seeded_noise,synthetic_training_only
CLS-STA-020-2023-11-1000,STA-020,depok,Depok,2023-11,1000,8204,605167,45,31,24,4,31,54.39,66.04,19.9,38.75,106.43,Makanan,0.595,synthetic_opportunity_formula_with_seeded_noise,synthetic_training_only
CLS-STA-020-2023-12-500,STA-020,depok,Depok,2023-12,500,3975,570726,24,18,8,2,15,54.39,66.04,19.9,42.54,97.51,Makanan,0.539,synthetic_opportunity_formula_with_seeded_noise,synthetic_training_only
CLS-STA-020-2024-01-1000,STA-020,depok,Depok,2024-01,1000,7728,565337,41,24,23,6,28,54.39,66.04,19.9,38.99,107.4,Makanan,0.549,synthetic_opportunity_formula_with_seeded_noise,synthetic_training_only
CLS-STA-020-2024-02-500,STA-020,depok,Depok,2024-02,500,3865,550312,26,14,11,5,25,54.39,66.04,19.9,42.05,106.18,Makanan,0.54,synthetic_opportunity_formula_with_seeded_noise,synthetic_training_only
CLS-STA-020-2024-03-750,STA-020,depok,Depok,2024-03,750,6452,618260,36,23,15,4,26,54.39,66.04,19.9,38.66,89.91,Makanan,0.581,synthetic_opportunity_formula_with_seeded_noise,synthetic_training_only
CLS-STA-020-2024-04-1000,STA-020,depok,Depok,2024-04,1000,8470,602605,44,35,18,7,30,54.39,66.04,19.9,43.1,116.71,Makanan,0.638,synthetic_opportunity_formula_with_seeded_noise,synthetic_training_only
CLS-STA-020-2024-05-500,STA-020,depok,Depok,2024-05,500,4034,591932,22,17,11,6,18,54.39,66.04,19.9,38.13,108.01,Makanan,0.561,synthetic_opportunity_formula_with_seeded_noise,synthetic_training_only
CLS-STA-020-2024-06-750,STA-020,depok,Depok,2024-06,750,6000,578861,39,26,20,5,26,54.39,66.04,19.9,40.07,109.47,Makanan,0.568,synthetic_opportunity_formula_with_seeded_noise,synthetic_training_only
CLS-STA-020-2024-07-1000,STA-020,depok,Depok,2024-07,1000,7502,539542,49,36,25,7,32,54.39,66.04,19.9,39.23,103.22,Makanan,0.628,synthetic_opportunity_formula_with_seeded_noise,synthetic_training_only
CLS-STA-020-2024-08-500,STA-020,depok,Depok,2024-08,500,4340,642466,20,17,9,4,15,54.39,66.04,19.9,39.41,105.21,Makanan,0.594,synthetic_opportunity_formula_with_seeded_noise,synthetic_training_only
CLS-STA-020-2024-09-750,STA-020,depok,Depok,2024-09,750,6584,626863,32,26,17,5,24,54.39,66.04,19.9,42.9,107.57,Makanan,0.613,synthetic_opportunity_formula_with_seeded_noise,synthetic_training_only
CLS-STA-020-2024-10-1000,STA-020,depok,Depok,2024-10,1000,8601,617063,44,31,19,10,32,54.39,66.04,19.9,37.97,113.42,Makanan,0.566,synthetic_opportunity_formula_with_seeded_noise,synthetic_training_only
CLS-STA-020-2024-11-500,STA-020,depok,Depok,2024-11,500,4067,616023,25,13,9,4,15,54.39,66.04,19.9,37.94,103.41,Makanan,0.559,synthetic_opportunity_formula_with_seeded_noise,synthetic_training_only
CLS-STA-020-2024-12-750,STA-020,depok,Depok,2024-12,750,6056,586148,36,16,17,5,25,54.39,66.04,19.9,40.8,106.84,Makanan,0.5,synthetic_opportunity_formula_with_seeded_noise,synthetic_training_only
CLS-STA-020-2025-01-500,STA-020,depok,Depok,2025-01,500,3953,577275,26,12,15,3,25,54.39,66.04,19.9,38.63,111.41,Makanan,0.5,synthetic_opportunity_formula_with_seeded_noise,synthetic_training_only
CLS-STA-020-2025-02-750,STA-020,depok,Depok,2025-02,750,6311,599561,32,21,16,5,22,54.39,66.04,19.9,42.51,94.63,Makanan,0.566,synthetic_opportunity_formula_with_seeded_noise,synthetic_training_only
CLS-STA-020-2025-03-1000,STA-020,depok,Depok,2025-03,1000,8970,658562,45,32,22,6,33,54.39,66.04,19.9,38.12,110.34,Makanan,0.582,synthetic_opportunity_formula_with_seeded_noise,synthetic_training_only
CLS-STA-020-2025-04-500,STA-020,depok,Depok,2025-04,500,4112,608248,18,15,10,2,12,54.39,66.04,19.9,41.6,113.93,Makanan,0.568,synthetic_opportunity_formula_with_seeded_noise,synthetic_training_only
CLS-STA-020-2025-05-750,STA-020,depok,Depok,2025-05,750,7436,706117,40,24,21,7,26,54.39,66.04,19.9,42.07,110.26,Makanan,0.542,synthetic_opportunity_formula_with_seeded_noise,synthetic_training_only
CLS-STA-020-2025-06-1000,STA-020,depok,Depok,2025-06,1000,7841,579051,51,27,20,6,31,54.39,66.04,19.9,37.88,110.74,Makanan,0.517,synthetic_opportunity_formula_with_seeded_noise,synthetic_training_only
CLS-STA-020-2025-07-500,STA-020,depok,Depok,2025-07,500,4034,583094,25,16,6,2,13,54.39,66.04,19.9,35.88,111.39,Makanan,0.528,synthetic_opportunity_formula_with_seeded_noise,synthetic_training_only
CLS-STA-020-2025-08-750,STA-020,depok,Depok,2025-08,750,6726,654106,34,25,18,8,23,54.39,66.04,19.9,40.84,101.09,Makanan,0.584,synthetic_opportunity_formula_with_seeded_noise,synthetic_training_only
CLS-STA-020-2025-09-1000,STA-020,depok,Depok,2025-09,1000,9830,725070,45,25,23,6,37,54.39,66.04,19.9,36.82,112.52,Makanan,0.65,synthetic_opportunity_formula_with_seeded_noise,synthetic_training_only
CLS-STA-020-2025-10-500,STA-020,depok,Depok,2025-10,500,4958,710525,16,15,10,3,16,54.39,66.04,19.9,44.79,114.8,Makanan,0.603,synthetic_opportunity_formula_with_seeded_noise,synthetic_training_only
CLS-STA-020-2025-11-750,STA-020,depok,Depok,2025-11,750,7434,727283,41,24,18,5,21,54.39,66.04,19.9,40.45,107.01,Makanan,0.507,synthetic_opportunity_formula_with_seeded_noise,synthetic_training_only
CLS-STA-020-2025-12-1000,STA-020,depok,Depok,2025-12,1000,8017,583274,47,32,23,6,32,54.39,66.04,19.9,38.39,95.34,Makanan,0.555,synthetic_opportunity_formula_with_seeded_noise,synthetic_training_only
CLS-STA-021-2023-01-1000,STA-021,citayam,Citayam,2023-01,1000,16723,1012570,70,42,27,8,53,74.33,45.12,17.41,80.78,121.82,Makanan,0.597,synthetic_opportunity_formula_with_seeded_noise,synthetic_training_only
CLS-STA-021-2023-02-500,STA-021,citayam,Citayam,2023-02,500,8661,1075619,38,27,12,5,32,74.33,45.12,17.41,74.92,135.44,Makanan,0.579,synthetic_opportunity_formula_with_seeded_noise,synthetic_training_only
CLS-STA-021-2023-03-750,STA-021,citayam,Citayam,2023-03,750,14503,1185382,62,44,23,8,37,74.33,45.12,17.41,78.34,124.33,Makanan,0.674,synthetic_opportunity_formula_with_seeded_noise,synthetic_training_only
CLS-STA-021-2023-04-1000,STA-021,citayam,Citayam,2023-04,1000,18678,1142042,81,49,28,8,46,74.33,45.12,17.41,77.54,131.89,Makanan,0.693,synthetic_opportunity_formula_with_seeded_noise,synthetic_training_only
CLS-STA-021-2023-05-500,STA-021,citayam,Citayam,2023-05,500,9282,1139310,33,30,14,4,28,74.33,45.12,17.41,78.93,112.25,Makanan,0.666,synthetic_opportunity_formula_with_seeded_noise,synthetic_training_only
CLS-STA-021-2023-06-750,STA-021,citayam,Citayam,2023-06,750,13015,1054656,55,35,21,5,37,74.33,45.12,17.41,80.97,114.86,Makanan,0.574,synthetic_opportunity_formula_with_seeded_noise,synthetic_training_only
CLS-STA-021-2023-07-1000,STA-021,citayam,Citayam,2023-07,1000,16571,1025854,77,51,25,12,49,74.33,45.12,17.41,74.89,129.14,Makanan,0.62,synthetic_opportunity_formula_with_seeded_noise,synthetic_training_only
CLS-STA-021-2023-08-500,STA-021,citayam,Citayam,2023-08,500,9322,1154178,39,20,14,5,30,74.33,45.12,17.41,77.01,113.37,Makanan,0.533,synthetic_opportunity_formula_with_seeded_noise,synthetic_training_only
CLS-STA-021-2023-09-750,STA-021,citayam,Citayam,2023-09,750,16052,1306162,58,36,20,6,47,74.33,45.12,17.41,79.23,109.1,Makanan,0.638,synthetic_opportunity_formula_with_seeded_noise,synthetic_training_only
CLS-STA-021-2023-10-1000,STA-021,citayam,Citayam,2023-10,1000,20478,1275193,71,49,29,8,54,74.33,45.12,17.41,73.97,114.09,Makanan,0.672,synthetic_opportunity_formula_with_seeded_noise,synthetic_training_only
CLS-STA-021-2023-11-500,STA-021,citayam,Citayam,2023-11,500,9726,1180542,38,27,14,5,27,74.33,45.12,17.41,79.58,115.7,Makanan,0.619,synthetic_opportunity_formula_with_seeded_noise,synthetic_training_only
CLS-STA-021-2023-12-750,STA-021,citayam,Citayam,2023-12,750,14031,1144342,58,40,20,8,43,74.33,45.12,17.41,79.05,127.36,Makanan,0.699,synthetic_opportunity_formula_with_seeded_noise,synthetic_training_only
CLS-STA-021-2024-01-500,STA-021,citayam,Citayam,2024-01,500,9337,1119979,39,26,12,6,23,74.33,45.12,17.41,82.49,116.99,Makanan,0.581,synthetic_opportunity_formula_with_seeded_noise,synthetic_training_only
CLS-STA-021-2024-02-750,STA-021,citayam,Citayam,2024-02,750,13753,1103980,50,38,20,8,41,74.33,45.12,17.41,82.93,115.62,Makanan,0.653,synthetic_opportunity_formula_with_seeded_noise,synthetic_training_only
CLS-STA-021-2024-03-1000,STA-021,citayam,Citayam,2024-03,1000,20423,1263087,79,50,27,7,53,74.33,45.12,17.41,75.63,118.08,Makanan,0.651,synthetic_opportunity_formula_with_seeded_noise,synthetic_training_only
CLS-STA-021-2024-04-500,STA-021,citayam,Citayam,2024-04,500,8959,1092283,38,29,13,3,34,74.33,45.12,17.41,80.45,123.14,Makanan,0.594,synthetic_opportunity_formula_with_seeded_noise,synthetic_training_only
CLS-STA-021-2024-05-750,STA-021,citayam,Citayam,2024-05,750,15577,1265222,56,40,21,9,37,74.33,45.12,17.41,77.75,116.46,Makanan,0.697,synthetic_opportunity_formula_with_seeded_noise,synthetic_training_only
CLS-STA-021-2024-06-1000,STA-021,citayam,Citayam,2024-06,1000,17441,1078208,77,52,26,8,55,74.33,45.12,17.41,75.78,117.34,Makanan,0.603,synthetic_opportunity_formula_with_seeded_noise,synthetic_training_only
CLS-STA-021-2024-07-500,STA-021,citayam,Citayam,2024-07,500,8674,1079562,41,27,12,3,28,74.33,45.12,17.41,73.87,107.38,Makanan,0.576,synthetic_opportunity_formula_with_seeded_noise,synthetic_training_only
CLS-STA-021-2024-08-750,STA-021,citayam,Citayam,2024-08,750,15232,1258641,55,42,25,7,38,74.33,45.12,17.41,74.71,123.78,Makanan,0.705,synthetic_opportunity_formula_with_seeded_noise,synthetic_training_only
CLS-STA-021-2024-09-1000,STA-021,citayam,Citayam,2024-09,1000,20480,1248700,82,55,27,10,55,74.33,45.12,17.41,79.85,117.57,Makanan,0.654,synthetic_opportunity_formula_with_seeded_noise,synthetic_training_only
CLS-STA-021-2024-10-500,STA-021,citayam,Citayam,2024-10,500,10481,1309696,36,28,15,6,24,74.33,45.12,17.41,74.99,112.87,Makanan,0.634,synthetic_opportunity_formula_with_seeded_noise,synthetic_training_only
CLS-STA-021-2024-11-750,STA-021,citayam,Citayam,2024-11,750,16735,1370886,58,41,19,7,45,74.33,45.12,17.41,76.97,125.37,Makanan,0.648,synthetic_opportunity_formula_with_seeded_noise,synthetic_training_only
CLS-STA-021-2024-12-1000,STA-021,citayam,Citayam,2024-12,1000,18603,1143046,71,52,27,9,59,74.33,45.12,17.41,78.12,118.84,Makanan,0.708,synthetic_opportunity_formula_with_seeded_noise,synthetic_training_only
CLS-STA-021-2025-01-750,STA-021,citayam,Citayam,2025-01,750,14330,1187523,57,33,22,6,36,74.33,45.12,17.41,75.57,114.25,Makanan,0.588,synthetic_opportunity_formula_with_seeded_noise,synthetic_training_only
CLS-STA-021-2025-02-1000,STA-021,citayam,Citayam,2025-02,1000,20144,1257343,79,49,27,12,67,74.33,45.12,17.41,73.99,125.33,Makanan,0.689,synthetic_opportunity_formula_with_seeded_noise,synthetic_training_only
CLS-STA-021-2025-03-500,STA-021,citayam,Citayam,2025-03,500,10460,1309821,37,22,11,4,32,74.33,45.12,17.41,76.51,119.04,Makanan,0.586,synthetic_opportunity_formula_with_seeded_noise,synthetic_training_only
CLS-STA-021-2025-04-750,STA-021,citayam,Citayam,2025-04,750,15744,1293106,55,39,18,6,47,74.33,45.12,17.41,77.62,129.2,Makanan,0.711,synthetic_opportunity_formula_with_seeded_noise,synthetic_training_only
CLS-STA-021-2025-05-1000,STA-021,citayam,Citayam,2025-05,1000,21592,1316866,76,50,26,6,49,74.33,45.12,17.41,80.32,122.69,Makanan,0.753,synthetic_opportunity_formula_with_seeded_noise,synthetic_training_only
CLS-STA-021-2025-06-500,STA-021,citayam,Citayam,2025-06,500,10529,1268792,39,25,14,4,27,74.33,45.12,17.41,81.96,109.62,Makanan,0.65,synthetic_opportunity_formula_with_seeded_noise,synthetic_training_only
CLS-STA-021-2025-07-750,STA-021,citayam,Citayam,2025-07,750,15649,1283017,67,39,20,7,35,74.33,45.12,17.41,76.53,128.65,Makanan,0.587,synthetic_opportunity_formula_with_seeded_noise,synthetic_training_only
CLS-STA-021-2025-08-1000,STA-021,citayam,Citayam,2025-08,1000,21353,1312308,75,54,23,9,61,74.33,45.12,17.41,77.41,123.59,Makanan,0.806,synthetic_opportunity_formula_with_seeded_noise,synthetic_training_only
CLS-STA-021-2025-09-500,STA-021,citayam,Citayam,2025-09,500,11062,1346372,35,32,16,3,27,74.33,45.12,17.41,79.43,124.86,Makanan,0.674,synthetic_opportunity_formula_with_seeded_noise,synthetic_training_only
CLS-STA-021-2025-10-750,STA-021,citayam,Citayam,2025-10,750,18264,1491935,69,41,22,5,42,74.33,45.12,17.41,78.05,119.37,Makanan,0.67,synthetic_opportunity_formula_with_seeded_noise,synthetic_training_only
CLS-STA-021-2025-11-1000,STA-021,citayam,Citayam,2025-11,1000,24074,1485172,81,54,27,9,57,74.33,45.12,17.41,75.39,123.08,Makanan,0.719,synthetic_opportunity_formula_with_seeded_noise,synthetic_training_only
CLS-STA-021-2025-12-500,STA-021,citayam,Citayam,2025-12,500,10020,1214309,32,27,12,4,31,74.33,45.12,17.41,81.45,126.73,Makanan,0.653,synthetic_opportunity_formula_with_seeded_noise,synthetic_training_only
CLS-STA-022-2023-01-500,STA-022,bojonggede,Bojonggede,2023-01,500,3693,567244,23,13,12,7,5,49.09,71.07,40.66,26.81,97.6,Makanan,0.549,synthetic_opportunity_formula_with_seeded_noise,synthetic_training_only
CLS-STA-022-2023-02-750,STA-022,bojonggede,Bojonggede,2023-02,750,5525,562602,31,19,19,7,22,49.09,71.07,40.66,28.47,103.31,Makanan,0.527,synthetic_opportunity_formula_with_seeded_noise,synthetic_training_only
CLS-STA-022-2023-03-1000,STA-022,bojonggede,Bojonggede,2023-03,1000,7326,545648,42,26,24,9,29,49.09,71.07,40.66,37.19,98.14,Makanan,0.555,synthetic_opportunity_formula_with_seeded_noise,synthetic_training_only
CLS-STA-022-2023-04-500,STA-022,bojonggede,Bojonggede,2023-04,500,3619,541218,19,19,9,3,9,49.09,71.07,40.66,38.25,98.87,Makanan,0.531,synthetic_opportunity_formula_with_seeded_noise,synthetic_training_only
CLS-STA-022-2023-05-750,STA-022,bojonggede,Bojonggede,2023-05,750,6190,628708,26,19,19,8,17,49.09,71.07,40.66,31.05,103.97,Makanan,0.531,synthetic_opportunity_formula_with_seeded_noise,synthetic_training_only
CLS-STA-022-2023-06-1000,STA-022,bojonggede,Bojonggede,2023-06,1000,6873,519350,42,30,22,12,25,49.09,71.07,40.66,30.5,94.12,Makanan,0.554,synthetic_opportunity_formula_with_seeded_noise,synthetic_training_only
CLS-STA-022-2023-07-500,STA-022,bojonggede,Bojonggede,2023-07,500,3535,532142,13,17,10,5,9,49.09,71.07,40.66,29.82,89.84,Makanan,0.6,synthetic_opportunity_formula_with_seeded_noise,synthetic_training_only
CLS-STA-022-2023-08-750,STA-022,bojonggede,Bojonggede,2023-08,750,6193,610936,32,25,17,11,23,49.09,71.07,40.66,32.95,89.96,Makanan,0.589,synthetic_opportunity_formula_with_seeded_noise,synthetic_training_only
CLS-STA-022-2023-09-1000,STA-022,bojonggede,Bojonggede,2023-09,1000,7857,587386,39,25,25,11,33,49.09,71.07,40.66,35.4,100.33,Makanan,0.578,synthetic_opportunity_formula_with_seeded_noise,synthetic_training_only
CLS-STA-022-2023-10-500,STA-022,bojonggede,Bojonggede,2023-10,500,4155,625938,15,14,12,7,12,49.09,71.07,40.66,35.83,91.82,Makanan,0.627,synthetic_opportunity_formula_with_seeded_noise,synthetic_training_only
CLS-STA-022-2023-11-750,STA-022,bojonggede,Bojonggede,2023-11,750,5398,541029,30,22,18,9,30,49.09,71.07,40.66,33.03,109.63,Makanan,0.521,synthetic_opportunity_formula_with_seeded_noise,synthetic_training_only
CLS-STA-022-2023-12-1000,STA-022,bojonggede,Bojonggede,2023-12,1000,7016,529293,39,25,26,10,27,49.09,71.07,40.66,31.93,87.31,Makanan,0.559,synthetic_opportunity_formula_with_seeded_noise,synthetic_training_only
CLS-STA-022-2024-01-750,STA-022,bojonggede,Bojonggede,2024-01,750,5530,572758,32,27,17,6,33,49.09,71.07,40.66,30.07,94.79,Makanan,0.565,synthetic_opportunity_formula_with_seeded_noise,synthetic_training_only
CLS-STA-022-2024-02-1000,STA-022,bojonggede,Bojonggede,2024-02,1000,6968,546826,44,31,20,10,33,49.09,71.07,40.66,25.11,94.7,Makanan,0.559,synthetic_opportunity_formula_with_seeded_noise,synthetic_training_only
CLS-STA-022-2024-03-500,STA-022,bojonggede,Bojonggede,2024-03,500,4112,628863,18,12,11,8,10,49.09,71.07,40.66,31.81,93.73,Makanan,0.527,synthetic_opportunity_formula_with_seeded_noise,synthetic_training_only
CLS-STA-022-2024-04-750,STA-022,bojonggede,Bojonggede,2024-04,750,6341,618756,25,19,16,8,18,49.09,71.07,40.66,35.07,94.73,Makanan,0.589,synthetic_opportunity_formula_with_seeded_noise,synthetic_training_only
CLS-STA-022-2024-05-1000,STA-022,bojonggede,Bojonggede,2024-05,1000,7500,571578,41,25,25,9,32,49.09,71.07,40.66,30.56,97.19,Makanan,0.55,synthetic_opportunity_formula_with_seeded_noise,synthetic_training_only
CLS-STA-022-2024-06-500,STA-022,bojonggede,Bojonggede,2024-06,500,3470,548489,22,12,9,7,10,49.09,71.07,40.66,30.34,93.15,Makanan,0.528,synthetic_opportunity_formula_with_seeded_noise,synthetic_training_only
CLS-STA-022-2024-07-750,STA-022,bojonggede,Bojonggede,2024-07,750,5605,567025,26,19,13,11,16,49.09,71.07,40.66,31.81,96.09,Makanan,0.534,synthetic_opportunity_formula_with_seeded_noise,synthetic_training_only
CLS-STA-022-2024-08-1000,STA-022,bojonggede,Bojonggede,2024-08,1000,8127,623028,36,26,24,11,34,49.09,71.07,40.66,29.77,96.74,Makanan,0.6,synthetic_opportunity_formula_with_seeded_noise,synthetic_training_only
CLS-STA-022-2024-09-500,STA-022,bojonggede,Bojonggede,2024-09,500,4377,656203,18,13,9,4,10,49.09,71.07,40.66,30.33,100.85,Makanan,0.539,synthetic_opportunity_formula_with_seeded_noise,synthetic_training_only
CLS-STA-022-2024-10-750,STA-022,bojonggede,Bojonggede,2024-10,750,6523,649010,33,22,21,7,20,49.09,71.07,40.66,34.52,97.37,Makanan,0.58,synthetic_opportunity_formula_with_seeded_noise,synthetic_training_only
CLS-STA-022-2024-11-1000,STA-022,bojonggede,Bojonggede,2024-11,1000,8727,661202,42,31,24,13,25,49.09,71.07,40.66,29.68,91.28,Makanan,0.655,synthetic_opportunity_formula_with_seeded_noise,synthetic_training_only
CLS-STA-022-2024-12-500,STA-022,bojonggede,Bojonggede,2024-12,500,3836,581379,19,12,10,7,17,49.09,71.07,40.66,28.16,82.72,Makanan,0.517,synthetic_opportunity_formula_with_seeded_noise,synthetic_training_only
CLS-STA-022-2025-01-1000,STA-022,bojonggede,Bojonggede,2025-01,1000,7606,577611,38,29,22,10,31,49.09,71.07,40.66,29.44,98.36,Makanan,0.627,synthetic_opportunity_formula_with_seeded_noise,synthetic_training_only
CLS-STA-022-2025-02-500,STA-022,bojonggede,Bojonggede,2025-02,500,3888,600226,20,14,12,8,22,49.09,71.07,40.66,31.72,104.13,Makanan,0.5,synthetic_opportunity_formula_with_seeded_noise,synthetic_training_only
CLS-STA-022-2025-03-750,STA-022,bojonggede,Bojonggede,2025-03,750,5958,617658,31,21,20,8,23,49.09,71.07,40.66,30.47,100.01,Makanan,0.558,synthetic_opportunity_formula_with_seeded_noise,synthetic_training_only
CLS-STA-022-2025-04-1000,STA-022,bojonggede,Bojonggede,2025-04,1000,7841,597337,39,31,23,11,25,49.09,71.07,40.66,31.61,96.52,Makanan,0.587,synthetic_opportunity_formula_with_seeded_noise,synthetic_training_only
CLS-STA-022-2025-05-500,STA-022,bojonggede,Bojonggede,2025-05,500,4146,645339,21,14,16,6,18,49.09,71.07,40.66,30.19,104.81,Makanan,0.535,synthetic_opportunity_formula_with_seeded_noise,synthetic_training_only
CLS-STA-022-2025-06-750,STA-022,bojonggede,Bojonggede,2025-06,750,5856,582097,31,18,19,7,23,49.09,71.07,40.66,29.51,113.13,Makanan,0.54,synthetic_opportunity_formula_with_seeded_noise,synthetic_training_only
CLS-STA-022-2025-07-1000,STA-022,bojonggede,Bojonggede,2025-07,1000,7848,586670,37,28,21,13,21,49.09,71.07,40.66,32.81,98.7,Makanan,0.571,synthetic_opportunity_formula_with_seeded_noise,synthetic_training_only
CLS-STA-022-2025-08-500,STA-022,bojonggede,Bojonggede,2025-08,500,4493,672055,19,20,15,4,20,49.09,71.07,40.66,32.91,91.99,Makanan,0.607,synthetic_opportunity_formula_with_seeded_noise,synthetic_training_only
CLS-STA-022-2025-09-750,STA-022,bojonggede,Bojonggede,2025-09,750,7190,727908,35,26,17,10,26,49.09,71.07,40.66,32.39,107.1,Makanan,0.589,synthetic_opportunity_formula_with_seeded_noise,synthetic_training_only
CLS-STA-022-2025-10-1000,STA-022,bojonggede,Bojonggede,2025-10,1000,8848,676830,47,29,24,11,25,49.09,71.07,40.66,30.24,88.05,Makanan,0.507,synthetic_opportunity_formula_with_seeded_noise,synthetic_training_only
CLS-STA-022-2025-11-500,STA-022,bojonggede,Bojonggede,2025-11,500,4831,725955,23,10,14,5,19,49.09,71.07,40.66,33.04,87.82,Makanan,0.503,synthetic_opportunity_formula_with_seeded_noise,synthetic_training_only
CLS-STA-022-2025-12-750,STA-022,bojonggede,Bojonggede,2025-12,750,6012,614816,30,26,18,7,27,49.09,71.07,40.66,29.82,97.7,Makanan,0.622,synthetic_opportunity_formula_with_seeded_noise,synthetic_training_only
CLS-STA-023-2023-01-750,STA-023,cilebut,Cilebut,2023-01,750,2563,258789,24,21,18,6,14,42.47,85.4,34.9,39.08,74.15,Makanan,0.577,synthetic_opportunity_formula_with_seeded_noise,synthetic_training_only
CLS-STA-023-2023-02-1000,STA-023,cilebut,Cilebut,2023-02,1000,3509,256661,36,24,25,8,24,42.47,85.4,34.9,39.72,82.31,Makanan,0.522,synthetic_opportunity_formula_with_seeded_noise,synthetic_training_only
CLS-STA-023-2023-03-500,STA-023,cilebut,Cilebut,2023-03,500,1973,309445,15,17,10,3,12,42.47,85.4,34.9,35.18,78.16,Makanan,0.579,synthetic_opportunity_formula_with_seeded_noise,synthetic_training_only
CLS-STA-023-2023-04-750,STA-023,cilebut,Cilebut,2023-04,750,2686,260168,22,20,17,9,14,42.47,85.4,34.9,35.94,89.08,Makanan,0.58,synthetic_opportunity_formula_with_seeded_noise,synthetic_training_only
CLS-STA-023-2023-05-1000,STA-023,cilebut,Cilebut,2023-05,1000,3865,293926,34,23,21,8,16,42.47,85.4,34.9,32.28,79.02,Makanan,0.514,synthetic_opportunity_formula_with_seeded_noise,synthetic_training_only
CLS-STA-023-2023-06-500,STA-023,cilebut,Cilebut,2023-06,500,1764,268637,24,11,13,1,10,42.47,85.4,34.9,34.69,70.88,Minuman,0.5,synthetic_opportunity_formula_with_seeded_noise,synthetic_training_only
CLS-STA-023-2023-07-750,STA-023,cilebut,Cilebut,2023-07,750,2752,276501,25,15,15,4,12,42.47,85.4,34.9,37.68,79.37,Makanan,0.533,synthetic_opportunity_formula_with_seeded_noise,synthetic_training_only
CLS-STA-023-2023-08-1000,STA-023,cilebut,Cilebut,2023-08,1000,3876,279270,32,21,18,8,22,42.47,85.4,34.9,37.44,80.39,Makanan,0.557,synthetic_opportunity_formula_with_seeded_noise,synthetic_training_only
CLS-STA-023-2023-09-500,STA-023,cilebut,Cilebut,2023-09,500,2209,319192,20,15,10,4,7,42.47,85.4,34.9,32.84,85.61,Makanan,0.522,synthetic_opportunity_formula_with_seeded_noise,synthetic_training_only
CLS-STA-023-2023-10-750,STA-023,cilebut,Cilebut,2023-10,750,3189,313844,27,21,18,5,22,42.47,85.4,34.9,33.91,85.0,Makanan,0.599,synthetic_opportunity_formula_with_seeded_noise,synthetic_training_only
CLS-STA-023-2023-11-1000,STA-023,cilebut,Cilebut,2023-11,1000,3944,298608,37,23,20,8,24,42.47,85.4,34.9,33.72,98.19,Makanan,0.527,synthetic_opportunity_formula_with_seeded_noise,synthetic_training_only
CLS-STA-023-2023-12-500,STA-023,cilebut,Cilebut,2023-12,500,1934,281054,24,9,13,5,14,42.47,85.4,34.9,35.71,85.14,Minuman,0.533,synthetic_opportunity_formula_with_seeded_noise,synthetic_training_only
CLS-STA-023-2024-01-1000,STA-023,cilebut,Cilebut,2024-01,1000,3894,290060,35,23,23,10,20,42.47,85.4,34.9,34.88,69.47,Makanan,0.506,synthetic_opportunity_formula_with_seeded_noise,synthetic_training_only
CLS-STA-023-2024-02-500,STA-023,cilebut,Cilebut,2024-02,500,2139,289267,19,11,11,2,17,42.47,85.4,34.9,37.08,91.23,Makanan,0.502,synthetic_opportunity_formula_with_seeded_noise,synthetic_training_only
CLS-STA-023-2024-03-750,STA-023,cilebut,Cilebut,2024-03,750,3066,312064,27,15,17,9,17,42.47,85.4,34.9,35.38,85.75,Makanan,0.5,synthetic_opportunity_formula_with_seeded_noise,synthetic_training_only
CLS-STA-023-2024-04-1000,STA-023,cilebut,Cilebut,2024-04,1000,3624,287692,37,24,22,8,27,42.47,85.4,34.9,30.74,76.18,Makanan,0.513,synthetic_opportunity_formula_with_seeded_noise,synthetic_training_only
CLS-STA-023-2024-05-500,STA-023,cilebut,Cilebut,2024-05,500,2224,310958,22,8,13,5,7,42.47,85.4,34.9,38.45,93.05,Minuman,0.5,synthetic_opportunity_formula_with_seeded_noise,synthetic_training_only
CLS-STA-023-2024-06-750,STA-023,cilebut,Cilebut,2024-06,750,2838,278372,20,21,16,8,10,42.47,85.4,34.9,36.1,79.58,Makanan,0.631,synthetic_opportunity_formula_with_seeded_noise,synthetic_training_only
CLS-STA-023-2024-07-1000,STA-023,cilebut,Cilebut,2024-07,1000,3840,281488,31,28,22,7,26,42.47,85.4,34.9,31.76,88.35,Makanan,0.574,synthetic_opportunity_formula_with_seeded_noise,synthetic_training_only
CLS-STA-023-2024-08-500,STA-023,cilebut,Cilebut,2024-08,500,2143,308776,11,14,10,6,11,42.47,85.4,34.9,33.94,83.61,Makanan,0.536,synthetic_opportunity_formula_with_seeded_noise,synthetic_training_only
CLS-STA-023-2024-09-750,STA-023,cilebut,Cilebut,2024-09,750,3100,327049,19,17,16,7,12,42.47,85.4,34.9,31.58,78.52,Makanan,0.56,synthetic_opportunity_formula_with_seeded_noise,synthetic_training_only
CLS-STA-023-2024-10-1000,STA-023,cilebut,Cilebut,2024-10,1000,4794,360145,35,27,25,9,28,42.47,85.4,34.9,35.62,76.26,Makanan,0.566,synthetic_opportunity_formula_with_seeded_noise,synthetic_training_only
CLS-STA-023-2024-11-500,STA-023,cilebut,Cilebut,2024-11,500,2321,340940,18,13,13,4,9,42.47,85.4,34.9,35.87,82.59,Makanan,0.502,synthetic_opportunity_formula_with_seeded_noise,synthetic_training_only
CLS-STA-023-2024-12-750,STA-023,cilebut,Cilebut,2024-12,750,2892,288696,24,18,17,8,13,42.47,85.4,34.9,34.79,86.63,Makanan,0.55,synthetic_opportunity_formula_with_seeded_noise,synthetic_training_only
CLS-STA-023-2025-01-500,STA-023,cilebut,Cilebut,2025-01,500,2035,293161,21,12,12,4,3,42.47,85.4,34.9,36.23,69.94,Makanan,0.518,synthetic_opportunity_formula_with_seeded_noise,synthetic_training_only
CLS-STA-023-2025-02-750,STA-023,cilebut,Cilebut,2025-02,750,3191,311727,19,18,18,3,13,42.47,85.4,34.9,37.37,84.57,Makanan,0.575,synthetic_opportunity_formula_with_seeded_noise,synthetic_training_only
CLS-STA-023-2025-03-1000,STA-023,cilebut,Cilebut,2025-03,1000,4186,311723,38,33,23,11,24,42.47,85.4,34.9,35.86,77.51,Makanan,0.575,synthetic_opportunity_formula_with_seeded_noise,synthetic_training_only
CLS-STA-023-2025-04-500,STA-023,cilebut,Cilebut,2025-04,500,1996,314804,16,12,11,5,6,42.47,85.4,34.9,30.32,88.23,Makanan,0.51,synthetic_opportunity_formula_with_seeded_noise,synthetic_training_only
CLS-STA-023-2025-05-750,STA-023,cilebut,Cilebut,2025-05,750,3393,338410,31,22,20,6,11,42.47,85.4,34.9,31.77,85.42,Makanan,0.507,synthetic_opportunity_formula_with_seeded_noise,synthetic_training_only
CLS-STA-023-2025-06-1000,STA-023,cilebut,Cilebut,2025-06,1000,4066,306185,42,26,25,11,20,42.47,85.4,34.9,35.74,82.28,Makanan,0.501,synthetic_opportunity_formula_with_seeded_noise,synthetic_training_only
CLS-STA-023-2025-07-500,STA-023,cilebut,Cilebut,2025-07,500,2132,297140,20,13,10,3,16,42.47,85.4,34.9,40.39,76.98,Makanan,0.58,synthetic_opportunity_formula_with_seeded_noise,synthetic_training_only
CLS-STA-023-2025-08-750,STA-023,cilebut,Cilebut,2025-08,750,3665,365604,27,18,18,6,17,42.47,85.4,34.9,36.92,82.0,Makanan,0.581,synthetic_opportunity_formula_with_seeded_noise,synthetic_training_only
CLS-STA-023-2025-09-1000,STA-023,cilebut,Cilebut,2025-09,1000,4536,333958,29,25,23,9,16,42.47,85.4,34.9,38.9,89.17,Makanan,0.581,synthetic_opportunity_formula_with_seeded_noise,synthetic_training_only
CLS-STA-023-2025-10-500,STA-023,cilebut,Cilebut,2025-10,500,2325,345004,19,12,15,1,6,42.47,85.4,34.9,36.26,89.35,Makanan,0.555,synthetic_opportunity_formula_with_seeded_noise,synthetic_training_only
CLS-STA-023-2025-11-750,STA-023,cilebut,Cilebut,2025-11,750,3362,340523,24,18,19,5,15,42.47,85.4,34.9,34.99,78.99,Makanan,0.541,synthetic_opportunity_formula_with_seeded_noise,synthetic_training_only
CLS-STA-023-2025-12-1000,STA-023,cilebut,Cilebut,2025-12,1000,4066,303172,36,21,23,9,24,42.47,85.4,34.9,32.9,83.7,Makanan,0.5,synthetic_opportunity_formula_with_seeded_noise,synthetic_training_only
CLS-STA-024-2023-01-1000,STA-024,bogor,Bogor,2023-01,1000,16997,1054047,66,47,27,10,47,50.62,56.13,35.24,73.7,96.92,Makanan,0.684,synthetic_opportunity_formula_with_seeded_noise,synthetic_training_only
CLS-STA-024-2023-02-500,STA-024,bogor,Bogor,2023-02,500,8434,1054635,34,18,14,5,29,50.62,56.13,35.24,74.4,95.85,Makanan,0.535,synthetic_opportunity_formula_with_seeded_noise,synthetic_training_only
CLS-STA-024-2023-03-750,STA-024,bogor,Bogor,2023-03,750,14137,1165156,53,33,24,9,41,50.62,56.13,35.24,74.49,107.82,Makanan,0.638,synthetic_opportunity_formula_with_seeded_noise,synthetic_training_only
CLS-STA-024-2023-04-1000,STA-024,bogor,Bogor,2023-04,1000,17163,1086803,72,45,29,11,54,50.62,56.13,35.24,69.09,107.6,Makanan,0.642,synthetic_opportunity_formula_with_seeded_noise,synthetic_training_only
CLS-STA-024-2023-05-500,STA-024,bogor,Bogor,2023-05,500,9342,1202203,38,22,16,6,25,50.62,56.13,35.24,66.35,96.92,Makanan,0.59,synthetic_opportunity_formula_with_seeded_noise,synthetic_training_only
CLS-STA-024-2023-06-750,STA-024,bogor,Bogor,2023-06,750,13010,1097270,51,35,25,13,37,50.62,56.13,35.24,70.11,96.02,Makanan,0.645,synthetic_opportunity_formula_with_seeded_noise,synthetic_training_only
CLS-STA-024-2023-07-1000,STA-024,bogor,Bogor,2023-07,1000,17213,1112062,68,45,28,12,53,50.62,56.13,35.24,64.72,97.02,Makanan,0.652,synthetic_opportunity_formula_with_seeded_noise,synthetic_training_only
CLS-STA-024-2023-08-500,STA-024,bogor,Bogor,2023-08,500,8900,1126470,34,22,12,4,25,50.62,56.13,35.24,71.07,116.21,Makanan,0.61,synthetic_opportunity_formula_with_seeded_noise,synthetic_training_only
CLS-STA-024-2023-09-750,STA-024,bogor,Bogor,2023-09,750,15714,1324100,50,38,24,9,39,50.62,56.13,35.24,71.19,94.54,Makanan,0.693,synthetic_opportunity_formula_with_seeded_noise,synthetic_training_only
CLS-STA-024-2023-10-1000,STA-024,bogor,Bogor,2023-10,1000,17972,1156880,70,42,29,14,39,50.62,56.13,35.24,68.86,101.13,Makanan,0.674,synthetic_opportunity_formula_with_seeded_noise,synthetic_training_only
CLS-STA-024-2023-11-500,STA-024,bogor,Bogor,2023-11,500,9856,1235697,31,22,14,5,24,50.62,56.13,35.24,73.77,94.97,Makanan,0.587,synthetic_opportunity_formula_with_seeded_noise,synthetic_training_only
CLS-STA-024-2023-12-750,STA-024,bogor,Bogor,2023-12,750,13343,1129792,44,37,22,8,38,50.62,56.13,35.24,69.54,98.99,Makanan,0.689,synthetic_opportunity_formula_with_seeded_noise,synthetic_training_only
CLS-STA-024-2024-01-500,STA-024,bogor,Bogor,2024-01,500,8975,1161724,35,26,17,7,24,50.62,56.13,35.24,65.77,101.11,Makanan,0.606,synthetic_opportunity_formula_with_seeded_noise,synthetic_training_only
CLS-STA-024-2024-02-750,STA-024,bogor,Bogor,2024-02,750,13471,1126716,51,33,19,10,33,50.62,56.13,35.24,70.65,92.87,Makanan,0.632,synthetic_opportunity_formula_with_seeded_noise,synthetic_training_only
CLS-STA-024-2024-03-1000,STA-024,bogor,Bogor,2024-03,1000,17904,1131218,68,40,29,10,48,50.62,56.13,35.24,70.46,98.97,Makanan,0.642,synthetic_opportunity_formula_with_seeded_noise,synthetic_training_only
CLS-STA-024-2024-04-500,STA-024,bogor,Bogor,2024-04,500,8807,1122865,37,22,18,6,24,50.62,56.13,35.24,68.45,94.96,Makanan,0.552,synthetic_opportunity_formula_with_seeded_noise,synthetic_training_only
CLS-STA-024-2024-05-750,STA-024,bogor,Bogor,2024-05,750,13784,1173646,53,29,21,6,36,50.62,56.13,35.24,68.8,93.91,Makanan,0.632,synthetic_opportunity_formula_with_seeded_noise,synthetic_training_only
CLS-STA-024-2024-06-1000,STA-024,bogor,Bogor,2024-06,1000,17745,1117164,66,45,32,13,50,50.62,56.13,35.24,71.42,109.87,Makanan,0.709,synthetic_opportunity_formula_with_seeded_noise,synthetic_training_only
CLS-STA-024-2024-07-500,STA-024,bogor,Bogor,2024-07,500,8884,1109280,30,20,14,4,21,50.62,56.13,35.24,73.58,96.46,Makanan,0.618,synthetic_opportunity_formula_with_seeded_noise,synthetic_training_only
CLS-STA-024-2024-08-750,STA-024,bogor,Bogor,2024-08,750,16046,1340501,54,36,25,8,35,50.62,56.13,35.24,73.52,111.09,Makanan,0.673,synthetic_opportunity_formula_with_seeded_noise,synthetic_training_only
CLS-STA-024-2024-09-1000,STA-024,bogor,Bogor,2024-09,1000,20916,1310119,71,43,33,11,48,50.62,56.13,35.24,71.41,101.79,Makanan,0.658,synthetic_opportunity_formula_with_seeded_noise,synthetic_training_only
CLS-STA-024-2024-10-500,STA-024,bogor,Bogor,2024-10,500,10447,1318499,38,27,15,5,23,50.62,56.13,35.24,68.84,88.63,Makanan,0.564,synthetic_opportunity_formula_with_seeded_noise,synthetic_training_only
CLS-STA-024-2024-11-750,STA-024,bogor,Bogor,2024-11,750,15809,1361561,55,38,22,8,39,50.62,56.13,35.24,66.38,103.64,Makanan,0.72,synthetic_opportunity_formula_with_seeded_noise,synthetic_training_only
CLS-STA-024-2024-12-1000,STA-024,bogor,Bogor,2024-12,1000,16610,1066560,68,41,31,10,43,50.62,56.13,35.24,67.25,118.05,Makanan,0.599,synthetic_opportunity_formula_with_seeded_noise,synthetic_training_only
CLS-STA-024-2025-01-750,STA-024,bogor,Bogor,2025-01,750,13582,1145015,52,37,22,12,39,50.62,56.13,35.24,70.96,90.61,Makanan,0.666,synthetic_opportunity_formula_with_seeded_noise,synthetic_training_only
CLS-STA-024-2025-02-1000,STA-024,bogor,Bogor,2025-02,1000,20168,1271883,73,42,33,12,50,50.62,56.13,35.24,71.33,102.55,Makanan,0.685,synthetic_opportunity_formula_with_seeded_noise,synthetic_training_only
CLS-STA-024-2025-03-500,STA-024,bogor,Bogor,2025-03,500,10646,1379704,31,28,12,5,30,50.62,56.13,35.24,65.74,96.86,Makanan,0.66,synthetic_opportunity_formula_with_seeded_noise,synthetic_training_only
CLS-STA-024-2025-04-750,STA-024,bogor,Bogor,2025-04,750,14185,1211933,49,37,22,9,36,50.62,56.13,35.24,70.28,100.16,Makanan,0.651,synthetic_opportunity_formula_with_seeded_noise,synthetic_training_only
CLS-STA-024-2025-05-1000,STA-024,bogor,Bogor,2025-05,1000,20711,1299919,70,46,27,12,48,50.62,56.13,35.24,70.64,93.87,Makanan,0.756,synthetic_opportunity_formula_with_seeded_noise,synthetic_training_only
CLS-STA-024-2025-06-500,STA-024,bogor,Bogor,2025-06,500,9688,1223730,37,21,13,6,22,50.62,56.13,35.24,69.01,88.55,Makanan,0.511,synthetic_opportunity_formula_with_seeded_noise,synthetic_training_only
CLS-STA-024-2025-07-750,STA-024,bogor,Bogor,2025-07,750,13778,1149018,57,38,20,10,40,50.62,56.13,35.24,72.8,105.57,Makanan,0.613,synthetic_opportunity_formula_with_seeded_noise,synthetic_training_only
CLS-STA-024-2025-08-1000,STA-024,bogor,Bogor,2025-08,1000,21706,1365348,69,46,30,16,52,50.62,56.13,35.24,70.66,101.29,Makanan,0.782,synthetic_opportunity_formula_with_seeded_noise,synthetic_training_only
CLS-STA-024-2025-09-500,STA-024,bogor,Bogor,2025-09,500,10960,1381927,32,24,16,7,29,50.62,56.13,35.24,69.71,106.74,Makanan,0.626,synthetic_opportunity_formula_with_seeded_noise,synthetic_training_only
CLS-STA-024-2025-10-750,STA-024,bogor,Bogor,2025-10,750,15363,1324480,54,35,24,8,37,50.62,56.13,35.24,66.84,100.07,Makanan,0.634,synthetic_opportunity_formula_with_seeded_noise,synthetic_training_only
CLS-STA-024-2025-11-1000,STA-024,bogor,Bogor,2025-11,1000,23173,1483380,75,46,28,15,50,50.62,56.13,35.24,69.02,100.7,Makanan,0.703,synthetic_opportunity_formula_with_seeded_noise,synthetic_training_only
CLS-STA-024-2025-12-500,STA-024,bogor,Bogor,2025-12,500,10723,1329341,43,24,14,5,28,50.62,56.13,35.24,74.33,105.76,Makanan,0.557,synthetic_opportunity_formula_with_seeded_noise,synthetic_training_only
CLS-STA-025-2023-01-500,STA-025,cibinong,Cibinong,2023-01,500,1109,165963,9,8,7,0,10,44.63,49.98,12.44,37.47,72.38,Makanan,0.516,synthetic_opportunity_formula_with_seeded_noise,synthetic_training_only
CLS-STA-025-2023-02-750,STA-025,cibinong,Cibinong,2023-02,750,1867,173078,18,9,11,5,13,44.63,49.98,12.44,35.13,81.28,Minuman,0.5,synthetic_opportunity_formula_with_seeded_noise,synthetic_training_only
CLS-STA-025-2023-03-1000,STA-025,cibinong,Cibinong,2023-03,1000,2423,191198,24,20,14,4,20,44.63,49.98,12.44,33.65,88.95,Makanan,0.59,synthetic_opportunity_formula_with_seeded_noise,synthetic_training_only
CLS-STA-025-2023-04-500,STA-025,cibinong,Cibinong,2023-04,500,1355,181988,6,10,5,5,10,44.63,49.98,12.44,41.59,77.3,Makanan,0.586,synthetic_opportunity_formula_with_seeded_noise,synthetic_training_only
CLS-STA-025-2023-05-750,STA-025,cibinong,Cibinong,2023-05,750,2117,199837,16,8,7,2,9,44.63,49.98,12.44,38.5,100.32,Makanan,0.502,synthetic_opportunity_formula_with_seeded_noise,synthetic_training_only
CLS-STA-025-2023-06-1000,STA-025,cibinong,Cibinong,2023-06,1000,2575,187898,27,13,12,2,19,44.63,49.98,12.44,42.99,80.05,Minuman,0.566,synthetic_opportunity_formula_with_seeded_noise,synthetic_training_only
CLS-STA-025-2023-07-500,STA-025,cibinong,Cibinong,2023-07,500,1265,168929,12,11,7,0,2,44.63,49.98,12.44,38.08,91.53,Makanan,0.5,synthetic_opportunity_formula_with_seeded_noise,synthetic_training_only
CLS-STA-025-2023-08-750,STA-025,cibinong,Cibinong,2023-08,750,1923,186661,18,10,10,4,9,44.63,49.98,12.44,42.06,83.42,Makanan,0.518,synthetic_opportunity_formula_with_seeded_noise,synthetic_training_only
CLS-STA-025-2023-09-1000,STA-025,cibinong,Cibinong,2023-09,1000,2553,187537,21,16,10,4,16,44.63,49.98,12.44,36.68,87.45,Makanan,0.565,synthetic_opportunity_formula_with_seeded_noise,synthetic_training_only
CLS-STA-025-2023-10-500,STA-025,cibinong,Cibinong,2023-10,500,1170,198191,11,7,4,0,13,44.63,49.98,12.44,35.07,84.38,Makanan,0.5,synthetic_opportunity_formula_with_seeded_noise,synthetic_training_only
CLS-STA-025-2023-11-750,STA-025,cibinong,Cibinong,2023-11,750,2002,202001,20,11,8,2,13,44.63,49.98,12.44,34.36,78.07,Minuman,0.527,synthetic_opportunity_formula_with_seeded_noise,synthetic_training_only
CLS-STA-025-2023-12-1000,STA-025,cibinong,Cibinong,2023-12,1000,2660,192476,24,21,14,3,20,44.63,49.98,12.44,36.61,74.12,Makanan,0.594,synthetic_opportunity_formula_with_seeded_noise,synthetic_training_only
CLS-STA-025-2024-01-750,STA-025,cibinong,Cibinong,2024-01,750,1899,182137,13,17,7,0,14,44.63,49.98,12.44,39.57,91.38,Makanan,0.587,synthetic_opportunity_formula_with_seeded_noise,synthetic_training_only
CLS-STA-025-2024-02-1000,STA-025,cibinong,Cibinong,2024-02,1000,2538,182555,22,20,10,5,21,44.63,49.98,12.44,36.34,81.53,Makanan,0.564,synthetic_opportunity_formula_with_seeded_noise,synthetic_training_only
CLS-STA-025-2024-03-500,STA-025,cibinong,Cibinong,2024-03,500,1277,199663,15,9,5,3,11,44.63,49.98,12.44,34.65,86.86,Makanan,0.577,synthetic_opportunity_formula_with_seeded_noise,synthetic_training_only
CLS-STA-025-2024-04-750,STA-025,cibinong,Cibinong,2024-04,750,2054,199151,19,17,11,4,14,44.63,49.98,12.44,40.0,97.12,Makanan,0.608,synthetic_opportunity_formula_with_seeded_noise,synthetic_training_only
CLS-STA-025-2024-05-1000,STA-025,cibinong,Cibinong,2024-05,1000,2914,206987,24,22,15,2,15,44.63,49.98,12.44,35.34,83.72,Makanan,0.622,synthetic_opportunity_formula_with_seeded_noise,synthetic_training_only
CLS-STA-025-2024-06-500,STA-025,cibinong,Cibinong,2024-06,500,1287,183820,14,5,4,2,5,44.63,49.98,12.44,39.53,86.03,Minuman,0.5,synthetic_opportunity_formula_with_seeded_noise,synthetic_training_only
CLS-STA-025-2024-07-750,STA-025,cibinong,Cibinong,2024-07,750,1746,169727,19,12,10,2,7,44.63,49.98,12.44,36.78,81.9,Makanan,0.5,synthetic_opportunity_formula_with_seeded_noise,synthetic_training_only
CLS-STA-025-2024-08-1000,STA-025,cibinong,Cibinong,2024-08,1000,3056,209495,27,13,10,4,17,44.63,49.98,12.44,41.67,83.53,Minuman,0.56,synthetic_opportunity_formula_with_seeded_noise,synthetic_training_only
CLS-STA-025-2024-09-500,STA-025,cibinong,Cibinong,2024-09,500,1331,214812,11,9,3,1,2,44.63,49.98,12.44,34.3,83.2,Lainnya,0.5,synthetic_opportunity_formula_with_seeded_noise,synthetic_training_only
CLS-STA-025-2024-10-750,STA-025,cibinong,Cibinong,2024-10,750,2306,234026,24,13,9,5,12,44.63,49.98,12.44,38.54,70.48,Minuman,0.53,synthetic_opportunity_formula_with_seeded_noise,synthetic_training_only
CLS-STA-025-2024-11-1000,STA-025,cibinong,Cibinong,2024-11,1000,2896,210767,17,14,10,4,19,44.63,49.98,12.44,36.07,78.44,Makanan,0.553,synthetic_opportunity_formula_with_seeded_noise,synthetic_training_only
CLS-STA-025-2024-12-500,STA-025,cibinong,Cibinong,2024-12,500,1302,191123,11,8,5,2,14,44.63,49.98,12.44,37.18,73.0,Makanan,0.525,synthetic_opportunity_formula_with_seeded_noise,synthetic_training_only
CLS-STA-025-2025-01-1000,STA-025,cibinong,Cibinong,2025-01,1000,2615,181627,29,19,11,1,10,44.63,49.98,12.44,37.2,82.1,Lainnya,0.5,synthetic_opportunity_formula_with_seeded_noise,synthetic_training_only
CLS-STA-025-2025-02-500,STA-025,cibinong,Cibinong,2025-02,500,1352,201219,14,3,3,2,12,44.63,49.98,12.44,36.43,79.98,Minuman,0.56,synthetic_opportunity_formula_with_seeded_noise,synthetic_training_only
CLS-STA-025-2025-03-750,STA-025,cibinong,Cibinong,2025-03,750,2176,212455,19,12,10,2,9,44.63,49.98,12.44,37.32,80.26,Makanan,0.541,synthetic_opportunity_formula_with_seeded_noise,synthetic_training_only
CLS-STA-025-2025-04-1000,STA-025,cibinong,Cibinong,2025-04,1000,2453,195373,23,24,11,2,19,44.63,49.98,12.44,37.0,85.1,Makanan,0.549,synthetic_opportunity_formula_with_seeded_noise,synthetic_training_only
CLS-STA-025-2025-05-500,STA-025,cibinong,Cibinong,2025-05,500,1237,205616,11,13,8,3,6,44.63,49.98,12.44,35.01,86.06,Makanan,0.56,synthetic_opportunity_formula_with_seeded_noise,synthetic_training_only
CLS-STA-025-2025-06-750,STA-025,cibinong,Cibinong,2025-06,750,2190,200326,17,7,9,4,9,44.63,49.98,12.44,39.1,88.54,Minuman,0.541,synthetic_opportunity_formula_with_seeded_noise,synthetic_training_only
CLS-STA-025-2025-07-1000,STA-025,cibinong,Cibinong,2025-07,1000,2547,194287,27,15,14,4,22,44.63,49.98,12.44,31.34,90.28,Minuman,0.514,synthetic_opportunity_formula_with_seeded_noise,synthetic_training_only
CLS-STA-025-2025-08-500,STA-025,cibinong,Cibinong,2025-08,500,1502,213759,12,13,11,0,2,44.63,49.98,12.44,34.72,91.16,Makanan,0.5,synthetic_opportunity_formula_with_seeded_noise,synthetic_training_only
CLS-STA-025-2025-09-750,STA-025,cibinong,Cibinong,2025-09,750,2623,237242,24,11,8,5,10,44.63,49.98,12.44,37.0,92.66,Minuman,0.508,synthetic_opportunity_formula_with_seeded_noise,synthetic_training_only
CLS-STA-025-2025-10-1000,STA-025,cibinong,Cibinong,2025-10,1000,2908,217509,24,19,14,2,9,44.63,49.98,12.44,36.91,89.12,Makanan,0.521,synthetic_opportunity_formula_with_seeded_noise,synthetic_training_only
CLS-STA-025-2025-11-500,STA-025,cibinong,Cibinong,2025-11,500,1466,211393,13,12,8,0,14,44.63,49.98,12.44,37.59,98.41,Makanan,0.546,synthetic_opportunity_formula_with_seeded_noise,synthetic_training_only
CLS-STA-025-2025-12-750,STA-025,cibinong,Cibinong,2025-12,750,1799,194351,22,13,7,1,12,44.63,49.98,12.44,37.87,82.01,Minuman,0.5,synthetic_opportunity_formula_with_seeded_noise,synthetic_training_only
CLS-STA-026-2023-01-750,STA-026,nambo,Nambo,2023-01,750,702,77751,23,22,14,7,18,60.7,71.3,24.82,31.12,80.16,Hobi,0.5,synthetic_opportunity_formula_with_seeded_noise,synthetic_training_only
CLS-STA-026-2023-02-1000,STA-026,nambo,Nambo,2023-02,1000,1155,82776,34,20,19,8,16,60.7,71.3,24.82,37.63,89.06,Minuman,0.5,synthetic_opportunity_formula_with_seeded_noise,synthetic_training_only
CLS-STA-026-2023-03-500,STA-026,nambo,Nambo,2023-03,500,578,88159,16,9,10,4,5,60.7,71.3,24.82,32.51,73.48,Minuman,0.515,synthetic_opportunity_formula_with_seeded_noise,synthetic_training_only
CLS-STA-026-2023-04-750,STA-026,nambo,Nambo,2023-04,750,785,87790,26,16,16,3,21,60.7,71.3,24.82,33.37,86.75,Minuman,0.529,synthetic_opportunity_formula_with_seeded_noise,synthetic_training_only
CLS-STA-026-2023-05-1000,STA-026,nambo,Nambo,2023-05,1000,1332,100048,30,21,17,6,12,60.7,71.3,24.82,33.54,69.79,Minuman,0.51,synthetic_opportunity_formula_with_seeded_noise,synthetic_training_only
CLS-STA-026-2023-06-500,STA-026,nambo,Nambo,2023-06,500,421,79436,15,6,8,3,10,60.7,71.3,24.82,36.68,73.78,Minuman,0.5,synthetic_opportunity_formula_with_seeded_noise,synthetic_training_only
CLS-STA-026-2023-07-750,STA-026,nambo,Nambo,2023-07,750,737,77841,21,19,14,5,11,60.7,71.3,24.82,35.24,76.44,Makanan,0.52,synthetic_opportunity_formula_with_seeded_noise,synthetic_training_only
CLS-STA-026-2023-08-1000,STA-026,nambo,Nambo,2023-08,1000,1235,93739,33,29,23,8,21,60.7,71.3,24.82,34.59,75.14,Lainnya,0.5,synthetic_opportunity_formula_with_seeded_noise,synthetic_training_only
CLS-STA-026-2023-09-500,STA-026,nambo,Nambo,2023-09,500,586,95154,19,13,9,4,8,60.7,71.3,24.82,35.7,77.72,Hobi,0.527,synthetic_opportunity_formula_with_seeded_noise,synthetic_training_only
CLS-STA-026-2023-10-750,STA-026,nambo,Nambo,2023-10,750,1057,102312,20,14,15,4,18,60.7,71.3,24.82,35.63,63.44,Makanan,0.543,synthetic_opportunity_formula_with_seeded_noise,synthetic_training_only
CLS-STA-026-2023-11-1000,STA-026,nambo,Nambo,2023-11,1000,1232,96597,29,23,17,7,16,60.7,71.3,24.82,36.38,69.74,Lainnya,0.572,synthetic_opportunity_formula_with_seeded_noise,synthetic_training_only
CLS-STA-026-2023-12-500,STA-026,nambo,Nambo,2023-12,500,534,82602,18,13,10,2,17,60.7,71.3,24.82,33.88,75.47,Hobi,0.507,synthetic_opportunity_formula_with_seeded_noise,synthetic_training_only
CLS-STA-026-2024-01-1000,STA-026,nambo,Nambo,2024-01,1000,1039,84597,32,23,15,4,11,60.7,71.3,24.82,34.82,63.99,Lainnya,0.5,synthetic_opportunity_formula_with_seeded_noise,synthetic_training_only
CLS-STA-026-2024-02-500,STA-026,nambo,Nambo,2024-02,500,740,92015,15,10,9,6,1,60.7,71.3,24.82,36.7,82.32,Makanan,0.511,synthetic_opportunity_formula_with_seeded_noise,synthetic_training_only
CLS-STA-026-2024-03-750,STA-026,nambo,Nambo,2024-03,750,844,92714,25,18,12,2,19,60.7,71.3,24.82,32.45,64.91,Toko Buku,0.554,synthetic_opportunity_formula_with_seeded_noise,synthetic_training_only
CLS-STA-026-2024-04-1000,STA-026,nambo,Nambo,2024-04,1000,1189,89402,31,28,19,7,21,60.7,71.3,24.82,33.73,74.62,Makanan,0.538,synthetic_opportunity_formula_with_seeded_noise,synthetic_training_only
CLS-STA-026-2024-05-500,STA-026,nambo,Nambo,2024-05,500,691,98192,18,9,11,4,15,60.7,71.3,24.82,37.7,74.88,Minuman,0.502,synthetic_opportunity_formula_with_seeded_noise,synthetic_training_only
CLS-STA-026-2024-06-750,STA-026,nambo,Nambo,2024-06,750,809,86262,26,19,13,6,14,60.7,71.3,24.82,30.47,72.22,Hobi,0.515,synthetic_opportunity_formula_with_seeded_noise,synthetic_training_only
CLS-STA-026-2024-07-1000,STA-026,nambo,Nambo,2024-07,1000,1116,82266,29,26,17,7,21,60.7,71.3,24.82,30.86,71.85,Makanan,0.5,synthetic_opportunity_formula_with_seeded_noise,synthetic_training_only
CLS-STA-026-2024-08-500,STA-026,nambo,Nambo,2024-08,500,786,95667,19,11,8,6,13,60.7,71.3,24.82,36.61,62.0,Hobi,0.525,synthetic_opportunity_formula_with_seeded_noise,synthetic_training_only
CLS-STA-026-2024-09-750,STA-026,nambo,Nambo,2024-09,750,1140,101919,21,16,15,6,13,60.7,71.3,24.82,33.12,80.47,Makanan,0.542,synthetic_opportunity_formula_with_seeded_noise,synthetic_training_only
CLS-STA-026-2024-10-1000,STA-026,nambo,Nambo,2024-10,1000,1340,96387,35,27,22,6,13,60.7,71.3,24.82,33.55,66.52,Lainnya,0.536,synthetic_opportunity_formula_with_seeded_noise,synthetic_training_only
CLS-STA-026-2024-11-500,STA-026,nambo,Nambo,2024-11,500,669,100113,17,13,13,3,3,60.7,71.3,24.82,32.21,82.6,Lainnya,0.557,synthetic_opportunity_formula_with_seeded_noise,synthetic_training_only
CLS-STA-026-2024-12-750,STA-026,nambo,Nambo,2024-12,750,865,85939,25,18,20,5,14,60.7,71.3,24.82,29.11,86.24,Toko Buku,0.5,synthetic_opportunity_formula_with_seeded_noise,synthetic_training_only
CLS-STA-026-2025-01-500,STA-026,nambo,Nambo,2025-01,500,599,88208,14,18,7,3,10,60.7,71.3,24.82,35.99,88.31,Hobi,0.531,synthetic_opportunity_formula_with_seeded_noise,synthetic_training_only
CLS-STA-026-2025-02-750,STA-026,nambo,Nambo,2025-02,750,899,92203,24,24,14,0,27,60.7,71.3,24.82,34.65,77.84,Toko Buku,0.51,synthetic_opportunity_formula_with_seeded_noise,synthetic_training_only
CLS-STA-026-2025-03-1000,STA-026,nambo,Nambo,2025-03,1000,1346,97240,28,29,15,9,20,60.7,71.3,24.82,31.95,82.63,Makanan,0.52,synthetic_opportunity_formula_with_seeded_noise,synthetic_training_only
CLS-STA-026-2025-04-500,STA-026,nambo,Nambo,2025-04,500,711,94592,16,12,11,5,3,60.7,71.3,24.82,33.61,74.31,Makanan,0.5,synthetic_opportunity_formula_with_seeded_noise,synthetic_training_only
CLS-STA-026-2025-05-750,STA-026,nambo,Nambo,2025-05,750,953,96070,30,16,12,6,15,60.7,71.3,24.82,37.3,73.31,Minuman,0.553,synthetic_opportunity_formula_with_seeded_noise,synthetic_training_only
CLS-STA-026-2025-06-1000,STA-026,nambo,Nambo,2025-06,1000,1291,95549,29,19,17,5,16,60.7,71.3,24.82,34.55,66.07,Minuman,0.566,synthetic_opportunity_formula_with_seeded_noise,synthetic_training_only
CLS-STA-026-2025-07-500,STA-026,nambo,Nambo,2025-07,500,582,88078,22,13,13,2,7,60.7,71.3,24.82,34.13,75.72,Toko Buku,0.515,synthetic_opportunity_formula_with_seeded_noise,synthetic_training_only
CLS-STA-026-2025-08-750,STA-026,nambo,Nambo,2025-08,750,1138,104627,25,16,13,5,15,60.7,71.3,24.82,38.32,81.09,Minuman,0.5,synthetic_opportunity_formula_with_seeded_noise,synthetic_training_only
CLS-STA-026-2025-09-1000,STA-026,nambo,Nambo,2025-09,1000,1358,104510,33,24,14,7,21,60.7,71.3,24.82,34.0,69.8,Hobi,0.535,synthetic_opportunity_formula_with_seeded_noise,synthetic_training_only
CLS-STA-026-2025-10-500,STA-026,nambo,Nambo,2025-10,500,748,107980,18,15,8,2,13,60.7,71.3,24.82,34.88,82.11,Hobi,0.5,synthetic_opportunity_formula_with_seeded_noise,synthetic_training_only
CLS-STA-026-2025-11-750,STA-026,nambo,Nambo,2025-11,750,1049,107455,21,19,16,7,15,60.7,71.3,24.82,38.25,72.71,Makanan,0.512,synthetic_opportunity_formula_with_seeded_noise,synthetic_training_only
CLS-STA-026-2025-12-1000,STA-026,nambo,Nambo,2025-12,1000,1264,94949,40,23,19,8,24,60.7,71.3,24.82,34.12,84.33,Minuman,0.5,synthetic_opportunity_formula_with_seeded_noise,synthetic_training_only
CLS-STA-027-2023-01-1000,STA-027,pondokrajeg,Pondok Rajeg,2023-01,1000,1227,81271,23,29,24,11,25,63.7,67.62,50.85,34.8,74.7,Makanan,0.544,synthetic_opportunity_formula_with_seeded_noise,synthetic_training_only
CLS-STA-027-2023-02-500,STA-027,pondokrajeg,Pondok Rajeg,2023-02,500,524,85680,17,15,10,6,15,63.7,67.62,50.85,32.57,71.59,Hobi,0.5,synthetic_opportunity_formula_with_seeded_noise,synthetic_training_only
CLS-STA-027-2023-03-750,STA-027,pondokrajeg,Pondok Rajeg,2023-03,750,986,91112,28,25,16,10,7,63.7,67.62,50.85,35.05,87.53,Lainnya,0.5,synthetic_opportunity_formula_with_seeded_noise,synthetic_training_only
CLS-STA-027-2023-04-1000,STA-027,pondokrajeg,Pondok Rajeg,2023-04,1000,1256,85507,40,28,22,12,16,63.7,67.62,50.85,35.52,81.42,Lainnya,0.5,synthetic_opportunity_formula_with_seeded_noise,synthetic_training_only
CLS-STA-027-2023-05-500,STA-027,pondokrajeg,Pondok Rajeg,2023-05,500,555,94740,18,11,16,5,15,63.7,67.62,50.85,30.31,75.44,Minuman,0.535,synthetic_opportunity_formula_with_seeded_noise,synthetic_training_only
CLS-STA-027-2023-06-750,STA-027,pondokrajeg,Pondok Rajeg,2023-06,750,926,84956,21,25,16,9,16,63.7,67.62,50.85,32.99,71.42,Makanan,0.51,synthetic_opportunity_formula_with_seeded_noise,synthetic_training_only
CLS-STA-027-2023-07-1000,STA-027,pondokrajeg,Pondok Rajeg,2023-07,1000,1103,83785,32,28,19,10,19,63.7,67.62,50.85,29.0,89.74,Hobi,0.525,synthetic_opportunity_formula_with_seeded_noise,synthetic_training_only
CLS-STA-027-2023-08-500,STA-027,pondokrajeg,Pondok Rajeg,2023-08,500,528,92316,11,13,14,6,12,63.7,67.62,50.85,29.07,84.16,Makanan,0.5,synthetic_opportunity_formula_with_seeded_noise,synthetic_training_only
CLS-STA-027-2023-09-750,STA-027,pondokrajeg,Pondok Rajeg,2023-09,750,987,92009,21,21,13,9,11,63.7,67.62,50.85,34.04,69.72,Hobi,0.537,synthetic_opportunity_formula_with_seeded_noise,synthetic_training_only
CLS-STA-027-2023-10-1000,STA-027,pondokrajeg,Pondok Rajeg,2023-10,1000,1208,95833,32,29,26,9,33,63.7,67.62,50.85,30.66,65.43,Toko Buku,0.5,synthetic_opportunity_formula_with_seeded_noise,synthetic_training_only
CLS-STA-027-2023-11-500,STA-027,pondokrajeg,Pondok Rajeg,2023-11,500,607,98948,14,15,12,7,12,63.7,67.62,50.85,28.65,95.66,Hobi,0.547,synthetic_opportunity_formula_with_seeded_noise,synthetic_training_only
CLS-STA-027-2023-12-750,STA-027,pondokrajeg,Pondok Rajeg,2023-12,750,730,81067,26,11,17,10,18,63.7,67.62,50.85,32.46,78.59,Minuman,0.5,synthetic_opportunity_formula_with_seeded_noise,synthetic_training_only
CLS-STA-027-2024-01-500,STA-027,pondokrajeg,Pondok Rajeg,2024-01,500,715,87766,16,7,8,8,3,63.7,67.62,50.85,33.75,77.65,Minuman,0.538,synthetic_opportunity_formula_with_seeded_noise,synthetic_training_only
CLS-STA-027-2024-02-750,STA-027,pondokrajeg,Pondok Rajeg,2024-02,750,829,81280,24,18,12,10,16,63.7,67.62,50.85,29.27,76.11,Hobi,0.532,synthetic_opportunity_formula_with_seeded_noise,synthetic_training_only
CLS-STA-027-2024-03-1000,STA-027,pondokrajeg,Pondok Rajeg,2024-03,1000,1236,90988,34,25,23,14,22,63.7,67.62,50.85,29.39,86.63,Minuman,0.538,synthetic_opportunity_formula_with_seeded_noise,synthetic_training_only
CLS-STA-027-2024-04-500,STA-027,pondokrajeg,Pondok Rajeg,2024-04,500,513,89749,17,20,13,8,10,63.7,67.62,50.85,33.21,78.95,Makanan,0.516,synthetic_opportunity_formula_with_seeded_noise,synthetic_training_only
CLS-STA-027-2024-05-750,STA-027,pondokrajeg,Pondok Rajeg,2024-05,750,941,101864,19,19,19,10,7,63.7,67.62,50.85,32.22,80.78,Makanan,0.523,synthetic_opportunity_formula_with_seeded_noise,synthetic_training_only
CLS-STA-027-2024-06-1000,STA-027,pondokrajeg,Pondok Rajeg,2024-06,1000,1222,85398,30,23,22,11,20,63.7,67.62,50.85,30.39,82.52,Minuman,0.526,synthetic_opportunity_formula_with_seeded_noise,synthetic_training_only
CLS-STA-027-2024-07-500,STA-027,pondokrajeg,Pondok Rajeg,2024-07,500,638,81902,15,12,9,6,5,63.7,67.62,50.85,36.62,76.48,Hobi,0.523,synthetic_opportunity_formula_with_seeded_noise,synthetic_training_only
CLS-STA-027-2024-08-750,STA-027,pondokrajeg,Pondok Rajeg,2024-08,750,918,102073,27,19,15,6,13,63.7,67.62,50.85,33.06,99.47,Toko Buku,0.5,synthetic_opportunity_formula_with_seeded_noise,synthetic_training_only
CLS-STA-027-2024-09-1000,STA-027,pondokrajeg,Pondok Rajeg,2024-09,1000,1140,92062,27,27,21,12,22,63.7,67.62,50.85,31.93,78.47,Makanan,0.547,synthetic_opportunity_formula_with_seeded_noise,synthetic_training_only
CLS-STA-027-2024-10-500,STA-027,pondokrajeg,Pondok Rajeg,2024-10,500,710,91674,12,12,13,9,10,63.7,67.62,50.85,36.74,88.14,Makanan,0.555,synthetic_opportunity_formula_with_seeded_noise,synthetic_training_only
CLS-STA-027-2024-11-750,STA-027,pondokrajeg,Pondok Rajeg,2024-11,750,917,101336,24,21,14,8,16,63.7,67.62,50.85,33.56,63.95,Hobi,0.5,synthetic_opportunity_formula_with_seeded_noise,synthetic_training_only
CLS-STA-027-2024-12-1000,STA-027,pondokrajeg,Pondok Rajeg,2024-12,1000,1260,86640,34,25,20,10,19,63.7,67.62,50.85,34.85,81.08,Hobi,0.508,synthetic_opportunity_formula_with_seeded_noise,synthetic_training_only
CLS-STA-027-2025-01-750,STA-027,pondokrajeg,Pondok Rajeg,2025-01,750,785,90641,27,17,16,8,18,63.7,67.62,50.85,36.15,76.83,Minuman,0.544,synthetic_opportunity_formula_with_seeded_noise,synthetic_training_only
CLS-STA-027-2025-02-1000,STA-027,pondokrajeg,Pondok Rajeg,2025-02,1000,1234,96169,29,28,21,9,17,63.7,67.62,50.85,31.73,84.03,Makanan,0.583,synthetic_opportunity_formula_with_seeded_noise,synthetic_training_only
CLS-STA-027-2025-03-500,STA-027,pondokrajeg,Pondok Rajeg,2025-03,500,668,98960,18,12,9,6,6,63.7,67.62,50.85,36.35,84.77,Hobi,0.504,synthetic_opportunity_formula_with_seeded_noise,synthetic_training_only
CLS-STA-027-2025-04-750,STA-027,pondokrajeg,Pondok Rajeg,2025-04,750,965,95924,16,22,15,8,12,63.7,67.62,50.85,37.0,89.65,Makanan,0.5,synthetic_opportunity_formula_with_seeded_noise,synthetic_training_only
CLS-STA-027-2025-05-1000,STA-027,pondokrajeg,Pondok Rajeg,2025-05,1000,1336,100770,27,30,22,13,28,63.7,67.62,50.85,30.92,80.45,Makanan,0.532,synthetic_opportunity_formula_with_seeded_noise,synthetic_training_only
CLS-STA-027-2025-06-500,STA-027,pondokrajeg,Pondok Rajeg,2025-06,500,563,95536,16,11,12,7,5,63.7,67.62,50.85,32.86,81.46,Minuman,0.515,synthetic_opportunity_formula_with_seeded_noise,synthetic_training_only
CLS-STA-027-2025-07-750,STA-027,pondokrajeg,Pondok Rajeg,2025-07,750,925,85978,22,20,16,6,19,63.7,67.62,50.85,34.93,79.05,Toko Buku,0.5,synthetic_opportunity_formula_with_seeded_noise,synthetic_training_only
CLS-STA-027-2025-08-1000,STA-027,pondokrajeg,Pondok Rajeg,2025-08,1000,1488,107366,34,26,25,12,17,63.7,67.62,50.85,31.39,79.69,Lainnya,0.503,synthetic_opportunity_formula_with_seeded_noise,synthetic_training_only
CLS-STA-027-2025-09-500,STA-027,pondokrajeg,Pondok Rajeg,2025-09,500,705,102931,14,15,11,6,12,63.7,67.62,50.85,30.44,88.7,Hobi,0.541,synthetic_opportunity_formula_with_seeded_noise,synthetic_training_only
CLS-STA-027-2025-10-750,STA-027,pondokrajeg,Pondok Rajeg,2025-10,750,983,99974,23,21,16,7,20,63.7,67.62,50.85,34.51,80.07,Hobi,0.52,synthetic_opportunity_formula_with_seeded_noise,synthetic_training_only
CLS-STA-027-2025-11-1000,STA-027,pondokrajeg,Pondok Rajeg,2025-11,1000,1312,105599,33,27,23,11,20,63.7,67.62,50.85,31.05,80.64,Lainnya,0.531,synthetic_opportunity_formula_with_seeded_noise,synthetic_training_only
CLS-STA-027-2025-12-500,STA-027,pondokrajeg,Pondok Rajeg,2025-12,500,519,90737,12,11,14,7,10,63.7,67.62,50.85,34.96,75.1,Makanan,0.518,synthetic_opportunity_formula_with_seeded_noise,synthetic_training_only
CLS-STA-028-2023-01-500,STA-028,kampungbandan,Kampung Bandan,2023-01,500,4951,606255,35,26,10,3,26,77.16,33.84,2.71,80.77,131.64,Makanan,0.542,synthetic_opportunity_formula_with_seeded_noise,synthetic_training_only
CLS-STA-028-2023-02-750,STA-028,kampungbandan,Kampung Bandan,2023-02,750,7374,590262,39,30,13,4,36,77.16,33.84,2.71,80.99,127.06,Makanan,0.585,synthetic_opportunity_formula_with_seeded_noise,synthetic_training_only
CLS-STA-028-2023-03-1000,STA-028,kampungbandan,Kampung Bandan,2023-03,1000,10830,640072,60,43,19,4,52,77.16,33.84,2.71,82.97,137.86,Makanan,0.595,synthetic_opportunity_formula_with_seeded_noise,synthetic_training_only
CLS-STA-028-2023-04-500,STA-028,kampungbandan,Kampung Bandan,2023-04,500,4670,572324,31,19,7,3,24,77.16,33.84,2.71,78.65,131.9,Makanan,0.517,synthetic_opportunity_formula_with_seeded_noise,synthetic_training_only
CLS-STA-028-2023-05-750,STA-028,kampungbandan,Kampung Bandan,2023-05,750,8189,659110,47,28,17,3,31,77.16,33.84,2.71,82.44,127.25,Makanan,0.56,synthetic_opportunity_formula_with_seeded_noise,synthetic_training_only
CLS-STA-028-2023-06-1000,STA-028,kampungbandan,Kampung Bandan,2023-06,1000,8943,541436,63,45,20,2,45,77.16,33.84,2.71,77.3,133.87,Makanan,0.566,synthetic_opportunity_formula_with_seeded_noise,synthetic_training_only
CLS-STA-028-2023-07-500,STA-028,kampungbandan,Kampung Bandan,2023-07,500,4556,549372,32,22,9,2,24,77.16,33.84,2.71,79.21,135.0,Makanan,0.5,synthetic_opportunity_formula_with_seeded_noise,synthetic_training_only
CLS-STA-028-2023-08-750,STA-028,kampungbandan,Kampung Bandan,2023-08,750,8405,684956,47,32,10,4,33,77.16,33.84,2.71,78.41,125.91,Makanan,0.542,synthetic_opportunity_formula_with_seeded_noise,synthetic_training_only
CLS-STA-028-2023-09-1000,STA-028,kampungbandan,Kampung Bandan,2023-09,1000,11628,705797,64,43,19,6,51,77.16,33.84,2.71,80.4,123.15,Makanan,0.591,synthetic_opportunity_formula_with_seeded_noise,synthetic_training_only
CLS-STA-028-2023-10-500,STA-028,kampungbandan,Kampung Bandan,2023-10,500,5783,715818,29,21,9,1,35,77.16,33.84,2.71,79.23,131.22,Makanan,0.542,synthetic_opportunity_formula_with_seeded_noise,synthetic_training_only
CLS-STA-028-2023-11-750,STA-028,kampungbandan,Kampung Bandan,2023-11,750,8310,670351,50,35,14,5,35,77.16,33.84,2.71,81.42,125.19,Makanan,0.568,synthetic_opportunity_formula_with_seeded_noise,synthetic_training_only
CLS-STA-028-2023-12-1000,STA-028,kampungbandan,Kampung Bandan,2023-12,1000,10385,617936,59,42,19,5,45,77.16,33.84,2.71,83.82,138.59,Makanan,0.59,synthetic_opportunity_formula_with_seeded_noise,synthetic_training_only
CLS-STA-028-2024-01-750,STA-028,kampungbandan,Kampung Bandan,2024-01,750,7539,602719,53,35,13,3,44,77.16,33.84,2.71,86.12,132.94,Makanan,0.564,synthetic_opportunity_formula_with_seeded_noise,synthetic_training_only
CLS-STA-028-2024-02-1000,STA-028,kampungbandan,Kampung Bandan,2024-02,1000,10962,664191,59,43,18,4,48,77.16,33.84,2.71,81.61,130.5,Makanan,0.614,synthetic_opportunity_formula_with_seeded_noise,synthetic_training_only
CLS-STA-028-2024-03-500,STA-028,kampungbandan,Kampung Bandan,2024-03,500,5509,681367,30,26,8,3,28,77.16,33.84,2.71,76.73,123.85,Makanan,0.653,synthetic_opportunity_formula_with_seeded_noise,synthetic_training_only
CLS-STA-028-2024-04-750,STA-028,kampungbandan,Kampung Bandan,2024-04,750,8655,687719,46,33,12,7,37,77.16,33.84,2.71,85.25,135.82,Makanan,0.583,synthetic_opportunity_formula_with_seeded_noise,synthetic_training_only
CLS-STA-028-2024-05-1000,STA-028,kampungbandan,Kampung Bandan,2024-05,1000,11439,691055,65,45,18,5,50,77.16,33.84,2.71,79.94,130.37,Makanan,0.57,synthetic_opportunity_formula_with_seeded_noise,synthetic_training_only
CLS-STA-028-2024-06-500,STA-028,kampungbandan,Kampung Bandan,2024-06,500,5193,641421,34,21,11,2,20,77.16,33.84,2.71,77.9,121.43,Makanan,0.5,synthetic_opportunity_formula_with_seeded_noise,synthetic_training_only
CLS-STA-028-2024-07-750,STA-028,kampungbandan,Kampung Bandan,2024-07,750,7533,599817,46,31,12,4,36,77.16,33.84,2.71,82.17,128.54,Makanan,0.505,synthetic_opportunity_formula_with_seeded_noise,synthetic_training_only
CLS-STA-028-2024-08-1000,STA-028,kampungbandan,Kampung Bandan,2024-08,1000,12965,763639,69,46,18,5,49,77.16,33.84,2.71,85.88,131.52,Makanan,0.58,synthetic_opportunity_formula_with_seeded_noise,synthetic_training_only
CLS-STA-028-2024-09-500,STA-028,kampungbandan,Kampung Bandan,2024-09,500,5803,689585,29,22,7,2,27,77.16,33.84,2.71,79.88,136.01,Makanan,0.547,synthetic_opportunity_formula_with_seeded_noise,synthetic_training_only
CLS-STA-028-2024-10-750,STA-028,kampungbandan,Kampung Bandan,2024-10,750,9509,753891,45,32,15,6,40,77.16,33.84,2.71,87.44,124.67,Makanan,0.588,synthetic_opportunity_formula_with_seeded_noise,synthetic_training_only
CLS-STA-028-2024-11-1000,STA-028,kampungbandan,Kampung Bandan,2024-11,1000,12572,756470,65,43,19,4,46,77.16,33.84,2.71,81.49,140.27,Makanan,0.581,synthetic_opportunity_formula_with_seeded_noise,synthetic_training_only
CLS-STA-028-2024-12-500,STA-028,kampungbandan,Kampung Bandan,2024-12,500,5491,665869,33,20,5,3,26,77.16,33.84,2.71,81.45,130.04,Makanan,0.573,synthetic_opportunity_formula_with_seeded_noise,synthetic_training_only
CLS-STA-028-2025-01-1000,STA-028,kampungbandan,Kampung Bandan,2025-01,1000,10933,662866,62,42,16,4,52,77.16,33.84,2.71,82.15,131.42,Makanan,0.599,synthetic_opportunity_formula_with_seeded_noise,synthetic_training_only
CLS-STA-028-2025-02-500,STA-028,kampungbandan,Kampung Bandan,2025-02,500,6281,749031,32,22,8,1,24,77.16,33.84,2.71,82.1,131.31,Makanan,0.592,synthetic_opportunity_formula_with_seeded_noise,synthetic_training_only
CLS-STA-028-2025-03-750,STA-028,kampungbandan,Kampung Bandan,2025-03,750,9167,745994,45,32,15,5,41,77.16,33.84,2.71,80.26,134.98,Makanan,0.646,synthetic_opportunity_formula_with_seeded_noise,synthetic_training_only
CLS-STA-028-2025-04-1000,STA-028,kampungbandan,Kampung Bandan,2025-04,1000,10543,644209,58,44,14,5,47,77.16,33.84,2.71,79.25,141.27,Makanan,0.633,synthetic_opportunity_formula_with_seeded_noise,synthetic_training_only
CLS-STA-028-2025-05-500,STA-028,kampungbandan,Kampung Bandan,2025-05,500,6319,774020,31,16,8,1,26,77.16,33.84,2.71,84.61,135.46,Makanan,0.537,synthetic_opportunity_formula_with_seeded_noise,synthetic_training_only
CLS-STA-028-2025-06-750,STA-028,kampungbandan,Kampung Bandan,2025-06,750,8434,681366,46,33,13,4,35,77.16,33.84,2.71,83.23,137.48,Makanan,0.522,synthetic_opportunity_formula_with_seeded_noise,synthetic_training_only
CLS-STA-028-2025-07-1000,STA-028,kampungbandan,Kampung Bandan,2025-07,1000,11419,690415,63,41,22,3,48,77.16,33.84,2.71,82.69,135.08,Makanan,0.617,synthetic_opportunity_formula_with_seeded_noise,synthetic_training_only
CLS-STA-028-2025-08-500,STA-028,kampungbandan,Kampung Bandan,2025-08,500,6418,764119,30,20,12,4,25,77.16,33.84,2.71,83.22,134.11,Makanan,0.542,synthetic_opportunity_formula_with_seeded_noise,synthetic_training_only
CLS-STA-028-2025-09-750,STA-028,kampungbandan,Kampung Bandan,2025-09,750,9470,761726,47,36,14,2,36,77.16,33.84,2.71,82.68,128.57,Makanan,0.618,synthetic_opportunity_formula_with_seeded_noise,synthetic_training_only
CLS-STA-028-2025-10-1000,STA-028,kampungbandan,Kampung Bandan,2025-10,1000,12547,749270,59,44,17,3,51,77.16,33.84,2.71,82.41,133.16,Makanan,0.663,synthetic_opportunity_formula_with_seeded_noise,synthetic_training_only
CLS-STA-028-2025-11-500,STA-028,kampungbandan,Kampung Bandan,2025-11,500,6457,774031,33,26,5,5,32,77.16,33.84,2.71,82.78,130.67,Makanan,0.609,synthetic_opportunity_formula_with_seeded_noise,synthetic_training_only
CLS-STA-028-2025-12-750,STA-028,kampungbandan,Kampung Bandan,2025-12,750,8233,669441,47,34,12,1,31,77.16,33.84,2.71,81.32,140.79,Makanan,0.563,synthetic_opportunity_formula_with_seeded_noise,synthetic_training_only
CLS-STA-029-2023-01-750,STA-029,angke,Angke,2023-01,750,1564,146612,20,19,10,5,26,69.77,38.29,13.99,36.35,121.04,Makanan,0.509,synthetic_opportunity_formula_with_seeded_noise,synthetic_training_only
CLS-STA-029-2023-02-1000,STA-029,angke,Angke,2023-02,1000,1855,144500,36,25,12,1,26,69.77,38.29,13.99,38.53,115.37,Minuman,0.5,synthetic_opportunity_formula_with_seeded_noise,synthetic_training_only
CLS-STA-029-2023-03-500,STA-029,angke,Angke,2023-03,500,1155,172723,22,10,10,4,10,69.77,38.29,13.99,39.21,113.2,Minuman,0.526,synthetic_opportunity_formula_with_seeded_noise,synthetic_training_only
CLS-STA-029-2023-04-750,STA-029,angke,Angke,2023-04,750,1734,160211,25,21,13,5,23,69.77,38.29,13.99,38.87,136.86,Makanan,0.582,synthetic_opportunity_formula_with_seeded_noise,synthetic_training_only
CLS-STA-029-2023-05-1000,STA-029,angke,Angke,2023-05,1000,2222,166330,30,27,14,4,30,69.77,38.29,13.99,39.31,113.57,Makanan,0.554,synthetic_opportunity_formula_with_seeded_noise,synthetic_training_only
CLS-STA-029-2023-06-500,STA-029,angke,Angke,2023-06,500,971,150053,21,14,4,1,16,69.77,38.29,13.99,35.35,110.5,Minuman,0.516,synthetic_opportunity_formula_with_seeded_noise,synthetic_training_only
CLS-STA-029-2023-07-750,STA-029,angke,Angke,2023-07,750,1565,147855,23,14,9,7,17,69.77,38.29,13.99,37.81,115.62,Minuman,0.543,synthetic_opportunity_formula_with_seeded_noise,synthetic_training_only
CLS-STA-029-2023-08-1000,STA-029,angke,Angke,2023-08,1000,2022,152612,40,29,9,3,31,69.77,38.29,13.99,37.51,116.3,Hobi,0.5,synthetic_opportunity_formula_with_seeded_noise,synthetic_training_only
CLS-STA-029-2023-09-500,STA-029,angke,Angke,2023-09,500,1172,169380,11,14,8,3,17,69.77,38.29,13.99,40.12,123.15,Makanan,0.589,synthetic_opportunity_formula_with_seeded_noise,synthetic_training_only
CLS-STA-029-2023-10-750,STA-029,angke,Angke,2023-10,750,1774,171159,23,16,13,3,21,69.77,38.29,13.99,36.78,115.33,Minuman,0.513,synthetic_opportunity_formula_with_seeded_noise,synthetic_training_only
CLS-STA-029-2023-11-1000,STA-029,angke,Angke,2023-11,1000,2254,167346,39,28,12,5,28,69.77,38.29,13.99,38.86,111.97,Lainnya,0.5,synthetic_opportunity_formula_with_seeded_noise,synthetic_training_only
CLS-STA-029-2023-12-500,STA-029,angke,Angke,2023-12,500,1074,153039,21,16,8,4,17,69.77,38.29,13.99,41.24,110.14,Lainnya,0.5,synthetic_opportunity_formula_with_seeded_noise,synthetic_training_only
CLS-STA-029-2024-01-1000,STA-029,angke,Angke,2024-01,1000,2098,153988,34,27,13,3,20,69.77,38.29,13.99,41.84,132.66,Lainnya,0.547,synthetic_opportunity_formula_with_seeded_noise,synthetic_training_only
CLS-STA-029-2024-02-500,STA-029,angke,Angke,2024-02,500,1116,159476,19,14,8,2,19,69.77,38.29,13.99,41.55,116.14,Minuman,0.536,synthetic_opportunity_formula_with_seeded_noise,synthetic_training_only
CLS-STA-029-2024-03-750,STA-029,angke,Angke,2024-03,750,1768,172677,22,18,7,5,17,69.77,38.29,13.99,40.18,111.52,Makanan,0.554,synthetic_opportunity_formula_with_seeded_noise,synthetic_training_only
CLS-STA-029-2024-04-1000,STA-029,angke,Angke,2024-04,1000,2282,162793,34,23,11,5,26,69.77,38.29,13.99,40.57,109.23,Minuman,0.511,synthetic_opportunity_formula_with_seeded_noise,synthetic_training_only
CLS-STA-029-2024-05-500,STA-029,angke,Angke,2024-05,500,1274,184392,9,16,8,2,15,69.77,38.29,13.99,39.61,112.86,Makanan,0.598,synthetic_opportunity_formula_with_seeded_noise,synthetic_training_only
CLS-STA-029-2024-06-750,STA-029,angke,Angke,2024-06,750,1797,172607,26,17,7,2,21,69.77,38.29,13.99,37.72,121.42,Minuman,0.539,synthetic_opportunity_formula_with_seeded_noise,synthetic_training_only
CLS-STA-029-2024-07-1000,STA-029,angke,Angke,2024-07,1000,2095,151678,36,27,16,4,32,69.77,38.29,13.99,39.36,126.54,Minuman,0.527,synthetic_opportunity_formula_with_seeded_noise,synthetic_training_only
CLS-STA-029-2024-08-500,STA-029,angke,Angke,2024-08,500,1159,166189,17,13,4,2,17,69.77,38.29,13.99,39.39,107.43,Minuman,0.509,synthetic_opportunity_formula_with_seeded_noise,synthetic_training_only
CLS-STA-029-2024-09-750,STA-029,angke,Angke,2024-09,750,1773,180355,28,19,12,4,24,69.77,38.29,13.99,36.2,110.4,Minuman,0.523,synthetic_opportunity_formula_with_seeded_noise,synthetic_training_only
CLS-STA-029-2024-10-1000,STA-029,angke,Angke,2024-10,1000,2923,205375,34,23,12,5,26,69.77,38.29,13.99,36.39,111.97,Minuman,0.5,synthetic_opportunity_formula_with_seeded_noise,synthetic_training_only
CLS-STA-029-2024-11-500,STA-029,angke,Angke,2024-11,500,1344,178512,14,12,5,2,13,69.77,38.29,13.99,39.97,115.08,Makanan,0.524,synthetic_opportunity_formula_with_seeded_noise,synthetic_training_only
CLS-STA-029-2024-12-750,STA-029,angke,Angke,2024-12,750,1862,174493,25,23,8,4,24,69.77,38.29,13.99,39.53,109.43,Makanan,0.534,synthetic_opportunity_formula_with_seeded_noise,synthetic_training_only
CLS-STA-029-2025-01-500,STA-029,angke,Angke,2025-01,500,1145,160324,14,13,6,3,8,69.77,38.29,13.99,38.7,113.08,Lainnya,0.516,synthetic_opportunity_formula_with_seeded_noise,synthetic_training_only
CLS-STA-029-2025-02-750,STA-029,angke,Angke,2025-02,750,1715,173600,23,25,9,0,18,69.77,38.29,13.99,38.08,109.73,Makanan,0.519,synthetic_opportunity_formula_with_seeded_noise,synthetic_training_only
CLS-STA-029-2025-03-1000,STA-029,angke,Angke,2025-03,1000,2524,194555,40,25,14,8,28,69.77,38.29,13.99,38.51,113.15,Minuman,0.5,synthetic_opportunity_formula_with_seeded_noise,synthetic_training_only
CLS-STA-029-2025-04-500,STA-029,angke,Angke,2025-04,500,1189,175989,24,20,6,3,12,69.77,38.29,13.99,41.94,129.64,Lainnya,0.552,synthetic_opportunity_formula_with_seeded_noise,synthetic_training_only
CLS-STA-029-2025-05-750,STA-029,angke,Angke,2025-05,750,1840,178858,31,25,14,5,23,69.77,38.29,13.99,37.9,118.05,Makanan,0.526,synthetic_opportunity_formula_with_seeded_noise,synthetic_training_only
CLS-STA-029-2025-06-1000,STA-029,angke,Angke,2025-06,1000,2379,170767,34,25,13,4,19,69.77,38.29,13.99,39.54,119.14,Lainnya,0.502,synthetic_opportunity_formula_with_seeded_noise,synthetic_training_only
CLS-STA-029-2025-07-500,STA-029,angke,Angke,2025-07,500,1134,171992,21,14,10,5,7,69.77,38.29,13.99,38.28,109.68,Lainnya,0.5,synthetic_opportunity_formula_with_seeded_noise,synthetic_training_only
CLS-STA-029-2025-08-750,STA-029,angke,Angke,2025-08,750,1895,181483,29,16,7,3,20,69.77,38.29,13.99,37.98,116.73,Minuman,0.533,synthetic_opportunity_formula_with_seeded_noise,synthetic_training_only
CLS-STA-029-2025-09-1000,STA-029,angke,Angke,2025-09,1000,2574,190465,37,28,15,5,29,69.77,38.29,13.99,42.36,117.88,Minuman,0.5,synthetic_opportunity_formula_with_seeded_noise,synthetic_training_only
CLS-STA-029-2025-10-500,STA-029,angke,Angke,2025-10,500,1249,197078,12,10,10,4,14,69.77,38.29,13.99,40.03,115.42,Makanan,0.52,synthetic_opportunity_formula_with_seeded_noise,synthetic_training_only
CLS-STA-029-2025-11-750,STA-029,angke,Angke,2025-11,750,1959,189012,25,21,9,4,23,69.77,38.29,13.99,36.4,117.42,Makanan,0.5,synthetic_opportunity_formula_with_seeded_noise,synthetic_training_only
CLS-STA-029-2025-12-1000,STA-029,angke,Angke,2025-12,1000,2447,177747,37,24,16,9,33,69.77,38.29,13.99,43.4,114.31,Minuman,0.522,synthetic_opportunity_formula_with_seeded_noise,synthetic_training_only
CLS-STA-030-2023-01-1000,STA-030,duri,Duri,2023-01,1000,10267,628709,54,46,21,6,46,87.96,40.41,19.94,77.49,133.48,Makanan,0.611,synthetic_opportunity_formula_with_seeded_noise,synthetic_training_only
CLS-STA-030-2023-02-500,STA-030,duri,Duri,2023-02,500,5043,621620,33,27,9,4,18,87.96,40.41,19.94,75.17,144.71,Makanan,0.555,synthetic_opportunity_formula_with_seeded_noise,synthetic_training_only
CLS-STA-030-2023-03-750,STA-030,duri,Duri,2023-03,750,7671,636814,47,35,16,5,34,87.96,40.41,19.94,73.48,128.34,Makanan,0.517,synthetic_opportunity_formula_with_seeded_noise,synthetic_training_only
CLS-STA-030-2023-04-1000,STA-030,duri,Duri,2023-04,1000,10137,633298,66,49,22,8,43,87.96,40.41,19.94,73.68,146.54,Makanan,0.576,synthetic_opportunity_formula_with_seeded_noise,synthetic_training_only
CLS-STA-030-2023-05-500,STA-030,duri,Duri,2023-05,500,5698,708827,35,22,14,4,28,87.96,40.41,19.94,73.19,152.17,Makanan,0.507,synthetic_opportunity_formula_with_seeded_noise,synthetic_training_only
CLS-STA-030-2023-06-750,STA-030,duri,Duri,2023-06,750,7615,621742,44,32,18,7,32,87.96,40.41,19.94,77.62,123.81,Makanan,0.561,synthetic_opportunity_formula_with_seeded_noise,synthetic_training_only
CLS-STA-030-2023-07-1000,STA-030,duri,Duri,2023-07,1000,9354,587932,61,40,21,7,46,87.96,40.41,19.94,72.88,139.67,Makanan,0.535,synthetic_opportunity_formula_with_seeded_noise,synthetic_training_only
CLS-STA-030-2023-08-500,STA-030,duri,Duri,2023-08,500,5334,647535,26,26,13,3,31,87.96,40.41,19.94,77.71,130.56,Makanan,0.585,synthetic_opportunity_formula_with_seeded_noise,synthetic_training_only
CLS-STA-030-2023-09-750,STA-030,duri,Duri,2023-09,750,8634,703400,48,35,15,5,37,87.96,40.41,19.94,76.77,144.38,Makanan,0.557,synthetic_opportunity_formula_with_seeded_noise,synthetic_training_only
CLS-STA-030-2023-10-1000,STA-030,duri,Duri,2023-10,1000,11535,714917,55,46,23,9,56,87.96,40.41,19.94,75.77,132.66,Makanan,0.681,synthetic_opportunity_formula_with_seeded_noise,synthetic_training_only
CLS-STA-030-2023-11-500,STA-030,duri,Duri,2023-11,500,5810,722292,31,19,6,3,27,87.96,40.41,19.94,76.36,138.19,Makanan,0.509,synthetic_opportunity_formula_with_seeded_noise,synthetic_training_only
CLS-STA-030-2023-12-750,STA-030,duri,Duri,2023-12,750,7509,634848,47,37,16,5,32,87.96,40.41,19.94,73.85,135.41,Makanan,0.565,synthetic_opportunity_formula_with_seeded_noise,synthetic_training_only
CLS-STA-030-2024-01-500,STA-030,duri,Duri,2024-01,500,5452,662196,34,22,10,5,18,87.96,40.41,19.94,76.67,130.62,Makanan,0.572,synthetic_opportunity_formula_with_seeded_noise,synthetic_training_only
CLS-STA-030-2024-02-750,STA-030,duri,Duri,2024-02,750,7473,627038,43,37,16,8,28,87.96,40.41,19.94,72.28,125.53,Makanan,0.617,synthetic_opportunity_formula_with_seeded_noise,synthetic_training_only
CLS-STA-030-2024-03-1000,STA-030,duri,Duri,2024-03,1000,11131,705195,68,37,20,9,49,87.96,40.41,19.94,71.0,128.97,Makanan,0.548,synthetic_opportunity_formula_with_seeded_noise,synthetic_training_only
CLS-STA-030-2024-04-500,STA-030,duri,Duri,2024-04,500,5485,697693,30,24,13,5,16,87.96,40.41,19.94,71.33,131.47,Makanan,0.55,synthetic_opportunity_formula_with_seeded_noise,synthetic_training_only
CLS-STA-030-2024-05-750,STA-030,duri,Duri,2024-05,750,8558,699417,41,35,15,6,36,87.96,40.41,19.94,78.02,124.86,Makanan,0.627,synthetic_opportunity_formula_with_seeded_noise,synthetic_training_only
CLS-STA-030-2024-06-1000,STA-030,duri,Duri,2024-06,1000,10151,629176,62,43,19,8,43,87.96,40.41,19.94,74.59,128.14,Makanan,0.613,synthetic_opportunity_formula_with_seeded_noise,synthetic_training_only
CLS-STA-030-2024-07-500,STA-030,duri,Duri,2024-07,500,4792,606113,31,25,12,5,20,87.96,40.41,19.94,73.37,130.61,Makanan,0.525,synthetic_opportunity_formula_with_seeded_noise,synthetic_training_only
CLS-STA-030-2024-08-750,STA-030,duri,Duri,2024-08,750,8093,674745,47,35,18,4,32,87.96,40.41,19.94,72.28,143.11,Makanan,0.577,synthetic_opportunity_formula_with_seeded_noise,synthetic_training_only
CLS-STA-030-2024-09-1000,STA-030,duri,Duri,2024-09,1000,11442,705175,59,47,23,8,40,87.96,40.41,19.94,75.28,142.73,Makanan,0.638,synthetic_opportunity_formula_with_seeded_noise,synthetic_training_only
CLS-STA-030-2024-10-500,STA-030,duri,Duri,2024-10,500,5713,708205,33,23,13,3,25,87.96,40.41,19.94,75.95,126.12,Makanan,0.54,synthetic_opportunity_formula_with_seeded_noise,synthetic_training_only
CLS-STA-030-2024-11-750,STA-030,duri,Duri,2024-11,750,9009,738773,47,38,16,5,35,87.96,40.41,19.94,74.18,131.12,Makanan,0.565,synthetic_opportunity_formula_with_seeded_noise,synthetic_training_only
CLS-STA-030-2024-12-1000,STA-030,duri,Duri,2024-12,1000,10582,634853,58,46,21,8,47,87.96,40.41,19.94,79.89,140.14,Makanan,0.607,synthetic_opportunity_formula_with_seeded_noise,synthetic_training_only
CLS-STA-030-2025-01-750,STA-030,duri,Duri,2025-01,750,7901,653367,42,35,14,5,38,87.96,40.41,19.94,73.95,134.34,Makanan,0.607,synthetic_opportunity_formula_with_seeded_noise,synthetic_training_only
CLS-STA-030-2025-02-1000,STA-030,duri,Duri,2025-02,1000,11081,689813,63,49,23,7,49,87.96,40.41,19.94,72.05,139.71,Makanan,0.684,synthetic_opportunity_formula_with_seeded_noise,synthetic_training_only
CLS-STA-030-2025-03-500,STA-030,duri,Duri,2025-03,500,5682,703596,27,28,8,4,18,87.96,40.41,19.94,74.99,131.61,Makanan,0.562,synthetic_opportunity_formula_with_seeded_noise,synthetic_training_only
CLS-STA-030-2025-04-750,STA-030,duri,Duri,2025-04,750,8226,680892,40,28,14,7,33,87.96,40.41,19.94,73.6,142.15,Makanan,0.569,synthetic_opportunity_formula_with_seeded_noise,synthetic_training_only
CLS-STA-030-2025-05-1000,STA-030,duri,Duri,2025-05,1000,12520,773089,63,48,20,6,54,87.96,40.41,19.94,77.68,138.14,Makanan,0.655,synthetic_opportunity_formula_with_seeded_noise,synthetic_training_only
CLS-STA-030-2025-06-500,STA-030,duri,Duri,2025-06,500,5287,661125,28,22,17,4,21,87.96,40.41,19.94,77.5,129.55,Makanan,0.551,synthetic_opportunity_formula_with_seeded_noise,synthetic_training_only
CLS-STA-030-2025-07-750,STA-030,duri,Duri,2025-07,750,8469,701897,46,35,16,5,32,87.96,40.41,19.94,75.16,151.95,Makanan,0.671,synthetic_opportunity_formula_with_seeded_noise,synthetic_training_only
CLS-STA-030-2025-08-1000,STA-030,duri,Duri,2025-08,1000,11663,732188,56,40,21,6,45,87.96,40.41,19.94,71.98,124.85,Makanan,0.631,synthetic_opportunity_formula_with_seeded_noise,synthetic_training_only
CLS-STA-030-2025-09-500,STA-030,duri,Duri,2025-09,500,6284,772852,30,27,12,3,24,87.96,40.41,19.94,78.07,137.38,Makanan,0.587,synthetic_opportunity_formula_with_seeded_noise,synthetic_training_only
CLS-STA-030-2025-10-750,STA-030,duri,Duri,2025-10,750,9554,817242,50,34,15,7,32,87.96,40.41,19.94,70.87,123.43,Makanan,0.523,synthetic_opportunity_formula_with_seeded_noise,synthetic_training_only
CLS-STA-030-2025-11-1000,STA-030,duri,Duri,2025-11,1000,11868,736273,66,45,25,6,40,87.96,40.41,19.94,75.44,128.29,Makanan,0.573,synthetic_opportunity_formula_with_seeded_noise,synthetic_training_only
CLS-STA-030-2025-12-500,STA-030,duri,Duri,2025-12,500,5233,644207,32,28,9,5,24,87.96,40.41,19.94,75.45,137.81,Makanan,0.524,synthetic_opportunity_formula_with_seeded_noise,synthetic_training_only
CLS-STA-031-2023-01-500,STA-031,tanahabang,Tanah Abang,2023-01,500,4932,611157,32,28,8,4,23,85.28,34.49,8.81,76.12,139.77,Makanan,0.557,synthetic_opportunity_formula_with_seeded_noise,synthetic_training_only
CLS-STA-031-2023-02-750,STA-031,tanahabang,Tanah Abang,2023-02,750,7311,593108,50,41,12,7,42,85.28,34.49,8.81,81.46,135.21,Makanan,0.633,synthetic_opportunity_formula_with_seeded_noise,synthetic_training_only
CLS-STA-031-2023-03-1000,STA-031,tanahabang,Tanah Abang,2023-03,1000,11166,686045,63,44,25,6,52,85.28,34.49,8.81,78.38,135.19,Makanan,0.572,synthetic_opportunity_formula_with_seeded_noise,synthetic_training_only
CLS-STA-031-2023-04-500,STA-031,tanahabang,Tanah Abang,2023-04,500,5006,624011,26,26,11,3,19,85.28,34.49,8.81,73.82,137.51,Makanan,0.571,synthetic_opportunity_formula_with_seeded_noise,synthetic_training_only
CLS-STA-031-2023-05-750,STA-031,tanahabang,Tanah Abang,2023-05,750,9119,726975,50,36,12,6,41,85.28,34.49,8.81,80.89,132.3,Makanan,0.584,synthetic_opportunity_formula_with_seeded_noise,synthetic_training_only
CLS-STA-031-2023-06-1000,STA-031,tanahabang,Tanah Abang,2023-06,1000,9781,583038,62,49,19,6,53,85.28,34.49,8.81,84.47,131.8,Makanan,0.605,synthetic_opportunity_formula_with_seeded_noise,synthetic_training_only
CLS-STA-031-2023-07-500,STA-031,tanahabang,Tanah Abang,2023-07,500,5167,627261,30,22,8,4,21,85.28,34.49,8.81,79.41,133.16,Makanan,0.538,synthetic_opportunity_formula_with_seeded_noise,synthetic_training_only
CLS-STA-031-2023-08-750,STA-031,tanahabang,Tanah Abang,2023-08,750,8168,670000,49,30,15,6,37,85.28,34.49,8.81,75.38,132.12,Makanan,0.501,synthetic_opportunity_formula_with_seeded_noise,synthetic_training_only
CLS-STA-031-2023-09-1000,STA-031,tanahabang,Tanah Abang,2023-09,1000,11060,666458,65,47,22,6,47,85.28,34.49,8.81,82.07,143.26,Makanan,0.579,synthetic_opportunity_formula_with_seeded_noise,synthetic_training_only
CLS-STA-031-2023-10-500,STA-031,tanahabang,Tanah Abang,2023-10,500,5767,690216,32,27,12,2,24,85.28,34.49,8.81,79.52,136.77,Makanan,0.597,synthetic_opportunity_formula_with_seeded_noise,synthetic_training_only
CLS-STA-031-2023-11-750,STA-031,tanahabang,Tanah Abang,2023-11,750,8397,688387,49,38,16,6,39,85.28,34.49,8.81,80.19,135.74,Makanan,0.613,synthetic_opportunity_formula_with_seeded_noise,synthetic_training_only
CLS-STA-031-2023-12-1000,STA-031,tanahabang,Tanah Abang,2023-12,1000,10258,629622,60,47,18,7,53,85.28,34.49,8.81,77.91,138.35,Makanan,0.598,synthetic_opportunity_formula_with_seeded_noise,synthetic_training_only
CLS-STA-031-2024-01-750,STA-031,tanahabang,Tanah Abang,2024-01,750,7612,626355,45,30,15,5,38,85.28,34.49,8.81,79.87,135.13,Makanan,0.538,synthetic_opportunity_formula_with_seeded_noise,synthetic_training_only
CLS-STA-031-2024-02-1000,STA-031,tanahabang,Tanah Abang,2024-02,1000,9901,601329,64,43,22,8,59,85.28,34.49,8.81,80.07,131.93,Makanan,0.5,synthetic_opportunity_formula_with_seeded_noise,synthetic_training_only
CLS-STA-031-2024-03-500,STA-031,tanahabang,Tanah Abang,2024-03,500,5771,698628,29,22,8,3,23,85.28,34.49,8.81,81.47,127.07,Makanan,0.545,synthetic_opportunity_formula_with_seeded_noise,synthetic_training_only
CLS-STA-031-2024-04-750,STA-031,tanahabang,Tanah Abang,2024-04,750,8427,676866,47,32,19,4,38,85.28,34.49,8.81,79.43,124.56,Makanan,0.554,synthetic_opportunity_formula_with_seeded_noise,synthetic_training_only
CLS-STA-031-2024-05-1000,STA-031,tanahabang,Tanah Abang,2024-05,1000,10559,653550,59,45,19,6,49,85.28,34.49,8.81,76.92,130.98,Makanan,0.582,synthetic_opportunity_formula_with_seeded_noise,synthetic_training_only
CLS-STA-031-2024-06-500,STA-031,tanahabang,Tanah Abang,2024-06,500,5247,643833,29,20,8,5,27,85.28,34.49,8.81,76.8,136.48,Makanan,0.518,synthetic_opportunity_formula_with_seeded_noise,synthetic_training_only
CLS-STA-031-2024-07-750,STA-031,tanahabang,Tanah Abang,2024-07,750,7965,651025,46,31,10,5,40,85.28,34.49,8.81,79.5,140.26,Makanan,0.532,synthetic_opportunity_formula_with_seeded_noise,synthetic_training_only
CLS-STA-031-2024-08-1000,STA-031,tanahabang,Tanah Abang,2024-08,1000,11020,669263,57,43,23,7,47,85.28,34.49,8.81,79.69,129.13,Makanan,0.631,synthetic_opportunity_formula_with_seeded_noise,synthetic_training_only
CLS-STA-031-2024-09-500,STA-031,tanahabang,Tanah Abang,2024-09,500,6231,772413,34,25,11,4,17,85.28,34.49,8.81,75.77,143.64,Makanan,0.569,synthetic_opportunity_formula_with_seeded_noise,synthetic_training_only
CLS-STA-031-2024-10-750,STA-031,tanahabang,Tanah Abang,2024-10,750,9259,757143,54,32,14,6,33,85.28,34.49,8.81,79.04,134.48,Makanan,0.51,synthetic_opportunity_formula_with_seeded_noise,synthetic_training_only
CLS-STA-031-2024-11-1000,STA-031,tanahabang,Tanah Abang,2024-11,1000,11582,716962,57,45,19,7,48,85.28,34.49,8.81,77.41,128.83,Makanan,0.636,synthetic_opportunity_formula_with_seeded_noise,synthetic_training_only
CLS-STA-031-2024-12-500,STA-031,tanahabang,Tanah Abang,2024-12,500,5244,653566,30,23,8,0,30,85.28,34.49,8.81,72.71,145.86,Makanan,0.523,synthetic_opportunity_formula_with_seeded_noise,synthetic_training_only
CLS-STA-031-2025-01-1000,STA-031,tanahabang,Tanah Abang,2025-01,1000,10101,616477,65,46,21,5,55,85.28,34.49,8.81,78.96,133.07,Makanan,0.575,synthetic_opportunity_formula_with_seeded_noise,synthetic_training_only
CLS-STA-031-2025-02-500,STA-031,tanahabang,Tanah Abang,2025-02,500,5791,712691,37,28,14,4,24,85.28,34.49,8.81,74.53,124.17,Makanan,0.596,synthetic_opportunity_formula_with_seeded_noise,synthetic_training_only
CLS-STA-031-2025-03-750,STA-031,tanahabang,Tanah Abang,2025-03,750,8737,713390,45,35,16,5,38,85.28,34.49,8.81,78.04,129.11,Makanan,0.564,synthetic_opportunity_formula_with_seeded_noise,synthetic_training_only
CLS-STA-031-2025-04-1000,STA-031,tanahabang,Tanah Abang,2025-04,1000,12742,763934,68,47,22,4,53,85.28,34.49,8.81,82.71,122.2,Makanan,0.54,synthetic_opportunity_formula_with_seeded_noise,synthetic_training_only
CLS-STA-031-2025-05-500,STA-031,tanahabang,Tanah Abang,2025-05,500,5797,734419,35,26,13,3,26,85.28,34.49,8.81,77.87,136.35,Makanan,0.59,synthetic_opportunity_formula_with_seeded_noise,synthetic_training_only
CLS-STA-031-2025-06-750,STA-031,tanahabang,Tanah Abang,2025-06,750,8363,676088,44,36,16,4,34,85.28,34.49,8.81,80.48,139.94,Makanan,0.578,synthetic_opportunity_formula_with_seeded_noise,synthetic_training_only
CLS-STA-031-2025-07-1000,STA-031,tanahabang,Tanah Abang,2025-07,1000,11410,697042,59,48,19,4,48,85.28,34.49,8.81,78.23,132.68,Makanan,0.649,synthetic_opportunity_formula_with_seeded_noise,synthetic_training_only
CLS-STA-031-2025-08-500,STA-031,tanahabang,Tanah Abang,2025-08,500,6571,803791,35,26,9,5,30,85.28,34.49,8.81,78.29,131.75,Makanan,0.598,synthetic_opportunity_formula_with_seeded_noise,synthetic_training_only
CLS-STA-031-2025-09-750,STA-031,tanahabang,Tanah Abang,2025-09,750,10091,829130,52,34,15,3,34,85.28,34.49,8.81,74.98,129.86,Makanan,0.54,synthetic_opportunity_formula_with_seeded_noise,synthetic_training_only
CLS-STA-031-2025-10-1000,STA-031,tanahabang,Tanah Abang,2025-10,1000,13439,825933,62,45,19,7,52,85.28,34.49,8.81,78.5,133.58,Makanan,0.649,synthetic_opportunity_formula_with_seeded_noise,synthetic_training_only
CLS-STA-031-2025-11-500,STA-031,tanahabang,Tanah Abang,2025-11,500,6665,812531,31,26,10,1,27,85.28,34.49,8.81,81.42,142.62,Makanan,0.54,synthetic_opportunity_formula_with_seeded_noise,synthetic_training_only
CLS-STA-031-2025-12-750,STA-031,tanahabang,Tanah Abang,2025-12,750,8703,709444,47,44,16,4,38,85.28,34.49,8.81,78.77,146.29,Makanan,0.63,synthetic_opportunity_formula_with_seeded_noise,synthetic_training_only
CLS-STA-032-2023-01-750,STA-032,karet,Karet,2023-01,750,1713,149699,29,17,11,2,19,63.53,50.59,16.25,42.98,113.58,Minuman,0.5,synthetic_opportunity_formula_with_seeded_noise,synthetic_training_only
CLS-STA-032-2023-02-1000,STA-032,karet,Karet,2023-02,1000,2023,148043,34,24,19,6,20,63.53,50.59,16.25,39.78,105.07,Lainnya,0.543,synthetic_opportunity_formula_with_seeded_noise,synthetic_training_only
CLS-STA-032-2023-03-500,STA-032,karet,Karet,2023-03,500,1195,162767,18,12,6,1,13,63.53,50.59,16.25,43.43,112.61,Minuman,0.5,synthetic_opportunity_formula_with_seeded_noise,synthetic_training_only
CLS-STA-032-2023-04-750,STA-032,karet,Karet,2023-04,750,1642,168042,27,14,16,4,22,63.53,50.59,16.25,43.77,125.23,Minuman,0.5,synthetic_opportunity_formula_with_seeded_noise,synthetic_training_only
CLS-STA-032-2023-05-1000,STA-032,karet,Karet,2023-05,1000,2421,179409,36,26,15,6,21,63.53,50.59,16.25,39.13,109.58,Lainnya,0.5,synthetic_opportunity_formula_with_seeded_noise,synthetic_training_only
CLS-STA-032-2023-06-500,STA-032,karet,Karet,2023-06,500,1100,152507,14,10,8,5,14,63.53,50.59,16.25,43.33,113.92,Makanan,0.517,synthetic_opportunity_formula_with_seeded_noise,synthetic_training_only
CLS-STA-032-2023-07-750,STA-032,karet,Karet,2023-07,750,1641,146856,24,16,11,3,21,63.53,50.59,16.25,45.72,103.16,Minuman,0.506,synthetic_opportunity_formula_with_seeded_noise,synthetic_training_only
CLS-STA-032-2023-08-1000,STA-032,karet,Karet,2023-08,1000,2271,166982,31,22,11,5,32,63.53,50.59,16.25,43.15,104.64,Minuman,0.519,synthetic_opportunity_formula_with_seeded_noise,synthetic_training_only
CLS-STA-032-2023-09-500,STA-032,karet,Karet,2023-09,500,1235,175270,19,13,8,1,12,63.53,50.59,16.25,34.66,109.69,Lainnya,0.615,synthetic_opportunity_formula_with_seeded_noise,synthetic_training_only
CLS-STA-032-2023-10-750,STA-032,karet,Karet,2023-10,750,1676,168761,24,17,15,7,19,63.53,50.59,16.25,39.56,126.56,Lainnya,0.509,synthetic_opportunity_formula_with_seeded_noise,synthetic_training_only
CLS-STA-032-2023-11-1000,STA-032,karet,Karet,2023-11,1000,2527,172535,33,28,18,3,32,63.53,50.59,16.25,45.67,113.67,Makanan,0.523,synthetic_opportunity_formula_with_seeded_noise,synthetic_training_only
CLS-STA-032-2023-12-500,STA-032,karet,Karet,2023-12,500,889,144449,15,11,6,0,15,63.53,50.59,16.25,41.57,117.53,Minuman,0.5,synthetic_opportunity_formula_with_seeded_noise,synthetic_training_only
CLS-STA-032-2024-01-1000,STA-032,karet,Karet,2024-01,1000,2230,158602,33,18,17,6,19,63.53,50.59,16.25,41.83,119.97,Minuman,0.544,synthetic_opportunity_formula_with_seeded_noise,synthetic_training_only
CLS-STA-032-2024-02-500,STA-032,karet,Karet,2024-02,500,1157,160796,16,10,8,0,15,63.53,50.59,16.25,39.61,114.72,Minuman,0.559,synthetic_opportunity_formula_with_seeded_noise,synthetic_training_only
CLS-STA-032-2024-03-750,STA-032,karet,Karet,2024-03,750,1826,176090,31,23,13,3,21,63.53,50.59,16.25,45.89,119.53,Makanan,0.5,synthetic_opportunity_formula_with_seeded_noise,synthetic_training_only
CLS-STA-032-2024-04-1000,STA-032,karet,Karet,2024-04,1000,2336,157726,26,28,9,2,23,63.53,50.59,16.25,43.4,110.12,Makanan,0.577,synthetic_opportunity_formula_with_seeded_noise,synthetic_training_only
CLS-STA-032-2024-05-500,STA-032,karet,Karet,2024-05,500,1214,178749,16,12,8,0,13,63.53,50.59,16.25,44.34,114.73,Makanan,0.555,synthetic_opportunity_formula_with_seeded_noise,synthetic_training_only
CLS-STA-032-2024-06-750,STA-032,karet,Karet,2024-06,750,1638,149617,22,17,13,3,14,63.53,50.59,16.25,45.08,120.14,Makanan,0.5,synthetic_opportunity_formula_with_seeded_noise,synthetic_training_only
CLS-STA-032-2024-07-1000,STA-032,karet,Karet,2024-07,1000,2088,154447,38,31,16,4,35,63.53,50.59,16.25,43.02,117.39,Makanan,0.5,synthetic_opportunity_formula_with_seeded_noise,synthetic_training_only
CLS-STA-032-2024-08-500,STA-032,karet,Karet,2024-08,500,1248,169466,21,7,3,3,11,63.53,50.59,16.25,42.95,105.49,Minuman,0.55,synthetic_opportunity_formula_with_seeded_noise,synthetic_training_only
CLS-STA-032-2024-09-750,STA-032,karet,Karet,2024-09,750,1847,175669,27,18,10,5,21,63.53,50.59,16.25,42.21,124.82,Minuman,0.514,synthetic_opportunity_formula_with_seeded_noise,synthetic_training_only
CLS-STA-032-2024-10-1000,STA-032,karet,Karet,2024-10,1000,2709,195370,35,26,13,4,30,63.53,50.59,16.25,43.54,124.9,Makanan,0.5,synthetic_opportunity_formula_with_seeded_noise,synthetic_training_only
CLS-STA-032-2024-11-500,STA-032,karet,Karet,2024-11,500,1488,192493,21,10,7,4,21,63.53,50.59,16.25,44.46,124.08,Minuman,0.57,synthetic_opportunity_formula_with_seeded_noise,synthetic_training_only
CLS-STA-032-2024-12-750,STA-032,karet,Karet,2024-12,750,1712,167746,23,19,7,4,20,63.53,50.59,16.25,41.0,125.89,Makanan,0.512,synthetic_opportunity_formula_with_seeded_noise,synthetic_training_only
CLS-STA-032-2025-01-500,STA-032,karet,Karet,2025-01,500,1191,169246,12,12,8,0,11,63.53,50.59,16.25,39.95,103.08,Makanan,0.5,synthetic_opportunity_formula_with_seeded_noise,synthetic_training_only
CLS-STA-032-2025-02-750,STA-032,karet,Karet,2025-02,750,1728,165867,23,18,11,3,22,63.53,50.59,16.25,37.25,119.36,Makanan,0.5,synthetic_opportunity_formula_with_seeded_noise,synthetic_training_only
CLS-STA-032-2025-03-1000,STA-032,karet,Karet,2025-03,1000,2475,176404,36,25,11,5,26,63.53,50.59,16.25,42.3,120.44,Minuman,0.518,synthetic_opportunity_formula_with_seeded_noise,synthetic_training_only
CLS-STA-032-2025-04-500,STA-032,karet,Karet,2025-04,500,1164,173231,17,15,6,3,11,63.53,50.59,16.25,44.7,104.45,Makanan,0.5,synthetic_opportunity_formula_with_seeded_noise,synthetic_training_only
CLS-STA-032-2025-05-750,STA-032,karet,Karet,2025-05,750,1985,186565,22,20,11,3,26,63.53,50.59,16.25,42.25,115.4,Makanan,0.514,synthetic_opportunity_formula_with_seeded_noise,synthetic_training_only
CLS-STA-032-2025-06-1000,STA-032,karet,Karet,2025-06,1000,2286,164741,32,27,15,9,26,63.53,50.59,16.25,41.19,118.64,Makanan,0.512,synthetic_opportunity_formula_with_seeded_noise,synthetic_training_only
CLS-STA-032-2025-07-500,STA-032,karet,Karet,2025-07,500,1126,168708,15,11,6,3,17,63.53,50.59,16.25,38.33,122.96,Makanan,0.511,synthetic_opportunity_formula_with_seeded_noise,synthetic_training_only
CLS-STA-032-2025-08-750,STA-032,karet,Karet,2025-08,750,1856,193129,18,21,12,4,21,63.53,50.59,16.25,40.19,107.02,Makanan,0.592,synthetic_opportunity_formula_with_seeded_noise,synthetic_training_only
CLS-STA-032-2025-09-1000,STA-032,karet,Karet,2025-09,1000,2673,192169,35,27,15,7,29,63.53,50.59,16.25,43.99,103.25,Makanan,0.501,synthetic_opportunity_formula_with_seeded_noise,synthetic_training_only
CLS-STA-032-2025-10-500,STA-032,karet,Karet,2025-10,500,1519,208604,23,10,11,2,9,63.53,50.59,16.25,40.87,129.67,Lainnya,0.506,synthetic_opportunity_formula_with_seeded_noise,synthetic_training_only
CLS-STA-032-2025-11-750,STA-032,karet,Karet,2025-11,750,1991,186227,22,12,12,5,14,63.53,50.59,16.25,43.85,112.96,Minuman,0.5,synthetic_opportunity_formula_with_seeded_noise,synthetic_training_only
CLS-STA-032-2025-12-1000,STA-032,karet,Karet,2025-12,1000,2567,171912,30,31,13,3,25,63.53,50.59,16.25,45.77,117.5,Makanan,0.585,synthetic_opportunity_formula_with_seeded_noise,synthetic_training_only
CLS-STA-033-2023-01-1000,STA-033,sudirmanbaru,BNI City,2023-01,1000,4291,297949,40,34,17,6,29,70.66,51.5,2.0,46.04,113.81,Makanan,0.569,synthetic_opportunity_formula_with_seeded_noise,synthetic_training_only
CLS-STA-033-2023-02-500,STA-033,sudirmanbaru,BNI City,2023-02,500,2275,310887,22,19,7,0,14,70.66,51.5,2.0,48.25,128.51,Makanan,0.551,synthetic_opportunity_formula_with_seeded_noise,synthetic_training_only
CLS-STA-033-2023-03-750,STA-033,sudirmanbaru,BNI City,2023-03,750,3386,319553,33,24,15,2,25,70.66,51.5,2.0,49.39,122.52,Makanan,0.561,synthetic_opportunity_formula_with_seeded_noise,synthetic_training_only
CLS-STA-033-2023-04-1000,STA-033,sudirmanbaru,BNI City,2023-04,1000,4763,329048,42,37,14,5,34,70.66,51.5,2.0,48.42,127.28,Makanan,0.539,synthetic_opportunity_formula_with_seeded_noise,synthetic_training_only
CLS-STA-033-2023-05-500,STA-033,sudirmanbaru,BNI City,2023-05,500,2165,319171,21,15,8,0,17,70.66,51.5,2.0,43.43,118.39,Makanan,0.5,synthetic_opportunity_formula_with_seeded_noise,synthetic_training_only
CLS-STA-033-2023-06-750,STA-033,sudirmanbaru,BNI City,2023-06,750,3019,282223,30,19,11,0,21,70.66,51.5,2.0,46.16,122.87,Makanan,0.5,synthetic_opportunity_formula_with_seeded_noise,synthetic_training_only
CLS-STA-033-2023-07-1000,STA-033,sudirmanbaru,BNI City,2023-07,1000,4318,295899,42,27,12,4,32,70.66,51.5,2.0,49.64,129.2,Makanan,0.515,synthetic_opportunity_formula_with_seeded_noise,synthetic_training_only
CLS-STA-033-2023-08-500,STA-033,sudirmanbaru,BNI City,2023-08,500,2410,346289,18,16,6,3,13,70.66,51.5,2.0,49.26,115.22,Makanan,0.55,synthetic_opportunity_formula_with_seeded_noise,synthetic_training_only
CLS-STA-033-2023-09-750,STA-033,sudirmanbaru,BNI City,2023-09,750,3996,365190,35,24,12,0,24,70.66,51.5,2.0,46.01,130.6,Makanan,0.531,synthetic_opportunity_formula_with_seeded_noise,synthetic_training_only
CLS-STA-033-2023-10-1000,STA-033,sudirmanbaru,BNI City,2023-10,1000,5014,345460,46,35,16,2,36,70.66,51.5,2.0,52.03,124.07,Makanan,0.563,synthetic_opportunity_formula_with_seeded_noise,synthetic_training_only
CLS-STA-033-2023-11-500,STA-033,sudirmanbaru,BNI City,2023-11,500,2691,363705,23,16,9,2,18,70.66,51.5,2.0,51.06,114.82,Makanan,0.532,synthetic_opportunity_formula_with_seeded_noise,synthetic_training_only
CLS-STA-033-2023-12-750,STA-033,sudirmanbaru,BNI City,2023-12,750,3298,309082,33,22,12,5,29,70.66,51.5,2.0,47.87,128.94,Makanan,0.507,synthetic_opportunity_formula_with_seeded_noise,synthetic_training_only
CLS-STA-033-2024-01-500,STA-033,sudirmanbaru,BNI City,2024-01,500,2147,296719,22,15,8,1,15,70.66,51.5,2.0,47.05,111.77,Makanan,0.5,synthetic_opportunity_formula_with_seeded_noise,synthetic_training_only
CLS-STA-033-2024-02-750,STA-033,sudirmanbaru,BNI City,2024-02,750,3566,316560,30,23,12,2,28,70.66,51.5,2.0,48.16,108.6,Makanan,0.51,synthetic_opportunity_formula_with_seeded_noise,synthetic_training_only
CLS-STA-033-2024-03-1000,STA-033,sudirmanbaru,BNI City,2024-03,1000,5213,361479,42,33,15,1,38,70.66,51.5,2.0,50.57,132.16,Makanan,0.539,synthetic_opportunity_formula_with_seeded_noise,synthetic_training_only
CLS-STA-033-2024-04-500,STA-033,sudirmanbaru,BNI City,2024-04,500,2365,329370,16,15,9,0,16,70.66,51.5,2.0,46.94,115.86,Makanan,0.541,synthetic_opportunity_formula_with_seeded_noise,synthetic_training_only
CLS-STA-033-2024-05-750,STA-033,sudirmanbaru,BNI City,2024-05,750,4244,388036,30,24,12,1,39,70.66,51.5,2.0,46.51,122.53,Makanan,0.539,synthetic_opportunity_formula_with_seeded_noise,synthetic_training_only
CLS-STA-033-2024-06-1000,STA-033,sudirmanbaru,BNI City,2024-06,1000,4572,322161,40,33,19,4,47,70.66,51.5,2.0,46.85,116.71,Makanan,0.56,synthetic_opportunity_formula_with_seeded_noise,synthetic_training_only
CLS-STA-033-2024-07-500,STA-033,sudirmanbaru,BNI City,2024-07,500,2194,312659,27,12,11,0,15,70.66,51.5,2.0,43.71,123.52,Minuman,0.539,synthetic_opportunity_formula_with_seeded_noise,synthetic_training_only
CLS-STA-033-2024-08-750,STA-033,sudirmanbaru,BNI City,2024-08,750,3614,347298,33,17,11,2,19,70.66,51.5,2.0,49.96,129.47,Minuman,0.517,synthetic_opportunity_formula_with_seeded_noise,synthetic_training_only
CLS-STA-033-2024-09-1000,STA-033,sudirmanbaru,BNI City,2024-09,1000,5302,363922,44,27,15,2,34,70.66,51.5,2.0,49.15,124.2,Makanan,0.545,synthetic_opportunity_formula_with_seeded_noise,synthetic_training_only
CLS-STA-033-2024-10-500,STA-033,sudirmanbaru,BNI City,2024-10,500,2426,370060,24,15,5,2,16,70.66,51.5,2.0,45.39,119.21,Makanan,0.519,synthetic_opportunity_formula_with_seeded_noise,synthetic_training_only
CLS-STA-033-2024-11-750,STA-033,sudirmanbaru,BNI City,2024-11,750,4020,379332,33,23,8,1,27,70.66,51.5,2.0,49.25,118.38,Makanan,0.529,synthetic_opportunity_formula_with_seeded_noise,synthetic_training_only
CLS-STA-033-2024-12-1000,STA-033,sudirmanbaru,BNI City,2024-12,1000,4868,340046,38,27,19,4,39,70.66,51.5,2.0,51.22,123.92,Makanan,0.559,synthetic_opportunity_formula_with_seeded_noise,synthetic_training_only
CLS-STA-033-2025-01-750,STA-033,sudirmanbaru,BNI City,2025-01,750,3458,318859,31,22,9,2,24,70.66,51.5,2.0,48.99,125.01,Makanan,0.535,synthetic_opportunity_formula_with_seeded_noise,synthetic_training_only
CLS-STA-033-2025-02-1000,STA-033,sudirmanbaru,BNI City,2025-02,1000,4442,313888,44,34,16,0,44,70.66,51.5,2.0,46.53,119.88,Makanan,0.534,synthetic_opportunity_formula_with_seeded_noise,synthetic_training_only
CLS-STA-033-2025-03-500,STA-033,sudirmanbaru,BNI City,2025-03,500,2483,363540,22,17,10,3,19,70.66,51.5,2.0,48.02,129.23,Makanan,0.576,synthetic_opportunity_formula_with_seeded_noise,synthetic_training_only
CLS-STA-033-2025-04-750,STA-033,sudirmanbaru,BNI City,2025-04,750,3724,344821,34,21,11,1,27,70.66,51.5,2.0,48.22,106.68,Makanan,0.505,synthetic_opportunity_formula_with_seeded_noise,synthetic_training_only
CLS-STA-033-2025-05-1000,STA-033,sudirmanbaru,BNI City,2025-05,1000,5751,398432,46,35,16,2,25,70.66,51.5,2.0,51.89,134.62,Makanan,0.604,synthetic_opportunity_formula_with_seeded_noise,synthetic_training_only
CLS-STA-033-2025-06-500,STA-033,sudirmanbaru,BNI City,2025-06,500,2441,344034,22,13,8,0,21,70.66,51.5,2.0,47.6,120.47,Makanan,0.5,synthetic_opportunity_formula_with_seeded_noise,synthetic_training_only
CLS-STA-033-2025-07-750,STA-033,sudirmanbaru,BNI City,2025-07,750,3339,314823,34,23,10,0,21,70.66,51.5,2.0,43.56,126.19,Makanan,0.5,synthetic_opportunity_formula_with_seeded_noise,synthetic_training_only
CLS-STA-033-2025-08-1000,STA-033,sudirmanbaru,BNI City,2025-08,1000,5831,399633,41,35,18,4,31,70.66,51.5,2.0,54.4,121.42,Makanan,0.545,synthetic_opportunity_formula_with_seeded_noise,synthetic_training_only
CLS-STA-033-2025-09-500,STA-033,sudirmanbaru,BNI City,2025-09,500,2837,401689,28,15,6,2,19,70.66,51.5,2.0,46.03,117.06,Minuman,0.5,synthetic_opportunity_formula_with_seeded_noise,synthetic_training_only
CLS-STA-033-2025-10-750,STA-033,sudirmanbaru,BNI City,2025-10,750,4509,403098,30,26,14,0,16,70.66,51.5,2.0,50.32,135.89,Makanan,0.55,synthetic_opportunity_formula_with_seeded_noise,synthetic_training_only
CLS-STA-033-2025-11-1000,STA-033,sudirmanbaru,BNI City,2025-11,1000,5605,386743,42,34,16,3,32,70.66,51.5,2.0,47.71,120.07,Makanan,0.598,synthetic_opportunity_formula_with_seeded_noise,synthetic_training_only
CLS-STA-033-2025-12-500,STA-033,sudirmanbaru,BNI City,2025-12,500,2359,333211,21,16,10,1,20,70.66,51.5,2.0,51.59,122.74,Makanan,0.512,synthetic_opportunity_formula_with_seeded_noise,synthetic_training_only
CLS-STA-034-2023-01-500,STA-034,sudirman,Sudirman,2023-01,500,1926,291241,19,18,8,2,20,89.07,38.87,9.61,38.17,122.51,Makanan,0.539,synthetic_opportunity_formula_with_seeded_noise,synthetic_training_only
CLS-STA-034-2023-02-750,STA-034,sudirman,Sudirman,2023-02,750,3365,313753,35,26,9,1,24,89.07,38.87,9.61,47.12,127.36,Makanan,0.5,synthetic_opportunity_formula_with_seeded_noise,synthetic_training_only
CLS-STA-034-2023-03-1000,STA-034,sudirman,Sudirman,2023-03,1000,4833,334354,42,33,12,4,42,89.07,38.87,9.61,48.57,122.89,Makanan,0.518,synthetic_opportunity_formula_with_seeded_noise,synthetic_training_only
CLS-STA-034-2023-04-500,STA-034,sudirman,Sudirman,2023-04,500,1957,290039,18,16,9,1,20,89.07,38.87,9.61,45.19,133.13,Makanan,0.5,synthetic_opportunity_formula_with_seeded_noise,synthetic_training_only
CLS-STA-034-2023-05-750,STA-034,sudirman,Sudirman,2023-05,750,3700,355450,32,28,11,4,21,89.07,38.87,9.61,47.08,118.24,Makanan,0.5,synthetic_opportunity_formula_with_seeded_noise,synthetic_training_only
CLS-STA-034-2023-06-1000,STA-034,sudirman,Sudirman,2023-06,1000,4383,316332,52,35,15,6,37,89.07,38.87,9.61,39.39,122.12,Minuman,0.524,synthetic_opportunity_formula_with_seeded_noise,synthetic_training_only
CLS-STA-034-2023-07-500,STA-034,sudirman,Sudirman,2023-07,500,1997,285928,26,19,6,3,16,89.07,38.87,9.61,44.86,111.72,Minuman,0.506,synthetic_opportunity_formula_with_seeded_noise,synthetic_training_only
CLS-STA-034-2023-08-750,STA-034,sudirman,Sudirman,2023-08,750,3469,337630,38,25,9,2,27,89.07,38.87,9.61,39.77,124.7,Minuman,0.5,synthetic_opportunity_formula_with_seeded_noise,synthetic_training_only
CLS-STA-034-2023-09-1000,STA-034,sudirman,Sudirman,2023-09,1000,4921,348905,50,40,20,6,38,89.07,38.87,9.61,45.57,125.04,Makanan,0.541,synthetic_opportunity_formula_with_seeded_noise,synthetic_training_only
CLS-STA-034-2023-10-500,STA-034,sudirman,Sudirman,2023-10,500,2522,355589,24,17,9,2,28,89.07,38.87,9.61,43.12,119.58,Minuman,0.501,synthetic_opportunity_formula_with_seeded_noise,synthetic_training_only
CLS-STA-034-2023-11-750,STA-034,sudirman,Sudirman,2023-11,750,3490,340986,33,28,12,2,25,89.07,38.87,9.61,44.41,122.4,Makanan,0.561,synthetic_opportunity_formula_with_seeded_noise,synthetic_training_only
CLS-STA-034-2023-12-1000,STA-034,sudirman,Sudirman,2023-12,1000,4280,301242,50,37,13,5,39,89.07,38.87,9.61,46.27,128.06,Makanan,0.536,synthetic_opportunity_formula_with_seeded_noise,synthetic_training_only
CLS-STA-034-2024-01-750,STA-034,sudirman,Sudirman,2024-01,750,3028,300521,35,25,14,3,25,89.07,38.87,9.61,44.68,131.43,Minuman,0.525,synthetic_opportunity_formula_with_seeded_noise,synthetic_training_only
CLS-STA-034-2024-02-1000,STA-034,sudirman,Sudirman,2024-02,1000,4350,303545,47,32,15,6,32,89.07,38.87,9.61,46.17,119.5,Minuman,0.54,synthetic_opportunity_formula_with_seeded_noise,synthetic_training_only
CLS-STA-034-2024-03-500,STA-034,sudirman,Sudirman,2024-03,500,2224,319429,20,24,9,2,20,89.07,38.87,9.61,43.4,126.69,Makanan,0.585,synthetic_opportunity_formula_with_seeded_noise,synthetic_training_only
CLS-STA-034-2024-04-750,STA-034,sudirman,Sudirman,2024-04,750,3498,334168,35,29,14,4,26,89.07,38.87,9.61,42.32,125.39,Makanan,0.543,synthetic_opportunity_formula_with_seeded_noise,synthetic_training_only
CLS-STA-034-2024-05-1000,STA-034,sudirman,Sudirman,2024-05,1000,4822,339421,48,38,15,4,32,89.07,38.87,9.61,42.34,112.91,Makanan,0.524,synthetic_opportunity_formula_with_seeded_noise,synthetic_training_only
CLS-STA-034-2024-06-500,STA-034,sudirman,Sudirman,2024-06,500,2027,289857,24,18,12,2,21,89.07,38.87,9.61,43.45,120.61,Makanan,0.504,synthetic_opportunity_formula_with_seeded_noise,synthetic_training_only
CLS-STA-034-2024-07-750,STA-034,sudirman,Sudirman,2024-07,750,3193,315098,34,32,16,4,28,89.07,38.87,9.61,45.69,115.42,Makanan,0.555,synthetic_opportunity_formula_with_seeded_noise,synthetic_training_only
CLS-STA-034-2024-08-1000,STA-034,sudirman,Sudirman,2024-08,1000,5404,386712,53,40,14,3,40,89.07,38.87,9.61,44.86,114.09,Makanan,0.524,synthetic_opportunity_formula_with_seeded_noise,synthetic_training_only
CLS-STA-034-2024-09-500,STA-034,sudirman,Sudirman,2024-09,500,2623,361900,24,23,10,4,15,89.07,38.87,9.61,43.33,120.76,Makanan,0.5,synthetic_opportunity_formula_with_seeded_noise,synthetic_training_only
CLS-STA-034-2024-10-750,STA-034,sudirman,Sudirman,2024-10,750,4016,384819,34,30,9,4,31,89.07,38.87,9.61,42.14,114.64,Makanan,0.5,synthetic_opportunity_formula_with_seeded_noise,synthetic_training_only
CLS-STA-034-2024-11-1000,STA-034,sudirman,Sudirman,2024-11,1000,4894,370091,50,36,16,6,31,89.07,38.87,9.61,37.36,140.74,Makanan,0.521,synthetic_opportunity_formula_with_seeded_noise,synthetic_training_only
CLS-STA-034-2024-12-500,STA-034,sudirman,Sudirman,2024-12,500,2429,326218,26,16,8,4,23,89.07,38.87,9.61,44.09,125.36,Minuman,0.522,synthetic_opportunity_formula_with_seeded_noise,synthetic_training_only
CLS-STA-034-2025-01-1000,STA-034,sudirman,Sudirman,2025-01,1000,4662,323384,43,33,14,6,35,89.07,38.87,9.61,47.76,115.76,Makanan,0.55,synthetic_opportunity_formula_with_seeded_noise,synthetic_training_only
CLS-STA-034-2025-02-500,STA-034,sudirman,Sudirman,2025-02,500,2475,353987,29,13,10,0,25,89.07,38.87,9.61,41.38,133.07,Minuman,0.621,synthetic_opportunity_formula_with_seeded_noise,synthetic_training_only
CLS-STA-034-2025-03-750,STA-034,sudirman,Sudirman,2025-03,750,3945,392242,35,30,16,4,28,89.07,38.87,9.61,42.3,128.76,Makanan,0.543,synthetic_opportunity_formula_with_seeded_noise,synthetic_training_only
CLS-STA-034-2025-04-1000,STA-034,sudirman,Sudirman,2025-04,1000,5203,367899,47,39,17,5,40,89.07,38.87,9.61,44.86,117.99,Makanan,0.577,synthetic_opportunity_formula_with_seeded_noise,synthetic_training_only
CLS-STA-034-2025-05-500,STA-034,sudirman,Sudirman,2025-05,500,2531,368342,20,15,10,3,19,89.07,38.87,9.61,44.06,127.09,Makanan,0.5,synthetic_opportunity_formula_with_seeded_noise,synthetic_training_only
CLS-STA-034-2025-06-750,STA-034,sudirman,Sudirman,2025-06,750,3180,320538,32,28,8,4,23,89.07,38.87,9.61,45.28,116.83,Makanan,0.528,synthetic_opportunity_formula_with_seeded_noise,synthetic_training_only
CLS-STA-034-2025-07-1000,STA-034,sudirman,Sudirman,2025-07,1000,4634,330122,50,39,14,6,33,89.07,38.87,9.61,44.57,115.67,Makanan,0.545,synthetic_opportunity_formula_with_seeded_noise,synthetic_training_only
CLS-STA-034-2025-08-500,STA-034,sudirman,Sudirman,2025-08,500,2309,345724,23,17,10,3,18,89.07,38.87,9.61,45.4,101.12,Makanan,0.519,synthetic_opportunity_formula_with_seeded_noise,synthetic_training_only
CLS-STA-034-2025-09-750,STA-034,sudirman,Sudirman,2025-09,750,4156,387934,46,27,11,5,22,89.07,38.87,9.61,43.63,124.47,Minuman,0.5,synthetic_opportunity_formula_with_seeded_noise,synthetic_training_only
CLS-STA-034-2025-10-1000,STA-034,sudirman,Sudirman,2025-10,1000,5555,391600,52,38,18,5,38,89.07,38.87,9.61,48.89,113.54,Makanan,0.529,synthetic_opportunity_formula_with_seeded_noise,synthetic_training_only
CLS-STA-034-2025-11-500,STA-034,sudirman,Sudirman,2025-11,500,2673,383003,26,20,7,4,20,89.07,38.87,9.61,38.65,130.91,Makanan,0.539,synthetic_opportunity_formula_with_seeded_noise,synthetic_training_only
CLS-STA-034-2025-12-750,STA-034,sudirman,Sudirman,2025-12,750,3388,324406,35,31,12,1,25,89.07,38.87,9.61,46.8,116.69,Makanan,0.578,synthetic_opportunity_formula_with_seeded_noise,synthetic_training_only
CLS-STA-035-2023-01-750,STA-035,matraman,Matraman,2023-01,750,1647,146483,25,18,10,3,17,74.96,42.62,2.0,50.72,114.88,Lainnya,0.546,synthetic_opportunity_formula_with_seeded_noise,synthetic_training_only
CLS-STA-035-2023-02-1000,STA-035,matraman,Matraman,2023-02,1000,2308,158628,31,23,11,1,31,74.96,42.62,2.0,45.98,109.24,Makanan,0.502,synthetic_opportunity_formula_with_seeded_noise,synthetic_training_only
CLS-STA-035-2023-03-500,STA-035,matraman,Matraman,2023-03,500,1287,166468,19,15,8,0,15,74.96,42.62,2.0,46.88,112.94,Makanan,0.538,synthetic_opportunity_formula_with_seeded_noise,synthetic_training_only
CLS-STA-035-2023-04-750,STA-035,matraman,Matraman,2023-04,750,1599,152485,21,18,9,0,17,74.96,42.62,2.0,41.98,125.63,Makanan,0.535,synthetic_opportunity_formula_with_seeded_noise,synthetic_training_only
CLS-STA-035-2023-05-1000,STA-035,matraman,Matraman,2023-05,1000,2483,172993,34,30,12,2,27,74.96,42.62,2.0,49.83,125.4,Makanan,0.536,synthetic_opportunity_formula_with_seeded_noise,synthetic_training_only
CLS-STA-035-2023-06-500,STA-035,matraman,Matraman,2023-06,500,916,132812,19,16,4,3,8,74.96,42.62,2.0,46.1,107.67,Lainnya,0.537,synthetic_opportunity_formula_with_seeded_noise,synthetic_training_only
CLS-STA-035-2023-07-750,STA-035,matraman,Matraman,2023-07,750,1700,153371,25,18,8,2,17,74.96,42.62,2.0,45.41,112.13,Makanan,0.5,synthetic_opportunity_formula_with_seeded_noise,synthetic_training_only
CLS-STA-035-2023-08-1000,STA-035,matraman,Matraman,2023-08,1000,2180,154619,34,25,15,1,26,74.96,42.62,2.0,46.72,101.85,Minuman,0.504,synthetic_opportunity_formula_with_seeded_noise,synthetic_training_only
CLS-STA-035-2023-09-500,STA-035,matraman,Matraman,2023-09,500,1137,168592,22,12,1,2,18,74.96,42.62,2.0,46.76,116.59,Hobi,0.5,synthetic_opportunity_formula_with_seeded_noise,synthetic_training_only
CLS-STA-035-2023-10-750,STA-035,matraman,Matraman,2023-10,750,1742,168079,20,30,11,1,25,74.96,42.62,2.0,46.54,117.84,Makanan,0.52,synthetic_opportunity_formula_with_seeded_noise,synthetic_training_only
CLS-STA-035-2023-11-1000,STA-035,matraman,Matraman,2023-11,1000,2299,165302,33,32,10,2,32,74.96,42.62,2.0,38.13,112.83,Makanan,0.53,synthetic_opportunity_formula_with_seeded_noise,synthetic_training_only
CLS-STA-035-2023-12-500,STA-035,matraman,Matraman,2023-12,500,1065,161966,14,13,6,1,16,74.96,42.62,2.0,47.32,116.31,Makanan,0.537,synthetic_opportunity_formula_with_seeded_noise,synthetic_training_only
CLS-STA-035-2024-01-1000,STA-035,matraman,Matraman,2024-01,1000,2251,160841,28,31,13,2,23,74.96,42.62,2.0,47.52,117.82,Makanan,0.55,synthetic_opportunity_formula_with_seeded_noise,synthetic_training_only
CLS-STA-035-2024-02-500,STA-035,matraman,Matraman,2024-02,500,1165,158447,17,14,7,0,14,74.96,42.62,2.0,47.92,104.86,Makanan,0.5,synthetic_opportunity_formula_with_seeded_noise,synthetic_training_only
CLS-STA-035-2024-03-750,STA-035,matraman,Matraman,2024-03,750,1792,174219,30,19,11,3,18,74.96,42.62,2.0,44.1,111.86,Minuman,0.527,synthetic_opportunity_formula_with_seeded_noise,synthetic_training_only
CLS-STA-035-2024-04-1000,STA-035,matraman,Matraman,2024-04,1000,2364,165864,32,28,14,3,23,74.96,42.62,2.0,45.17,118.32,Makanan,0.551,synthetic_opportunity_formula_with_seeded_noise,synthetic_training_only
CLS-STA-035-2024-05-500,STA-035,matraman,Matraman,2024-05,500,1284,172802,19,9,4,0,9,74.96,42.62,2.0,47.36,102.16,Minuman,0.509,synthetic_opportunity_formula_with_seeded_noise,synthetic_training_only
CLS-STA-035-2024-06-750,STA-035,matraman,Matraman,2024-06,750,1572,164878,22,20,4,2,21,74.96,42.62,2.0,42.81,126.2,Makanan,0.507,synthetic_opportunity_formula_with_seeded_noise,synthetic_training_only
CLS-STA-035-2024-07-1000,STA-035,matraman,Matraman,2024-07,1000,2200,154052,35,29,14,1,28,74.96,42.62,2.0,43.34,110.92,Makanan,0.543,synthetic_opportunity_formula_with_seeded_noise,synthetic_training_only
CLS-STA-035-2024-08-500,STA-035,matraman,Matraman,2024-08,500,1127,170508,15,12,7,1,19,74.96,42.62,2.0,45.34,120.16,Makanan,0.565,synthetic_opportunity_formula_with_seeded_noise,synthetic_training_only
CLS-STA-035-2024-09-750,STA-035,matraman,Matraman,2024-09,750,2025,184878,27,21,8,0,30,74.96,42.62,2.0,47.87,119.19,Makanan,0.5,synthetic_opportunity_formula_with_seeded_noise,synthetic_training_only
CLS-STA-035-2024-10-1000,STA-035,matraman,Matraman,2024-10,1000,2372,179475,35,27,13,0,24,74.96,42.62,2.0,47.48,100.05,Lainnya,0.524,synthetic_opportunity_formula_with_seeded_noise,synthetic_training_only
CLS-STA-035-2024-11-500,STA-035,matraman,Matraman,2024-11,500,1344,184649,21,11,4,1,11,74.96,42.62,2.0,44.36,117.15,Lainnya,0.5,synthetic_opportunity_formula_with_seeded_noise,synthetic_training_only
CLS-STA-035-2024-12-750,STA-035,matraman,Matraman,2024-12,750,1788,163697,21,20,8,5,22,74.96,42.62,2.0,48.78,115.38,Makanan,0.565,synthetic_opportunity_formula_with_seeded_noise,synthetic_training_only
CLS-STA-035-2025-01-500,STA-035,matraman,Matraman,2025-01,500,1094,167508,17,16,8,1,7,74.96,42.62,2.0,47.33,118.82,Lainnya,0.516,synthetic_opportunity_formula_with_seeded_noise,synthetic_training_only
CLS-STA-035-2025-02-750,STA-035,matraman,Matraman,2025-02,750,1775,165993,30,19,4,0,20,74.96,42.62,2.0,49.71,117.76,Minuman,0.557,synthetic_opportunity_formula_with_seeded_noise,synthetic_training_only
CLS-STA-035-2025-03-1000,STA-035,matraman,Matraman,2025-03,1000,2427,173838,30,28,14,0,17,74.96,42.62,2.0,46.38,101.89,Makanan,0.517,synthetic_opportunity_formula_with_seeded_noise,synthetic_training_only
CLS-STA-035-2025-04-500,STA-035,matraman,Matraman,2025-04,500,1156,153349,12,12,1,0,15,74.96,42.62,2.0,47.37,99.06,Makanan,0.5,synthetic_opportunity_formula_with_seeded_noise,synthetic_training_only
CLS-STA-035-2025-05-750,STA-035,matraman,Matraman,2025-05,750,1964,187637,22,22,8,1,23,74.96,42.62,2.0,43.57,103.97,Makanan,0.512,synthetic_opportunity_formula_with_seeded_noise,synthetic_training_only
CLS-STA-035-2025-06-1000,STA-035,matraman,Matraman,2025-06,1000,2468,179677,32,30,14,4,21,74.96,42.62,2.0,43.92,122.78,Makanan,0.543,synthetic_opportunity_formula_with_seeded_noise,synthetic_training_only
CLS-STA-035-2025-07-500,STA-035,matraman,Matraman,2025-07,500,1173,175042,18,16,4,0,17,74.96,42.62,2.0,45.85,111.17,Makanan,0.543,synthetic_opportunity_formula_with_seeded_noise,synthetic_training_only
CLS-STA-035-2025-08-750,STA-035,matraman,Matraman,2025-08,750,1932,182619,30,23,6,1,27,74.96,42.62,2.0,49.07,115.03,Makanan,0.515,synthetic_opportunity_formula_with_seeded_noise,synthetic_training_only
CLS-STA-035-2025-09-1000,STA-035,matraman,Matraman,2025-09,1000,2684,186879,30,25,14,0,18,74.96,42.62,2.0,47.49,114.36,Lainnya,0.5,synthetic_opportunity_formula_with_seeded_noise,synthetic_training_only
CLS-STA-035-2025-10-500,STA-035,matraman,Matraman,2025-10,500,1334,200656,21,13,5,0,18,74.96,42.62,2.0,43.54,107.11,Minuman,0.556,synthetic_opportunity_formula_with_seeded_noise,synthetic_training_only
CLS-STA-035-2025-11-750,STA-035,matraman,Matraman,2025-11,750,1879,187346,26,22,6,2,19,74.96,42.62,2.0,48.46,115.78,Lainnya,0.5,synthetic_opportunity_formula_with_seeded_noise,synthetic_training_only
CLS-STA-035-2025-12-1000,STA-035,matraman,Matraman,2025-12,1000,2615,175346,37,29,15,2,29,74.96,42.62,2.0,46.45,113.45,Makanan,0.514,synthetic_opportunity_formula_with_seeded_noise,synthetic_training_only
CLS-STA-036-2023-01-1000,STA-036,jatinegara,Jatinegara,2023-01,1000,9636,575560,66,46,21,6,49,88.62,47.91,18.77,83.52,116.33,Makanan,0.569,synthetic_opportunity_formula_with_seeded_noise,synthetic_training_only
CLS-STA-036-2023-02-500,STA-036,jatinegara,Jatinegara,2023-02,500,4806,614484,30,22,9,4,28,88.62,47.91,18.77,74.05,115.3,Makanan,0.568,synthetic_opportunity_formula_with_seeded_noise,synthetic_training_only
CLS-STA-036-2023-03-750,STA-036,jatinegara,Jatinegara,2023-03,750,7806,650480,45,35,15,8,31,88.62,47.91,18.77,77.21,132.97,Makanan,0.61,synthetic_opportunity_formula_with_seeded_noise,synthetic_training_only
CLS-STA-036-2023-04-1000,STA-036,jatinegara,Jatinegara,2023-04,1000,10355,630932,61,45,22,8,46,88.62,47.91,18.77,80.58,131.14,Makanan,0.647,synthetic_opportunity_formula_with_seeded_noise,synthetic_training_only
CLS-STA-036-2023-05-500,STA-036,jatinegara,Jatinegara,2023-05,500,5535,673317,31,26,10,2,19,88.62,47.91,18.77,78.38,125.46,Makanan,0.583,synthetic_opportunity_formula_with_seeded_noise,synthetic_training_only
CLS-STA-036-2023-06-750,STA-036,jatinegara,Jatinegara,2023-06,750,6941,568797,45,34,16,5,35,88.62,47.91,18.77,74.52,122.85,Makanan,0.582,synthetic_opportunity_formula_with_seeded_noise,synthetic_training_only
CLS-STA-036-2023-07-1000,STA-036,jatinegara,Jatinegara,2023-07,1000,10126,609907,61,47,20,8,52,88.62,47.91,18.77,81.28,129.35,Makanan,0.589,synthetic_opportunity_formula_with_seeded_noise,synthetic_training_only
CLS-STA-036-2023-08-500,STA-036,jatinegara,Jatinegara,2023-08,500,5252,651608,34,23,11,4,26,88.62,47.91,18.77,76.44,120.83,Makanan,0.573,synthetic_opportunity_formula_with_seeded_noise,synthetic_training_only
CLS-STA-036-2023-09-750,STA-036,jatinegara,Jatinegara,2023-09,750,7891,641682,56,41,15,6,37,88.62,47.91,18.77,79.93,136.64,Makanan,0.626,synthetic_opportunity_formula_with_seeded_noise,synthetic_training_only
CLS-STA-036-2023-10-1000,STA-036,jatinegara,Jatinegara,2023-10,1000,11275,691786,66,43,24,9,41,88.62,47.91,18.77,80.33,118.74,Makanan,0.554,synthetic_opportunity_formula_with_seeded_noise,synthetic_training_only
CLS-STA-036-2023-11-500,STA-036,jatinegara,Jatinegara,2023-11,500,6073,739183,37,25,11,4,27,88.62,47.91,18.77,77.75,131.98,Makanan,0.5,synthetic_opportunity_formula_with_seeded_noise,synthetic_training_only
CLS-STA-036-2023-12-750,STA-036,jatinegara,Jatinegara,2023-12,750,7915,640173,49,37,13,7,37,88.62,47.91,18.77,76.95,127.09,Makanan,0.5,synthetic_opportunity_formula_with_seeded_noise,synthetic_training_only
CLS-STA-036-2024-01-500,STA-036,jatinegara,Jatinegara,2024-01,500,5163,647506,33,24,14,3,34,88.62,47.91,18.77,76.23,142.47,Makanan,0.518,synthetic_opportunity_formula_with_seeded_noise,synthetic_training_only
CLS-STA-036-2024-02-750,STA-036,jatinegara,Jatinegara,2024-02,750,8178,653413,58,33,16,7,43,88.62,47.91,18.77,80.1,131.1,Makanan,0.5,synthetic_opportunity_formula_with_seeded_noise,synthetic_training_only
CLS-STA-036-2024-03-1000,STA-036,jatinegara,Jatinegara,2024-03,1000,11122,688812,64,49,23,9,41,88.62,47.91,18.77,74.17,126.63,Makanan,0.621,synthetic_opportunity_formula_with_seeded_noise,synthetic_training_only
CLS-STA-036-2024-04-500,STA-036,jatinegara,Jatinegara,2024-04,500,5490,676453,32,22,11,4,24,88.62,47.91,18.77,78.5,132.13,Makanan,0.529,synthetic_opportunity_formula_with_seeded_noise,synthetic_training_only
CLS-STA-036-2024-05-750,STA-036,jatinegara,Jatinegara,2024-05,750,9224,749679,51,31,17,7,39,88.62,47.91,18.77,78.42,137.85,Makanan,0.506,synthetic_opportunity_formula_with_seeded_noise,synthetic_training_only
CLS-STA-036-2024-06-1000,STA-036,jatinegara,Jatinegara,2024-06,1000,10742,648495,65,48,22,10,43,88.62,47.91,18.77,80.63,123.36,Makanan,0.562,synthetic_opportunity_formula_with_seeded_noise,synthetic_training_only
CLS-STA-036-2024-07-500,STA-036,jatinegara,Jatinegara,2024-07,500,5039,620809,30,26,12,2,23,88.62,47.91,18.77,76.25,116.43,Makanan,0.566,synthetic_opportunity_formula_with_seeded_noise,synthetic_training_only
CLS-STA-036-2024-08-750,STA-036,jatinegara,Jatinegara,2024-08,750,8057,666388,49,29,15,6,41,88.62,47.91,18.77,75.16,125.35,Makanan,0.507,synthetic_opportunity_formula_with_seeded_noise,synthetic_training_only
CLS-STA-036-2024-09-1000,STA-036,jatinegara,Jatinegara,2024-09,1000,11569,693132,64,50,20,7,49,88.62,47.91,18.77,79.38,136.89,Makanan,0.651,synthetic_opportunity_formula_with_seeded_noise,synthetic_training_only
CLS-STA-036-2024-10-500,STA-036,jatinegara,Jatinegara,2024-10,500,6193,735571,36,21,10,4,24,88.62,47.91,18.77,84.76,129.8,Makanan,0.532,synthetic_opportunity_formula_with_seeded_noise,synthetic_training_only
CLS-STA-036-2024-11-750,STA-036,jatinegara,Jatinegara,2024-11,750,8871,719780,50,39,16,5,30,88.62,47.91,18.77,78.87,126.12,Makanan,0.53,synthetic_opportunity_formula_with_seeded_noise,synthetic_training_only
CLS-STA-036-2024-12-1000,STA-036,jatinegara,Jatinegara,2024-12,1000,10583,650128,58,47,21,7,43,88.62,47.91,18.77,77.65,125.45,Makanan,0.598,synthetic_opportunity_formula_with_seeded_noise,synthetic_training_only
CLS-STA-036-2025-01-750,STA-036,jatinegara,Jatinegara,2025-01,750,8209,676662,48,32,17,6,38,88.62,47.91,18.77,77.12,136.69,Makanan,0.521,synthetic_opportunity_formula_with_seeded_noise,synthetic_training_only
CLS-STA-036-2025-02-1000,STA-036,jatinegara,Jatinegara,2025-02,1000,11464,711724,68,43,26,6,50,88.62,47.91,18.77,76.2,136.82,Makanan,0.572,synthetic_opportunity_formula_with_seeded_noise,synthetic_training_only
CLS-STA-036-2025-03-500,STA-036,jatinegara,Jatinegara,2025-03,500,5999,726571,34,24,10,5,30,88.62,47.91,18.77,81.92,134.88,Makanan,0.54,synthetic_opportunity_formula_with_seeded_noise,synthetic_training_only
CLS-STA-036-2025-04-750,STA-036,jatinegara,Jatinegara,2025-04,750,8459,687372,45,39,14,3,38,88.62,47.91,18.77,79.52,129.18,Makanan,0.635,synthetic_opportunity_formula_with_seeded_noise,synthetic_training_only
CLS-STA-036-2025-05-1000,STA-036,jatinegara,Jatinegara,2025-05,1000,11995,724990,68,50,21,7,48,88.62,47.91,18.77,83.64,144.57,Makanan,0.662,synthetic_opportunity_formula_with_seeded_noise,synthetic_training_only
CLS-STA-036-2025-06-500,STA-036,jatinegara,Jatinegara,2025-06,500,5306,648936,30,30,13,6,24,88.62,47.91,18.77,78.1,132.16,Makanan,0.596,synthetic_opportunity_formula_with_seeded_noise,synthetic_training_only
CLS-STA-036-2025-07-750,STA-036,jatinegara,Jatinegara,2025-07,750,8167,650596,47,25,19,4,45,88.62,47.91,18.77,81.52,130.81,Makanan,0.507,synthetic_opportunity_formula_with_seeded_noise,synthetic_training_only
CLS-STA-036-2025-08-1000,STA-036,jatinegara,Jatinegara,2025-08,1000,12303,755017,68,43,23,10,46,88.62,47.91,18.77,78.11,142.39,Makanan,0.56,synthetic_opportunity_formula_with_seeded_noise,synthetic_training_only
CLS-STA-036-2025-09-500,STA-036,jatinegara,Jatinegara,2025-09,500,6421,793959,32,22,13,5,22,88.62,47.91,18.77,78.79,124.55,Makanan,0.501,synthetic_opportunity_formula_with_seeded_noise,synthetic_training_only
CLS-STA-036-2025-10-750,STA-036,jatinegara,Jatinegara,2025-10,750,9317,762541,51,35,16,4,32,88.62,47.91,18.77,79.95,134.6,Makanan,0.588,synthetic_opportunity_formula_with_seeded_noise,synthetic_training_only
CLS-STA-036-2025-11-1000,STA-036,jatinegara,Jatinegara,2025-11,1000,13665,827163,67,51,25,9,53,88.62,47.91,18.77,81.74,136.51,Makanan,0.647,synthetic_opportunity_formula_with_seeded_noise,synthetic_training_only
CLS-STA-036-2025-12-500,STA-036,jatinegara,Jatinegara,2025-12,500,5597,685503,30,31,11,3,26,88.62,47.91,18.77,78.2,128.65,Makanan,0.574,synthetic_opportunity_formula_with_seeded_noise,synthetic_training_only
CLS-STA-037-2023-01-500,STA-037,klender,Klender,2023-01,500,2001,289176,18,17,9,4,16,55.83,46.73,9.89,44.68,119.32,Makanan,0.559,synthetic_opportunity_formula_with_seeded_noise,synthetic_training_only
CLS-STA-037-2023-02-750,STA-037,klender,Klender,2023-02,750,3205,298808,30,26,11,3,21,55.83,46.73,9.89,49.26,109.49,Makanan,0.506,synthetic_opportunity_formula_with_seeded_noise,synthetic_training_only
CLS-STA-037-2023-03-1000,STA-037,klender,Klender,2023-03,1000,4585,321659,42,33,12,5,26,55.83,46.73,9.89,45.14,122.66,Makanan,0.559,synthetic_opportunity_formula_with_seeded_noise,synthetic_training_only
CLS-STA-037-2023-04-500,STA-037,klender,Klender,2023-04,500,2393,335274,19,16,5,2,20,55.83,46.73,9.89,41.79,113.62,Makanan,0.575,synthetic_opportunity_formula_with_seeded_noise,synthetic_training_only
CLS-STA-037-2023-05-750,STA-037,klender,Klender,2023-05,750,3709,340754,31,25,15,1,26,55.83,46.73,9.89,45.13,112.31,Makanan,0.506,synthetic_opportunity_formula_with_seeded_noise,synthetic_training_only
CLS-STA-037-2023-06-1000,STA-037,klender,Klender,2023-06,1000,4190,304940,41,26,13,3,37,55.83,46.73,9.89,46.11,120.0,Makanan,0.5,synthetic_opportunity_formula_with_seeded_noise,synthetic_training_only
CLS-STA-037-2023-07-500,STA-037,klender,Klender,2023-07,500,2130,305352,24,16,6,2,14,55.83,46.73,9.89,45.76,115.57,Lainnya,0.563,synthetic_opportunity_formula_with_seeded_noise,synthetic_training_only
CLS-STA-037-2023-08-750,STA-037,klender,Klender,2023-08,750,3630,335543,27,22,10,2,26,55.83,46.73,9.89,49.04,119.74,Makanan,0.554,synthetic_opportunity_formula_with_seeded_noise,synthetic_training_only
CLS-STA-037-2023-09-1000,STA-037,klender,Klender,2023-09,1000,4867,338599,39,27,16,3,31,55.83,46.73,9.89,45.32,112.92,Makanan,0.501,synthetic_opportunity_formula_with_seeded_noise,synthetic_training_only
CLS-STA-037-2023-10-500,STA-037,klender,Klender,2023-10,500,2346,349155,27,16,10,1,20,55.83,46.73,9.89,45.4,110.56,Minuman,0.509,synthetic_opportunity_formula_with_seeded_noise,synthetic_training_only
CLS-STA-037-2023-11-750,STA-037,klender,Klender,2023-11,750,3538,347662,33,24,14,0,27,55.83,46.73,9.89,45.53,115.69,Makanan,0.55,synthetic_opportunity_formula_with_seeded_noise,synthetic_training_only
CLS-STA-037-2023-12-1000,STA-037,klender,Klender,2023-12,1000,4236,309098,44,30,21,5,37,55.83,46.73,9.89,41.12,102.51,Makanan,0.5,synthetic_opportunity_formula_with_seeded_noise,synthetic_training_only
CLS-STA-037-2024-01-750,STA-037,klender,Klender,2024-01,750,3319,310979,34,20,9,2,31,55.83,46.73,9.89,46.32,106.23,Minuman,0.528,synthetic_opportunity_formula_with_seeded_noise,synthetic_training_only
CLS-STA-037-2024-02-1000,STA-037,klender,Klender,2024-02,1000,4498,327411,42,29,19,5,41,55.83,46.73,9.89,47.3,115.65,Makanan,0.539,synthetic_opportunity_formula_with_seeded_noise,synthetic_training_only
CLS-STA-037-2024-03-500,STA-037,klender,Klender,2024-03,500,2474,343779,18,12,6,0,22,55.83,46.73,9.89,46.13,120.49,Makanan,0.544,synthetic_opportunity_formula_with_seeded_noise,synthetic_training_only
CLS-STA-037-2024-04-750,STA-037,klender,Klender,2024-04,750,3597,333887,29,22,15,5,27,55.83,46.73,9.89,46.63,110.8,Makanan,0.542,synthetic_opportunity_formula_with_seeded_noise,synthetic_training_only
CLS-STA-037-2024-05-1000,STA-037,klender,Klender,2024-05,1000,4966,356009,43,35,21,8,37,55.83,46.73,9.89,42.55,118.89,Makanan,0.572,synthetic_opportunity_formula_with_seeded_noise,synthetic_training_only
CLS-STA-037-2024-06-500,STA-037,klender,Klender,2024-06,500,2088,292108,19,12,8,2,22,55.83,46.73,9.89,45.82,113.91,Makanan,0.524,synthetic_opportunity_formula_with_seeded_noise,synthetic_training_only
CLS-STA-037-2024-07-750,STA-037,klender,Klender,2024-07,750,3209,298617,28,23,12,2,21,55.83,46.73,9.89,45.56,119.41,Makanan,0.511,synthetic_opportunity_formula_with_seeded_noise,synthetic_training_only
CLS-STA-037-2024-08-1000,STA-037,klender,Klender,2024-08,1000,4928,349619,40,30,19,5,35,55.83,46.73,9.89,46.32,108.63,Makanan,0.553,synthetic_opportunity_formula_with_seeded_noise,synthetic_training_only
CLS-STA-037-2024-09-500,STA-037,klender,Klender,2024-09,500,2394,344472,21,13,7,2,21,55.83,46.73,9.89,41.33,122.75,Makanan,0.523,synthetic_opportunity_formula_with_seeded_noise,synthetic_training_only
CLS-STA-037-2024-10-750,STA-037,klender,Klender,2024-10,750,4032,381266,30,23,12,5,21,55.83,46.73,9.89,44.91,117.15,Makanan,0.562,synthetic_opportunity_formula_with_seeded_noise,synthetic_training_only
CLS-STA-037-2024-11-1000,STA-037,klender,Klender,2024-11,1000,5426,391470,41,28,20,6,38,55.83,46.73,9.89,44.44,115.04,Makanan,0.536,synthetic_opportunity_formula_with_seeded_noise,synthetic_training_only
CLS-STA-037-2024-12-500,STA-037,klender,Klender,2024-12,500,2394,343480,21,8,9,2,16,55.83,46.73,9.89,43.13,115.56,Minuman,0.506,synthetic_opportunity_formula_with_seeded_noise,synthetic_training_only
CLS-STA-037-2025-01-1000,STA-037,klender,Klender,2025-01,1000,4460,327991,43,22,13,6,32,55.83,46.73,9.89,41.49,113.22,Minuman,0.55,synthetic_opportunity_formula_with_seeded_noise,synthetic_training_only
CLS-STA-037-2025-02-500,STA-037,klender,Klender,2025-02,500,2416,329075,24,20,9,3,14,55.83,46.73,9.89,48.23,117.51,Makanan,0.548,synthetic_opportunity_formula_with_seeded_noise,synthetic_training_only
CLS-STA-037-2025-03-750,STA-037,klender,Klender,2025-03,750,3461,329377,32,23,11,6,25,55.83,46.73,9.89,46.33,108.08,Makanan,0.502,synthetic_opportunity_formula_with_seeded_noise,synthetic_training_only
CLS-STA-037-2025-04-1000,STA-037,klender,Klender,2025-04,1000,5124,358762,43,34,20,5,37,55.83,46.73,9.89,49.4,110.38,Makanan,0.63,synthetic_opportunity_formula_with_seeded_noise,synthetic_training_only
CLS-STA-037-2025-05-500,STA-037,klender,Klender,2025-05,500,2722,386762,21,13,8,3,22,55.83,46.73,9.89,44.94,107.95,Makanan,0.503,synthetic_opportunity_formula_with_seeded_noise,synthetic_training_only
CLS-STA-037-2025-06-750,STA-037,klender,Klender,2025-06,750,3468,331790,31,25,14,5,30,55.83,46.73,9.89,41.94,104.53,Makanan,0.5,synthetic_opportunity_formula_with_seeded_noise,synthetic_training_only
CLS-STA-037-2025-07-1000,STA-037,klender,Klender,2025-07,1000,4815,329151,43,28,17,4,34,55.83,46.73,9.89,46.01,120.07,Makanan,0.505,synthetic_opportunity_formula_with_seeded_noise,synthetic_training_only
CLS-STA-037-2025-08-500,STA-037,klender,Klender,2025-08,500,2864,379719,21,9,7,2,18,55.83,46.73,9.89,48.12,123.72,Minuman,0.501,synthetic_opportunity_formula_with_seeded_noise,synthetic_training_only
CLS-STA-037-2025-09-750,STA-037,klender,Klender,2025-09,750,3736,359046,28,23,12,2,23,55.83,46.73,9.89,44.89,110.81,Makanan,0.565,synthetic_opportunity_formula_with_seeded_noise,synthetic_training_only
CLS-STA-037-2025-10-1000,STA-037,klender,Klender,2025-10,1000,5509,385590,46,32,16,6,38,55.83,46.73,9.89,48.45,110.97,Makanan,0.559,synthetic_opportunity_formula_with_seeded_noise,synthetic_training_only
CLS-STA-037-2025-11-500,STA-037,klender,Klender,2025-11,500,2782,402678,14,18,9,1,18,55.83,46.73,9.89,42.02,112.39,Makanan,0.581,synthetic_opportunity_formula_with_seeded_noise,synthetic_training_only
CLS-STA-037-2025-12-750,STA-037,klender,Klender,2025-12,750,3384,329124,30,23,12,5,35,55.83,46.73,9.89,45.54,114.51,Makanan,0.507,synthetic_opportunity_formula_with_seeded_noise,synthetic_training_only
CLS-STA-038-2023-01-750,STA-038,buaran,Buaran,2023-01,750,1650,150901,29,20,9,3,17,55.0,43.25,14.41,45.37,103.14,Lainnya,0.549,synthetic_opportunity_formula_with_seeded_noise,synthetic_training_only
CLS-STA-038-2023-02-1000,STA-038,buaran,Buaran,2023-02,1000,2002,151835,31,29,13,4,33,55.0,43.25,14.41,43.1,115.18,Makanan,0.565,synthetic_opportunity_formula_with_seeded_noise,synthetic_training_only
CLS-STA-038-2023-03-500,STA-038,buaran,Buaran,2023-03,500,1245,167700,16,15,4,2,13,55.0,43.25,14.41,43.88,103.83,Makanan,0.5,synthetic_opportunity_formula_with_seeded_noise,synthetic_training_only
CLS-STA-038-2023-04-750,STA-038,buaran,Buaran,2023-04,750,1813,154279,27,19,10,5,21,55.0,43.25,14.41,47.54,123.37,Makanan,0.5,synthetic_opportunity_formula_with_seeded_noise,synthetic_training_only
CLS-STA-038-2023-05-1000,STA-038,buaran,Buaran,2023-05,1000,2318,168341,32,17,12,5,22,55.0,43.25,14.41,42.41,115.43,Minuman,0.561,synthetic_opportunity_formula_with_seeded_noise,synthetic_training_only
CLS-STA-038-2023-06-500,STA-038,buaran,Buaran,2023-06,500,842,137911,15,10,7,1,15,55.0,43.25,14.41,42.77,106.82,Minuman,0.508,synthetic_opportunity_formula_with_seeded_noise,synthetic_training_only
CLS-STA-038-2023-07-750,STA-038,buaran,Buaran,2023-07,750,1569,152007,19,14,11,3,26,55.0,43.25,14.41,39.14,106.87,Makanan,0.5,synthetic_opportunity_formula_with_seeded_noise,synthetic_training_only
CLS-STA-038-2023-08-1000,STA-038,buaran,Buaran,2023-08,1000,2264,168487,38,27,14,5,23,55.0,43.25,14.41,47.88,109.22,Lainnya,0.5,synthetic_opportunity_formula_with_seeded_noise,synthetic_training_only
CLS-STA-038-2023-09-500,STA-038,buaran,Buaran,2023-09,500,1368,177901,15,7,6,2,12,55.0,43.25,14.41,48.24,109.26,Minuman,0.5,synthetic_opportunity_formula_with_seeded_noise,synthetic_training_only
CLS-STA-038-2023-10-750,STA-038,buaran,Buaran,2023-10,750,1664,155574,18,15,10,4,22,55.0,43.25,14.41,46.22,113.39,Makanan,0.536,synthetic_opportunity_formula_with_seeded_noise,synthetic_training_only
CLS-STA-038-2023-11-1000,STA-038,buaran,Buaran,2023-11,1000,2699,188893,36,25,12,5,24,55.0,43.25,14.41,46.32,114.03,Lainnya,0.528,synthetic_opportunity_formula_with_seeded_noise,synthetic_training_only
CLS-STA-038-2023-12-500,STA-038,buaran,Buaran,2023-12,500,1022,153915,16,12,7,2,15,55.0,43.25,14.41,43.67,108.79,Lainnya,0.5,synthetic_opportunity_formula_with_seeded_noise,synthetic_training_only
CLS-STA-038-2024-01-1000,STA-038,buaran,Buaran,2024-01,1000,2307,153813,38,25,14,4,19,55.0,43.25,14.41,44.67,117.53,Lainnya,0.546,synthetic_opportunity_formula_with_seeded_noise,synthetic_training_only
CLS-STA-038-2024-02-500,STA-038,buaran,Buaran,2024-02,500,1201,169868,15,16,8,3,13,55.0,43.25,14.41,47.57,108.22,Makanan,0.571,synthetic_opportunity_formula_with_seeded_noise,synthetic_training_only
CLS-STA-038-2024-03-750,STA-038,buaran,Buaran,2024-03,750,1963,173400,30,26,10,7,27,55.0,43.25,14.41,46.05,106.34,Makanan,0.519,synthetic_opportunity_formula_with_seeded_noise,synthetic_training_only
CLS-STA-038-2024-04-1000,STA-038,buaran,Buaran,2024-04,1000,2091,161548,28,21,17,4,22,55.0,43.25,14.41,39.81,118.81,Makanan,0.5,synthetic_opportunity_formula_with_seeded_noise,synthetic_training_only
CLS-STA-038-2024-05-500,STA-038,buaran,Buaran,2024-05,500,1202,173190,17,9,7,1,9,55.0,43.25,14.41,48.98,118.91,Minuman,0.5,synthetic_opportunity_formula_with_seeded_noise,synthetic_training_only
CLS-STA-038-2024-06-750,STA-038,buaran,Buaran,2024-06,750,1676,156666,25,17,7,4,18,55.0,43.25,14.41,44.36,119.1,Minuman,0.5,synthetic_opportunity_formula_with_seeded_noise,synthetic_training_only
CLS-STA-038-2024-07-1000,STA-038,buaran,Buaran,2024-07,1000,2156,152729,32,24,12,4,26,55.0,43.25,14.41,43.39,102.48,Makanan,0.537,synthetic_opportunity_formula_with_seeded_noise,synthetic_training_only
CLS-STA-038-2024-08-500,STA-038,buaran,Buaran,2024-08,500,1162,177021,13,15,8,1,15,55.0,43.25,14.41,45.83,99.69,Makanan,0.572,synthetic_opportunity_formula_with_seeded_noise,synthetic_training_only
CLS-STA-038-2024-09-750,STA-038,buaran,Buaran,2024-09,750,1954,182156,27,16,12,3,25,55.0,43.25,14.41,45.27,116.76,Minuman,0.521,synthetic_opportunity_formula_with_seeded_noise,synthetic_training_only
CLS-STA-038-2024-10-1000,STA-038,buaran,Buaran,2024-10,1000,2707,186188,27,24,11,4,30,55.0,43.25,14.41,47.55,121.16,Makanan,0.545,synthetic_opportunity_formula_with_seeded_noise,synthetic_training_only
CLS-STA-038-2024-11-500,STA-038,buaran,Buaran,2024-11,500,1256,187665,22,7,5,1,12,55.0,43.25,14.41,42.34,112.88,Minuman,0.5,synthetic_opportunity_formula_with_seeded_noise,synthetic_training_only
CLS-STA-038-2024-12-750,STA-038,buaran,Buaran,2024-12,750,1878,171555,23,18,7,4,23,55.0,43.25,14.41,46.67,104.31,Makanan,0.5,synthetic_opportunity_formula_with_seeded_noise,synthetic_training_only
CLS-STA-038-2025-01-500,STA-038,buaran,Buaran,2025-01,500,1271,166063,15,11,8,2,11,55.0,43.25,14.41,46.62,123.15,Makanan,0.506,synthetic_opportunity_formula_with_seeded_noise,synthetic_training_only
CLS-STA-038-2025-02-750,STA-038,buaran,Buaran,2025-02,750,1771,160403,23,20,10,5,22,55.0,43.25,14.41,50.15,108.62,Makanan,0.501,synthetic_opportunity_formula_with_seeded_noise,synthetic_training_only
CLS-STA-038-2025-03-1000,STA-038,buaran,Buaran,2025-03,1000,2510,185775,32,23,14,5,23,55.0,43.25,14.41,41.67,112.41,Makanan,0.5,synthetic_opportunity_formula_with_seeded_noise,synthetic_training_only
CLS-STA-038-2025-04-500,STA-038,buaran,Buaran,2025-04,500,1328,173007,12,12,7,5,12,55.0,43.25,14.41,45.48,109.83,Makanan,0.529,synthetic_opportunity_formula_with_seeded_noise,synthetic_training_only
CLS-STA-038-2025-05-750,STA-038,buaran,Buaran,2025-05,750,1893,175708,20,19,10,0,12,55.0,43.25,14.41,46.42,104.3,Makanan,0.528,synthetic_opportunity_formula_with_seeded_noise,synthetic_training_only
CLS-STA-038-2025-06-1000,STA-038,buaran,Buaran,2025-06,1000,2378,175600,33,25,15,3,22,55.0,43.25,14.41,46.1,109.04,Makanan,0.543,synthetic_opportunity_formula_with_seeded_noise,synthetic_training_only
CLS-STA-038-2025-07-500,STA-038,buaran,Buaran,2025-07,500,1051,159313,14,12,9,1,15,55.0,43.25,14.41,43.79,103.91,Makanan,0.543,synthetic_opportunity_formula_with_seeded_noise,synthetic_training_only
CLS-STA-038-2025-08-750,STA-038,buaran,Buaran,2025-08,750,1805,179991,25,12,6,3,18,55.0,43.25,14.41,43.83,114.73,Minuman,0.533,synthetic_opportunity_formula_with_seeded_noise,synthetic_training_only
CLS-STA-038-2025-09-1000,STA-038,buaran,Buaran,2025-09,1000,2825,193028,33,18,13,5,30,55.0,43.25,14.41,46.2,103.07,Minuman,0.531,synthetic_opportunity_formula_with_seeded_noise,synthetic_training_only
CLS-STA-038-2025-10-500,STA-038,buaran,Buaran,2025-10,500,1398,206012,19,11,8,3,17,55.0,43.25,14.41,44.11,113.75,Minuman,0.534,synthetic_opportunity_formula_with_seeded_noise,synthetic_training_only
CLS-STA-038-2025-11-750,STA-038,buaran,Buaran,2025-11,750,1902,187210,25,27,12,0,15,55.0,43.25,14.41,45.83,125.72,Lainnya,0.532,synthetic_opportunity_formula_with_seeded_noise,synthetic_training_only
CLS-STA-038-2025-12-1000,STA-038,buaran,Buaran,2025-12,1000,2508,173682,31,23,11,6,32,55.0,43.25,14.41,47.13,110.03,Makanan,0.5,synthetic_opportunity_formula_with_seeded_noise,synthetic_training_only
CLS-STA-039-2023-01-1000,STA-039,klenderbaru,Klender Baru,2023-01,1000,1058,71462,23,28,13,7,19,73.44,48.7,29.21,45.55,105.76,Makanan,0.5,synthetic_opportunity_formula_with_seeded_noise,synthetic_training_only
CLS-STA-039-2023-02-500,STA-039,klenderbaru,Klender Baru,2023-02,500,565,67768,19,9,6,1,12,73.44,48.7,29.21,45.56,97.6,Minuman,0.518,synthetic_opportunity_formula_with_seeded_noise,synthetic_training_only
CLS-STA-039-2023-03-750,STA-039,klenderbaru,Klender Baru,2023-03,750,857,77895,17,20,9,3,17,73.44,48.7,29.21,45.66,111.7,Makanan,0.572,synthetic_opportunity_formula_with_seeded_noise,synthetic_training_only
CLS-STA-039-2023-04-1000,STA-039,klenderbaru,Klender Baru,2023-04,1000,922,69186,30,22,14,6,21,73.44,48.7,29.21,45.51,108.89,Minuman,0.5,synthetic_opportunity_formula_with_seeded_noise,synthetic_training_only
CLS-STA-039-2023-05-500,STA-039,klenderbaru,Klender Baru,2023-05,500,536,76359,14,13,8,3,18,73.44,48.7,29.21,44.2,103.82,Makanan,0.5,synthetic_opportunity_formula_with_seeded_noise,synthetic_training_only
CLS-STA-039-2023-06-750,STA-039,klenderbaru,Klender Baru,2023-06,750,639,75304,22,18,12,5,16,73.44,48.7,29.21,42.43,106.54,Minuman,0.524,synthetic_opportunity_formula_with_seeded_noise,synthetic_training_only
CLS-STA-039-2023-07-1000,STA-039,klenderbaru,Klender Baru,2023-07,1000,835,67906,27,31,14,9,17,73.44,48.7,29.21,45.27,105.2,Lainnya,0.56,synthetic_opportunity_formula_with_seeded_noise,synthetic_training_only
CLS-STA-039-2023-08-500,STA-039,klenderbaru,Klender Baru,2023-08,500,544,78227,9,9,6,3,3,73.44,48.7,29.21,44.81,113.99,Lainnya,0.553,synthetic_opportunity_formula_with_seeded_noise,synthetic_training_only
CLS-STA-039-2023-09-750,STA-039,klenderbaru,Klender Baru,2023-09,750,904,82612,16,23,13,6,19,73.44,48.7,29.21,47.42,96.42,Makanan,0.539,synthetic_opportunity_formula_with_seeded_noise,synthetic_training_only
CLS-STA-039-2023-10-1000,STA-039,klenderbaru,Klender Baru,2023-10,1000,1187,83742,28,21,15,4,18,73.44,48.7,29.21,46.18,106.35,Lainnya,0.5,synthetic_opportunity_formula_with_seeded_noise,synthetic_training_only
CLS-STA-039-2023-11-500,STA-039,klenderbaru,Klender Baru,2023-11,500,716,81843,11,14,10,1,10,73.44,48.7,29.21,46.19,98.56,Makanan,0.513,synthetic_opportunity_formula_with_seeded_noise,synthetic_training_only
CLS-STA-039-2023-12-750,STA-039,klenderbaru,Klender Baru,2023-12,750,675,73284,21,17,10,5,15,73.44,48.7,29.21,44.9,98.05,Lainnya,0.552,synthetic_opportunity_formula_with_seeded_noise,synthetic_training_only
CLS-STA-039-2024-01-500,STA-039,klenderbaru,Klender Baru,2024-01,500,451,75147,18,13,7,4,15,73.44,48.7,29.21,47.97,126.91,Hobi,0.5,synthetic_opportunity_formula_with_seeded_noise,synthetic_training_only
CLS-STA-039-2024-02-750,STA-039,klenderbaru,Klender Baru,2024-02,750,818,70367,23,18,10,7,20,73.44,48.7,29.21,45.62,112.88,Minuman,0.54,synthetic_opportunity_formula_with_seeded_noise,synthetic_training_only
CLS-STA-039-2024-03-1000,STA-039,klenderbaru,Klender Baru,2024-03,1000,1111,72224,27,27,16,5,19,73.44,48.7,29.21,42.97,108.36,Makanan,0.544,synthetic_opportunity_formula_with_seeded_noise,synthetic_training_only
CLS-STA-039-2024-04-500,STA-039,klenderbaru,Klender Baru,2024-04,500,552,79275,13,19,7,3,13,73.44,48.7,29.21,42.64,110.43,Makanan,0.515,synthetic_opportunity_formula_with_seeded_noise,synthetic_training_only
CLS-STA-039-2024-05-750,STA-039,klenderbaru,Klender Baru,2024-05,750,907,78325,19,18,13,5,14,73.44,48.7,29.21,48.62,109.88,Makanan,0.509,synthetic_opportunity_formula_with_seeded_noise,synthetic_training_only
CLS-STA-039-2024-06-1000,STA-039,klenderbaru,Klender Baru,2024-06,1000,1020,73341,27,22,13,8,25,73.44,48.7,29.21,47.18,128.21,Minuman,0.531,synthetic_opportunity_formula_with_seeded_noise,synthetic_training_only
CLS-STA-039-2024-07-500,STA-039,klenderbaru,Klender Baru,2024-07,500,521,69009,15,12,10,5,11,73.44,48.7,29.21,48.22,110.28,Minuman,0.5,synthetic_opportunity_formula_with_seeded_noise,synthetic_training_only
CLS-STA-039-2024-08-750,STA-039,klenderbaru,Klender Baru,2024-08,750,913,76136,18,17,12,5,12,73.44,48.7,29.21,51.78,106.74,Lainnya,0.5,synthetic_opportunity_formula_with_seeded_noise,synthetic_training_only
CLS-STA-039-2024-09-1000,STA-039,klenderbaru,Klender Baru,2024-09,1000,1169,86293,35,24,15,8,22,73.44,48.7,29.21,47.95,114.69,Lainnya,0.534,synthetic_opportunity_formula_with_seeded_noise,synthetic_training_only
CLS-STA-039-2024-10-500,STA-039,klenderbaru,Klender Baru,2024-10,500,680,89515,13,15,6,4,9,73.44,48.7,29.21,48.27,105.93,Lainnya,0.507,synthetic_opportunity_formula_with_seeded_noise,synthetic_training_only
CLS-STA-039-2024-11-750,STA-039,klenderbaru,Klender Baru,2024-11,750,882,84088,14,19,10,3,23,73.44,48.7,29.21,46.56,103.1,Makanan,0.552,synthetic_opportunity_formula_with_seeded_noise,synthetic_training_only
CLS-STA-039-2024-12-1000,STA-039,klenderbaru,Klender Baru,2024-12,1000,963,68499,34,26,17,7,19,73.44,48.7,29.21,49.5,105.69,Lainnya,0.592,synthetic_opportunity_formula_with_seeded_noise,synthetic_training_only
CLS-STA-039-2025-01-750,STA-039,klenderbaru,Klender Baru,2025-01,750,865,77910,20,13,14,5,12,73.44,48.7,29.21,45.59,103.75,Minuman,0.524,synthetic_opportunity_formula_with_seeded_noise,synthetic_training_only
CLS-STA-039-2025-02-1000,STA-039,klenderbaru,Klender Baru,2025-02,1000,1209,81344,30,31,12,8,21,73.44,48.7,29.21,52.07,115.26,Lainnya,0.509,synthetic_opportunity_formula_with_seeded_noise,synthetic_training_only
CLS-STA-039-2025-03-500,STA-039,klenderbaru,Klender Baru,2025-03,500,522,85708,14,10,6,5,9,73.44,48.7,29.21,46.56,107.85,Minuman,0.5,synthetic_opportunity_formula_with_seeded_noise,synthetic_training_only
CLS-STA-039-2025-04-750,STA-039,klenderbaru,Klender Baru,2025-04,750,850,79665,24,18,9,7,13,73.44,48.7,29.21,41.51,115.02,Minuman,0.5,synthetic_opportunity_formula_with_seeded_noise,synthetic_training_only
CLS-STA-039-2025-05-1000,STA-039,klenderbaru,Klender Baru,2025-05,1000,1260,84758,28,24,13,7,20,73.44,48.7,29.21,44.84,111.59,Makanan,0.5,synthetic_opportunity_formula_with_seeded_noise,synthetic_training_only
CLS-STA-039-2025-06-500,STA-039,klenderbaru,Klender Baru,2025-06,500,553,78568,17,13,6,4,17,73.44,48.7,29.21,47.46,113.26,Minuman,0.5,synthetic_opportunity_formula_with_seeded_noise,synthetic_training_only
CLS-STA-039-2025-07-750,STA-039,klenderbaru,Klender Baru,2025-07,750,726,73311,26,16,9,6,14,73.44,48.7,29.21,43.25,98.23,Minuman,0.5,synthetic_opportunity_formula_with_seeded_noise,synthetic_training_only
CLS-STA-039-2025-08-1000,STA-039,klenderbaru,Klender Baru,2025-08,1000,1115,76665,27,29,15,9,27,73.44,48.7,29.21,47.03,99.15,Makanan,0.548,synthetic_opportunity_formula_with_seeded_noise,synthetic_training_only
CLS-STA-039-2025-09-500,STA-039,klenderbaru,Klender Baru,2025-09,500,618,90923,17,15,11,4,14,73.44,48.7,29.21,48.48,115.46,Lainnya,0.509,synthetic_opportunity_formula_with_seeded_noise,synthetic_training_only
CLS-STA-039-2025-10-750,STA-039,klenderbaru,Klender Baru,2025-10,750,977,95239,23,27,10,5,23,73.44,48.7,29.21,46.7,103.2,Hobi,0.5,synthetic_opportunity_formula_with_seeded_noise,synthetic_training_only
CLS-STA-039-2025-11-1000,STA-039,klenderbaru,Klender Baru,2025-11,1000,1147,82457,28,25,15,5,27,73.44,48.7,29.21,48.57,114.04,Toko Buku,0.5,synthetic_opportunity_formula_with_seeded_noise,synthetic_training_only
CLS-STA-039-2025-12-500,STA-039,klenderbaru,Klender Baru,2025-12,500,485,77586,17,15,8,2,7,73.44,48.7,29.21,43.39,115.83,Lainnya,0.519,synthetic_opportunity_formula_with_seeded_noise,synthetic_training_only
CLS-STA-040-2023-01-500,STA-040,cakung,Cakung,2023-01,500,1139,160730,16,12,8,1,14,46.98,53.4,2.32,43.09,104.66,Makanan,0.5,synthetic_opportunity_formula_with_seeded_noise,synthetic_training_only
CLS-STA-040-2023-02-750,STA-040,cakung,Cakung,2023-02,750,1543,151171,27,21,11,0,25,46.98,53.4,2.32,44.16,114.36,Makanan,0.506,synthetic_opportunity_formula_with_seeded_noise,synthetic_training_only
CLS-STA-040-2023-03-1000,STA-040,cakung,Cakung,2023-03,1000,2378,164236,36,21,15,2,25,46.98,53.4,2.32,44.38,114.38,Minuman,0.507,synthetic_opportunity_formula_with_seeded_noise,synthetic_training_only
CLS-STA-040-2023-04-500,STA-040,cakung,Cakung,2023-04,500,1166,161284,20,7,6,1,19,46.98,53.4,2.32,40.85,109.22,Minuman,0.569,synthetic_opportunity_formula_with_seeded_noise,synthetic_training_only
CLS-STA-040-2023-05-750,STA-040,cakung,Cakung,2023-05,750,1912,175234,29,25,14,4,23,46.98,53.4,2.32,37.16,116.49,Makanan,0.5,synthetic_opportunity_formula_with_seeded_noise,synthetic_training_only
CLS-STA-040-2023-06-1000,STA-040,cakung,Cakung,2023-06,1000,2170,157008,34,21,13,1,29,46.98,53.4,2.32,40.86,112.54,Minuman,0.506,synthetic_opportunity_formula_with_seeded_noise,synthetic_training_only
CLS-STA-040-2023-07-500,STA-040,cakung,Cakung,2023-07,500,967,150379,19,11,7,1,19,46.98,53.4,2.32,42.03,106.34,Minuman,0.5,synthetic_opportunity_formula_with_seeded_noise,synthetic_training_only
CLS-STA-040-2023-08-750,STA-040,cakung,Cakung,2023-08,750,1717,158586,29,16,13,1,22,46.98,53.4,2.32,44.89,100.22,Minuman,0.5,synthetic_opportunity_formula_with_seeded_noise,synthetic_training_only
CLS-STA-040-2023-09-1000,STA-040,cakung,Cakung,2023-09,1000,2445,182249,38,23,14,0,28,46.98,53.4,2.32,41.74,108.48,Minuman,0.5,synthetic_opportunity_formula_with_seeded_noise,synthetic_training_only
CLS-STA-040-2023-10-500,STA-040,cakung,Cakung,2023-10,500,1068,167891,22,19,6,0,17,46.98,53.4,2.32,40.57,110.7,Hobi,0.5,synthetic_opportunity_formula_with_seeded_noise,synthetic_training_only
CLS-STA-040-2023-11-750,STA-040,cakung,Cakung,2023-11,750,1712,176441,29,15,16,2,22,46.98,53.4,2.32,44.34,103.62,Minuman,0.5,synthetic_opportunity_formula_with_seeded_noise,synthetic_training_only
CLS-STA-040-2023-12-1000,STA-040,cakung,Cakung,2023-12,1000,2074,150109,35,24,14,1,31,46.98,53.4,2.32,44.34,105.34,Makanan,0.5,synthetic_opportunity_formula_with_seeded_noise,synthetic_training_only
CLS-STA-040-2024-01-750,STA-040,cakung,Cakung,2024-01,750,1619,151748,26,15,9,3,19,46.98,53.4,2.32,42.43,109.09,Minuman,0.5,synthetic_opportunity_formula_with_seeded_noise,synthetic_training_only
CLS-STA-040-2024-02-1000,STA-040,cakung,Cakung,2024-02,1000,2257,162821,31,25,13,1,30,46.98,53.4,2.32,42.52,99.27,Makanan,0.553,synthetic_opportunity_formula_with_seeded_noise,synthetic_training_only
CLS-STA-040-2024-03-500,STA-040,cakung,Cakung,2024-03,500,1180,162178,20,17,10,2,16,46.98,53.4,2.32,43.64,109.97,Makanan,0.513,synthetic_opportunity_formula_with_seeded_noise,synthetic_training_only
CLS-STA-040-2024-04-750,STA-040,cakung,Cakung,2024-04,750,1753,164957,29,17,11,4,27,46.98,53.4,2.32,42.13,121.83,Minuman,0.5,synthetic_opportunity_formula_with_seeded_noise,synthetic_training_only
CLS-STA-040-2024-05-1000,STA-040,cakung,Cakung,2024-05,1000,2279,177438,34,18,11,1,31,46.98,53.4,2.32,39.3,102.01,Minuman,0.5,synthetic_opportunity_formula_with_seeded_noise,synthetic_training_only
CLS-STA-040-2024-06-500,STA-040,cakung,Cakung,2024-06,500,1149,162260,16,14,9,1,17,46.98,53.4,2.32,44.5,120.18,Makanan,0.547,synthetic_opportunity_formula_with_seeded_noise,synthetic_training_only
CLS-STA-040-2024-07-750,STA-040,cakung,Cakung,2024-07,750,1716,155880,34,19,13,1,19,46.98,53.4,2.32,42.58,117.38,Lainnya,0.517,synthetic_opportunity_formula_with_seeded_noise,synthetic_training_only
CLS-STA-040-2024-08-1000,STA-040,cakung,Cakung,2024-08,1000,2309,168979,34,20,17,1,25,46.98,53.4,2.32,39.18,113.76,Minuman,0.524,synthetic_opportunity_formula_with_seeded_noise,synthetic_training_only
CLS-STA-040-2024-09-500,STA-040,cakung,Cakung,2024-09,500,1249,189657,17,13,7,2,8,46.98,53.4,2.32,40.65,106.43,Lainnya,0.508,synthetic_opportunity_formula_with_seeded_noise,synthetic_training_only
CLS-STA-040-2024-10-750,STA-040,cakung,Cakung,2024-10,750,1948,184985,25,17,10,3,20,46.98,53.4,2.32,38.51,112.42,Makanan,0.52,synthetic_opportunity_formula_with_seeded_noise,synthetic_training_only
CLS-STA-040-2024-11-1000,STA-040,cakung,Cakung,2024-11,1000,2513,184240,31,23,15,1,25,46.98,53.4,2.32,39.33,109.85,Makanan,0.564,synthetic_opportunity_formula_with_seeded_noise,synthetic_training_only
CLS-STA-040-2024-12-500,STA-040,cakung,Cakung,2024-12,500,1094,157643,18,11,9,0,17,46.98,53.4,2.32,41.24,98.21,Makanan,0.536,synthetic_opportunity_formula_with_seeded_noise,synthetic_training_only
CLS-STA-040-2025-01-1000,STA-040,cakung,Cakung,2025-01,1000,2161,168201,28,20,13,2,22,46.98,53.4,2.32,38.05,116.1,Makanan,0.5,synthetic_opportunity_formula_with_seeded_noise,synthetic_training_only
CLS-STA-040-2025-02-500,STA-040,cakung,Cakung,2025-02,500,1371,183565,21,10,6,3,9,46.98,53.4,2.32,44.56,113.22,Lainnya,0.5,synthetic_opportunity_formula_with_seeded_noise,synthetic_training_only
CLS-STA-040-2025-03-750,STA-040,cakung,Cakung,2025-03,750,1949,182525,28,14,12,3,19,46.98,53.4,2.32,44.12,101.93,Minuman,0.5,synthetic_opportunity_formula_with_seeded_noise,synthetic_training_only
CLS-STA-040-2025-04-1000,STA-040,cakung,Cakung,2025-04,1000,2261,168209,33,26,14,6,27,46.98,53.4,2.32,37.53,108.25,Makanan,0.5,synthetic_opportunity_formula_with_seeded_noise,synthetic_training_only
CLS-STA-040-2025-05-500,STA-040,cakung,Cakung,2025-05,500,1346,186470,15,10,5,0,14,46.98,53.4,2.32,38.19,100.09,Makanan,0.565,synthetic_opportunity_formula_with_seeded_noise,synthetic_training_only
CLS-STA-040-2025-06-750,STA-040,cakung,Cakung,2025-06,750,1836,177010,25,18,13,1,19,46.98,53.4,2.32,37.52,110.64,Makanan,0.521,synthetic_opportunity_formula_with_seeded_noise,synthetic_training_only
CLS-STA-040-2025-07-1000,STA-040,cakung,Cakung,2025-07,1000,2178,159895,35,27,16,4,28,46.98,53.4,2.32,43.55,118.37,Makanan,0.5,synthetic_opportunity_formula_with_seeded_noise,synthetic_training_only
CLS-STA-040-2025-08-500,STA-040,cakung,Cakung,2025-08,500,1304,180074,14,14,7,0,14,46.98,53.4,2.32,42.7,110.43,Makanan,0.522,synthetic_opportunity_formula_with_seeded_noise,synthetic_training_only
CLS-STA-040-2025-09-750,STA-040,cakung,Cakung,2025-09,750,2005,187794,28,22,10,1,25,46.98,53.4,2.32,41.28,96.92,Makanan,0.513,synthetic_opportunity_formula_with_seeded_noise,synthetic_training_only
CLS-STA-040-2025-10-1000,STA-040,cakung,Cakung,2025-10,1000,2653,189452,36,23,11,4,30,46.98,53.4,2.32,41.37,109.4,Minuman,0.5,synthetic_opportunity_formula_with_seeded_noise,synthetic_training_only
CLS-STA-040-2025-11-500,STA-040,cakung,Cakung,2025-11,500,1439,196097,22,9,9,0,13,46.98,53.4,2.32,42.13,109.9,Lainnya,0.5,synthetic_opportunity_formula_with_seeded_noise,synthetic_training_only
CLS-STA-040-2025-12-750,STA-040,cakung,Cakung,2025-12,750,1875,184514,27,20,9,2,20,46.98,53.4,2.32,38.45,116.38,Lainnya,0.521,synthetic_opportunity_formula_with_seeded_noise,synthetic_training_only
CLS-STA-041-2023-01-750,STA-041,kranji,Kranji,2023-01,750,3061,292514,33,29,14,4,19,75.98,57.06,2.0,43.15,109.75,Makanan,0.553,synthetic_opportunity_formula_with_seeded_noise,synthetic_training_only
CLS-STA-041-2023-02-1000,STA-041,kranji,Kranji,2023-02,1000,4221,307027,47,30,16,4,28,75.98,57.06,2.0,39.22,102.65,Makanan,0.509,synthetic_opportunity_formula_with_seeded_noise,synthetic_training_only
CLS-STA-041-2023-03-500,STA-041,kranji,Kranji,2023-03,500,2219,330040,18,13,10,1,20,75.98,57.06,2.0,40.28,104.63,Makanan,0.559,synthetic_opportunity_formula_with_seeded_noise,synthetic_training_only
CLS-STA-041-2023-04-750,STA-041,kranji,Kranji,2023-04,750,3249,314783,29,31,12,0,25,75.98,57.06,2.0,40.38,120.54,Makanan,0.614,synthetic_opportunity_formula_with_seeded_noise,synthetic_training_only
CLS-STA-041-2023-05-1000,STA-041,kranji,Kranji,2023-05,1000,5088,357291,41,37,16,3,37,75.98,57.06,2.0,41.94,106.88,Makanan,0.563,synthetic_opportunity_formula_with_seeded_noise,synthetic_training_only
CLS-STA-041-2023-06-500,STA-041,kranji,Kranji,2023-06,500,2126,305222,22,14,11,0,12,75.98,57.06,2.0,42.31,103.83,Makanan,0.532,synthetic_opportunity_formula_with_seeded_noise,synthetic_training_only
CLS-STA-041-2023-07-750,STA-041,kranji,Kranji,2023-07,750,2982,290402,34,24,11,1,17,75.98,57.06,2.0,40.22,100.86,Makanan,0.507,synthetic_opportunity_formula_with_seeded_noise,synthetic_training_only
CLS-STA-041-2023-08-1000,STA-041,kranji,Kranji,2023-08,1000,4725,345186,44,36,15,4,30,75.98,57.06,2.0,42.1,111.33,Makanan,0.592,synthetic_opportunity_formula_with_seeded_noise,synthetic_training_only
CLS-STA-041-2023-09-500,STA-041,kranji,Kranji,2023-09,500,2528,358423,20,19,11,1,13,75.98,57.06,2.0,41.68,90.54,Makanan,0.539,synthetic_opportunity_formula_with_seeded_noise,synthetic_training_only
CLS-STA-041-2023-10-750,STA-041,kranji,Kranji,2023-10,750,3592,334639,35,22,11,3,17,75.98,57.06,2.0,44.87,110.12,Makanan,0.5,synthetic_opportunity_formula_with_seeded_noise,synthetic_training_only
CLS-STA-041-2023-11-1000,STA-041,kranji,Kranji,2023-11,1000,5045,356993,47,27,15,5,23,75.98,57.06,2.0,40.31,102.01,Minuman,0.538,synthetic_opportunity_formula_with_seeded_noise,synthetic_training_only
CLS-STA-041-2023-12-500,STA-041,kranji,Kranji,2023-12,500,2203,318241,21,15,11,1,19,75.98,57.06,2.0,44.98,103.39,Makanan,0.538,synthetic_opportunity_formula_with_seeded_noise,synthetic_training_only
CLS-STA-041-2024-01-1000,STA-041,kranji,Kranji,2024-01,1000,3998,304774,48,30,16,5,33,75.98,57.06,2.0,33.64,116.63,Minuman,0.5,synthetic_opportunity_formula_with_seeded_noise,synthetic_training_only
CLS-STA-041-2024-02-500,STA-041,kranji,Kranji,2024-02,500,2201,309271,27,15,11,1,11,75.98,57.06,2.0,42.31,120.38,Minuman,0.503,synthetic_opportunity_formula_with_seeded_noise,synthetic_training_only
CLS-STA-041-2024-03-750,STA-041,kranji,Kranji,2024-03,750,3533,342366,28,24,16,4,20,75.98,57.06,2.0,42.89,106.54,Makanan,0.548,synthetic_opportunity_formula_with_seeded_noise,synthetic_training_only
CLS-STA-041-2024-04-1000,STA-041,kranji,Kranji,2024-04,1000,4728,349937,44,27,17,1,32,75.98,57.06,2.0,36.22,101.82,Makanan,0.588,synthetic_opportunity_formula_with_seeded_noise,synthetic_training_only
CLS-STA-041-2024-05-500,STA-041,kranji,Kranji,2024-05,500,2315,335607,27,14,8,1,15,75.98,57.06,2.0,43.64,116.48,Minuman,0.542,synthetic_opportunity_formula_with_seeded_noise,synthetic_training_only
CLS-STA-041-2024-06-750,STA-041,kranji,Kranji,2024-06,750,3149,296700,28,20,14,0,25,75.98,57.06,2.0,43.39,107.74,Makanan,0.543,synthetic_opportunity_formula_with_seeded_noise,synthetic_training_only
CLS-STA-041-2024-07-1000,STA-041,kranji,Kranji,2024-07,1000,4461,328534,42,28,18,3,25,75.98,57.06,2.0,35.89,100.57,Makanan,0.525,synthetic_opportunity_formula_with_seeded_noise,synthetic_training_only
CLS-STA-041-2024-08-500,STA-041,kranji,Kranji,2024-08,500,2399,348701,17,21,9,3,15,75.98,57.06,2.0,44.27,114.78,Makanan,0.598,synthetic_opportunity_formula_with_seeded_noise,synthetic_training_only
CLS-STA-041-2024-09-750,STA-041,kranji,Kranji,2024-09,750,3779,352300,29,22,12,3,24,75.98,57.06,2.0,39.17,114.88,Makanan,0.61,synthetic_opportunity_formula_with_seeded_noise,synthetic_training_only
CLS-STA-041-2024-10-1000,STA-041,kranji,Kranji,2024-10,1000,5372,387818,51,32,17,3,34,75.98,57.06,2.0,42.73,103.66,Makanan,0.506,synthetic_opportunity_formula_with_seeded_noise,synthetic_training_only
CLS-STA-041-2024-11-500,STA-041,kranji,Kranji,2024-11,500,2287,359947,23,12,6,0,8,75.98,57.06,2.0,39.8,97.66,Minuman,0.5,synthetic_opportunity_formula_with_seeded_noise,synthetic_training_only
CLS-STA-041-2024-12-750,STA-041,kranji,Kranji,2024-12,750,3804,351435,28,23,8,3,15,75.98,57.06,2.0,41.76,104.58,Makanan,0.56,synthetic_opportunity_formula_with_seeded_noise,synthetic_training_only
CLS-STA-041-2025-01-500,STA-041,kranji,Kranji,2025-01,500,2417,332514,22,13,8,1,15,75.98,57.06,2.0,43.5,114.0,Makanan,0.543,synthetic_opportunity_formula_with_seeded_noise,synthetic_training_only
CLS-STA-041-2025-02-750,STA-041,kranji,Kranji,2025-02,750,3547,335790,31,21,11,0,22,75.98,57.06,2.0,46.71,103.15,Makanan,0.539,synthetic_opportunity_formula_with_seeded_noise,synthetic_training_only
CLS-STA-041-2025-03-1000,STA-041,kranji,Kranji,2025-03,1000,5004,360489,46,35,17,2,27,75.98,57.06,2.0,41.48,106.41,Makanan,0.537,synthetic_opportunity_formula_with_seeded_noise,synthetic_training_only
CLS-STA-041-2025-04-500,STA-041,kranji,Kranji,2025-04,500,2184,324843,21,12,6,1,11,75.98,57.06,2.0,36.87,105.83,Makanan,0.503,synthetic_opportunity_formula_with_seeded_noise,synthetic_training_only
CLS-STA-041-2025-05-750,STA-041,kranji,Kranji,2025-05,750,4066,388960,33,22,12,2,26,75.98,57.06,2.0,37.82,111.13,Makanan,0.55,synthetic_opportunity_formula_with_seeded_noise,synthetic_training_only
CLS-STA-041-2025-06-1000,STA-041,kranji,Kranji,2025-06,1000,4482,334522,42,30,20,3,37,75.98,57.06,2.0,39.7,95.17,Makanan,0.559,synthetic_opportunity_formula_with_seeded_noise,synthetic_training_only
CLS-STA-041-2025-07-500,STA-041,kranji,Kranji,2025-07,500,2276,325902,20,16,6,3,19,75.98,57.06,2.0,43.92,106.6,Makanan,0.53,synthetic_opportunity_formula_with_seeded_noise,synthetic_training_only
CLS-STA-041-2025-08-750,STA-041,kranji,Kranji,2025-08,750,4529,419560,33,27,11,0,29,75.98,57.06,2.0,41.02,106.13,Makanan,0.539,synthetic_opportunity_formula_with_seeded_noise,synthetic_training_only
CLS-STA-041-2025-09-1000,STA-041,kranji,Kranji,2025-09,1000,5520,387560,46,30,16,2,31,75.98,57.06,2.0,47.23,115.78,Makanan,0.538,synthetic_opportunity_formula_with_seeded_noise,synthetic_training_only
CLS-STA-041-2025-10-500,STA-041,kranji,Kranji,2025-10,500,2629,382080,22,15,7,0,14,75.98,57.06,2.0,42.16,110.99,Makanan,0.549,synthetic_opportunity_formula_with_seeded_noise,synthetic_training_only
CLS-STA-041-2025-11-750,STA-041,kranji,Kranji,2025-11,750,4054,383623,35,23,16,2,20,75.98,57.06,2.0,44.78,100.48,Makanan,0.532,synthetic_opportunity_formula_with_seeded_noise,synthetic_training_only
CLS-STA-041-2025-12-1000,STA-041,kranji,Kranji,2025-12,1000,4845,362427,38,25,19,3,38,75.98,57.06,2.0,38.77,119.22,Makanan,0.515,synthetic_opportunity_formula_with_seeded_noise,synthetic_training_only
CLS-STA-042-2023-01-1000,STA-042,bekasi,Bekasi,2023-01,1000,9139,579552,61,49,26,8,41,94.25,46.66,31.59,71.18,123.86,Makanan,0.627,synthetic_opportunity_formula_with_seeded_noise,synthetic_training_only
CLS-STA-042-2023-02-500,STA-042,bekasi,Bekasi,2023-02,500,5070,639436,37,22,9,4,15,94.25,46.66,31.59,72.52,110.22,Minuman,0.559,synthetic_opportunity_formula_with_seeded_noise,synthetic_training_only
CLS-STA-042-2023-03-750,STA-042,bekasi,Bekasi,2023-03,750,7736,647791,48,39,21,7,31,94.25,46.66,31.59,71.93,111.86,Makanan,0.593,synthetic_opportunity_formula_with_seeded_noise,synthetic_training_only
CLS-STA-042-2023-04-1000,STA-042,bekasi,Bekasi,2023-04,1000,9848,622228,67,46,24,12,41,94.25,46.66,31.59,70.41,121.2,Makanan,0.567,synthetic_opportunity_formula_with_seeded_noise,synthetic_training_only
CLS-STA-042-2023-05-500,STA-042,bekasi,Bekasi,2023-05,500,5329,666607,32,22,14,3,24,94.25,46.66,31.59,76.35,116.86,Makanan,0.57,synthetic_opportunity_formula_with_seeded_noise,synthetic_training_only
CLS-STA-042-2023-06-750,STA-042,bekasi,Bekasi,2023-06,750,7128,599940,48,40,17,10,32,94.25,46.66,31.59,72.95,126.87,Makanan,0.613,synthetic_opportunity_formula_with_seeded_noise,synthetic_training_only
CLS-STA-042-2023-07-1000,STA-042,bekasi,Bekasi,2023-07,1000,9022,560813,56,48,28,8,53,94.25,46.66,31.59,72.79,115.66,Makanan,0.589,synthetic_opportunity_formula_with_seeded_noise,synthetic_training_only
CLS-STA-042-2023-08-500,STA-042,bekasi,Bekasi,2023-08,500,5058,626447,30,24,13,5,28,94.25,46.66,31.59,72.94,111.27,Makanan,0.539,synthetic_opportunity_formula_with_seeded_noise,synthetic_training_only
CLS-STA-042-2023-09-750,STA-042,bekasi,Bekasi,2023-09,750,8538,727932,53,36,19,8,41,94.25,46.66,31.59,71.08,112.82,Makanan,0.579,synthetic_opportunity_formula_with_seeded_noise,synthetic_training_only
CLS-STA-042-2023-10-1000,STA-042,bekasi,Bekasi,2023-10,1000,11104,679994,68,49,26,12,52,94.25,46.66,31.59,74.85,119.39,Makanan,0.559,synthetic_opportunity_formula_with_seeded_noise,synthetic_training_only
CLS-STA-042-2023-11-500,STA-042,bekasi,Bekasi,2023-11,500,5311,669670,32,23,10,6,20,94.25,46.66,31.59,69.55,109.88,Makanan,0.528,synthetic_opportunity_formula_with_seeded_noise,synthetic_training_only
CLS-STA-042-2023-12-750,STA-042,bekasi,Bekasi,2023-12,750,6732,565790,48,32,19,8,33,94.25,46.66,31.59,71.76,107.35,Makanan,0.523,synthetic_opportunity_formula_with_seeded_noise,synthetic_training_only
CLS-STA-042-2024-01-500,STA-042,bekasi,Bekasi,2024-01,500,5161,637379,32,24,16,5,26,94.25,46.66,31.59,68.08,106.35,Makanan,0.5,synthetic_opportunity_formula_with_seeded_noise,synthetic_training_only
CLS-STA-042-2024-02-750,STA-042,bekasi,Bekasi,2024-02,750,7448,628722,39,38,21,7,28,94.25,46.66,31.59,73.13,103.94,Makanan,0.572,synthetic_opportunity_formula_with_seeded_noise,synthetic_training_only
CLS-STA-042-2024-03-1000,STA-042,bekasi,Bekasi,2024-03,1000,12070,749001,68,49,22,9,43,94.25,46.66,31.59,74.04,123.69,Makanan,0.566,synthetic_opportunity_formula_with_seeded_noise,synthetic_training_only
CLS-STA-042-2024-04-500,STA-042,bekasi,Bekasi,2024-04,500,5148,639156,31,26,15,6,26,94.25,46.66,31.59,70.03,110.62,Makanan,0.554,synthetic_opportunity_formula_with_seeded_noise,synthetic_training_only
CLS-STA-042-2024-05-750,STA-042,bekasi,Bekasi,2024-05,750,8754,731268,45,33,14,7,35,94.25,46.66,31.59,75.08,116.21,Makanan,0.593,synthetic_opportunity_formula_with_seeded_noise,synthetic_training_only
CLS-STA-042-2024-06-1000,STA-042,bekasi,Bekasi,2024-06,1000,10187,641936,70,49,26,10,50,94.25,46.66,31.59,69.67,118.81,Makanan,0.574,synthetic_opportunity_formula_with_seeded_noise,synthetic_training_only
CLS-STA-042-2024-07-500,STA-042,bekasi,Bekasi,2024-07,500,5399,652864,30,25,14,3,21,94.25,46.66,31.59,76.34,115.37,Makanan,0.564,synthetic_opportunity_formula_with_seeded_noise,synthetic_training_only
CLS-STA-042-2024-08-750,STA-042,bekasi,Bekasi,2024-08,750,8823,747220,51,42,22,7,43,94.25,46.66,31.59,71.9,108.66,Makanan,0.649,synthetic_opportunity_formula_with_seeded_noise,synthetic_training_only
CLS-STA-042-2024-09-1000,STA-042,bekasi,Bekasi,2024-09,1000,11506,724904,63,47,23,10,43,94.25,46.66,31.59,70.56,112.81,Makanan,0.578,synthetic_opportunity_formula_with_seeded_noise,synthetic_training_only
CLS-STA-042-2024-10-500,STA-042,bekasi,Bekasi,2024-10,500,5737,722220,31,23,13,6,22,94.25,46.66,31.59,70.46,104.28,Makanan,0.569,synthetic_opportunity_formula_with_seeded_noise,synthetic_training_only
CLS-STA-042-2024-11-750,STA-042,bekasi,Bekasi,2024-11,750,8973,751341,42,29,18,8,34,94.25,46.66,31.59,74.12,124.93,Makanan,0.571,synthetic_opportunity_formula_with_seeded_noise,synthetic_training_only
CLS-STA-042-2024-12-1000,STA-042,bekasi,Bekasi,2024-12,1000,10111,637270,65,46,20,11,48,94.25,46.66,31.59,70.63,117.76,Makanan,0.582,synthetic_opportunity_formula_with_seeded_noise,synthetic_training_only
CLS-STA-042-2025-01-750,STA-042,bekasi,Bekasi,2025-01,750,7887,659518,49,40,17,7,31,94.25,46.66,31.59,74.94,122.5,Makanan,0.594,synthetic_opportunity_formula_with_seeded_noise,synthetic_training_only
CLS-STA-042-2025-02-1000,STA-042,bekasi,Bekasi,2025-02,1000,10176,639398,66,47,22,11,37,94.25,46.66,31.59,70.92,116.59,Makanan,0.574,synthetic_opportunity_formula_with_seeded_noise,synthetic_training_only
CLS-STA-042-2025-03-500,STA-042,bekasi,Bekasi,2025-03,500,6167,756316,37,24,15,5,26,94.25,46.66,31.59,72.58,127.65,Makanan,0.549,synthetic_opportunity_formula_with_seeded_noise,synthetic_training_only
CLS-STA-042-2025-04-750,STA-042,bekasi,Bekasi,2025-04,750,8085,674497,47,43,14,8,33,94.25,46.66,31.59,71.9,115.77,Makanan,0.639,synthetic_opportunity_formula_with_seeded_noise,synthetic_training_only
CLS-STA-042-2025-05-1000,STA-042,bekasi,Bekasi,2025-05,1000,12516,807680,63,54,25,10,44,94.25,46.66,31.59,65.89,116.12,Makanan,0.638,synthetic_opportunity_formula_with_seeded_noise,synthetic_training_only
CLS-STA-042-2025-06-500,STA-042,bekasi,Bekasi,2025-06,500,5652,700128,31,21,13,5,23,94.25,46.66,31.59,72.09,110.89,Makanan,0.591,synthetic_opportunity_formula_with_seeded_noise,synthetic_training_only
CLS-STA-042-2025-07-750,STA-042,bekasi,Bekasi,2025-07,750,7577,644796,47,35,20,7,29,94.25,46.66,31.59,69.19,122.93,Makanan,0.513,synthetic_opportunity_formula_with_seeded_noise,synthetic_training_only
CLS-STA-042-2025-08-1000,STA-042,bekasi,Bekasi,2025-08,1000,12735,782210,62,52,26,9,45,94.25,46.66,31.59,75.03,122.02,Makanan,0.656,synthetic_opportunity_formula_with_seeded_noise,synthetic_training_only
CLS-STA-042-2025-09-500,STA-042,bekasi,Bekasi,2025-09,500,6148,768047,32,22,11,5,25,94.25,46.66,31.59,76.44,119.15,Makanan,0.538,synthetic_opportunity_formula_with_seeded_noise,synthetic_training_only
CLS-STA-042-2025-10-750,STA-042,bekasi,Bekasi,2025-10,750,9823,814727,54,37,21,9,35,94.25,46.66,31.59,74.24,124.65,Makanan,0.584,synthetic_opportunity_formula_with_seeded_noise,synthetic_training_only
CLS-STA-042-2025-11-1000,STA-042,bekasi,Bekasi,2025-11,1000,12698,795692,60,55,25,11,50,94.25,46.66,31.59,72.02,124.8,Makanan,0.714,synthetic_opportunity_formula_with_seeded_noise,synthetic_training_only
CLS-STA-042-2025-12-500,STA-042,bekasi,Bekasi,2025-12,500,5508,669557,35,28,16,5,22,94.25,46.66,31.59,80.35,110.51,Makanan,0.531,synthetic_opportunity_formula_with_seeded_noise,synthetic_training_only
CLS-STA-043-2023-01-500,STA-043,bekasitimur,Bekasi Timur,2023-01,500,919,142885,20,12,10,5,21,57.88,51.16,42.26,43.44,92.84,Minuman,0.502,synthetic_opportunity_formula_with_seeded_noise,synthetic_training_only
CLS-STA-043-2023-02-750,STA-043,bekasitimur,Bekasi Timur,2023-02,750,1508,143502,22,22,15,5,25,57.88,51.16,42.26,41.83,93.09,Makanan,0.541,synthetic_opportunity_formula_with_seeded_noise,synthetic_training_only
CLS-STA-043-2023-03-1000,STA-043,bekasitimur,Bekasi Timur,2023-03,1000,2277,173626,43,25,21,11,32,57.88,51.16,42.26,40.44,107.65,Minuman,0.594,synthetic_opportunity_formula_with_seeded_noise,synthetic_training_only
CLS-STA-043-2023-04-500,STA-043,bekasitimur,Bekasi Timur,2023-04,500,1032,161031,20,19,11,5,22,57.88,51.16,42.26,40.17,89.16,Makanan,0.5,synthetic_opportunity_formula_with_seeded_noise,synthetic_training_only
CLS-STA-043-2023-05-750,STA-043,bekasitimur,Bekasi Timur,2023-05,750,1604,163194,32,24,14,10,21,57.88,51.16,42.26,42.4,107.44,Minuman,0.534,synthetic_opportunity_formula_with_seeded_noise,synthetic_training_only
CLS-STA-043-2023-06-1000,STA-043,bekasitimur,Bekasi Timur,2023-06,1000,2372,163396,36,26,21,10,29,57.88,51.16,42.26,40.63,96.81,Minuman,0.5,synthetic_opportunity_formula_with_seeded_noise,synthetic_training_only
CLS-STA-043-2023-07-500,STA-043,bekasitimur,Bekasi Timur,2023-07,500,1114,152391,15,16,10,5,11,57.88,51.16,42.26,38.38,104.93,Makanan,0.54,synthetic_opportunity_formula_with_seeded_noise,synthetic_training_only
CLS-STA-043-2023-08-750,STA-043,bekasitimur,Bekasi Timur,2023-08,750,1706,164025,28,20,13,7,22,57.88,51.16,42.26,33.63,83.68,Minuman,0.56,synthetic_opportunity_formula_with_seeded_noise,synthetic_training_only
CLS-STA-043-2023-09-1000,STA-043,bekasitimur,Bekasi Timur,2023-09,1000,1985,153969,30,27,19,11,23,57.88,51.16,42.26,38.9,95.54,Makanan,0.579,synthetic_opportunity_formula_with_seeded_noise,synthetic_training_only
CLS-STA-043-2023-10-500,STA-043,bekasitimur,Bekasi Timur,2023-10,500,1367,192084,12,13,12,5,12,57.88,51.16,42.26,42.51,95.58,Makanan,0.533,synthetic_opportunity_formula_with_seeded_noise,synthetic_training_only
CLS-STA-043-2023-11-750,STA-043,bekasitimur,Bekasi Timur,2023-11,750,1802,164640,29,25,17,9,14,57.88,51.16,42.26,42.05,88.73,Lainnya,0.523,synthetic_opportunity_formula_with_seeded_noise,synthetic_training_only
CLS-STA-043-2023-12-1000,STA-043,bekasitimur,Bekasi Timur,2023-12,1000,2041,144592,31,24,18,9,30,57.88,51.16,42.26,37.99,103.88,Minuman,0.582,synthetic_opportunity_formula_with_seeded_noise,synthetic_training_only
CLS-STA-043-2024-01-750,STA-043,bekasitimur,Bekasi Timur,2024-01,750,1660,167632,28,22,11,7,15,57.88,51.16,42.26,37.13,93.26,Lainnya,0.518,synthetic_opportunity_formula_with_seeded_noise,synthetic_training_only
CLS-STA-043-2024-02-1000,STA-043,bekasitimur,Bekasi Timur,2024-02,1000,2350,161184,33,25,17,9,26,57.88,51.16,42.26,37.64,105.97,Minuman,0.511,synthetic_opportunity_formula_with_seeded_noise,synthetic_training_only
CLS-STA-043-2024-03-500,STA-043,bekasitimur,Bekasi Timur,2024-03,500,1303,169856,16,16,11,6,17,57.88,51.16,42.26,36.88,96.0,Makanan,0.502,synthetic_opportunity_formula_with_seeded_noise,synthetic_training_only
CLS-STA-043-2024-04-750,STA-043,bekasitimur,Bekasi Timur,2024-04,750,1773,164966,25,22,17,8,17,57.88,51.16,42.26,40.89,92.68,Makanan,0.504,synthetic_opportunity_formula_with_seeded_noise,synthetic_training_only
CLS-STA-043-2024-05-1000,STA-043,bekasitimur,Bekasi Timur,2024-05,1000,2171,167979,39,33,21,9,21,57.88,51.16,42.26,35.39,101.69,Lainnya,0.52,synthetic_opportunity_formula_with_seeded_noise,synthetic_training_only
CLS-STA-043-2024-06-500,STA-043,bekasitimur,Bekasi Timur,2024-06,500,1064,152422,15,16,12,6,11,57.88,51.16,42.26,43.56,106.26,Makanan,0.567,synthetic_opportunity_formula_with_seeded_noise,synthetic_training_only
CLS-STA-043-2024-07-750,STA-043,bekasitimur,Bekasi Timur,2024-07,750,1591,162587,31,16,11,8,20,57.88,51.16,42.26,37.71,99.49,Minuman,0.5,synthetic_opportunity_formula_with_seeded_noise,synthetic_training_only
CLS-STA-043-2024-08-1000,STA-043,bekasitimur,Bekasi Timur,2024-08,1000,2332,171203,35,30,23,10,25,57.88,51.16,42.26,39.1,103.38,Makanan,0.534,synthetic_opportunity_formula_with_seeded_noise,synthetic_training_only
CLS-STA-043-2024-09-500,STA-043,bekasitimur,Bekasi Timur,2024-09,500,1297,173414,13,18,6,5,17,57.88,51.16,42.26,39.37,95.0,Hobi,0.536,synthetic_opportunity_formula_with_seeded_noise,synthetic_training_only
CLS-STA-043-2024-10-750,STA-043,bekasitimur,Bekasi Timur,2024-10,750,1919,190161,29,20,13,7,17,57.88,51.16,42.26,35.5,105.66,Minuman,0.501,synthetic_opportunity_formula_with_seeded_noise,synthetic_training_only
CLS-STA-043-2024-11-1000,STA-043,bekasitimur,Bekasi Timur,2024-11,1000,2576,193189,41,32,19,11,30,57.88,51.16,42.26,39.12,97.93,Minuman,0.502,synthetic_opportunity_formula_with_seeded_noise,synthetic_training_only
CLS-STA-043-2024-12-500,STA-043,bekasitimur,Bekasi Timur,2024-12,500,1183,168466,18,12,10,6,4,57.88,51.16,42.26,39.0,113.44,Lainnya,0.526,synthetic_opportunity_formula_with_seeded_noise,synthetic_training_only
CLS-STA-043-2025-01-1000,STA-043,bekasitimur,Bekasi Timur,2025-01,1000,2250,159910,34,31,20,11,21,57.88,51.16,42.26,38.4,103.43,Makanan,0.5,synthetic_opportunity_formula_with_seeded_noise,synthetic_training_only
CLS-STA-043-2025-02-500,STA-043,bekasitimur,Bekasi Timur,2025-02,500,1184,176594,12,7,12,3,11,57.88,51.16,42.26,41.4,95.55,Minuman,0.544,synthetic_opportunity_formula_with_seeded_noise,synthetic_training_only
CLS-STA-043-2025-03-750,STA-043,bekasitimur,Bekasi Timur,2025-03,750,1761,179931,22,26,12,7,13,57.88,51.16,42.26,34.93,107.77,Makanan,0.512,synthetic_opportunity_formula_with_seeded_noise,synthetic_training_only
CLS-STA-043-2025-04-1000,STA-043,bekasitimur,Bekasi Timur,2025-04,1000,2320,170457,36,25,23,12,32,57.88,51.16,42.26,33.6,101.88,Minuman,0.557,synthetic_opportunity_formula_with_seeded_noise,synthetic_training_only
CLS-STA-043-2025-05-500,STA-043,bekasitimur,Bekasi Timur,2025-05,500,1197,180668,19,18,11,5,17,57.88,51.16,42.26,35.34,83.52,Makanan,0.516,synthetic_opportunity_formula_with_seeded_noise,synthetic_training_only
CLS-STA-043-2025-06-750,STA-043,bekasitimur,Bekasi Timur,2025-06,750,1712,170626,28,15,14,7,15,57.88,51.16,42.26,37.54,98.27,Minuman,0.553,synthetic_opportunity_formula_with_seeded_noise,synthetic_training_only
CLS-STA-043-2025-07-1000,STA-043,bekasitimur,Bekasi Timur,2025-07,1000,2314,177677,33,25,19,9,26,57.88,51.16,42.26,39.59,92.95,Minuman,0.5,synthetic_opportunity_formula_with_seeded_noise,synthetic_training_only
CLS-STA-043-2025-08-500,STA-043,bekasitimur,Bekasi Timur,2025-08,500,1333,178077,15,16,11,4,6,57.88,51.16,42.26,35.88,103.18,Lainnya,0.521,synthetic_opportunity_formula_with_seeded_noise,synthetic_training_only
CLS-STA-043-2025-09-750,STA-043,bekasitimur,Bekasi Timur,2025-09,750,2039,191677,27,24,13,9,25,57.88,51.16,42.26,38.91,100.21,Makanan,0.517,synthetic_opportunity_formula_with_seeded_noise,synthetic_training_only
CLS-STA-043-2025-10-1000,STA-043,bekasitimur,Bekasi Timur,2025-10,1000,2716,208089,39,39,18,9,32,57.88,51.16,42.26,36.01,99.54,Makanan,0.535,synthetic_opportunity_formula_with_seeded_noise,synthetic_training_only
CLS-STA-043-2025-11-500,STA-043,bekasitimur,Bekasi Timur,2025-11,500,1271,194517,17,13,12,8,10,57.88,51.16,42.26,37.23,101.45,Minuman,0.5,synthetic_opportunity_formula_with_seeded_noise,synthetic_training_only
CLS-STA-043-2025-12-750,STA-043,bekasitimur,Bekasi Timur,2025-12,750,1814,176389,27,22,13,7,25,57.88,51.16,42.26,35.86,84.06,Makanan,0.524,synthetic_opportunity_formula_with_seeded_noise,synthetic_training_only
CLS-STA-044-2023-01-750,STA-044,tambun,Tambun,2023-01,750,1513,152631,25,25,9,6,17,75.64,69.33,21.53,37.5,87.86,Makanan,0.5,synthetic_opportunity_formula_with_seeded_noise,synthetic_training_only
CLS-STA-044-2023-02-1000,STA-044,tambun,Tambun,2023-02,1000,2316,166308,42,27,17,10,24,75.64,69.33,21.53,40.48,81.11,Minuman,0.511,synthetic_opportunity_formula_with_seeded_noise,synthetic_training_only
CLS-STA-044-2023-03-500,STA-044,tambun,Tambun,2023-03,500,1257,171947,16,10,13,3,9,75.64,69.33,21.53,38.15,99.21,Makanan,0.553,synthetic_opportunity_formula_with_seeded_noise,synthetic_training_only
CLS-STA-044-2023-04-750,STA-044,tambun,Tambun,2023-04,750,1616,158270,20,20,11,6,16,75.64,69.33,21.53,35.72,108.84,Makanan,0.552,synthetic_opportunity_formula_with_seeded_noise,synthetic_training_only
CLS-STA-044-2023-05-1000,STA-044,tambun,Tambun,2023-05,1000,2424,171805,36,29,18,5,18,75.64,69.33,21.53,36.38,84.88,Makanan,0.506,synthetic_opportunity_formula_with_seeded_noise,synthetic_training_only
CLS-STA-044-2023-06-500,STA-044,tambun,Tambun,2023-06,500,1069,155008,16,12,11,3,14,75.64,69.33,21.53,39.49,101.67,Makanan,0.539,synthetic_opportunity_formula_with_seeded_noise,synthetic_training_only
CLS-STA-044-2023-07-750,STA-044,tambun,Tambun,2023-07,750,1590,151084,30,21,13,2,9,75.64,69.33,21.53,39.25,77.07,Lainnya,0.552,synthetic_opportunity_formula_with_seeded_noise,synthetic_training_only
CLS-STA-044-2023-08-1000,STA-044,tambun,Tambun,2023-08,1000,2408,168053,39,29,20,5,23,75.64,69.33,21.53,38.92,100.19,Makanan,0.502,synthetic_opportunity_formula_with_seeded_noise,synthetic_training_only
CLS-STA-044-2023-09-500,STA-044,tambun,Tambun,2023-09,500,1074,171785,18,14,7,3,12,75.64,69.33,21.53,38.8,101.42,Hobi,0.5,synthetic_opportunity_formula_with_seeded_noise,synthetic_training_only
CLS-STA-044-2023-10-750,STA-044,tambun,Tambun,2023-10,750,1790,175519,19,21,14,3,7,75.64,69.33,21.53,40.86,101.07,Makanan,0.523,synthetic_opportunity_formula_with_seeded_noise,synthetic_training_only
CLS-STA-044-2023-11-1000,STA-044,tambun,Tambun,2023-11,1000,2318,169073,37,34,17,8,19,75.64,69.33,21.53,40.98,93.49,Lainnya,0.529,synthetic_opportunity_formula_with_seeded_noise,synthetic_training_only
CLS-STA-044-2023-12-500,STA-044,tambun,Tambun,2023-12,500,1090,153041,18,12,8,1,4,75.64,69.33,21.53,38.7,104.68,Lainnya,0.515,synthetic_opportunity_formula_with_seeded_noise,synthetic_training_only
CLS-STA-044-2024-01-1000,STA-044,tambun,Tambun,2024-01,1000,2176,161319,39,24,15,4,22,75.64,69.33,21.53,38.26,87.13,Minuman,0.505,synthetic_opportunity_formula_with_seeded_noise,synthetic_training_only
CLS-STA-044-2024-02-500,STA-044,tambun,Tambun,2024-02,500,1058,155456,15,12,6,4,11,75.64,69.33,21.53,37.67,102.37,Makanan,0.508,synthetic_opportunity_formula_with_seeded_noise,synthetic_training_only
CLS-STA-044-2024-03-750,STA-044,tambun,Tambun,2024-03,750,1716,162572,29,20,12,6,18,75.64,69.33,21.53,36.27,90.91,Minuman,0.501,synthetic_opportunity_formula_with_seeded_noise,synthetic_training_only
CLS-STA-044-2024-04-1000,STA-044,tambun,Tambun,2024-04,1000,2189,173590,42,25,19,7,22,75.64,69.33,21.53,31.24,98.16,Minuman,0.575,synthetic_opportunity_formula_with_seeded_noise,synthetic_training_only
CLS-STA-044-2024-05-500,STA-044,tambun,Tambun,2024-05,500,1242,175255,19,15,8,2,9,75.64,69.33,21.53,38.3,105.62,Makanan,0.544,synthetic_opportunity_formula_with_seeded_noise,synthetic_training_only
CLS-STA-044-2024-06-750,STA-044,tambun,Tambun,2024-06,750,1653,156994,25,25,17,3,19,75.64,69.33,21.53,39.87,98.34,Makanan,0.582,synthetic_opportunity_formula_with_seeded_noise,synthetic_training_only
CLS-STA-044-2024-07-1000,STA-044,tambun,Tambun,2024-07,1000,2182,163380,36,27,16,7,23,75.64,69.33,21.53,36.01,93.37,Makanan,0.514,synthetic_opportunity_formula_with_seeded_noise,synthetic_training_only
CLS-STA-044-2024-08-500,STA-044,tambun,Tambun,2024-08,500,1177,179735,16,11,9,2,9,75.64,69.33,21.53,38.38,83.74,Makanan,0.515,synthetic_opportunity_formula_with_seeded_noise,synthetic_training_only
CLS-STA-044-2024-09-750,STA-044,tambun,Tambun,2024-09,750,1819,184294,25,18,11,7,18,75.64,69.33,21.53,37.44,94.61,Makanan,0.514,synthetic_opportunity_formula_with_seeded_noise,synthetic_training_only
CLS-STA-044-2024-10-1000,STA-044,tambun,Tambun,2024-10,1000,2760,202287,32,26,18,4,19,75.64,69.33,21.53,40.28,108.46,Makanan,0.576,synthetic_opportunity_formula_with_seeded_noise,synthetic_training_only
CLS-STA-044-2024-11-500,STA-044,tambun,Tambun,2024-11,500,1169,179694,21,14,10,3,15,75.64,69.33,21.53,37.59,93.81,Minuman,0.5,synthetic_opportunity_formula_with_seeded_noise,synthetic_training_only
CLS-STA-044-2024-12-750,STA-044,tambun,Tambun,2024-12,750,1798,169834,20,20,15,5,15,75.64,69.33,21.53,40.7,83.55,Makanan,0.574,synthetic_opportunity_formula_with_seeded_noise,synthetic_training_only
CLS-STA-044-2025-01-500,STA-044,tambun,Tambun,2025-01,500,937,157160,18,13,10,5,15,75.64,69.33,21.53,36.1,84.84,Makanan,0.5,synthetic_opportunity_formula_with_seeded_noise,synthetic_training_only
CLS-STA-044-2025-02-750,STA-044,tambun,Tambun,2025-02,750,1881,172513,24,22,16,4,19,75.64,69.33,21.53,38.32,75.75,Makanan,0.546,synthetic_opportunity_formula_with_seeded_noise,synthetic_training_only
CLS-STA-044-2025-03-1000,STA-044,tambun,Tambun,2025-03,1000,2391,181008,37,23,20,6,26,75.64,69.33,21.53,36.78,108.16,Minuman,0.5,synthetic_opportunity_formula_with_seeded_noise,synthetic_training_only
CLS-STA-044-2025-04-500,STA-044,tambun,Tambun,2025-04,500,1315,180086,13,14,8,4,15,75.64,69.33,21.53,35.94,108.2,Makanan,0.534,synthetic_opportunity_formula_with_seeded_noise,synthetic_training_only
CLS-STA-044-2025-05-750,STA-044,tambun,Tambun,2025-05,750,2027,196766,26,26,15,4,25,75.64,69.33,21.53,44.45,90.14,Makanan,0.551,synthetic_opportunity_formula_with_seeded_noise,synthetic_training_only
CLS-STA-044-2025-06-1000,STA-044,tambun,Tambun,2025-06,1000,2620,185162,38,26,19,7,28,75.64,69.33,21.53,39.65,88.49,Minuman,0.521,synthetic_opportunity_formula_with_seeded_noise,synthetic_training_only
CLS-STA-044-2025-07-500,STA-044,tambun,Tambun,2025-07,500,1103,167941,19,11,10,4,11,75.64,69.33,21.53,35.91,107.02,Minuman,0.5,synthetic_opportunity_formula_with_seeded_noise,synthetic_training_only
CLS-STA-044-2025-08-750,STA-044,tambun,Tambun,2025-08,750,2087,188445,27,21,15,6,28,75.64,69.33,21.53,40.93,78.24,Makanan,0.558,synthetic_opportunity_formula_with_seeded_noise,synthetic_training_only
CLS-STA-044-2025-09-1000,STA-044,tambun,Tambun,2025-09,1000,2680,192980,36,29,20,8,19,75.64,69.33,21.53,39.19,91.25,Makanan,0.545,synthetic_opportunity_formula_with_seeded_noise,synthetic_training_only
CLS-STA-044-2025-10-500,STA-044,tambun,Tambun,2025-10,500,1301,194180,20,11,10,4,5,75.64,69.33,21.53,35.83,85.8,Minuman,0.521,synthetic_opportunity_formula_with_seeded_noise,synthetic_training_only
CLS-STA-044-2025-11-750,STA-044,tambun,Tambun,2025-11,750,2133,197781,29,20,14,1,21,75.64,69.33,21.53,34.93,95.61,Makanan,0.557,synthetic_opportunity_formula_with_seeded_noise,synthetic_training_only
CLS-STA-044-2025-12-1000,STA-044,tambun,Tambun,2025-12,1000,2278,171207,38,27,18,7,19,75.64,69.33,21.53,41.28,92.56,Lainnya,0.5,synthetic_opportunity_formula_with_seeded_noise,synthetic_training_only
CLS-STA-045-2023-01-1000,STA-045,cibitung,Cibitung,2023-01,1000,3533,273407,41,21,17,5,26,55.77,57.42,16.32,30.6,90.74,Minuman,0.564,synthetic_opportunity_formula_with_seeded_noise,synthetic_training_only
CLS-STA-045-2023-02-500,STA-045,cibitung,Cibitung,2023-02,500,2164,301850,18,15,10,3,14,55.77,57.42,16.32,33.48,101.32,Makanan,0.54,synthetic_opportunity_formula_with_seeded_noise,synthetic_training_only
CLS-STA-045-2023-03-750,STA-045,cibitung,Cibitung,2023-03,750,3132,312966,28,18,13,5,19,55.77,57.42,16.32,32.73,95.42,Makanan,0.505,synthetic_opportunity_formula_with_seeded_noise,synthetic_training_only
CLS-STA-045-2023-04-1000,STA-045,cibitung,Cibitung,2023-04,1000,3912,295894,36,25,19,4,26,55.77,57.42,16.32,29.36,96.11,Makanan,0.507,synthetic_opportunity_formula_with_seeded_noise,synthetic_training_only
CLS-STA-045-2023-05-500,STA-045,cibitung,Cibitung,2023-05,500,2236,338042,21,18,8,4,15,55.77,57.42,16.32,32.56,85.09,Makanan,0.53,synthetic_opportunity_formula_with_seeded_noise,synthetic_training_only
CLS-STA-045-2023-06-750,STA-045,cibitung,Cibitung,2023-06,750,3099,316475,28,20,15,3,25,55.77,57.42,16.32,28.97,94.08,Makanan,0.5,synthetic_opportunity_formula_with_seeded_noise,synthetic_training_only
CLS-STA-045-2023-07-1000,STA-045,cibitung,Cibitung,2023-07,1000,4022,304039,37,29,18,9,27,55.77,57.42,16.32,30.28,87.61,Makanan,0.551,synthetic_opportunity_formula_with_seeded_noise,synthetic_training_only
CLS-STA-045-2023-08-500,STA-045,cibitung,Cibitung,2023-08,500,2048,311489,15,13,8,2,15,55.77,57.42,16.32,28.17,94.41,Makanan,0.566,synthetic_opportunity_formula_with_seeded_noise,synthetic_training_only
CLS-STA-045-2023-09-750,STA-045,cibitung,Cibitung,2023-09,750,3245,328600,23,22,15,5,18,55.77,57.42,16.32,32.62,78.16,Makanan,0.54,synthetic_opportunity_formula_with_seeded_noise,synthetic_training_only
CLS-STA-045-2023-10-1000,STA-045,cibitung,Cibitung,2023-10,1000,4874,365162,46,25,17,6,34,55.77,57.42,16.32,32.21,87.02,Minuman,0.552,synthetic_opportunity_formula_with_seeded_noise,synthetic_training_only
CLS-STA-045-2023-11-500,STA-045,cibitung,Cibitung,2023-11,500,2214,334959,19,13,9,1,22,55.77,57.42,16.32,28.73,93.64,Makanan,0.5,synthetic_opportunity_formula_with_seeded_noise,synthetic_training_only
CLS-STA-045-2023-12-750,STA-045,cibitung,Cibitung,2023-12,750,2789,306777,29,23,16,3,24,55.77,57.42,16.32,28.12,91.15,Makanan,0.551,synthetic_opportunity_formula_with_seeded_noise,synthetic_training_only
CLS-STA-045-2024-01-500,STA-045,cibitung,Cibitung,2024-01,500,2091,310983,20,12,9,0,10,55.77,57.42,16.32,30.97,92.9,Makanan,0.508,synthetic_opportunity_formula_with_seeded_noise,synthetic_training_only
CLS-STA-045-2024-02-750,STA-045,cibitung,Cibitung,2024-02,750,3240,324063,29,18,10,6,21,55.77,57.42,16.32,29.24,90.96,Makanan,0.5,synthetic_opportunity_formula_with_seeded_noise,synthetic_training_only
CLS-STA-045-2024-03-1000,STA-045,cibitung,Cibitung,2024-03,1000,4832,365828,36,26,22,5,30,55.77,57.42,16.32,30.66,101.54,Makanan,0.578,synthetic_opportunity_formula_with_seeded_noise,synthetic_training_only
CLS-STA-045-2024-04-500,STA-045,cibitung,Cibitung,2024-04,500,2209,334166,18,15,7,3,14,55.77,57.42,16.32,29.23,78.49,Makanan,0.514,synthetic_opportunity_formula_with_seeded_noise,synthetic_training_only
CLS-STA-045-2024-05-750,STA-045,cibitung,Cibitung,2024-05,750,3526,362739,28,17,17,2,24,55.77,57.42,16.32,27.12,85.71,Makanan,0.5,synthetic_opportunity_formula_with_seeded_noise,synthetic_training_only
CLS-STA-045-2024-06-1000,STA-045,cibitung,Cibitung,2024-06,1000,4410,330777,42,27,17,3,25,55.77,57.42,16.32,30.77,83.47,Makanan,0.502,synthetic_opportunity_formula_with_seeded_noise,synthetic_training_only
CLS-STA-045-2024-07-500,STA-045,cibitung,Cibitung,2024-07,500,1906,305746,17,15,9,2,12,55.77,57.42,16.32,29.95,96.32,Makanan,0.521,synthetic_opportunity_formula_with_seeded_noise,synthetic_training_only
CLS-STA-045-2024-08-750,STA-045,cibitung,Cibitung,2024-08,750,3442,339842,31,10,12,5,20,55.77,57.42,16.32,33.28,89.97,Minuman,0.568,synthetic_opportunity_formula_with_seeded_noise,synthetic_training_only
CLS-STA-045-2024-09-1000,STA-045,cibitung,Cibitung,2024-09,1000,4627,346860,39,25,18,6,35,55.77,57.42,16.32,31.44,77.34,Makanan,0.567,synthetic_opportunity_formula_with_seeded_noise,synthetic_training_only
CLS-STA-045-2024-10-500,STA-045,cibitung,Cibitung,2024-10,500,2213,343045,19,10,9,1,11,55.77,57.42,16.32,34.06,82.48,Minuman,0.5,synthetic_opportunity_formula_with_seeded_noise,synthetic_training_only
CLS-STA-045-2024-11-750,STA-045,cibitung,Cibitung,2024-11,750,3850,399223,29,17,7,3,20,55.77,57.42,16.32,26.31,99.68,Makanan,0.536,synthetic_opportunity_formula_with_seeded_noise,synthetic_training_only
CLS-STA-045-2024-12-1000,STA-045,cibitung,Cibitung,2024-12,1000,4187,313061,33,22,17,4,21,55.77,57.42,16.32,30.95,106.45,Makanan,0.5,synthetic_opportunity_formula_with_seeded_noise,synthetic_training_only
CLS-STA-045-2025-01-750,STA-045,cibitung,Cibitung,2025-01,750,3370,330484,31,22,15,2,19,55.77,57.42,16.32,32.41,85.54,Makanan,0.549,synthetic_opportunity_formula_with_seeded_noise,synthetic_training_only
CLS-STA-045-2025-02-1000,STA-045,cibitung,Cibitung,2025-02,1000,4540,357092,40,25,19,3,27,55.77,57.42,16.32,28.99,81.63,Makanan,0.5,synthetic_opportunity_formula_with_seeded_noise,synthetic_training_only
CLS-STA-045-2025-03-500,STA-045,cibitung,Cibitung,2025-03,500,2279,350061,20,10,8,4,11,55.77,57.42,16.32,25.39,83.09,Minuman,0.5,synthetic_opportunity_formula_with_seeded_noise,synthetic_training_only
CLS-STA-045-2025-04-750,STA-045,cibitung,Cibitung,2025-04,750,3413,362308,32,21,11,4,25,55.77,57.42,16.32,28.67,91.6,Makanan,0.53,synthetic_opportunity_formula_with_seeded_noise,synthetic_training_only
CLS-STA-045-2025-05-1000,STA-045,cibitung,Cibitung,2025-05,1000,5131,395482,36,27,19,6,33,55.77,57.42,16.32,27.93,90.26,Makanan,0.586,synthetic_opportunity_formula_with_seeded_noise,synthetic_training_only
CLS-STA-045-2025-06-500,STA-045,cibitung,Cibitung,2025-06,500,2282,333982,17,15,10,6,9,55.77,57.42,16.32,32.33,89.89,Makanan,0.539,synthetic_opportunity_formula_with_seeded_noise,synthetic_training_only
CLS-STA-045-2025-07-750,STA-045,cibitung,Cibitung,2025-07,750,2952,300410,28,18,12,5,24,55.77,57.42,16.32,30.01,90.12,Makanan,0.5,synthetic_opportunity_formula_with_seeded_noise,synthetic_training_only
CLS-STA-045-2025-08-1000,STA-045,cibitung,Cibitung,2025-08,1000,4741,362996,36,25,21,5,26,55.77,57.42,16.32,29.63,97.03,Makanan,0.536,synthetic_opportunity_formula_with_seeded_noise,synthetic_training_only
CLS-STA-045-2025-09-500,STA-045,cibitung,Cibitung,2025-09,500,2734,402853,16,12,9,1,11,55.77,57.42,16.32,30.17,98.28,Makanan,0.535,synthetic_opportunity_formula_with_seeded_noise,synthetic_training_only
CLS-STA-045-2025-10-750,STA-045,cibitung,Cibitung,2025-10,750,3948,393566,25,16,14,2,16,55.77,57.42,16.32,28.7,96.56,Makanan,0.564,synthetic_opportunity_formula_with_seeded_noise,synthetic_training_only
CLS-STA-045-2025-11-1000,STA-045,cibitung,Cibitung,2025-11,1000,4968,374678,38,30,17,5,22,55.77,57.42,16.32,29.03,91.66,Makanan,0.541,synthetic_opportunity_formula_with_seeded_noise,synthetic_training_only
CLS-STA-045-2025-12-500,STA-045,cibitung,Cibitung,2025-12,500,2207,339513,17,17,8,6,9,55.77,57.42,16.32,25.11,85.47,Makanan,0.564,synthetic_opportunity_formula_with_seeded_noise,synthetic_training_only
CLS-STA-046-2023-01-500,STA-046,telagamurni,Metland Telaga Murni,2023-01,500,438,69934,4,6,9,5,5,32.33,59.46,25.62,47.0,81.11,Makanan,0.5,synthetic_opportunity_formula_with_seeded_noise,synthetic_training_only
CLS-STA-046-2023-02-750,STA-046,telagamurni,Metland Telaga Murni,2023-02,750,706,67970,15,13,11,3,11,32.33,59.46,25.62,43.08,81.29,Makanan,0.53,synthetic_opportunity_formula_with_seeded_noise,synthetic_training_only
CLS-STA-046-2023-03-1000,STA-046,telagamurni,Metland Telaga Murni,2023-03,1000,942,76352,23,11,15,6,12,32.33,59.46,25.62,37.49,75.73,Minuman,0.515,synthetic_opportunity_formula_with_seeded_noise,synthetic_training_only
CLS-STA-046-2023-04-500,STA-046,telagamurni,Metland Telaga Murni,2023-04,500,452,68376,11,8,7,3,5,32.33,59.46,25.62,44.98,68.71,Hobi,0.519,synthetic_opportunity_formula_with_seeded_noise,synthetic_training_only
CLS-STA-046-2023-05-750,STA-046,telagamurni,Metland Telaga Murni,2023-05,750,808,76429,11,5,10,5,11,32.33,59.46,25.62,42.08,78.13,Minuman,0.569,synthetic_opportunity_formula_with_seeded_noise,synthetic_training_only
CLS-STA-046-2023-06-1000,STA-046,telagamurni,Metland Telaga Murni,2023-06,1000,1064,70844,22,9,14,6,17,32.33,59.46,25.62,39.73,73.47,Minuman,0.583,synthetic_opportunity_formula_with_seeded_noise,synthetic_training_only
CLS-STA-046-2023-07-500,STA-046,telagamurni,Metland Telaga Murni,2023-07,500,487,64068,11,9,6,1,0,32.33,59.46,25.62,44.84,86.45,Lainnya,0.546,synthetic_opportunity_formula_with_seeded_noise,synthetic_training_only
CLS-STA-046-2023-08-750,STA-046,telagamurni,Metland Telaga Murni,2023-08,750,850,78919,13,5,9,1,14,32.33,59.46,25.62,40.84,78.29,Minuman,0.5,synthetic_opportunity_formula_with_seeded_noise,synthetic_training_only
CLS-STA-046-2023-09-1000,STA-046,telagamurni,Metland Telaga Murni,2023-09,1000,1233,79770,16,14,18,5,16,32.33,59.46,25.62,39.24,77.81,Makanan,0.522,synthetic_opportunity_formula_with_seeded_noise,synthetic_training_only
CLS-STA-046-2023-10-500,STA-046,telagamurni,Metland Telaga Murni,2023-10,500,735,83929,11,4,5,2,4,32.33,59.46,25.62,40.23,79.66,Hobi,0.519,synthetic_opportunity_formula_with_seeded_noise,synthetic_training_only
CLS-STA-046-2023-11-750,STA-046,telagamurni,Metland Telaga Murni,2023-11,750,806,82082,7,9,14,5,7,32.33,59.46,25.62,38.68,79.28,Makanan,0.502,synthetic_opportunity_formula_with_seeded_noise,synthetic_training_only
CLS-STA-046-2023-12-1000,STA-046,telagamurni,Metland Telaga Murni,2023-12,1000,1034,76171,20,17,14,6,14,32.33,59.46,25.62,40.45,81.51,Lainnya,0.5,synthetic_opportunity_formula_with_seeded_noise,synthetic_training_only
CLS-STA-046-2024-01-750,STA-046,telagamurni,Metland Telaga Murni,2024-01,750,680,71757,15,16,10,5,6,32.33,59.46,25.62,42.02,90.42,Lainnya,0.504,synthetic_opportunity_formula_with_seeded_noise,synthetic_training_only
CLS-STA-046-2024-02-1000,STA-046,telagamurni,Metland Telaga Murni,2024-02,1000,1086,73982,20,12,16,7,9,32.33,59.46,25.62,36.03,73.14,Minuman,0.546,synthetic_opportunity_formula_with_seeded_noise,synthetic_training_only
CLS-STA-046-2024-03-500,STA-046,telagamurni,Metland Telaga Murni,2024-03,500,611,81431,14,10,7,4,5,32.33,59.46,25.62,42.51,84.78,Hobi,0.5,synthetic_opportunity_formula_with_seeded_noise,synthetic_training_only
CLS-STA-046-2024-04-750,STA-046,telagamurni,Metland Telaga Murni,2024-04,750,984,78913,13,9,14,4,7,32.33,59.46,25.62,38.29,68.45,Makanan,0.546,synthetic_opportunity_formula_with_seeded_noise,synthetic_training_only
CLS-STA-046-2024-05-1000,STA-046,telagamurni,Metland Telaga Murni,2024-05,1000,1042,85706,21,17,15,6,21,32.33,59.46,25.62,44.27,79.34,Makanan,0.508,synthetic_opportunity_formula_with_seeded_noise,synthetic_training_only
CLS-STA-046-2024-06-500,STA-046,telagamurni,Metland Telaga Murni,2024-06,500,454,72280,10,13,8,2,18,32.33,59.46,25.62,40.85,83.61,Makanan,0.5,synthetic_opportunity_formula_with_seeded_noise,synthetic_training_only
CLS-STA-046-2024-07-750,STA-046,telagamurni,Metland Telaga Murni,2024-07,750,808,71913,13,12,12,6,11,32.33,59.46,25.62,42.96,74.97,Makanan,0.569,synthetic_opportunity_formula_with_seeded_noise,synthetic_training_only
CLS-STA-046-2024-08-1000,STA-046,telagamurni,Metland Telaga Murni,2024-08,1000,1175,82978,16,12,15,8,12,32.33,59.46,25.62,37.95,77.26,Makanan,0.5,synthetic_opportunity_formula_with_seeded_noise,synthetic_training_only
CLS-STA-046-2024-09-500,STA-046,telagamurni,Metland Telaga Murni,2024-09,500,607,83623,5,10,8,2,8,32.33,59.46,25.62,41.1,76.79,Makanan,0.529,synthetic_opportunity_formula_with_seeded_noise,synthetic_training_only
CLS-STA-046-2024-10-750,STA-046,telagamurni,Metland Telaga Murni,2024-10,750,838,92462,16,10,10,2,17,32.33,59.46,25.62,41.01,76.24,Toko Buku,0.5,synthetic_opportunity_formula_with_seeded_noise,synthetic_training_only
CLS-STA-046-2024-11-1000,STA-046,telagamurni,Metland Telaga Murni,2024-11,1000,1241,87763,24,9,13,6,14,32.33,59.46,25.62,36.97,77.3,Minuman,0.527,synthetic_opportunity_formula_with_seeded_noise,synthetic_training_only
CLS-STA-046-2024-12-500,STA-046,telagamurni,Metland Telaga Murni,2024-12,500,578,78666,15,8,11,3,4,32.33,59.46,25.62,41.15,87.79,Lainnya,0.5,synthetic_opportunity_formula_with_seeded_noise,synthetic_training_only
CLS-STA-046-2025-01-1000,STA-046,telagamurni,Metland Telaga Murni,2025-01,1000,1120,79172,19,9,16,4,15,32.33,59.46,25.62,42.76,76.82,Minuman,0.559,synthetic_opportunity_formula_with_seeded_noise,synthetic_training_only
CLS-STA-046-2025-02-500,STA-046,telagamurni,Metland Telaga Murni,2025-02,500,645,80881,9,7,8,0,12,32.33,59.46,25.62,44.87,80.81,Makanan,0.5,synthetic_opportunity_formula_with_seeded_noise,synthetic_training_only
CLS-STA-046-2025-03-750,STA-046,telagamurni,Metland Telaga Murni,2025-03,750,889,84294,17,9,11,4,2,32.33,59.46,25.62,40.62,72.11,Lainnya,0.5,synthetic_opportunity_formula_with_seeded_noise,synthetic_training_only
CLS-STA-046-2025-04-1000,STA-046,telagamurni,Metland Telaga Murni,2025-04,1000,1088,79665,16,15,12,6,17,32.33,59.46,25.62,40.34,87.11,Makanan,0.505,synthetic_opportunity_formula_with_seeded_noise,synthetic_training_only
CLS-STA-046-2025-05-500,STA-046,telagamurni,Metland Telaga Murni,2025-05,500,677,86287,2,9,8,5,4,32.33,59.46,25.62,41.41,81.73,Makanan,0.563,synthetic_opportunity_formula_with_seeded_noise,synthetic_training_only
CLS-STA-046-2025-06-750,STA-046,telagamurni,Metland Telaga Murni,2025-06,750,848,75410,8,10,10,5,14,32.33,59.46,25.62,44.0,60.62,Makanan,0.536,synthetic_opportunity_formula_with_seeded_noise,synthetic_training_only
CLS-STA-046-2025-07-1000,STA-046,telagamurni,Metland Telaga Murni,2025-07,1000,1091,81546,15,13,16,6,15,32.33,59.46,25.62,38.78,79.0,Makanan,0.508,synthetic_opportunity_formula_with_seeded_noise,synthetic_training_only
CLS-STA-046-2025-08-500,STA-046,telagamurni,Metland Telaga Murni,2025-08,500,631,85690,11,10,7,4,0,32.33,59.46,25.62,42.44,77.64,Lainnya,0.5,synthetic_opportunity_formula_with_seeded_noise,synthetic_training_only
CLS-STA-046-2025-09-750,STA-046,telagamurni,Metland Telaga Murni,2025-09,750,994,93713,17,6,11,3,14,32.33,59.46,25.62,41.78,76.6,Minuman,0.544,synthetic_opportunity_formula_with_seeded_noise,synthetic_training_only
CLS-STA-046-2025-10-1000,STA-046,telagamurni,Metland Telaga Murni,2025-10,1000,1429,97509,20,9,13,5,11,32.33,59.46,25.62,42.92,65.55,Minuman,0.5,synthetic_opportunity_formula_with_seeded_noise,synthetic_training_only
CLS-STA-046-2025-11-500,STA-046,telagamurni,Metland Telaga Murni,2025-11,500,754,94701,13,2,9,6,11,32.33,59.46,25.62,42.97,65.33,Minuman,0.525,synthetic_opportunity_formula_with_seeded_noise,synthetic_training_only
CLS-STA-046-2025-12-750,STA-046,telagamurni,Metland Telaga Murni,2025-12,750,763,79456,12,9,11,4,16,32.33,59.46,25.62,37.84,79.14,Makanan,0.5,synthetic_opportunity_formula_with_seeded_noise,synthetic_training_only
CLS-STA-047-2023-01-750,STA-047,cikarang,Cikarang,2023-01,750,2987,294735,19,14,15,8,9,40.85,55.25,48.96,40.51,82.6,Makanan,0.527,synthetic_opportunity_formula_with_seeded_noise,synthetic_training_only
CLS-STA-047-2023-02-1000,STA-047,cikarang,Cikarang,2023-02,1000,4136,297837,31,19,20,12,22,40.85,55.25,48.96,42.7,75.0,Makanan,0.5,synthetic_opportunity_formula_with_seeded_noise,synthetic_training_only
CLS-STA-047-2023-03-500,STA-047,cikarang,Cikarang,2023-03,500,2340,327445,15,12,12,4,13,40.85,55.25,48.96,38.49,85.12,Makanan,0.52,synthetic_opportunity_formula_with_seeded_noise,synthetic_training_only
CLS-STA-047-2023-04-750,STA-047,cikarang,Cikarang,2023-04,750,3299,316286,20,11,17,9,21,40.85,55.25,48.96,39.24,76.8,Makanan,0.5,synthetic_opportunity_formula_with_seeded_noise,synthetic_training_only
CLS-STA-047-2023-05-1000,STA-047,cikarang,Cikarang,2023-05,1000,4564,336283,34,24,19,12,22,40.85,55.25,48.96,39.74,81.49,Makanan,0.527,synthetic_opportunity_formula_with_seeded_noise,synthetic_training_only
CLS-STA-047-2023-06-500,STA-047,cikarang,Cikarang,2023-06,500,1764,300270,22,12,8,5,14,40.85,55.25,48.96,35.01,91.99,Minuman,0.5,synthetic_opportunity_formula_with_seeded_noise,synthetic_training_only
CLS-STA-047-2023-07-750,STA-047,cikarang,Cikarang,2023-07,750,3024,285031,24,21,14,11,17,40.85,55.25,48.96,39.06,81.24,Makanan,0.55,synthetic_opportunity_formula_with_seeded_noise,synthetic_training_only
CLS-STA-047-2023-08-1000,STA-047,cikarang,Cikarang,2023-08,1000,4419,323555,33,22,20,15,17,40.85,55.25,48.96,38.5,76.81,Makanan,0.511,synthetic_opportunity_formula_with_seeded_noise,synthetic_training_only
CLS-STA-047-2023-09-500,STA-047,cikarang,Cikarang,2023-09,500,2287,322948,22,15,12,5,6,40.85,55.25,48.96,40.41,87.75,Lainnya,0.5,synthetic_opportunity_formula_with_seeded_noise,synthetic_training_only
CLS-STA-047-2023-10-750,STA-047,cikarang,Cikarang,2023-10,750,3746,376548,20,18,17,9,25,40.85,55.25,48.96,36.99,84.9,Makanan,0.551,synthetic_opportunity_formula_with_seeded_noise,synthetic_training_only
CLS-STA-047-2023-11-1000,STA-047,cikarang,Cikarang,2023-11,1000,4428,331313,30,23,18,13,21,40.85,55.25,48.96,39.25,86.44,Makanan,0.562,synthetic_opportunity_formula_with_seeded_noise,synthetic_training_only
CLS-STA-047-2023-12-500,STA-047,cikarang,Cikarang,2023-12,500,2151,300979,15,5,11,5,11,40.85,55.25,48.96,39.5,81.99,Minuman,0.532,synthetic_opportunity_formula_with_seeded_noise,synthetic_training_only
CLS-STA-047-2024-01-1000,STA-047,cikarang,Cikarang,2024-01,1000,4372,318503,32,28,25,11,22,40.85,55.25,48.96,37.26,89.12,Makanan,0.574,synthetic_opportunity_formula_with_seeded_noise,synthetic_training_only
CLS-STA-047-2024-02-500,STA-047,cikarang,Cikarang,2024-02,500,2293,335668,13,11,7,7,8,40.85,55.25,48.96,34.99,74.33,Makanan,0.5,synthetic_opportunity_formula_with_seeded_noise,synthetic_training_only
CLS-STA-047-2024-03-750,STA-047,cikarang,Cikarang,2024-03,750,3492,347247,28,14,14,10,12,40.85,55.25,48.96,41.8,80.17,Minuman,0.5,synthetic_opportunity_formula_with_seeded_noise,synthetic_training_only
CLS-STA-047-2024-04-1000,STA-047,cikarang,Cikarang,2024-04,1000,4409,310524,30,27,22,10,24,40.85,55.25,48.96,40.94,89.88,Makanan,0.561,synthetic_opportunity_formula_with_seeded_noise,synthetic_training_only
CLS-STA-047-2024-05-500,STA-047,cikarang,Cikarang,2024-05,500,2457,360770,18,12,11,7,10,40.85,55.25,48.96,38.84,91.38,Makanan,0.546,synthetic_opportunity_formula_with_seeded_noise,synthetic_training_only
CLS-STA-047-2024-06-750,STA-047,cikarang,Cikarang,2024-06,750,3176,308907,30,20,16,6,13,40.85,55.25,48.96,37.48,86.14,Makanan,0.506,synthetic_opportunity_formula_with_seeded_noise,synthetic_training_only
CLS-STA-047-2024-07-1000,STA-047,cikarang,Cikarang,2024-07,1000,4116,303715,32,25,24,12,25,40.85,55.25,48.96,36.1,84.89,Makanan,0.525,synthetic_opportunity_formula_with_seeded_noise,synthetic_training_only
CLS-STA-047-2024-08-500,STA-047,cikarang,Cikarang,2024-08,500,2593,359893,14,11,7,4,8,40.85,55.25,48.96,37.91,82.04,Makanan,0.5,synthetic_opportunity_formula_with_seeded_noise,synthetic_training_only
CLS-STA-047-2024-09-750,STA-047,cikarang,Cikarang,2024-09,750,3937,379918,29,18,14,7,12,40.85,55.25,48.96,38.3,89.25,Makanan,0.523,synthetic_opportunity_formula_with_seeded_noise,synthetic_training_only
CLS-STA-047-2024-10-1000,STA-047,cikarang,Cikarang,2024-10,1000,5083,372648,32,21,17,12,20,40.85,55.25,48.96,39.63,87.83,Makanan,0.576,synthetic_opportunity_formula_with_seeded_noise,synthetic_training_only
CLS-STA-047-2024-11-500,STA-047,cikarang,Cikarang,2024-11,500,2653,373440,13,14,8,7,15,40.85,55.25,48.96,43.99,96.92,Makanan,0.572,synthetic_opportunity_formula_with_seeded_noise,synthetic_training_only
CLS-STA-047-2024-12-750,STA-047,cikarang,Cikarang,2024-12,750,3712,349813,21,19,17,7,22,40.85,55.25,48.96,44.79,84.6,Makanan,0.542,synthetic_opportunity_formula_with_seeded_noise,synthetic_training_only
CLS-STA-047-2025-01-500,STA-047,cikarang,Cikarang,2025-01,500,2397,333573,18,13,8,5,15,40.85,55.25,48.96,41.71,80.81,Makanan,0.504,synthetic_opportunity_formula_with_seeded_noise,synthetic_training_only
CLS-STA-047-2025-02-750,STA-047,cikarang,Cikarang,2025-02,750,3519,338886,23,16,16,8,15,40.85,55.25,48.96,38.07,83.03,Makanan,0.606,synthetic_opportunity_formula_with_seeded_noise,synthetic_training_only
CLS-STA-047-2025-03-1000,STA-047,cikarang,Cikarang,2025-03,1000,4835,351561,35,24,22,9,24,40.85,55.25,48.96,41.69,81.41,Makanan,0.555,synthetic_opportunity_formula_with_seeded_noise,synthetic_training_only
CLS-STA-047-2025-04-500,STA-047,cikarang,Cikarang,2025-04,500,2360,351005,13,12,8,5,14,40.85,55.25,48.96,38.76,83.17,Makanan,0.561,synthetic_opportunity_formula_with_seeded_noise,synthetic_training_only
CLS-STA-047-2025-05-750,STA-047,cikarang,Cikarang,2025-05,750,3702,357971,22,19,16,10,16,40.85,55.25,48.96,37.92,86.12,Makanan,0.549,synthetic_opportunity_formula_with_seeded_noise,synthetic_training_only
CLS-STA-047-2025-06-1000,STA-047,cikarang,Cikarang,2025-06,1000,4916,351508,34,23,19,14,23,40.85,55.25,48.96,40.12,73.5,Makanan,0.528,synthetic_opportunity_formula_with_seeded_noise,synthetic_training_only
CLS-STA-047-2025-07-500,STA-047,cikarang,Cikarang,2025-07,500,2295,322171,11,13,9,6,19,40.85,55.25,48.96,41.32,91.02,Makanan,0.56,synthetic_opportunity_formula_with_seeded_noise,synthetic_training_only
CLS-STA-047-2025-08-750,STA-047,cikarang,Cikarang,2025-08,750,3742,375035,24,23,17,11,18,40.85,55.25,48.96,34.6,87.98,Makanan,0.577,synthetic_opportunity_formula_with_seeded_noise,synthetic_training_only
CLS-STA-047-2025-09-1000,STA-047,cikarang,Cikarang,2025-09,1000,5472,387323,36,23,18,14,22,40.85,55.25,48.96,39.56,80.15,Makanan,0.506,synthetic_opportunity_formula_with_seeded_noise,synthetic_training_only
CLS-STA-047-2025-10-500,STA-047,cikarang,Cikarang,2025-10,500,2588,389846,12,12,8,6,15,40.85,55.25,48.96,36.22,87.31,Makanan,0.528,synthetic_opportunity_formula_with_seeded_noise,synthetic_training_only
CLS-STA-047-2025-11-750,STA-047,cikarang,Cikarang,2025-11,750,4134,399438,24,21,17,9,21,40.85,55.25,48.96,41.2,94.86,Makanan,0.552,synthetic_opportunity_formula_with_seeded_noise,synthetic_training_only
CLS-STA-047-2025-12-1000,STA-047,cikarang,Cikarang,2025-12,1000,4743,339927,28,24,21,11,17,40.85,55.25,48.96,38.82,81.79,Makanan,0.524,synthetic_opportunity_formula_with_seeded_noise,synthetic_training_only
CLS-STA-048-2023-01-1000,STA-048,grogol,Grogol,2023-01,1000,1956,138563,31,28,10,5,25,66.9,46.43,10.99,47.3,119.75,Makanan,0.55,synthetic_opportunity_formula_with_seeded_noise,synthetic_training_only
CLS-STA-048-2023-02-500,STA-048,grogol,Grogol,2023-02,500,826,130911,18,8,5,1,14,66.9,46.43,10.99,45.92,124.73,Minuman,0.565,synthetic_opportunity_formula_with_seeded_noise,synthetic_training_only
CLS-STA-048-2023-03-750,STA-048,grogol,Grogol,2023-03,750,1527,149526,27,21,9,5,18,66.9,46.43,10.99,50.28,121.49,Lainnya,0.524,synthetic_opportunity_formula_with_seeded_noise,synthetic_training_only
CLS-STA-048-2023-04-1000,STA-048,grogol,Grogol,2023-04,1000,2126,152297,33,28,15,2,35,66.9,46.43,10.99,42.75,112.65,Makanan,0.51,synthetic_opportunity_formula_with_seeded_noise,synthetic_training_only
CLS-STA-048-2023-05-500,STA-048,grogol,Grogol,2023-05,500,972,147106,14,10,4,0,11,66.9,46.43,10.99,43.17,116.85,Makanan,0.535,synthetic_opportunity_formula_with_seeded_noise,synthetic_training_only
CLS-STA-048-2023-06-750,STA-048,grogol,Grogol,2023-06,750,1464,133162,26,21,13,3,21,66.9,46.43,10.99,43.49,114.63,Makanan,0.533,synthetic_opportunity_formula_with_seeded_noise,synthetic_training_only
CLS-STA-048-2023-07-1000,STA-048,grogol,Grogol,2023-07,1000,1822,136649,39,23,13,2,24,66.9,46.43,10.99,45.12,117.1,Minuman,0.53,synthetic_opportunity_formula_with_seeded_noise,synthetic_training_only
CLS-STA-048-2023-08-500,STA-048,grogol,Grogol,2023-08,500,1116,152840,21,12,9,0,10,66.9,46.43,10.99,43.87,107.46,Lainnya,0.5,synthetic_opportunity_formula_with_seeded_noise,synthetic_training_only
CLS-STA-048-2023-09-750,STA-048,grogol,Grogol,2023-09,750,1855,158404,25,16,10,3,18,66.9,46.43,10.99,47.07,126.02,Minuman,0.5,synthetic_opportunity_formula_with_seeded_noise,synthetic_training_only
CLS-STA-048-2023-10-1000,STA-048,grogol,Grogol,2023-10,1000,2347,163820,37,25,15,1,35,66.9,46.43,10.99,42.91,107.2,Minuman,0.506,synthetic_opportunity_formula_with_seeded_noise,synthetic_training_only
CLS-STA-048-2023-11-500,STA-048,grogol,Grogol,2023-11,500,1202,163230,17,10,7,2,9,66.9,46.43,10.99,45.55,109.22,Lainnya,0.5,synthetic_opportunity_formula_with_seeded_noise,synthetic_training_only
CLS-STA-048-2023-12-750,STA-048,grogol,Grogol,2023-12,750,1507,147609,26,17,11,6,23,66.9,46.43,10.99,42.97,119.1,Minuman,0.5,synthetic_opportunity_formula_with_seeded_noise,synthetic_training_only
CLS-STA-048-2024-01-500,STA-048,grogol,Grogol,2024-01,500,974,149658,19,10,5,1,10,66.9,46.43,10.99,44.41,128.37,Lainnya,0.508,synthetic_opportunity_formula_with_seeded_noise,synthetic_training_only
CLS-STA-048-2024-02-750,STA-048,grogol,Grogol,2024-02,750,1574,150490,33,23,7,2,21,66.9,46.43,10.99,44.02,111.41,Lainnya,0.551,synthetic_opportunity_formula_with_seeded_noise,synthetic_training_only
CLS-STA-048-2024-03-1000,STA-048,grogol,Grogol,2024-03,1000,2192,154535,28,27,14,3,27,66.9,46.43,10.99,45.73,108.44,Makanan,0.532,synthetic_opportunity_formula_with_seeded_noise,synthetic_training_only
CLS-STA-048-2024-04-500,STA-048,grogol,Grogol,2024-04,500,1048,143112,16,6,5,3,14,66.9,46.43,10.99,46.29,116.76,Minuman,0.53,synthetic_opportunity_formula_with_seeded_noise,synthetic_training_only
CLS-STA-048-2024-05-750,STA-048,grogol,Grogol,2024-05,750,1656,147050,20,18,8,4,15,66.9,46.43,10.99,46.3,113.29,Makanan,0.5,synthetic_opportunity_formula_with_seeded_noise,synthetic_training_only
CLS-STA-048-2024-06-1000,STA-048,grogol,Grogol,2024-06,1000,1985,139582,32,24,16,5,25,66.9,46.43,10.99,46.35,124.79,Makanan,0.501,synthetic_opportunity_formula_with_seeded_noise,synthetic_training_only
CLS-STA-048-2024-07-500,STA-048,grogol,Grogol,2024-07,500,1026,139404,19,15,7,1,14,66.9,46.43,10.99,45.34,107.02,Lainnya,0.527,synthetic_opportunity_formula_with_seeded_noise,synthetic_training_only
CLS-STA-048-2024-08-750,STA-048,grogol,Grogol,2024-08,750,1659,153045,25,22,12,5,25,66.9,46.43,10.99,45.89,117.53,Makanan,0.5,synthetic_opportunity_formula_with_seeded_noise,synthetic_training_only
CLS-STA-048-2024-09-1000,STA-048,grogol,Grogol,2024-09,1000,2291,163162,35,23,10,5,24,66.9,46.43,10.99,46.52,114.38,Lainnya,0.538,synthetic_opportunity_formula_with_seeded_noise,synthetic_training_only
CLS-STA-048-2024-10-500,STA-048,grogol,Grogol,2024-10,500,1199,169229,14,16,8,1,11,66.9,46.43,10.99,40.63,124.12,Lainnya,0.534,synthetic_opportunity_formula_with_seeded_noise,synthetic_training_only
CLS-STA-048-2024-11-750,STA-048,grogol,Grogol,2024-11,750,1686,165644,25,21,13,5,21,66.9,46.43,10.99,47.21,109.05,Lainnya,0.5,synthetic_opportunity_formula_with_seeded_noise,synthetic_training_only
CLS-STA-048-2024-12-1000,STA-048,grogol,Grogol,2024-12,1000,2046,144544,33,30,11,4,28,66.9,46.43,10.99,40.64,124.18,Makanan,0.5,synthetic_opportunity_formula_with_seeded_noise,synthetic_training_only
CLS-STA-048-2025-01-750,STA-048,grogol,Grogol,2025-01,750,1597,144874,28,16,12,2,26,66.9,46.43,10.99,47.39,117.7,Minuman,0.5,synthetic_opportunity_formula_with_seeded_noise,synthetic_training_only
CLS-STA-048-2025-02-1000,STA-048,grogol,Grogol,2025-02,1000,2331,151895,35,30,11,4,25,66.9,46.43,10.99,46.48,130.76,Makanan,0.5,synthetic_opportunity_formula_with_seeded_noise,synthetic_training_only
CLS-STA-048-2025-03-500,STA-048,grogol,Grogol,2025-03,500,1260,181373,18,14,6,0,15,66.9,46.43,10.99,48.58,101.02,Makanan,0.506,synthetic_opportunity_formula_with_seeded_noise,synthetic_training_only
CLS-STA-048-2025-04-750,STA-048,grogol,Grogol,2025-04,750,1534,146454,16,20,11,3,16,66.9,46.43,10.99,46.03,107.52,Makanan,0.541,synthetic_opportunity_formula_with_seeded_noise,synthetic_training_only
CLS-STA-048-2025-05-1000,STA-048,grogol,Grogol,2025-05,1000,2356,170659,36,24,15,4,23,66.9,46.43,10.99,44.27,110.32,Minuman,0.5,synthetic_opportunity_formula_with_seeded_noise,synthetic_training_only
CLS-STA-048-2025-06-500,STA-048,grogol,Grogol,2025-06,500,1206,153725,17,14,6,3,16,66.9,46.43,10.99,39.8,124.62,Makanan,0.508,synthetic_opportunity_formula_with_seeded_noise,synthetic_training_only
CLS-STA-048-2025-07-750,STA-048,grogol,Grogol,2025-07,750,1789,154033,24,18,6,0,22,66.9,46.43,10.99,49.14,110.43,Makanan,0.513,synthetic_opportunity_formula_with_seeded_noise,synthetic_training_only
CLS-STA-048-2025-08-1000,STA-048,grogol,Grogol,2025-08,1000,2319,167960,29,25,12,4,23,66.9,46.43,10.99,44.12,112.93,Makanan,0.5,synthetic_opportunity_formula_with_seeded_noise,synthetic_training_only
CLS-STA-048-2025-09-500,STA-048,grogol,Grogol,2025-09,500,1272,174347,14,13,6,2,11,66.9,46.43,10.99,47.92,115.29,Lainnya,0.5,synthetic_opportunity_formula_with_seeded_noise,synthetic_training_only
CLS-STA-048-2025-10-750,STA-048,grogol,Grogol,2025-10,750,1937,174370,27,17,11,1,19,66.9,46.43,10.99,46.88,111.9,Minuman,0.5,synthetic_opportunity_formula_with_seeded_noise,synthetic_training_only
CLS-STA-048-2025-11-1000,STA-048,grogol,Grogol,2025-11,1000,2422,177395,37,29,15,3,22,66.9,46.43,10.99,48.23,122.81,Lainnya,0.52,synthetic_opportunity_formula_with_seeded_noise,synthetic_training_only
CLS-STA-048-2025-12-500,STA-048,grogol,Grogol,2025-12,500,1053,153683,16,17,8,2,15,66.9,46.43,10.99,44.99,110.9,Makanan,0.5,synthetic_opportunity_formula_with_seeded_noise,synthetic_training_only
CLS-STA-049-2023-01-500,STA-049,pesing,Pesing,2023-01,500,468,63509,19,18,5,2,4,64.93,57.88,2.0,40.61,103.03,Lainnya,0.541,synthetic_opportunity_formula_with_seeded_noise,synthetic_training_only
CLS-STA-049-2023-02-750,STA-049,pesing,Pesing,2023-02,750,735,63945,25,18,10,1,19,64.93,57.88,2.0,45.61,118.49,Lainnya,0.604,synthetic_opportunity_formula_with_seeded_noise,synthetic_training_only
CLS-STA-049-2023-03-1000,STA-049,pesing,Pesing,2023-03,1000,1175,71295,34,24,15,2,31,64.93,57.88,2.0,46.13,110.14,Minuman,0.5,synthetic_opportunity_formula_with_seeded_noise,synthetic_training_only
CLS-STA-049-2023-04-500,STA-049,pesing,Pesing,2023-04,500,472,70969,11,9,7,1,12,64.93,57.88,2.0,44.43,113.18,Makanan,0.554,synthetic_opportunity_formula_with_seeded_noise,synthetic_training_only
CLS-STA-049-2023-05-750,STA-049,pesing,Pesing,2023-05,750,729,71131,25,22,9,5,30,64.93,57.88,2.0,46.39,104.08,Makanan,0.5,synthetic_opportunity_formula_with_seeded_noise,synthetic_training_only
CLS-STA-049-2023-06-1000,STA-049,pesing,Pesing,2023-06,1000,837,61384,35,27,13,3,20,64.93,57.88,2.0,51.12,118.87,Lainnya,0.544,synthetic_opportunity_formula_with_seeded_noise,synthetic_training_only
CLS-STA-049-2023-07-500,STA-049,pesing,Pesing,2023-07,500,448,65252,10,9,5,3,8,64.93,57.88,2.0,45.06,111.66,Makanan,0.502,synthetic_opportunity_formula_with_seeded_noise,synthetic_training_only
CLS-STA-049-2023-08-750,STA-049,pesing,Pesing,2023-08,750,724,70475,15,16,8,1,20,64.93,57.88,2.0,48.52,119.78,Makanan,0.569,synthetic_opportunity_formula_with_seeded_noise,synthetic_training_only
CLS-STA-049-2023-09-1000,STA-049,pesing,Pesing,2023-09,1000,897,66564,26,25,15,3,19,64.93,57.88,2.0,41.61,110.57,Lainnya,0.502,synthetic_opportunity_formula_with_seeded_noise,synthetic_training_only
CLS-STA-049-2023-10-500,STA-049,pesing,Pesing,2023-10,500,519,77524,15,12,6,0,2,64.93,57.88,2.0,43.46,102.51,Lainnya,0.546,synthetic_opportunity_formula_with_seeded_noise,synthetic_training_only
CLS-STA-049-2023-11-750,STA-049,pesing,Pesing,2023-11,750,662,72697,26,19,12,0,14,64.93,57.88,2.0,42.51,114.05,Lainnya,0.548,synthetic_opportunity_formula_with_seeded_noise,synthetic_training_only
CLS-STA-049-2023-12-1000,STA-049,pesing,Pesing,2023-12,1000,950,65717,27,21,13,2,23,64.93,57.88,2.0,49.69,112.12,Lainnya,0.564,synthetic_opportunity_formula_with_seeded_noise,synthetic_training_only
CLS-STA-049-2024-01-750,STA-049,pesing,Pesing,2024-01,750,555,66052,28,21,12,4,17,64.93,57.88,2.0,42.52,106.12,Lainnya,0.531,synthetic_opportunity_formula_with_seeded_noise,synthetic_training_only
CLS-STA-049-2024-02-1000,STA-049,pesing,Pesing,2024-02,1000,940,68995,26,26,13,2,22,64.93,57.88,2.0,50.41,106.98,Makanan,0.517,synthetic_opportunity_formula_with_seeded_noise,synthetic_training_only
CLS-STA-049-2024-03-500,STA-049,pesing,Pesing,2024-03,500,299,69719,15,9,6,0,11,64.93,57.88,2.0,41.57,118.44,Minuman,0.513,synthetic_opportunity_formula_with_seeded_noise,synthetic_training_only
CLS-STA-049-2024-04-750,STA-049,pesing,Pesing,2024-04,750,937,73163,22,18,5,0,16,64.93,57.88,2.0,46.85,120.81,Makanan,0.509,synthetic_opportunity_formula_with_seeded_noise,synthetic_training_only
CLS-STA-049-2024-05-1000,STA-049,pesing,Pesing,2024-05,1000,1054,74790,29,20,12,2,21,64.93,57.88,2.0,42.7,105.22,Lainnya,0.533,synthetic_opportunity_formula_with_seeded_noise,synthetic_training_only
CLS-STA-049-2024-06-500,STA-049,pesing,Pesing,2024-06,500,533,67118,17,8,5,3,15,64.93,57.88,2.0,44.39,107.07,Minuman,0.5,synthetic_opportunity_formula_with_seeded_noise,synthetic_training_only
CLS-STA-049-2024-07-750,STA-049,pesing,Pesing,2024-07,750,723,67468,19,15,8,2,10,64.93,57.88,2.0,45.58,106.6,Lainnya,0.537,synthetic_opportunity_formula_with_seeded_noise,synthetic_training_only
CLS-STA-049-2024-08-1000,STA-049,pesing,Pesing,2024-08,1000,1016,75051,31,21,14,3,24,64.93,57.88,2.0,41.38,111.34,Lainnya,0.5,synthetic_opportunity_formula_with_seeded_noise,synthetic_training_only
CLS-STA-049-2024-09-500,STA-049,pesing,Pesing,2024-09,500,477,79462,14,11,3,3,22,64.93,57.88,2.0,46.62,108.1,Hobi,0.517,synthetic_opportunity_formula_with_seeded_noise,synthetic_training_only
CLS-STA-049-2024-10-750,STA-049,pesing,Pesing,2024-10,750,845,79635,25,16,12,2,5,64.93,57.88,2.0,39.55,100.8,Lainnya,0.537,synthetic_opportunity_formula_with_seeded_noise,synthetic_training_only
CLS-STA-049-2024-11-1000,STA-049,pesing,Pesing,2024-11,1000,1132,76091,35,24,12,0,35,64.93,57.88,2.0,46.21,112.98,Toko Buku,0.521,synthetic_opportunity_formula_with_seeded_noise,synthetic_training_only
CLS-STA-049-2024-12-500,STA-049,pesing,Pesing,2024-12,500,508,70256,21,14,5,0,12,64.93,57.88,2.0,48.98,106.44,Lainnya,0.5,synthetic_opportunity_formula_with_seeded_noise,synthetic_training_only
CLS-STA-049-2025-01-1000,STA-049,pesing,Pesing,2025-01,1000,984,70602,31,22,16,0,24,64.93,57.88,2.0,42.26,112.24,Toko Buku,0.54,synthetic_opportunity_formula_with_seeded_noise,synthetic_training_only
CLS-STA-049-2025-02-500,STA-049,pesing,Pesing,2025-02,500,425,70133,16,14,7,0,5,64.93,57.88,2.0,41.2,106.03,Lainnya,0.53,synthetic_opportunity_formula_with_seeded_noise,synthetic_training_only
CLS-STA-049-2025-03-750,STA-049,pesing,Pesing,2025-03,750,973,77699,19,16,11,0,18,64.93,57.88,2.0,46.15,113.83,Makanan,0.5,synthetic_opportunity_formula_with_seeded_noise,synthetic_training_only
CLS-STA-049-2025-04-1000,STA-049,pesing,Pesing,2025-04,1000,1002,72632,33,21,10,2,21,64.93,57.88,2.0,45.32,123.16,Lainnya,0.538,synthetic_opportunity_formula_with_seeded_noise,synthetic_training_only
CLS-STA-049-2025-05-500,STA-049,pesing,Pesing,2025-05,500,564,82392,12,9,7,2,15,64.93,57.88,2.0,43.38,110.73,Makanan,0.523,synthetic_opportunity_formula_with_seeded_noise,synthetic_training_only
CLS-STA-049-2025-06-750,STA-049,pesing,Pesing,2025-06,750,817,70276,21,18,10,0,17,64.93,57.88,2.0,45.64,99.94,Makanan,0.5,synthetic_opportunity_formula_with_seeded_noise,synthetic_training_only
CLS-STA-049-2025-07-1000,STA-049,pesing,Pesing,2025-07,1000,816,64004,29,17,12,2,25,64.93,57.88,2.0,48.14,123.28,Minuman,0.555,synthetic_opportunity_formula_with_seeded_noise,synthetic_training_only
CLS-STA-049-2025-08-500,STA-049,pesing,Pesing,2025-08,500,565,82016,12,12,7,2,13,64.93,57.88,2.0,42.02,113.31,Makanan,0.5,synthetic_opportunity_formula_with_seeded_noise,synthetic_training_only
CLS-STA-049-2025-09-750,STA-049,pesing,Pesing,2025-09,750,731,77459,20,18,7,0,18,64.93,57.88,2.0,44.34,99.36,Hobi,0.567,synthetic_opportunity_formula_with_seeded_noise,synthetic_training_only
CLS-STA-049-2025-10-1000,STA-049,pesing,Pesing,2025-10,1000,1126,80506,30,23,10,1,26,64.93,57.88,2.0,45.03,111.45,Hobi,0.508,synthetic_opportunity_formula_with_seeded_noise,synthetic_training_only
CLS-STA-049-2025-11-500,STA-049,pesing,Pesing,2025-11,500,487,79951,15,16,5,2,18,64.93,57.88,2.0,43.55,110.71,Hobi,0.533,synthetic_opportunity_formula_with_seeded_noise,synthetic_training_only
CLS-STA-049-2025-12-750,STA-049,pesing,Pesing,2025-12,750,846,76715,28,16,7,1,21,64.93,57.88,2.0,42.45,119.31,Hobi,0.5,synthetic_opportunity_formula_with_seeded_noise,synthetic_training_only
CLS-STA-050-2023-01-750,STA-050,tamankota,Taman Kota,2023-01,750,1376,135675,25,21,9,3,22,90.47,54.83,15.7,31.94,121.73,Makanan,0.567,synthetic_opportunity_formula_with_seeded_noise,synthetic_training_only
CLS-STA-050-2023-02-1000,STA-050,tamankota,Taman Kota,2023-02,1000,1805,139414,29,27,15,4,19,90.47,54.83,15.7,34.43,110.46,Makanan,0.512,synthetic_opportunity_formula_with_seeded_noise,synthetic_training_only
CLS-STA-050-2023-03-500,STA-050,tamankota,Taman Kota,2023-03,500,1073,152996,15,16,8,5,18,90.47,54.83,15.7,34.33,94.89,Makanan,0.568,synthetic_opportunity_formula_with_seeded_noise,synthetic_training_only
CLS-STA-050-2023-04-750,STA-050,tamankota,Taman Kota,2023-04,750,1405,138873,28,25,12,2,15,90.47,54.83,15.7,36.0,116.41,Makanan,0.5,synthetic_opportunity_formula_with_seeded_noise,synthetic_training_only
CLS-STA-050-2023-05-1000,STA-050,tamankota,Taman Kota,2023-05,1000,2183,156382,38,30,13,4,23,90.47,54.83,15.7,38.93,112.35,Makanan,0.522,synthetic_opportunity_formula_with_seeded_noise,synthetic_training_only
CLS-STA-050-2023-06-500,STA-050,tamankota,Taman Kota,2023-06,500,822,135451,20,14,9,3,21,90.47,54.83,15.7,36.98,108.08,Minuman,0.5,synthetic_opportunity_formula_with_seeded_noise,synthetic_training_only
CLS-STA-050-2023-07-750,STA-050,tamankota,Taman Kota,2023-07,750,1296,137854,29,19,12,1,17,90.47,54.83,15.7,36.36,119.73,Minuman,0.507,synthetic_opportunity_formula_with_seeded_noise,synthetic_training_only
CLS-STA-050-2023-08-1000,STA-050,tamankota,Taman Kota,2023-08,1000,2076,155485,40,31,12,7,20,90.47,54.83,15.7,34.03,107.07,Lainnya,0.555,synthetic_opportunity_formula_with_seeded_noise,synthetic_training_only
CLS-STA-050-2023-09-500,STA-050,tamankota,Taman Kota,2023-09,500,1087,150368,18,12,6,4,14,90.47,54.83,15.7,34.32,100.37,Minuman,0.515,synthetic_opportunity_formula_with_seeded_noise,synthetic_training_only
CLS-STA-050-2023-10-750,STA-050,tamankota,Taman Kota,2023-10,750,1862,167656,31,26,15,4,21,90.47,54.83,15.7,35.45,107.83,Lainnya,0.541,synthetic_opportunity_formula_with_seeded_noise,synthetic_training_only
CLS-STA-050-2023-11-1000,STA-050,tamankota,Taman Kota,2023-11,1000,2055,155776,36,28,15,3,29,90.47,54.83,15.7,38.78,111.67,Minuman,0.553,synthetic_opportunity_formula_with_seeded_noise,synthetic_training_only
CLS-STA-050-2023-12-500,STA-050,tamankota,Taman Kota,2023-12,500,1007,145904,17,15,6,3,12,90.47,54.83,15.7,35.36,107.31,Makanan,0.575,synthetic_opportunity_formula_with_seeded_noise,synthetic_training_only
CLS-STA-050-2024-01-1000,STA-050,tamankota,Taman Kota,2024-01,1000,1905,134160,38,30,14,6,26,90.47,54.83,15.7,37.43,111.96,Makanan,0.5,synthetic_opportunity_formula_with_seeded_noise,synthetic_training_only
CLS-STA-050-2024-02-500,STA-050,tamankota,Taman Kota,2024-02,500,1041,145909,22,14,3,3,17,90.47,54.83,15.7,40.88,119.79,Minuman,0.511,synthetic_opportunity_formula_with_seeded_noise,synthetic_training_only
CLS-STA-050-2024-03-750,STA-050,tamankota,Taman Kota,2024-03,750,1581,156005,25,22,10,3,17,90.47,54.83,15.7,32.79,116.02,Makanan,0.529,synthetic_opportunity_formula_with_seeded_noise,synthetic_training_only
CLS-STA-050-2024-04-1000,STA-050,tamankota,Taman Kota,2024-04,1000,1953,147167,39,34,19,8,29,90.47,54.83,15.7,39.15,104.49,Makanan,0.522,synthetic_opportunity_formula_with_seeded_noise,synthetic_training_only
CLS-STA-050-2024-05-500,STA-050,tamankota,Taman Kota,2024-05,500,1037,160072,20,17,5,2,13,90.47,54.83,15.7,33.54,107.17,Makanan,0.515,synthetic_opportunity_formula_with_seeded_noise,synthetic_training_only
CLS-STA-050-2024-06-750,STA-050,tamankota,Taman Kota,2024-06,750,1421,132898,27,23,14,4,24,90.47,54.83,15.7,36.34,107.65,Makanan,0.5,synthetic_opportunity_formula_with_seeded_noise,synthetic_training_only
CLS-STA-050-2024-07-1000,STA-050,tamankota,Taman Kota,2024-07,1000,1846,137506,34,34,16,4,30,90.47,54.83,15.7,37.09,112.0,Makanan,0.56,synthetic_opportunity_formula_with_seeded_noise,synthetic_training_only
CLS-STA-050-2024-08-500,STA-050,tamankota,Taman Kota,2024-08,500,1157,159929,20,17,9,1,15,90.47,54.83,15.7,32.02,116.94,Makanan,0.5,synthetic_opportunity_formula_with_seeded_noise,synthetic_training_only
CLS-STA-050-2024-09-750,STA-050,tamankota,Taman Kota,2024-09,750,1663,165072,29,23,12,4,20,90.47,54.83,15.7,36.7,115.11,Lainnya,0.542,synthetic_opportunity_formula_with_seeded_noise,synthetic_training_only
CLS-STA-050-2024-10-1000,STA-050,tamankota,Taman Kota,2024-10,1000,2250,161775,36,25,20,6,24,90.47,54.83,15.7,35.29,113.86,Minuman,0.605,synthetic_opportunity_formula_with_seeded_noise,synthetic_training_only
CLS-STA-050-2024-11-500,STA-050,tamankota,Taman Kota,2024-11,500,1127,175610,15,22,4,1,15,90.47,54.83,15.7,36.3,110.02,Makanan,0.5,synthetic_opportunity_formula_with_seeded_noise,synthetic_training_only
CLS-STA-050-2024-12-750,STA-050,tamankota,Taman Kota,2024-12,750,1294,143261,30,22,10,7,22,90.47,54.83,15.7,32.05,105.88,Minuman,0.5,synthetic_opportunity_formula_with_seeded_noise,synthetic_training_only
CLS-STA-050-2025-01-500,STA-050,tamankota,Taman Kota,2025-01,500,853,135010,20,16,8,4,9,90.47,54.83,15.7,38.6,106.06,Lainnya,0.5,synthetic_opportunity_formula_with_seeded_noise,synthetic_training_only
CLS-STA-050-2025-02-750,STA-050,tamankota,Taman Kota,2025-02,750,1759,171687,25,26,13,5,19,90.47,54.83,15.7,35.4,103.29,Makanan,0.527,synthetic_opportunity_formula_with_seeded_noise,synthetic_training_only
CLS-STA-050-2025-03-1000,STA-050,tamankota,Taman Kota,2025-03,1000,2327,170952,37,32,18,4,23,90.47,54.83,15.7,38.4,108.0,Makanan,0.5,synthetic_opportunity_formula_with_seeded_noise,synthetic_training_only
CLS-STA-050-2025-04-500,STA-050,tamankota,Taman Kota,2025-04,500,1040,157214,19,20,5,4,12,90.47,54.83,15.7,37.86,113.44,Makanan,0.5,synthetic_opportunity_formula_with_seeded_noise,synthetic_training_only
CLS-STA-050-2025-05-750,STA-050,tamankota,Taman Kota,2025-05,750,1800,168573,34,23,13,4,25,90.47,54.83,15.7,35.62,121.0,Minuman,0.5,synthetic_opportunity_formula_with_seeded_noise,synthetic_training_only
CLS-STA-050-2025-06-1000,STA-050,tamankota,Taman Kota,2025-06,1000,2045,152625,31,29,12,1,22,90.47,54.83,15.7,32.22,121.12,Makanan,0.558,synthetic_opportunity_formula_with_seeded_noise,synthetic_training_only
CLS-STA-050-2025-07-500,STA-050,tamankota,Taman Kota,2025-07,500,1066,150698,22,14,13,3,4,90.47,54.83,15.7,39.99,108.42,Lainnya,0.519,synthetic_opportunity_formula_with_seeded_noise,synthetic_training_only
CLS-STA-050-2025-08-750,STA-050,tamankota,Taman Kota,2025-08,750,1799,171622,29,22,13,5,21,90.47,54.83,15.7,39.51,119.34,Minuman,0.552,synthetic_opportunity_formula_with_seeded_noise,synthetic_training_only
CLS-STA-050-2025-09-1000,STA-050,tamankota,Taman Kota,2025-09,1000,2400,176052,37,29,11,5,28,90.47,54.83,15.7,35.03,111.61,Makanan,0.5,synthetic_opportunity_formula_with_seeded_noise,synthetic_training_only
CLS-STA-050-2025-10-500,STA-050,tamankota,Taman Kota,2025-10,500,1217,177780,18,17,2,2,7,90.47,54.83,15.7,38.28,119.23,Lainnya,0.539,synthetic_opportunity_formula_with_seeded_noise,synthetic_training_only
CLS-STA-050-2025-11-750,STA-050,tamankota,Taman Kota,2025-11,750,1750,174120,26,18,14,5,21,90.47,54.83,15.7,33.48,113.73,Minuman,0.513,synthetic_opportunity_formula_with_seeded_noise,synthetic_training_only
CLS-STA-050-2025-12-1000,STA-050,tamankota,Taman Kota,2025-12,1000,2140,154879,33,38,16,3,28,90.47,54.83,15.7,38.52,104.52,Makanan,0.586,synthetic_opportunity_formula_with_seeded_noise,synthetic_training_only
CLS-STA-051-2023-01-1000,STA-051,bojongindah,Bojong Indah,2023-01,1000,882,63403,34,28,20,11,19,71.63,60.95,49.06,44.62,105.47,Lainnya,0.5,synthetic_opportunity_formula_with_seeded_noise,synthetic_training_only
CLS-STA-051-2023-02-500,STA-051,bojongindah,Bojong Indah,2023-02,500,341,69315,12,10,11,8,9,71.63,60.95,49.06,43.68,107.06,Minuman,0.51,synthetic_opportunity_formula_with_seeded_noise,synthetic_training_only
CLS-STA-051-2023-03-750,STA-051,bojongindah,Bojong Indah,2023-03,750,730,68807,18,22,17,8,13,71.63,60.95,49.06,38.98,110.77,Makanan,0.508,synthetic_opportunity_formula_with_seeded_noise,synthetic_training_only
CLS-STA-051-2023-04-1000,STA-051,bojongindah,Bojong Indah,2023-04,1000,736,65035,38,33,20,13,19,71.63,60.95,49.06,36.67,115.7,Lainnya,0.5,synthetic_opportunity_formula_with_seeded_noise,synthetic_training_only
CLS-STA-051-2023-05-500,STA-051,bojongindah,Bojong Indah,2023-05,500,479,71455,14,13,9,4,8,71.63,60.95,49.06,43.36,110.73,Hobi,0.508,synthetic_opportunity_formula_with_seeded_noise,synthetic_training_only
CLS-STA-051-2023-06-750,STA-051,bojongindah,Bojong Indah,2023-06,750,584,63099,27,18,19,10,18,71.63,60.95,49.06,43.75,88.61,Minuman,0.547,synthetic_opportunity_formula_with_seeded_noise,synthetic_training_only
CLS-STA-051-2023-07-1000,STA-051,bojongindah,Bojong Indah,2023-07,1000,899,64484,27,30,19,11,32,71.63,60.95,49.06,40.28,112.98,Makanan,0.521,synthetic_opportunity_formula_with_seeded_noise,synthetic_training_only
CLS-STA-051-2023-08-500,STA-051,bojongindah,Bojong Indah,2023-08,500,615,66238,15,14,13,8,12,71.63,60.95,49.06,41.41,108.53,Minuman,0.5,synthetic_opportunity_formula_with_seeded_noise,synthetic_training_only
CLS-STA-051-2023-09-750,STA-051,bojongindah,Bojong Indah,2023-09,750,660,69827,24,19,16,8,19,71.63,60.95,49.06,44.66,107.39,Hobi,0.581,synthetic_opportunity_formula_with_seeded_noise,synthetic_training_only
CLS-STA-051-2023-10-1000,STA-051,bojongindah,Bojong Indah,2023-10,1000,972,71779,30,36,20,9,26,71.63,60.95,49.06,40.9,118.47,Toko Buku,0.5,synthetic_opportunity_formula_with_seeded_noise,synthetic_training_only
CLS-STA-051-2023-11-500,STA-051,bojongindah,Bojong Indah,2023-11,500,520,77112,12,13,12,7,12,71.63,60.95,49.06,39.56,105.58,Makanan,0.517,synthetic_opportunity_formula_with_seeded_noise,synthetic_training_only
CLS-STA-051-2023-12-750,STA-051,bojongindah,Bojong Indah,2023-12,750,606,70469,26,22,16,7,17,71.63,60.95,49.06,43.14,104.14,Toko Buku,0.514,synthetic_opportunity_formula_with_seeded_noise,synthetic_training_only
CLS-STA-051-2024-01-500,STA-051,bojongindah,Bojong Indah,2024-01,500,395,68153,13,13,13,7,20,71.63,60.95,49.06,41.22,103.96,Makanan,0.5,synthetic_opportunity_formula_with_seeded_noise,synthetic_training_only
CLS-STA-051-2024-02-750,STA-051,bojongindah,Bojong Indah,2024-02,750,743,68955,26,23,15,9,17,71.63,60.95,49.06,42.56,99.08,Hobi,0.5,synthetic_opportunity_formula_with_seeded_noise,synthetic_training_only
CLS-STA-051-2024-03-1000,STA-051,bojongindah,Bojong Indah,2024-03,1000,1049,71015,33,32,22,11,26,71.63,60.95,49.06,45.65,116.37,Makanan,0.5,synthetic_opportunity_formula_with_seeded_noise,synthetic_training_only
CLS-STA-051-2024-04-500,STA-051,bojongindah,Bojong Indah,2024-04,500,461,74172,15,13,12,6,6,71.63,60.95,49.06,43.52,103.82,Minuman,0.554,synthetic_opportunity_formula_with_seeded_noise,synthetic_training_only
CLS-STA-051-2024-05-750,STA-051,bojongindah,Bojong Indah,2024-05,750,842,71501,25,19,19,6,21,71.63,60.95,49.06,43.2,105.87,Minuman,0.534,synthetic_opportunity_formula_with_seeded_noise,synthetic_training_only
CLS-STA-051-2024-06-1000,STA-051,bojongindah,Bojong Indah,2024-06,1000,898,69533,28,26,20,10,34,71.63,60.95,49.06,41.42,99.87,Makanan,0.5,synthetic_opportunity_formula_with_seeded_noise,synthetic_training_only
CLS-STA-051-2024-07-500,STA-051,bojongindah,Bojong Indah,2024-07,500,336,68235,10,19,7,3,13,71.63,60.95,49.06,41.34,103.3,Hobi,0.512,synthetic_opportunity_formula_with_seeded_noise,synthetic_training_only
CLS-STA-051-2024-08-750,STA-051,bojongindah,Bojong Indah,2024-08,750,732,72362,19,16,17,10,31,71.63,60.95,49.06,43.83,107.9,Minuman,0.54,synthetic_opportunity_formula_with_seeded_noise,synthetic_training_only
CLS-STA-051-2024-09-1000,STA-051,bojongindah,Bojong Indah,2024-09,1000,995,80807,36,28,20,11,31,71.63,60.95,49.06,42.29,94.68,Hobi,0.5,synthetic_opportunity_formula_with_seeded_noise,synthetic_training_only
CLS-STA-051-2024-10-500,STA-051,bojongindah,Bojong Indah,2024-10,500,456,77944,15,18,11,4,11,71.63,60.95,49.06,42.97,121.46,Toko Buku,0.557,synthetic_opportunity_formula_with_seeded_noise,synthetic_training_only
CLS-STA-051-2024-11-750,STA-051,bojongindah,Bojong Indah,2024-11,750,737,78903,25,19,18,9,20,71.63,60.95,49.06,40.54,119.89,Minuman,0.514,synthetic_opportunity_formula_with_seeded_noise,synthetic_training_only
CLS-STA-051-2024-12-1000,STA-051,bojongindah,Bojong Indah,2024-12,1000,961,69975,29,28,24,13,25,71.63,60.95,49.06,43.25,109.94,Lainnya,0.5,synthetic_opportunity_formula_with_seeded_noise,synthetic_training_only
CLS-STA-051-2025-01-750,STA-051,bojongindah,Bojong Indah,2025-01,750,776,68353,24,23,14,8,13,71.63,60.95,49.06,42.94,111.27,Lainnya,0.577,synthetic_opportunity_formula_with_seeded_noise,synthetic_training_only
CLS-STA-051-2025-02-1000,STA-051,bojongindah,Bojong Indah,2025-02,1000,1003,74414,36,32,22,13,18,71.63,60.95,49.06,43.62,109.9,Lainnya,0.551,synthetic_opportunity_formula_with_seeded_noise,synthetic_training_only
CLS-STA-051-2025-03-500,STA-051,bojongindah,Bojong Indah,2025-03,500,558,78361,19,11,13,3,19,71.63,60.95,49.06,47.01,119.47,Minuman,0.52,synthetic_opportunity_formula_with_seeded_noise,synthetic_training_only
CLS-STA-051-2025-04-750,STA-051,bojongindah,Bojong Indah,2025-04,750,693,64164,27,24,15,7,24,71.63,60.95,49.06,45.29,110.68,Hobi,0.554,synthetic_opportunity_formula_with_seeded_noise,synthetic_training_only
CLS-STA-051-2025-05-1000,STA-051,bojongindah,Bojong Indah,2025-05,1000,1186,80909,30,26,21,11,22,71.63,60.95,49.06,37.76,109.89,Makanan,0.507,synthetic_opportunity_formula_with_seeded_noise,synthetic_training_only
CLS-STA-051-2025-06-500,STA-051,bojongindah,Bojong Indah,2025-06,500,662,70969,16,11,8,4,9,71.63,60.95,49.06,44.76,97.3,Minuman,0.548,synthetic_opportunity_formula_with_seeded_noise,synthetic_training_only
CLS-STA-051-2025-07-750,STA-051,bojongindah,Bojong Indah,2025-07,750,797,68838,26,19,15,8,18,71.63,60.95,49.06,41.0,94.24,Minuman,0.5,synthetic_opportunity_formula_with_seeded_noise,synthetic_training_only
CLS-STA-051-2025-08-1000,STA-051,bojongindah,Bojong Indah,2025-08,1000,1114,76862,30,24,18,10,24,71.63,60.95,49.06,41.6,101.9,Hobi,0.5,synthetic_opportunity_formula_with_seeded_noise,synthetic_training_only
CLS-STA-051-2025-09-500,STA-051,bojongindah,Bojong Indah,2025-09,500,634,83985,21,13,14,8,21,71.63,60.95,49.06,43.9,117.05,Minuman,0.508,synthetic_opportunity_formula_with_seeded_noise,synthetic_training_only
CLS-STA-051-2025-10-750,STA-051,bojongindah,Bojong Indah,2025-10,750,847,85801,28,20,19,9,18,71.63,60.95,49.06,41.84,97.78,Lainnya,0.507,synthetic_opportunity_formula_with_seeded_noise,synthetic_training_only
CLS-STA-051-2025-11-1000,STA-051,bojongindah,Bojong Indah,2025-11,1000,1097,79370,36,30,24,12,22,71.63,60.95,49.06,43.79,104.99,Lainnya,0.538,synthetic_opportunity_formula_with_seeded_noise,synthetic_training_only
CLS-STA-051-2025-12-500,STA-051,bojongindah,Bojong Indah,2025-12,500,507,73901,17,15,13,6,14,71.63,60.95,49.06,41.12,94.23,Toko Buku,0.526,synthetic_opportunity_formula_with_seeded_noise,synthetic_training_only
CLS-STA-052-2023-01-500,STA-052,rawabuaya,Rawa Buaya,2023-01,500,1021,133337,15,8,6,2,22,54.86,53.71,15.14,43.67,119.03,Minuman,0.512,synthetic_opportunity_formula_with_seeded_noise,synthetic_training_only
CLS-STA-052-2023-02-750,STA-052,rawabuaya,Rawa Buaya,2023-02,750,1566,137426,27,19,8,0,25,54.86,53.71,15.14,41.33,114.08,Makanan,0.543,synthetic_opportunity_formula_with_seeded_noise,synthetic_training_only
CLS-STA-052-2023-03-1000,STA-052,rawabuaya,Rawa Buaya,2023-03,1000,2018,149191,29,30,16,5,27,54.86,53.71,15.14,46.69,119.0,Makanan,0.534,synthetic_opportunity_formula_with_seeded_noise,synthetic_training_only
CLS-STA-052-2023-04-500,STA-052,rawabuaya,Rawa Buaya,2023-04,500,1043,147904,19,17,6,2,11,54.86,53.71,15.14,45.95,99.95,Lainnya,0.5,synthetic_opportunity_formula_with_seeded_noise,synthetic_training_only
CLS-STA-052-2023-05-750,STA-052,rawabuaya,Rawa Buaya,2023-05,750,1480,147553,27,20,12,4,18,54.86,53.71,15.14,45.14,110.93,Makanan,0.5,synthetic_opportunity_formula_with_seeded_noise,synthetic_training_only
CLS-STA-052-2023-06-1000,STA-052,rawabuaya,Rawa Buaya,2023-06,1000,1977,138177,33,25,16,5,37,54.86,53.71,15.14,39.55,104.56,Makanan,0.508,synthetic_opportunity_formula_with_seeded_noise,synthetic_training_only
CLS-STA-052-2023-07-500,STA-052,rawabuaya,Rawa Buaya,2023-07,500,878,139120,18,12,9,3,9,54.86,53.71,15.14,45.3,103.2,Lainnya,0.516,synthetic_opportunity_formula_with_seeded_noise,synthetic_training_only
CLS-STA-052-2023-08-750,STA-052,rawabuaya,Rawa Buaya,2023-08,750,1713,154791,23,19,13,4,19,54.86,53.71,15.14,41.28,109.29,Makanan,0.526,synthetic_opportunity_formula_with_seeded_noise,synthetic_training_only
CLS-STA-052-2023-09-1000,STA-052,rawabuaya,Rawa Buaya,2023-09,1000,2148,157397,41,31,16,5,30,54.86,53.71,15.14,42.28,115.65,Lainnya,0.509,synthetic_opportunity_formula_with_seeded_noise,synthetic_training_only
CLS-STA-052-2023-10-500,STA-052,rawabuaya,Rawa Buaya,2023-10,500,1198,167110,17,8,8,4,9,54.86,53.71,15.14,42.84,117.62,Lainnya,0.522,synthetic_opportunity_formula_with_seeded_noise,synthetic_training_only
CLS-STA-052-2023-11-750,STA-052,rawabuaya,Rawa Buaya,2023-11,750,1542,141975,27,15,9,7,21,54.86,53.71,15.14,45.82,108.9,Minuman,0.5,synthetic_opportunity_formula_with_seeded_noise,synthetic_training_only
CLS-STA-052-2023-12-1000,STA-052,rawabuaya,Rawa Buaya,2023-12,1000,1959,145168,39,18,19,3,30,54.86,53.71,15.14,44.42,96.31,Minuman,0.5,synthetic_opportunity_formula_with_seeded_noise,synthetic_training_only
CLS-STA-052-2024-01-750,STA-052,rawabuaya,Rawa Buaya,2024-01,750,1450,139836,22,15,12,4,22,54.86,53.71,15.14,47.02,107.06,Makanan,0.5,synthetic_opportunity_formula_with_seeded_noise,synthetic_training_only
CLS-STA-052-2024-02-1000,STA-052,rawabuaya,Rawa Buaya,2024-02,1000,2030,149990,34,23,13,4,28,54.86,53.71,15.14,46.7,105.34,Minuman,0.52,synthetic_opportunity_formula_with_seeded_noise,synthetic_training_only
CLS-STA-052-2024-03-500,STA-052,rawabuaya,Rawa Buaya,2024-03,500,1239,161171,19,7,6,2,7,54.86,53.71,15.14,43.29,106.87,Minuman,0.5,synthetic_opportunity_formula_with_seeded_noise,synthetic_training_only
CLS-STA-052-2024-04-750,STA-052,rawabuaya,Rawa Buaya,2024-04,750,1466,138023,22,14,12,2,24,54.86,53.71,15.14,46.24,103.18,Minuman,0.5,synthetic_opportunity_formula_with_seeded_noise,synthetic_training_only
CLS-STA-052-2024-05-1000,STA-052,rawabuaya,Rawa Buaya,2024-05,1000,2518,169294,40,27,20,4,21,54.86,53.71,15.14,46.01,116.67,Lainnya,0.571,synthetic_opportunity_formula_with_seeded_noise,synthetic_training_only
CLS-STA-052-2024-06-500,STA-052,rawabuaya,Rawa Buaya,2024-06,500,825,134159,13,13,6,3,16,54.86,53.71,15.14,43.62,105.04,Makanan,0.5,synthetic_opportunity_formula_with_seeded_noise,synthetic_training_only
CLS-STA-052-2024-07-750,STA-052,rawabuaya,Rawa Buaya,2024-07,750,1608,146398,22,19,12,4,15,54.86,53.71,15.14,46.37,122.0,Makanan,0.5,synthetic_opportunity_formula_with_seeded_noise,synthetic_training_only
CLS-STA-052-2024-08-1000,STA-052,rawabuaya,Rawa Buaya,2024-08,1000,2292,166518,34,26,16,5,26,54.86,53.71,15.14,44.45,111.19,Makanan,0.504,synthetic_opportunity_formula_with_seeded_noise,synthetic_training_only
CLS-STA-052-2024-09-500,STA-052,rawabuaya,Rawa Buaya,2024-09,500,939,156866,13,10,10,2,13,54.86,53.71,15.14,42.68,118.43,Makanan,0.523,synthetic_opportunity_formula_with_seeded_noise,synthetic_training_only
CLS-STA-052-2024-10-750,STA-052,rawabuaya,Rawa Buaya,2024-10,750,1823,165938,27,15,15,5,20,54.86,53.71,15.14,45.55,110.43,Minuman,0.528,synthetic_opportunity_formula_with_seeded_noise,synthetic_training_only
CLS-STA-052-2024-11-1000,STA-052,rawabuaya,Rawa Buaya,2024-11,1000,2206,159755,39,20,19,4,29,54.86,53.71,15.14,42.75,113.67,Minuman,0.53,synthetic_opportunity_formula_with_seeded_noise,synthetic_training_only
CLS-STA-052-2024-12-500,STA-052,rawabuaya,Rawa Buaya,2024-12,500,927,147126,13,13,3,5,13,54.86,53.71,15.14,40.94,108.15,Hobi,0.542,synthetic_opportunity_formula_with_seeded_noise,synthetic_training_only
CLS-STA-052-2025-01-1000,STA-052,rawabuaya,Rawa Buaya,2025-01,1000,1889,141884,36,27,15,6,30,54.86,53.71,15.14,47.96,104.27,Makanan,0.523,synthetic_opportunity_formula_with_seeded_noise,synthetic_training_only
CLS-STA-052-2025-02-500,STA-052,rawabuaya,Rawa Buaya,2025-02,500,1137,144124,22,11,8,2,11,54.86,53.71,15.14,44.89,112.03,Minuman,0.514,synthetic_opportunity_formula_with_seeded_noise,synthetic_training_only
CLS-STA-052-2025-03-750,STA-052,rawabuaya,Rawa Buaya,2025-03,750,1832,159912,30,21,12,5,19,54.86,53.71,15.14,42.09,124.2,Makanan,0.518,synthetic_opportunity_formula_with_seeded_noise,synthetic_training_only
CLS-STA-052-2025-04-1000,STA-052,rawabuaya,Rawa Buaya,2025-04,1000,2226,161198,34,22,13,5,24,54.86,53.71,15.14,42.11,103.33,Minuman,0.521,synthetic_opportunity_formula_with_seeded_noise,synthetic_training_only
CLS-STA-052-2025-05-500,STA-052,rawabuaya,Rawa Buaya,2025-05,500,1233,175385,17,14,4,2,8,54.86,53.71,15.14,45.59,103.42,Makanan,0.5,synthetic_opportunity_formula_with_seeded_noise,synthetic_training_only
CLS-STA-052-2025-06-750,STA-052,rawabuaya,Rawa Buaya,2025-06,750,1504,153999,22,12,15,3,21,54.86,53.71,15.14,39.94,113.66,Minuman,0.503,synthetic_opportunity_formula_with_seeded_noise,synthetic_training_only
CLS-STA-052-2025-07-1000,STA-052,rawabuaya,Rawa Buaya,2025-07,1000,2086,151903,35,21,17,6,27,54.86,53.71,15.14,44.75,100.84,Minuman,0.517,synthetic_opportunity_formula_with_seeded_noise,synthetic_training_only
CLS-STA-052-2025-08-500,STA-052,rawabuaya,Rawa Buaya,2025-08,500,1242,170758,20,12,6,4,12,54.86,53.71,15.14,46.98,106.86,Lainnya,0.51,synthetic_opportunity_formula_with_seeded_noise,synthetic_training_only
CLS-STA-052-2025-09-750,STA-052,rawabuaya,Rawa Buaya,2025-09,750,1713,167806,25,19,14,4,22,54.86,53.71,15.14,44.58,105.26,Makanan,0.502,synthetic_opportunity_formula_with_seeded_noise,synthetic_training_only
CLS-STA-052-2025-10-1000,STA-052,rawabuaya,Rawa Buaya,2025-10,1000,2501,180206,34,24,15,3,22,54.86,53.71,15.14,40.92,105.12,Lainnya,0.527,synthetic_opportunity_formula_with_seeded_noise,synthetic_training_only
CLS-STA-052-2025-11-500,STA-052,rawabuaya,Rawa Buaya,2025-11,500,1380,181124,14,12,5,0,11,54.86,53.71,15.14,43.96,108.33,Makanan,0.507,synthetic_opportunity_formula_with_seeded_noise,synthetic_training_only
CLS-STA-052-2025-12-750,STA-052,rawabuaya,Rawa Buaya,2025-12,750,1582,160524,22,13,10,4,20,54.86,53.71,15.14,46.3,103.89,Minuman,0.523,synthetic_opportunity_formula_with_seeded_noise,synthetic_training_only
CLS-STA-053-2023-01-750,STA-053,kalideres,Kalideres,2023-01,750,2840,260788,30,23,17,3,28,54.08,57.7,13.94,40.66,102.39,Makanan,0.505,synthetic_opportunity_formula_with_seeded_noise,synthetic_training_only
CLS-STA-053-2023-02-1000,STA-053,kalideres,Kalideres,2023-02,1000,3499,256457,37,21,20,4,30,54.08,57.7,13.94,37.66,97.39,Minuman,0.532,synthetic_opportunity_formula_with_seeded_noise,synthetic_training_only
CLS-STA-053-2023-03-500,STA-053,kalideres,Kalideres,2023-03,500,2126,303633,17,16,6,0,8,54.08,57.7,13.94,40.09,106.36,Makanan,0.56,synthetic_opportunity_formula_with_seeded_noise,synthetic_training_only
CLS-STA-053-2023-04-750,STA-053,kalideres,Kalideres,2023-04,750,2918,298203,27,19,14,3,25,54.08,57.7,13.94,41.74,110.77,Makanan,0.516,synthetic_opportunity_formula_with_seeded_noise,synthetic_training_only
CLS-STA-053-2023-05-1000,STA-053,kalideres,Kalideres,2023-05,1000,4143,304790,39,32,21,5,34,54.08,57.7,13.94,37.0,114.56,Makanan,0.588,synthetic_opportunity_formula_with_seeded_noise,synthetic_training_only
CLS-STA-053-2023-06-500,STA-053,kalideres,Kalideres,2023-06,500,1947,284179,20,11,8,5,17,54.08,57.7,13.94,35.32,107.36,Makanan,0.5,synthetic_opportunity_formula_with_seeded_noise,synthetic_training_only
CLS-STA-053-2023-07-750,STA-053,kalideres,Kalideres,2023-07,750,3029,285064,31,21,13,6,24,54.08,57.7,13.94,38.35,110.11,Makanan,0.546,synthetic_opportunity_formula_with_seeded_noise,synthetic_training_only
CLS-STA-053-2023-08-1000,STA-053,kalideres,Kalideres,2023-08,1000,4406,319463,44,34,18,6,29,54.08,57.7,13.94,40.17,106.56,Makanan,0.571,synthetic_opportunity_formula_with_seeded_noise,synthetic_training_only
CLS-STA-053-2023-09-500,STA-053,kalideres,Kalideres,2023-09,500,2291,332921,19,13,12,5,21,54.08,57.7,13.94,41.85,107.45,Makanan,0.502,synthetic_opportunity_formula_with_seeded_noise,synthetic_training_only
CLS-STA-053-2023-10-750,STA-053,kalideres,Kalideres,2023-10,750,3413,330892,34,19,15,5,28,54.08,57.7,13.94,38.82,108.93,Minuman,0.526,synthetic_opportunity_formula_with_seeded_noise,synthetic_training_only
CLS-STA-053-2023-11-1000,STA-053,kalideres,Kalideres,2023-11,1000,4282,319338,38,27,18,7,32,54.08,57.7,13.94,39.03,112.77,Makanan,0.586,synthetic_opportunity_formula_with_seeded_noise,synthetic_training_only
CLS-STA-053-2023-12-500,STA-053,kalideres,Kalideres,2023-12,500,1679,264558,21,12,8,4,17,54.08,57.7,13.94,35.98,115.91,Minuman,0.548,synthetic_opportunity_formula_with_seeded_noise,synthetic_training_only
CLS-STA-053-2024-01-1000,STA-053,kalideres,Kalideres,2024-01,1000,3864,277719,37,27,16,8,30,54.08,57.7,13.94,35.65,103.46,Makanan,0.564,synthetic_opportunity_formula_with_seeded_noise,synthetic_training_only
CLS-STA-053-2024-02-500,STA-053,kalideres,Kalideres,2024-02,500,2091,299618,15,12,7,1,20,54.08,57.7,13.94,38.99,108.16,Makanan,0.517,synthetic_opportunity_formula_with_seeded_noise,synthetic_training_only
CLS-STA-053-2024-03-750,STA-053,kalideres,Kalideres,2024-03,750,3406,328801,34,23,15,3,21,54.08,57.7,13.94,33.97,102.23,Makanan,0.578,synthetic_opportunity_formula_with_seeded_noise,synthetic_training_only
CLS-STA-053-2024-04-1000,STA-053,kalideres,Kalideres,2024-04,1000,4341,313375,40,20,17,5,39,54.08,57.7,13.94,39.62,112.43,Minuman,0.5,synthetic_opportunity_formula_with_seeded_noise,synthetic_training_only
CLS-STA-053-2024-05-500,STA-053,kalideres,Kalideres,2024-05,500,2112,314563,23,15,11,2,14,54.08,57.7,13.94,36.1,111.79,Makanan,0.525,synthetic_opportunity_formula_with_seeded_noise,synthetic_training_only
CLS-STA-053-2024-06-750,STA-053,kalideres,Kalideres,2024-06,750,2857,285027,31,20,12,5,24,54.08,57.7,13.94,34.14,107.59,Makanan,0.51,synthetic_opportunity_formula_with_seeded_noise,synthetic_training_only
CLS-STA-053-2024-07-1000,STA-053,kalideres,Kalideres,2024-07,1000,3520,262249,39,26,17,5,28,54.08,57.7,13.94,38.13,107.21,Makanan,0.5,synthetic_opportunity_formula_with_seeded_noise,synthetic_training_only
CLS-STA-053-2024-08-500,STA-053,kalideres,Kalideres,2024-08,500,2179,308402,25,11,9,1,13,54.08,57.7,13.94,39.72,108.51,Minuman,0.527,synthetic_opportunity_formula_with_seeded_noise,synthetic_training_only
CLS-STA-053-2024-09-750,STA-053,kalideres,Kalideres,2024-09,750,3614,340708,28,25,11,3,24,54.08,57.7,13.94,40.99,116.46,Makanan,0.5,synthetic_opportunity_formula_with_seeded_noise,synthetic_training_only
CLS-STA-053-2024-10-1000,STA-053,kalideres,Kalideres,2024-10,1000,4856,359226,43,30,19,5,35,54.08,57.7,13.94,36.08,100.18,Makanan,0.513,synthetic_opportunity_formula_with_seeded_noise,synthetic_training_only
CLS-STA-053-2024-11-500,STA-053,kalideres,Kalideres,2024-11,500,2155,317791,17,7,13,3,10,54.08,57.7,13.94,35.91,102.84,Minuman,0.501,synthetic_opportunity_formula_with_seeded_noise,synthetic_training_only
CLS-STA-053-2024-12-750,STA-053,kalideres,Kalideres,2024-12,750,2969,289771,29,27,13,2,27,54.08,57.7,13.94,42.76,113.82,Makanan,0.5,synthetic_opportunity_formula_with_seeded_noise,synthetic_training_only
CLS-STA-053-2025-01-500,STA-053,kalideres,Kalideres,2025-01,500,1954,309284,24,11,9,3,16,54.08,57.7,13.94,35.28,112.5,Minuman,0.536,synthetic_opportunity_formula_with_seeded_noise,synthetic_training_only
CLS-STA-053-2025-02-750,STA-053,kalideres,Kalideres,2025-02,750,3346,313728,28,24,15,7,26,54.08,57.7,13.94,36.69,106.87,Makanan,0.55,synthetic_opportunity_formula_with_seeded_noise,synthetic_training_only
CLS-STA-053-2025-03-1000,STA-053,kalideres,Kalideres,2025-03,1000,4559,332659,36,29,21,6,31,54.08,57.7,13.94,35.71,124.16,Makanan,0.504,synthetic_opportunity_formula_with_seeded_noise,synthetic_training_only
CLS-STA-053-2025-04-500,STA-053,kalideres,Kalideres,2025-04,500,2193,324986,20,13,9,0,4,54.08,57.7,13.94,37.43,100.12,Makanan,0.529,synthetic_opportunity_formula_with_seeded_noise,synthetic_training_only
CLS-STA-053-2025-05-750,STA-053,kalideres,Kalideres,2025-05,750,3469,337531,32,23,12,4,23,54.08,57.7,13.94,41.74,100.23,Makanan,0.524,synthetic_opportunity_formula_with_seeded_noise,synthetic_training_only
CLS-STA-053-2025-06-1000,STA-053,kalideres,Kalideres,2025-06,1000,4040,291158,41,32,23,8,21,54.08,57.7,13.94,41.64,99.97,Makanan,0.5,synthetic_opportunity_formula_with_seeded_noise,synthetic_training_only
CLS-STA-053-2025-07-500,STA-053,kalideres,Kalideres,2025-07,500,2021,293317,13,15,12,1,20,54.08,57.7,13.94,37.53,102.11,Makanan,0.5,synthetic_opportunity_formula_with_seeded_noise,synthetic_training_only
CLS-STA-053-2025-08-750,STA-053,kalideres,Kalideres,2025-08,750,3433,324639,28,18,13,5,34,54.08,57.7,13.94,44.16,103.03,Makanan,0.525,synthetic_opportunity_formula_with_seeded_noise,synthetic_training_only
CLS-STA-053-2025-09-1000,STA-053,kalideres,Kalideres,2025-09,1000,4698,335147,41,32,22,5,37,54.08,57.7,13.94,42.43,115.06,Makanan,0.546,synthetic_opportunity_formula_with_seeded_noise,synthetic_training_only
CLS-STA-053-2025-10-500,STA-053,kalideres,Kalideres,2025-10,500,2499,352243,16,11,6,2,21,54.08,57.7,13.94,39.11,111.53,Makanan,0.577,synthetic_opportunity_formula_with_seeded_noise,synthetic_training_only
CLS-STA-053-2025-11-750,STA-053,kalideres,Kalideres,2025-11,750,3506,339885,31,22,11,5,20,54.08,57.7,13.94,37.81,108.58,Makanan,0.539,synthetic_opportunity_formula_with_seeded_noise,synthetic_training_only
CLS-STA-053-2025-12-1000,STA-053,kalideres,Kalideres,2025-12,1000,4056,307806,41,30,16,3,33,54.08,57.7,13.94,36.12,105.73,Makanan,0.537,synthetic_opportunity_formula_with_seeded_noise,synthetic_training_only
CLS-STA-054-2023-01-1000,STA-054,poris,Poris,2023-01,1000,1783,132579,34,19,18,9,19,64.08,54.63,26.02,42.43,102.74,Minuman,0.547,synthetic_opportunity_formula_with_seeded_noise,synthetic_training_only
CLS-STA-054-2023-02-500,STA-054,poris,Poris,2023-02,500,981,133693,16,15,7,5,13,64.08,54.63,26.02,39.86,103.71,Makanan,0.519,synthetic_opportunity_formula_with_seeded_noise,synthetic_training_only
CLS-STA-054-2023-03-750,STA-054,poris,Poris,2023-03,750,1664,161693,23,18,13,5,23,64.08,54.63,26.02,41.49,114.44,Makanan,0.5,synthetic_opportunity_formula_with_seeded_noise,synthetic_training_only
CLS-STA-054-2023-04-1000,STA-054,poris,Poris,2023-04,1000,1930,140341,36,29,17,6,29,64.08,54.63,26.02,39.42,114.68,Makanan,0.541,synthetic_opportunity_formula_with_seeded_noise,synthetic_training_only
CLS-STA-054-2023-05-500,STA-054,poris,Poris,2023-05,500,985,153993,15,9,6,2,12,64.08,54.63,26.02,39.97,98.13,Minuman,0.519,synthetic_opportunity_formula_with_seeded_noise,synthetic_training_only
CLS-STA-054-2023-06-750,STA-054,poris,Poris,2023-06,750,1450,139892,25,22,12,4,22,64.08,54.63,26.02,41.45,98.89,Makanan,0.5,synthetic_opportunity_formula_with_seeded_noise,synthetic_training_only
CLS-STA-054-2023-07-1000,STA-054,poris,Poris,2023-07,1000,1866,134130,29,25,15,3,21,64.08,54.63,26.02,44.96,101.11,Makanan,0.511,synthetic_opportunity_formula_with_seeded_noise,synthetic_training_only
CLS-STA-054-2023-08-500,STA-054,poris,Poris,2023-08,500,1098,162039,19,13,8,4,10,64.08,54.63,26.02,41.31,102.2,Lainnya,0.519,synthetic_opportunity_formula_with_seeded_noise,synthetic_training_only
CLS-STA-054-2023-09-750,STA-054,poris,Poris,2023-09,750,1510,152322,22,17,13,4,16,64.08,54.63,26.02,42.78,111.24,Makanan,0.526,synthetic_opportunity_formula_with_seeded_noise,synthetic_training_only
CLS-STA-054-2023-10-1000,STA-054,poris,Poris,2023-10,1000,2431,161927,33,26,18,9,16,64.08,54.63,26.02,44.27,109.65,Lainnya,0.555,synthetic_opportunity_formula_with_seeded_noise,synthetic_training_only
CLS-STA-054-2023-11-500,STA-054,poris,Poris,2023-11,500,1012,154461,14,10,7,4,16,64.08,54.63,26.02,41.96,97.45,Minuman,0.506,synthetic_opportunity_formula_with_seeded_noise,synthetic_training_only
CLS-STA-054-2023-12-750,STA-054,poris,Poris,2023-12,750,1484,133873,29,19,15,6,20,64.08,54.63,26.02,40.52,97.72,Minuman,0.517,synthetic_opportunity_formula_with_seeded_noise,synthetic_training_only
CLS-STA-054-2024-01-500,STA-054,poris,Poris,2024-01,500,915,140443,17,8,7,0,4,64.08,54.63,26.02,45.77,97.56,Minuman,0.503,synthetic_opportunity_formula_with_seeded_noise,synthetic_training_only
CLS-STA-054-2024-02-750,STA-054,poris,Poris,2024-02,750,1558,146906,25,16,4,4,13,64.08,54.63,26.02,43.05,102.43,Hobi,0.548,synthetic_opportunity_formula_with_seeded_noise,synthetic_training_only
CLS-STA-054-2024-03-1000,STA-054,poris,Poris,2024-03,1000,2153,151154,29,24,19,7,31,64.08,54.63,26.02,41.87,92.92,Makanan,0.526,synthetic_opportunity_formula_with_seeded_noise,synthetic_training_only
CLS-STA-054-2024-04-500,STA-054,poris,Poris,2024-04,500,1034,150919,17,13,11,3,19,64.08,54.63,26.02,44.06,109.25,Makanan,0.5,synthetic_opportunity_formula_with_seeded_noise,synthetic_training_only
CLS-STA-054-2024-05-750,STA-054,poris,Poris,2024-05,750,1563,157850,23,18,14,5,17,64.08,54.63,26.02,40.89,105.61,Makanan,0.5,synthetic_opportunity_formula_with_seeded_noise,synthetic_training_only
CLS-STA-054-2024-06-1000,STA-054,poris,Poris,2024-06,1000,1967,143633,27,21,14,6,24,64.08,54.63,26.02,39.22,109.99,Makanan,0.507,synthetic_opportunity_formula_with_seeded_noise,synthetic_training_only
CLS-STA-054-2024-07-500,STA-054,poris,Poris,2024-07,500,1060,143664,18,13,9,6,12,64.08,54.63,26.02,39.02,99.61,Minuman,0.523,synthetic_opportunity_formula_with_seeded_noise,synthetic_training_only
CLS-STA-054-2024-08-750,STA-054,poris,Poris,2024-08,750,1505,159378,24,17,15,4,16,64.08,54.63,26.02,38.21,104.11,Minuman,0.549,synthetic_opportunity_formula_with_seeded_noise,synthetic_training_only
CLS-STA-054-2024-09-1000,STA-054,poris,Poris,2024-09,1000,2128,161160,28,19,14,5,23,64.08,54.63,26.02,42.43,105.16,Minuman,0.522,synthetic_opportunity_formula_with_seeded_noise,synthetic_training_only
CLS-STA-054-2024-10-500,STA-054,poris,Poris,2024-10,500,1273,167970,16,8,4,2,15,64.08,54.63,26.02,43.72,98.17,Minuman,0.525,synthetic_opportunity_formula_with_seeded_noise,synthetic_training_only
CLS-STA-054-2024-11-750,STA-054,poris,Poris,2024-11,750,1685,166557,20,20,9,3,18,64.08,54.63,26.02,43.86,104.78,Makanan,0.556,synthetic_opportunity_formula_with_seeded_noise,synthetic_training_only
CLS-STA-054-2024-12-1000,STA-054,poris,Poris,2024-12,1000,2021,146206,36,22,17,6,19,64.08,54.63,26.02,40.46,97.6,Minuman,0.586,synthetic_opportunity_formula_with_seeded_noise,synthetic_training_only
CLS-STA-054-2025-01-750,STA-054,poris,Poris,2025-01,750,1357,136440,19,16,12,2,17,64.08,54.63,26.02,39.57,93.88,Makanan,0.507,synthetic_opportunity_formula_with_seeded_noise,synthetic_training_only
CLS-STA-054-2025-02-1000,STA-054,poris,Poris,2025-02,1000,2110,153843,30,30,16,6,21,64.08,54.63,26.02,37.96,93.94,Makanan,0.544,synthetic_opportunity_formula_with_seeded_noise,synthetic_training_only
CLS-STA-054-2025-03-500,STA-054,poris,Poris,2025-03,500,1164,164031,15,15,7,4,17,64.08,54.63,26.02,37.68,107.4,Makanan,0.501,synthetic_opportunity_formula_with_seeded_noise,synthetic_training_only
CLS-STA-054-2025-04-750,STA-054,poris,Poris,2025-04,750,1547,150730,29,16,14,7,19,64.08,54.63,26.02,41.83,107.17,Minuman,0.508,synthetic_opportunity_formula_with_seeded_noise,synthetic_training_only
CLS-STA-054-2025-05-1000,STA-054,poris,Poris,2025-05,1000,2356,173399,36,23,15,7,23,64.08,54.63,26.02,44.03,107.46,Minuman,0.523,synthetic_opportunity_formula_with_seeded_noise,synthetic_training_only
CLS-STA-054-2025-06-500,STA-054,poris,Poris,2025-06,500,1101,156561,10,14,8,4,17,64.08,54.63,26.02,40.95,92.81,Makanan,0.523,synthetic_opportunity_formula_with_seeded_noise,synthetic_training_only
CLS-STA-054-2025-07-750,STA-054,poris,Poris,2025-07,750,1405,138129,20,19,11,6,21,64.08,54.63,26.02,43.42,97.62,Makanan,0.546,synthetic_opportunity_formula_with_seeded_noise,synthetic_training_only
CLS-STA-054-2025-08-1000,STA-054,poris,Poris,2025-08,1000,2163,162200,30,27,16,5,23,64.08,54.63,26.02,40.34,106.21,Makanan,0.538,synthetic_opportunity_formula_with_seeded_noise,synthetic_training_only
CLS-STA-054-2025-09-500,STA-054,poris,Poris,2025-09,500,1195,166926,15,11,9,4,21,64.08,54.63,26.02,36.64,104.18,Minuman,0.532,synthetic_opportunity_formula_with_seeded_noise,synthetic_training_only
CLS-STA-054-2025-10-750,STA-054,poris,Poris,2025-10,750,1745,170485,22,18,8,6,8,64.08,54.63,26.02,40.6,108.12,Lainnya,0.518,synthetic_opportunity_formula_with_seeded_noise,synthetic_training_only
CLS-STA-054-2025-11-1000,STA-054,poris,Poris,2025-11,1000,2506,181328,30,27,17,5,23,64.08,54.63,26.02,41.42,108.24,Makanan,0.529,synthetic_opportunity_formula_with_seeded_noise,synthetic_training_only
CLS-STA-054-2025-12-500,STA-054,poris,Poris,2025-12,500,992,154614,16,12,7,1,13,64.08,54.63,26.02,42.76,96.5,Minuman,0.538,synthetic_opportunity_formula_with_seeded_noise,synthetic_training_only
CLS-STA-055-2023-01-500,STA-055,batuceper,Batu Ceper,2023-01,500,963,130620,18,10,4,0,12,62.58,52.3,2.0,39.75,95.24,Minuman,0.524,synthetic_opportunity_formula_with_seeded_noise,synthetic_training_only
CLS-STA-055-2023-02-750,STA-055,batuceper,Batu Ceper,2023-02,750,1491,138155,19,20,9,2,17,62.58,52.3,2.0,36.68,103.14,Makanan,0.595,synthetic_opportunity_formula_with_seeded_noise,synthetic_training_only
CLS-STA-055-2023-03-1000,STA-055,batuceper,Batu Ceper,2023-03,1000,2222,146219,26,22,9,3,19,62.58,52.3,2.0,41.17,91.03,Makanan,0.526,synthetic_opportunity_formula_with_seeded_noise,synthetic_training_only
CLS-STA-055-2023-04-500,STA-055,batuceper,Batu Ceper,2023-04,500,1082,137421,13,11,6,4,5,62.58,52.3,2.0,39.84,98.42,Makanan,0.521,synthetic_opportunity_formula_with_seeded_noise,synthetic_training_only
CLS-STA-055-2023-05-750,STA-055,batuceper,Batu Ceper,2023-05,750,1369,144617,28,15,9,0,12,62.58,52.3,2.0,36.75,97.54,Minuman,0.5,synthetic_opportunity_formula_with_seeded_noise,synthetic_training_only
CLS-STA-055-2023-06-1000,STA-055,batuceper,Batu Ceper,2023-06,1000,1908,136417,31,23,16,4,20,62.58,52.3,2.0,38.95,104.05,Makanan,0.5,synthetic_opportunity_formula_with_seeded_noise,synthetic_training_only
CLS-STA-055-2023-07-500,STA-055,batuceper,Batu Ceper,2023-07,500,772,125838,13,12,7,1,0,62.58,52.3,2.0,40.05,112.78,Lainnya,0.526,synthetic_opportunity_formula_with_seeded_noise,synthetic_training_only
CLS-STA-055-2023-08-750,STA-055,batuceper,Batu Ceper,2023-08,750,1616,156363,28,15,11,2,9,62.58,52.3,2.0,42.84,100.62,Lainnya,0.508,synthetic_opportunity_formula_with_seeded_noise,synthetic_training_only
CLS-STA-055-2023-09-1000,STA-055,batuceper,Batu Ceper,2023-09,1000,2254,156728,25,21,12,3,22,62.58,52.3,2.0,39.72,105.96,Makanan,0.527,synthetic_opportunity_formula_with_seeded_noise,synthetic_training_only
CLS-STA-055-2023-10-500,STA-055,batuceper,Batu Ceper,2023-10,500,1004,151308,19,12,2,2,13,62.58,52.3,2.0,38.43,108.72,Hobi,0.5,synthetic_opportunity_formula_with_seeded_noise,synthetic_training_only
CLS-STA-055-2023-11-750,STA-055,batuceper,Batu Ceper,2023-11,750,1702,157219,25,24,9,2,16,62.58,52.3,2.0,38.13,102.5,Lainnya,0.5,synthetic_opportunity_formula_with_seeded_noise,synthetic_training_only
CLS-STA-055-2023-12-1000,STA-055,batuceper,Batu Ceper,2023-12,1000,1889,137083,26,24,14,1,17,62.58,52.3,2.0,42.43,101.46,Makanan,0.5,synthetic_opportunity_formula_with_seeded_noise,synthetic_training_only
CLS-STA-055-2024-01-750,STA-055,batuceper,Batu Ceper,2024-01,750,1428,139136,22,15,10,0,11,62.58,52.3,2.0,39.31,96.6,Lainnya,0.527,synthetic_opportunity_formula_with_seeded_noise,synthetic_training_only
CLS-STA-055-2024-02-1000,STA-055,batuceper,Batu Ceper,2024-02,1000,2230,154568,34,22,10,2,25,62.58,52.3,2.0,36.28,102.47,Minuman,0.509,synthetic_opportunity_formula_with_seeded_noise,synthetic_training_only
CLS-STA-055-2024-03-500,STA-055,batuceper,Batu Ceper,2024-03,500,1055,159718,16,11,10,0,5,62.58,52.3,2.0,41.89,101.18,Makanan,0.503,synthetic_opportunity_formula_with_seeded_noise,synthetic_training_only
CLS-STA-055-2024-04-750,STA-055,batuceper,Batu Ceper,2024-04,750,1671,146648,20,14,9,0,11,62.58,52.3,2.0,40.76,101.52,Makanan,0.5,synthetic_opportunity_formula_with_seeded_noise,synthetic_training_only
CLS-STA-055-2024-05-1000,STA-055,batuceper,Batu Ceper,2024-05,1000,2244,165385,34,29,9,0,31,62.58,52.3,2.0,35.74,89.76,Makanan,0.522,synthetic_opportunity_formula_with_seeded_noise,synthetic_training_only
CLS-STA-055-2024-06-500,STA-055,batuceper,Batu Ceper,2024-06,500,1016,141797,20,11,7,0,10,62.58,52.3,2.0,40.74,100.6,Minuman,0.528,synthetic_opportunity_formula_with_seeded_noise,synthetic_training_only
CLS-STA-055-2024-07-750,STA-055,batuceper,Batu Ceper,2024-07,750,1631,147189,24,8,8,2,11,62.58,52.3,2.0,43.86,100.45,Minuman,0.549,synthetic_opportunity_formula_with_seeded_noise,synthetic_training_only
CLS-STA-055-2024-08-1000,STA-055,batuceper,Batu Ceper,2024-08,1000,2101,161693,31,18,12,4,18,62.58,52.3,2.0,35.67,103.53,Minuman,0.5,synthetic_opportunity_formula_with_seeded_noise,synthetic_training_only
CLS-STA-055-2024-09-500,STA-055,batuceper,Batu Ceper,2024-09,500,1047,163320,15,13,7,1,7,62.58,52.3,2.0,42.9,90.89,Lainnya,0.5,synthetic_opportunity_formula_with_seeded_noise,synthetic_training_only
CLS-STA-055-2024-10-750,STA-055,batuceper,Batu Ceper,2024-10,750,1666,171731,17,16,10,1,20,62.58,52.3,2.0,37.83,97.26,Makanan,0.504,synthetic_opportunity_formula_with_seeded_noise,synthetic_training_only
CLS-STA-055-2024-11-1000,STA-055,batuceper,Batu Ceper,2024-11,1000,2206,156645,29,16,12,1,14,62.58,52.3,2.0,37.46,117.5,Lainnya,0.521,synthetic_opportunity_formula_with_seeded_noise,synthetic_training_only
CLS-STA-055-2024-12-500,STA-055,batuceper,Batu Ceper,2024-12,500,922,141714,20,12,7,1,7,62.58,52.3,2.0,39.94,95.28,Lainnya,0.557,synthetic_opportunity_formula_with_seeded_noise,synthetic_training_only
CLS-STA-055-2025-01-1000,STA-055,batuceper,Batu Ceper,2025-01,1000,2075,146059,27,18,15,2,27,62.58,52.3,2.0,37.06,105.83,Makanan,0.5,synthetic_opportunity_formula_with_seeded_noise,synthetic_training_only
CLS-STA-055-2025-02-500,STA-055,batuceper,Batu Ceper,2025-02,500,1037,140315,14,11,6,2,9,62.58,52.3,2.0,38.2,97.08,Makanan,0.5,synthetic_opportunity_formula_with_seeded_noise,synthetic_training_only
CLS-STA-055-2025-03-750,STA-055,batuceper,Batu Ceper,2025-03,750,1784,168193,25,15,9,0,17,62.58,52.3,2.0,41.52,98.2,Minuman,0.502,synthetic_opportunity_formula_with_seeded_noise,synthetic_training_only
CLS-STA-055-2025-04-1000,STA-055,batuceper,Batu Ceper,2025-04,1000,2067,148098,29,23,11,2,32,62.58,52.3,2.0,36.15,93.01,Makanan,0.512,synthetic_opportunity_formula_with_seeded_noise,synthetic_training_only
CLS-STA-055-2025-05-500,STA-055,batuceper,Batu Ceper,2025-05,500,1228,169349,13,6,8,1,11,62.58,52.3,2.0,38.08,101.92,Minuman,0.502,synthetic_opportunity_formula_with_seeded_noise,synthetic_training_only
CLS-STA-055-2025-06-750,STA-055,batuceper,Batu Ceper,2025-06,750,1536,152576,27,14,8,1,14,62.58,52.3,2.0,40.18,99.46,Minuman,0.507,synthetic_opportunity_formula_with_seeded_noise,synthetic_training_only
CLS-STA-055-2025-07-1000,STA-055,batuceper,Batu Ceper,2025-07,1000,2251,155656,30,23,13,1,28,62.58,52.3,2.0,43.22,101.36,Makanan,0.506,synthetic_opportunity_formula_with_seeded_noise,synthetic_training_only
CLS-STA-055-2025-08-500,STA-055,batuceper,Batu Ceper,2025-08,500,1200,158545,11,11,7,0,16,62.58,52.3,2.0,39.92,96.27,Makanan,0.568,synthetic_opportunity_formula_with_seeded_noise,synthetic_training_only
CLS-STA-055-2025-09-750,STA-055,batuceper,Batu Ceper,2025-09,750,1517,151423,21,15,10,4,9,62.58,52.3,2.0,39.19,92.7,Lainnya,0.527,synthetic_opportunity_formula_with_seeded_noise,synthetic_training_only
CLS-STA-055-2025-10-1000,STA-055,batuceper,Batu Ceper,2025-10,1000,2411,178448,30,21,11,1,18,62.58,52.3,2.0,41.49,86.37,Lainnya,0.5,synthetic_opportunity_formula_with_seeded_noise,synthetic_training_only
CLS-STA-055-2025-11-500,STA-055,batuceper,Batu Ceper,2025-11,500,1296,188145,16,14,4,0,7,62.58,52.3,2.0,39.8,111.85,Lainnya,0.5,synthetic_opportunity_formula_with_seeded_noise,synthetic_training_only
CLS-STA-055-2025-12-750,STA-055,batuceper,Batu Ceper,2025-12,750,1831,163545,22,14,10,2,21,62.58,52.3,2.0,42.12,101.12,Makanan,0.5,synthetic_opportunity_formula_with_seeded_noise,synthetic_training_only
CLS-STA-056-2023-01-750,STA-056,tanahtinggi,Tanah Tinggi,2023-01,750,526,63283,17,15,7,0,14,52.79,63.58,10.13,46.53,107.57,Hobi,0.5,synthetic_opportunity_formula_with_seeded_noise,synthetic_training_only
CLS-STA-056-2023-02-1000,STA-056,tanahtinggi,Tanah Tinggi,2023-02,1000,1034,68030,22,18,12,2,18,52.79,63.58,10.13,48.76,101.19,Makanan,0.517,synthetic_opportunity_formula_with_seeded_noise,synthetic_training_only
CLS-STA-056-2023-03-500,STA-056,tanahtinggi,Tanah Tinggi,2023-03,500,315,64220,9,9,5,0,9,52.79,63.58,10.13,43.33,86.74,Makanan,0.5,synthetic_opportunity_formula_with_seeded_noise,synthetic_training_only
CLS-STA-056-2023-04-750,STA-056,tanahtinggi,Tanah Tinggi,2023-04,750,729,66260,17,18,12,1,15,52.79,63.58,10.13,49.01,95.7,Makanan,0.525,synthetic_opportunity_formula_with_seeded_noise,synthetic_training_only
CLS-STA-056-2023-05-1000,STA-056,tanahtinggi,Tanah Tinggi,2023-05,1000,1040,71052,25,17,14,4,14,52.79,63.58,10.13,46.45,88.38,Lainnya,0.531,synthetic_opportunity_formula_with_seeded_noise,synthetic_training_only
CLS-STA-056-2023-06-500,STA-056,tanahtinggi,Tanah Tinggi,2023-06,500,387,65589,12,14,8,3,12,52.79,63.58,10.13,50.47,88.69,Makanan,0.551,synthetic_opportunity_formula_with_seeded_noise,synthetic_training_only
CLS-STA-056-2023-07-750,STA-056,tanahtinggi,Tanah Tinggi,2023-07,750,782,63018,15,18,9,2,13,52.79,63.58,10.13,48.56,95.19,Makanan,0.527,synthetic_opportunity_formula_with_seeded_noise,synthetic_training_only
CLS-STA-056-2023-08-1000,STA-056,tanahtinggi,Tanah Tinggi,2023-08,1000,1045,68686,20,15,16,2,18,52.79,63.58,10.13,46.19,91.97,Makanan,0.586,synthetic_opportunity_formula_with_seeded_noise,synthetic_training_only
CLS-STA-056-2023-09-500,STA-056,tanahtinggi,Tanah Tinggi,2023-09,500,448,71969,8,9,4,2,7,52.79,63.58,10.13,50.11,93.95,Hobi,0.505,synthetic_opportunity_formula_with_seeded_noise,synthetic_training_only
CLS-STA-056-2023-10-750,STA-056,tanahtinggi,Tanah Tinggi,2023-10,750,841,72594,19,13,10,0,13,52.79,63.58,10.13,46.97,90.48,Toko Buku,0.5,synthetic_opportunity_formula_with_seeded_noise,synthetic_training_only
CLS-STA-056-2023-11-1000,STA-056,tanahtinggi,Tanah Tinggi,2023-11,1000,1200,77485,25,12,10,3,15,52.79,63.58,10.13,45.28,94.56,Minuman,0.5,synthetic_opportunity_formula_with_seeded_noise,synthetic_training_only
CLS-STA-056-2023-12-500,STA-056,tanahtinggi,Tanah Tinggi,2023-12,500,583,66012,13,9,9,0,10,52.79,63.58,10.13,46.09,87.99,Makanan,0.5,synthetic_opportunity_formula_with_seeded_noise,synthetic_training_only
CLS-STA-056-2024-01-1000,STA-056,tanahtinggi,Tanah Tinggi,2024-01,1000,1091,62476,27,18,13,1,17,52.79,63.58,10.13,46.81,97.83,Toko Buku,0.507,synthetic_opportunity_formula_with_seeded_noise,synthetic_training_only
CLS-STA-056-2024-02-500,STA-056,tanahtinggi,Tanah Tinggi,2024-02,500,506,68184,4,9,11,0,5,52.79,63.58,10.13,47.12,95.57,Makanan,0.564,synthetic_opportunity_formula_with_seeded_noise,synthetic_training_only
CLS-STA-056-2024-03-750,STA-056,tanahtinggi,Tanah Tinggi,2024-03,750,949,77951,17,12,10,2,9,52.79,63.58,10.13,52.74,93.54,Makanan,0.5,synthetic_opportunity_formula_with_seeded_noise,synthetic_training_only
CLS-STA-056-2024-04-1000,STA-056,tanahtinggi,Tanah Tinggi,2024-04,1000,998,75435,22,25,11,1,16,52.79,63.58,10.13,44.78,111.05,Makanan,0.532,synthetic_opportunity_formula_with_seeded_noise,synthetic_training_only
CLS-STA-056-2024-05-500,STA-056,tanahtinggi,Tanah Tinggi,2024-05,500,403,77002,11,4,10,0,3,52.79,63.58,10.13,46.05,98.02,Minuman,0.551,synthetic_opportunity_formula_with_seeded_noise,synthetic_training_only
CLS-STA-056-2024-06-750,STA-056,tanahtinggi,Tanah Tinggi,2024-06,750,756,68411,18,16,8,3,14,52.79,63.58,10.13,43.7,90.17,Makanan,0.5,synthetic_opportunity_formula_with_seeded_noise,synthetic_training_only
CLS-STA-056-2024-07-1000,STA-056,tanahtinggi,Tanah Tinggi,2024-07,1000,899,60882,21,16,10,4,17,52.79,63.58,10.13,49.14,93.51,Makanan,0.528,synthetic_opportunity_formula_with_seeded_noise,synthetic_training_only
CLS-STA-056-2024-08-500,STA-056,tanahtinggi,Tanah Tinggi,2024-08,500,440,72743,13,5,8,1,6,52.79,63.58,10.13,47.31,85.46,Lainnya,0.545,synthetic_opportunity_formula_with_seeded_noise,synthetic_training_only
CLS-STA-056-2024-09-750,STA-056,tanahtinggi,Tanah Tinggi,2024-09,750,744,74132,20,13,10,2,14,52.79,63.58,10.13,44.43,94.85,Hobi,0.54,synthetic_opportunity_formula_with_seeded_noise,synthetic_training_only
CLS-STA-056-2024-10-1000,STA-056,tanahtinggi,Tanah Tinggi,2024-10,1000,1159,76776,21,16,13,3,14,52.79,63.58,10.13,49.11,99.73,Lainnya,0.5,synthetic_opportunity_formula_with_seeded_noise,synthetic_training_only
CLS-STA-056-2024-11-500,STA-056,tanahtinggi,Tanah Tinggi,2024-11,500,591,77477,16,13,7,2,15,52.79,63.58,10.13,48.85,105.85,Hobi,0.557,synthetic_opportunity_formula_with_seeded_noise,synthetic_training_only
CLS-STA-056-2024-12-750,STA-056,tanahtinggi,Tanah Tinggi,2024-12,750,694,67946,15,10,11,4,13,52.79,63.58,10.13,49.73,85.5,Makanan,0.562,synthetic_opportunity_formula_with_seeded_noise,synthetic_training_only
CLS-STA-056-2025-01-500,STA-056,tanahtinggi,Tanah Tinggi,2025-01,500,629,69467,14,13,6,0,8,52.79,63.58,10.13,47.35,94.14,Hobi,0.541,synthetic_opportunity_formula_with_seeded_noise,synthetic_training_only
CLS-STA-056-2025-02-750,STA-056,tanahtinggi,Tanah Tinggi,2025-02,750,734,69786,15,10,12,2,15,52.79,63.58,10.13,45.76,98.36,Makanan,0.523,synthetic_opportunity_formula_with_seeded_noise,synthetic_training_only
CLS-STA-056-2025-03-1000,STA-056,tanahtinggi,Tanah Tinggi,2025-03,1000,1161,79015,29,18,15,3,17,52.79,63.58,10.13,49.28,101.93,Minuman,0.5,synthetic_opportunity_formula_with_seeded_noise,synthetic_training_only
CLS-STA-056-2025-04-500,STA-056,tanahtinggi,Tanah Tinggi,2025-04,500,411,69885,14,8,7,0,13,52.79,63.58,10.13,45.57,107.03,Makanan,0.5,synthetic_opportunity_formula_with_seeded_noise,synthetic_training_only
CLS-STA-056-2025-05-750,STA-056,tanahtinggi,Tanah Tinggi,2025-05,750,916,80343,24,12,12,2,12,52.79,63.58,10.13,46.55,92.41,Minuman,0.543,synthetic_opportunity_formula_with_seeded_noise,synthetic_training_only
CLS-STA-056-2025-06-1000,STA-056,tanahtinggi,Tanah Tinggi,2025-06,1000,1136,71844,21,19,13,4,14,52.79,63.58,10.13,47.96,96.46,Makanan,0.5,synthetic_opportunity_formula_with_seeded_noise,synthetic_training_only
CLS-STA-056-2025-07-500,STA-056,tanahtinggi,Tanah Tinggi,2025-07,500,609,71811,10,10,6,0,11,52.79,63.58,10.13,47.53,88.48,Makanan,0.538,synthetic_opportunity_formula_with_seeded_noise,synthetic_training_only
CLS-STA-056-2025-08-750,STA-056,tanahtinggi,Tanah Tinggi,2025-08,750,985,86693,22,23,9,4,12,52.79,63.58,10.13,51.15,93.21,Lainnya,0.507,synthetic_opportunity_formula_with_seeded_noise,synthetic_training_only
CLS-STA-056-2025-09-1000,STA-056,tanahtinggi,Tanah Tinggi,2025-09,1000,1186,81633,22,19,12,2,17,52.79,63.58,10.13,47.04,80.75,Makanan,0.5,synthetic_opportunity_formula_with_seeded_noise,synthetic_training_only
CLS-STA-056-2025-10-500,STA-056,tanahtinggi,Tanah Tinggi,2025-10,500,623,80985,6,7,6,0,8,52.79,63.58,10.13,42.9,101.65,Makanan,0.566,synthetic_opportunity_formula_with_seeded_noise,synthetic_training_only
CLS-STA-056-2025-11-750,STA-056,tanahtinggi,Tanah Tinggi,2025-11,750,934,81818,20,17,8,1,9,52.79,63.58,10.13,47.11,98.18,Lainnya,0.524,synthetic_opportunity_formula_with_seeded_noise,synthetic_training_only
CLS-STA-056-2025-12-1000,STA-056,tanahtinggi,Tanah Tinggi,2025-12,1000,1027,67571,23,18,15,0,16,52.79,63.58,10.13,47.02,84.88,Toko Buku,0.5,synthetic_opportunity_formula_with_seeded_noise,synthetic_training_only
CLS-STA-057-2023-01-1000,STA-057,tangerang,Tangerang,2023-01,1000,8876,576319,49,38,20,8,36,66.88,39.23,29.63,65.59,116.07,Makanan,0.582,synthetic_opportunity_formula_with_seeded_noise,synthetic_training_only
CLS-STA-057-2023-02-500,STA-057,tangerang,Tangerang,2023-02,500,4127,552098,27,21,8,4,19,66.88,39.23,29.63,65.56,110.64,Makanan,0.558,synthetic_opportunity_formula_with_seeded_noise,synthetic_training_only
CLS-STA-057-2023-03-750,STA-057,tangerang,Tangerang,2023-03,750,6526,578235,39,24,18,9,30,66.88,39.23,29.63,61.1,114.78,Makanan,0.532,synthetic_opportunity_formula_with_seeded_noise,synthetic_training_only
CLS-STA-057-2023-04-1000,STA-057,tangerang,Tangerang,2023-04,1000,8251,531112,54,39,22,11,38,66.88,39.23,29.63,64.42,110.63,Makanan,0.536,synthetic_opportunity_formula_with_seeded_noise,synthetic_training_only
CLS-STA-057-2023-05-500,STA-057,tangerang,Tangerang,2023-05,500,4568,568742,24,21,14,5,21,66.88,39.23,29.63,68.8,117.2,Makanan,0.553,synthetic_opportunity_formula_with_seeded_noise,synthetic_training_only
CLS-STA-057-2023-06-750,STA-057,tangerang,Tangerang,2023-06,750,5940,512798,31,24,15,9,25,66.88,39.23,29.63,65.7,107.89,Makanan,0.551,synthetic_opportunity_formula_with_seeded_noise,synthetic_training_only
CLS-STA-057-2023-07-1000,STA-057,tangerang,Tangerang,2023-07,1000,8482,541311,49,37,22,10,38,66.88,39.23,29.63,68.64,116.27,Makanan,0.566,synthetic_opportunity_formula_with_seeded_noise,synthetic_training_only
CLS-STA-057-2023-08-500,STA-057,tangerang,Tangerang,2023-08,500,4911,619352,27,15,13,6,22,66.88,39.23,29.63,69.28,120.02,Makanan,0.5,synthetic_opportunity_formula_with_seeded_noise,synthetic_training_only
CLS-STA-057-2023-09-750,STA-057,tangerang,Tangerang,2023-09,750,6839,585333,38,34,15,5,21,66.88,39.23,29.63,67.67,96.94,Makanan,0.583,synthetic_opportunity_formula_with_seeded_noise,synthetic_training_only
CLS-STA-057-2023-10-1000,STA-057,tangerang,Tangerang,2023-10,1000,10388,665716,51,37,17,9,33,66.88,39.23,29.63,65.64,100.92,Makanan,0.615,synthetic_opportunity_formula_with_seeded_noise,synthetic_training_only
CLS-STA-057-2023-11-500,STA-057,tangerang,Tangerang,2023-11,500,4915,624451,31,18,12,2,25,66.88,39.23,29.63,69.62,109.77,Minuman,0.5,synthetic_opportunity_formula_with_seeded_noise,synthetic_training_only
CLS-STA-057-2023-12-750,STA-057,tangerang,Tangerang,2023-12,750,6670,568663,47,28,14,10,27,66.88,39.23,29.63,63.55,104.82,Minuman,0.5,synthetic_opportunity_formula_with_seeded_noise,synthetic_training_only
CLS-STA-057-2024-01-500,STA-057,tangerang,Tangerang,2024-01,500,4080,517844,30,18,12,5,27,66.88,39.23,29.63,67.94,114.16,Minuman,0.5,synthetic_opportunity_formula_with_seeded_noise,synthetic_training_only
CLS-STA-057-2024-02-750,STA-057,tangerang,Tangerang,2024-02,750,6994,598498,36,32,11,5,22,66.88,39.23,29.63,67.76,122.95,Makanan,0.588,synthetic_opportunity_formula_with_seeded_noise,synthetic_training_only
CLS-STA-057-2024-03-1000,STA-057,tangerang,Tangerang,2024-03,1000,9291,598041,48,41,22,11,40,66.88,39.23,29.63,67.05,109.9,Makanan,0.578,synthetic_opportunity_formula_with_seeded_noise,synthetic_training_only
CLS-STA-057-2024-04-500,STA-057,tangerang,Tangerang,2024-04,500,4760,599291,28,15,7,5,16,66.88,39.23,29.63,66.94,107.16,Minuman,0.519,synthetic_opportunity_formula_with_seeded_noise,synthetic_training_only
CLS-STA-057-2024-05-750,STA-057,tangerang,Tangerang,2024-05,750,8108,696994,39,26,16,8,34,66.88,39.23,29.63,67.62,117.83,Makanan,0.576,synthetic_opportunity_formula_with_seeded_noise,synthetic_training_only
CLS-STA-057-2024-06-1000,STA-057,tangerang,Tangerang,2024-06,1000,8592,553724,48,34,20,6,34,66.88,39.23,29.63,66.9,111.63,Makanan,0.609,synthetic_opportunity_formula_with_seeded_noise,synthetic_training_only
CLS-STA-057-2024-07-500,STA-057,tangerang,Tangerang,2024-07,500,3927,505450,26,18,9,6,14,66.88,39.23,29.63,65.22,103.59,Makanan,0.557,synthetic_opportunity_formula_with_seeded_noise,synthetic_training_only
CLS-STA-057-2024-08-750,STA-057,tangerang,Tangerang,2024-08,750,7225,630059,40,28,18,5,21,66.88,39.23,29.63,66.06,107.56,Makanan,0.552,synthetic_opportunity_formula_with_seeded_noise,synthetic_training_only
CLS-STA-057-2024-09-1000,STA-057,tangerang,Tangerang,2024-09,1000,10696,684989,53,42,19,9,43,66.88,39.23,29.63,69.02,101.27,Makanan,0.606,synthetic_opportunity_formula_with_seeded_noise,synthetic_training_only
CLS-STA-057-2024-10-500,STA-057,tangerang,Tangerang,2024-10,500,5551,727704,27,16,10,6,18,66.88,39.23,29.63,66.8,112.62,Makanan,0.524,synthetic_opportunity_formula_with_seeded_noise,synthetic_training_only
CLS-STA-057-2024-11-750,STA-057,tangerang,Tangerang,2024-11,750,7379,635710,43,27,16,7,32,66.88,39.23,29.63,64.29,101.97,Makanan,0.527,synthetic_opportunity_formula_with_seeded_noise,synthetic_training_only
CLS-STA-057-2024-12-1000,STA-057,tangerang,Tangerang,2024-12,1000,9473,605404,57,41,20,8,41,66.88,39.23,29.63,68.48,105.84,Makanan,0.56,synthetic_opportunity_formula_with_seeded_noise,synthetic_training_only
CLS-STA-057-2025-01-750,STA-057,tangerang,Tangerang,2025-01,750,6662,574077,37,28,13,9,31,66.88,39.23,29.63,65.0,102.46,Makanan,0.577,synthetic_opportunity_formula_with_seeded_noise,synthetic_training_only
CLS-STA-057-2025-02-1000,STA-057,tangerang,Tangerang,2025-02,1000,9240,600180,54,29,21,9,36,66.88,39.23,29.63,66.21,112.85,Makanan,0.5,synthetic_opportunity_formula_with_seeded_noise,synthetic_training_only
CLS-STA-057-2025-03-500,STA-057,tangerang,Tangerang,2025-03,500,5019,642342,24,20,8,5,27,66.88,39.23,29.63,65.11,103.37,Makanan,0.607,synthetic_opportunity_formula_with_seeded_noise,synthetic_training_only
CLS-STA-057-2025-04-750,STA-057,tangerang,Tangerang,2025-04,750,7351,627089,45,26,16,6,38,66.88,39.23,29.63,68.56,96.38,Makanan,0.513,synthetic_opportunity_formula_with_seeded_noise,synthetic_training_only
CLS-STA-057-2025-05-1000,STA-057,tangerang,Tangerang,2025-05,1000,10087,653548,62,42,24,10,39,66.88,39.23,29.63,63.91,114.53,Makanan,0.598,synthetic_opportunity_formula_with_seeded_noise,synthetic_training_only
CLS-STA-057-2025-06-500,STA-057,tangerang,Tangerang,2025-06,500,4809,630675,27,18,12,5,18,66.88,39.23,29.63,64.81,117.6,Makanan,0.539,synthetic_opportunity_formula_with_seeded_noise,synthetic_training_only
CLS-STA-057-2025-07-750,STA-057,tangerang,Tangerang,2025-07,750,6945,590491,41,31,19,6,29,66.88,39.23,29.63,70.05,111.29,Makanan,0.609,synthetic_opportunity_formula_with_seeded_noise,synthetic_training_only
CLS-STA-057-2025-08-1000,STA-057,tangerang,Tangerang,2025-08,1000,10371,668969,57,39,26,10,46,66.88,39.23,29.63,65.62,117.47,Makanan,0.543,synthetic_opportunity_formula_with_seeded_noise,synthetic_training_only
CLS-STA-057-2025-09-500,STA-057,tangerang,Tangerang,2025-09,500,5436,679865,26,18,6,5,21,66.88,39.23,29.63,68.95,113.04,Makanan,0.546,synthetic_opportunity_formula_with_seeded_noise,synthetic_training_only
CLS-STA-057-2025-10-750,STA-057,tangerang,Tangerang,2025-10,750,8305,712982,45,34,17,8,38,66.88,39.23,29.63,66.01,116.94,Makanan,0.594,synthetic_opportunity_formula_with_seeded_noise,synthetic_training_only
CLS-STA-057-2025-11-1000,STA-057,tangerang,Tangerang,2025-11,1000,11162,725192,49,46,23,11,42,66.88,39.23,29.63,63.45,102.63,Makanan,0.628,synthetic_opportunity_formula_with_seeded_noise,synthetic_training_only
CLS-STA-057-2025-12-500,STA-057,tangerang,Tangerang,2025-12,500,4607,601672,26,24,11,5,18,66.88,39.23,29.63,67.58,103.2,Makanan,0.551,synthetic_opportunity_formula_with_seeded_noise,synthetic_training_only
CLS-STA-058-2023-01-500,STA-058,palmerah,Palmerah,2023-01,500,1543,226442,21,14,5,3,20,78.61,36.44,17.15,37.85,121.75,Minuman,0.5,synthetic_opportunity_formula_with_seeded_noise,synthetic_training_only
CLS-STA-058-2023-02-750,STA-058,palmerah,Palmerah,2023-02,750,2521,237397,30,21,14,4,23,78.61,36.44,17.15,37.52,120.27,Minuman,0.543,synthetic_opportunity_formula_with_seeded_noise,synthetic_training_only
CLS-STA-058-2023-03-1000,STA-058,palmerah,Palmerah,2023-03,1000,3303,244493,38,32,16,4,26,78.61,36.44,17.15,40.35,116.3,Makanan,0.53,synthetic_opportunity_formula_with_seeded_noise,synthetic_training_only
CLS-STA-058-2023-04-500,STA-058,palmerah,Palmerah,2023-04,500,1471,237440,20,16,9,1,16,78.61,36.44,17.15,36.44,126.56,Makanan,0.5,synthetic_opportunity_formula_with_seeded_noise,synthetic_training_only
CLS-STA-058-2023-05-750,STA-058,palmerah,Palmerah,2023-05,750,2678,261087,25,23,16,3,17,78.61,36.44,17.15,36.33,119.88,Makanan,0.563,synthetic_opportunity_formula_with_seeded_noise,synthetic_training_only
CLS-STA-058-2023-06-1000,STA-058,palmerah,Palmerah,2023-06,1000,3375,246047,41,34,15,5,33,78.61,36.44,17.15,36.55,117.33,Makanan,0.501,synthetic_opportunity_formula_with_seeded_noise,synthetic_training_only
CLS-STA-058-2023-07-500,STA-058,palmerah,Palmerah,2023-07,500,1619,235007,20,11,6,2,6,78.61,36.44,17.15,34.76,122.97,Lainnya,0.515,synthetic_opportunity_formula_with_seeded_noise,synthetic_training_only
CLS-STA-058-2023-08-750,STA-058,palmerah,Palmerah,2023-08,750,2727,265614,27,22,11,6,23,78.61,36.44,17.15,43.0,128.81,Makanan,0.5,synthetic_opportunity_formula_with_seeded_noise,synthetic_training_only
CLS-STA-058-2023-09-1000,STA-058,palmerah,Palmerah,2023-09,1000,3695,280560,38,33,15,3,27,78.61,36.44,17.15,34.54,120.98,Makanan,0.508,synthetic_opportunity_formula_with_seeded_noise,synthetic_training_only
CLS-STA-058-2023-10-500,STA-058,palmerah,Palmerah,2023-10,500,1739,277544,17,19,8,4,16,78.61,36.44,17.15,34.19,120.64,Makanan,0.537,synthetic_opportunity_formula_with_seeded_noise,synthetic_training_only
CLS-STA-058-2023-11-750,STA-058,palmerah,Palmerah,2023-11,750,2854,280811,26,26,12,2,28,78.61,36.44,17.15,37.3,129.59,Makanan,0.585,synthetic_opportunity_formula_with_seeded_noise,synthetic_training_only
CLS-STA-058-2023-12-1000,STA-058,palmerah,Palmerah,2023-12,1000,3337,244471,41,25,10,6,27,78.61,36.44,17.15,39.02,126.08,Minuman,0.534,synthetic_opportunity_formula_with_seeded_noise,synthetic_training_only
CLS-STA-058-2024-01-750,STA-058,palmerah,Palmerah,2024-01,750,2628,256910,26,22,7,3,24,78.61,36.44,17.15,37.7,128.89,Makanan,0.542,synthetic_opportunity_formula_with_seeded_noise,synthetic_training_only
CLS-STA-058-2024-02-1000,STA-058,palmerah,Palmerah,2024-02,1000,3619,270054,41,34,15,9,39,78.61,36.44,17.15,37.04,130.24,Makanan,0.531,synthetic_opportunity_formula_with_seeded_noise,synthetic_training_only
CLS-STA-058-2024-03-500,STA-058,palmerah,Palmerah,2024-03,500,2069,295382,19,17,10,2,16,78.61,36.44,17.15,40.25,107.69,Makanan,0.529,synthetic_opportunity_formula_with_seeded_noise,synthetic_training_only
CLS-STA-058-2024-04-750,STA-058,palmerah,Palmerah,2024-04,750,2746,271370,32,19,9,5,29,78.61,36.44,17.15,36.82,119.09,Minuman,0.577,synthetic_opportunity_formula_with_seeded_noise,synthetic_training_only
CLS-STA-058-2024-05-1000,STA-058,palmerah,Palmerah,2024-05,1000,3948,291960,43,30,15,7,32,78.61,36.44,17.15,38.38,113.12,Minuman,0.554,synthetic_opportunity_formula_with_seeded_noise,synthetic_training_only
CLS-STA-058-2024-06-500,STA-058,palmerah,Palmerah,2024-06,500,1879,268390,22,10,6,1,16,78.61,36.44,17.15,39.75,109.05,Minuman,0.55,synthetic_opportunity_formula_with_seeded_noise,synthetic_training_only
CLS-STA-058-2024-07-750,STA-058,palmerah,Palmerah,2024-07,750,2663,250794,29,22,11,2,23,78.61,36.44,17.15,36.24,113.42,Makanan,0.525,synthetic_opportunity_formula_with_seeded_noise,synthetic_training_only
CLS-STA-058-2024-08-1000,STA-058,palmerah,Palmerah,2024-08,1000,3908,284251,32,30,10,6,37,78.61,36.44,17.15,39.0,117.69,Makanan,0.564,synthetic_opportunity_formula_with_seeded_noise,synthetic_training_only
CLS-STA-058-2024-09-500,STA-058,palmerah,Palmerah,2024-09,500,2128,314210,18,18,8,2,21,78.61,36.44,17.15,36.23,120.4,Makanan,0.5,synthetic_opportunity_formula_with_seeded_noise,synthetic_training_only
CLS-STA-058-2024-10-750,STA-058,palmerah,Palmerah,2024-10,750,3080,300179,28,19,12,5,21,78.61,36.44,17.15,38.85,128.78,Minuman,0.535,synthetic_opportunity_formula_with_seeded_noise,synthetic_training_only
CLS-STA-058-2024-11-1000,STA-058,palmerah,Palmerah,2024-11,1000,4446,320032,42,35,13,6,39,78.61,36.44,17.15,38.97,118.99,Makanan,0.5,synthetic_opportunity_formula_with_seeded_noise,synthetic_training_only
CLS-STA-058-2024-12-500,STA-058,palmerah,Palmerah,2024-12,500,2084,281885,20,15,9,3,18,78.61,36.44,17.15,39.95,104.61,Minuman,0.5,synthetic_opportunity_formula_with_seeded_noise,synthetic_training_only
CLS-STA-058-2025-01-1000,STA-058,palmerah,Palmerah,2025-01,1000,3823,281747,36,30,15,8,33,78.61,36.44,17.15,35.73,124.19,Makanan,0.561,synthetic_opportunity_formula_with_seeded_noise,synthetic_training_only
CLS-STA-058-2025-02-500,STA-058,palmerah,Palmerah,2025-02,500,2067,307918,25,17,8,3,10,78.61,36.44,17.15,39.0,124.61,Lainnya,0.52,synthetic_opportunity_formula_with_seeded_noise,synthetic_training_only
CLS-STA-058-2025-03-750,STA-058,palmerah,Palmerah,2025-03,750,3235,315132,28,26,14,3,29,78.61,36.44,17.15,36.41,112.3,Makanan,0.594,synthetic_opportunity_formula_with_seeded_noise,synthetic_training_only
CLS-STA-058-2025-04-1000,STA-058,palmerah,Palmerah,2025-04,1000,4102,303532,40,33,12,10,33,78.61,36.44,17.15,35.93,110.27,Makanan,0.5,synthetic_opportunity_formula_with_seeded_noise,synthetic_training_only
CLS-STA-058-2025-05-500,STA-058,palmerah,Palmerah,2025-05,500,2249,330026,22,12,9,5,19,78.61,36.44,17.15,34.73,126.63,Minuman,0.537,synthetic_opportunity_formula_with_seeded_noise,synthetic_training_only
CLS-STA-058-2025-06-750,STA-058,palmerah,Palmerah,2025-06,750,2841,271869,30,19,13,5,20,78.61,36.44,17.15,36.62,110.09,Minuman,0.568,synthetic_opportunity_formula_with_seeded_noise,synthetic_training_only
CLS-STA-058-2025-07-1000,STA-058,palmerah,Palmerah,2025-07,1000,3888,287920,30,33,12,7,42,78.61,36.44,17.15,35.32,135.2,Makanan,0.577,synthetic_opportunity_formula_with_seeded_noise,synthetic_training_only
CLS-STA-058-2025-08-500,STA-058,palmerah,Palmerah,2025-08,500,2239,317483,22,17,5,2,23,78.61,36.44,17.15,40.74,128.84,Makanan,0.5,synthetic_opportunity_formula_with_seeded_noise,synthetic_training_only
CLS-STA-058-2025-09-750,STA-058,palmerah,Palmerah,2025-09,750,3374,329463,32,19,9,6,16,78.61,36.44,17.15,42.54,121.08,Minuman,0.574,synthetic_opportunity_formula_with_seeded_noise,synthetic_training_only
CLS-STA-058-2025-10-1000,STA-058,palmerah,Palmerah,2025-10,1000,4911,365658,43,27,15,3,32,78.61,36.44,17.15,35.59,125.19,Minuman,0.52,synthetic_opportunity_formula_with_seeded_noise,synthetic_training_only
CLS-STA-058-2025-11-500,STA-058,palmerah,Palmerah,2025-11,500,2467,325281,19,13,6,4,22,78.61,36.44,17.15,37.77,135.82,Minuman,0.529,synthetic_opportunity_formula_with_seeded_noise,synthetic_training_only
CLS-STA-058-2025-12-750,STA-058,palmerah,Palmerah,2025-12,750,3220,313975,27,25,12,2,27,78.61,36.44,17.15,39.45,121.07,Makanan,0.568,synthetic_opportunity_formula_with_seeded_noise,synthetic_training_only
CLS-STA-059-2023-01-750,STA-059,kebayoran,Kebayoran,2023-01,750,4967,470066,35,27,18,5,16,65.66,52.29,26.01,47.95,127.01,Makanan,0.521,synthetic_opportunity_formula_with_seeded_noise,synthetic_training_only
CLS-STA-059-2023-02-1000,STA-059,kebayoran,Kebayoran,2023-02,1000,6564,469429,47,34,22,5,38,65.66,52.29,26.01,45.72,127.76,Makanan,0.522,synthetic_opportunity_formula_with_seeded_noise,synthetic_training_only
CLS-STA-059-2023-03-500,STA-059,kebayoran,Kebayoran,2023-03,500,3238,466393,23,17,10,4,12,65.66,52.29,26.01,51.48,122.53,Makanan,0.533,synthetic_opportunity_formula_with_seeded_noise,synthetic_training_only
CLS-STA-059-2023-04-750,STA-059,kebayoran,Kebayoran,2023-04,750,5274,488332,32,25,16,6,22,65.66,52.29,26.01,46.72,133.84,Makanan,0.519,synthetic_opportunity_formula_with_seeded_noise,synthetic_training_only
CLS-STA-059-2023-05-1000,STA-059,kebayoran,Kebayoran,2023-05,1000,7991,562608,46,31,18,9,35,65.66,52.29,26.01,46.8,144.74,Makanan,0.54,synthetic_opportunity_formula_with_seeded_noise,synthetic_training_only
CLS-STA-059-2023-06-500,STA-059,kebayoran,Kebayoran,2023-06,500,3557,493080,20,17,11,4,18,65.66,52.29,26.01,47.17,124.4,Makanan,0.511,synthetic_opportunity_formula_with_seeded_noise,synthetic_training_only
CLS-STA-059-2023-07-750,STA-059,kebayoran,Kebayoran,2023-07,750,5277,483090,36,24,16,6,27,65.66,52.29,26.01,52.73,129.18,Makanan,0.5,synthetic_opportunity_formula_with_seeded_noise,synthetic_training_only
CLS-STA-059-2023-08-1000,STA-059,kebayoran,Kebayoran,2023-08,1000,7903,553211,46,36,20,10,39,65.66,52.29,26.01,45.93,118.52,Makanan,0.616,synthetic_opportunity_formula_with_seeded_noise,synthetic_training_only
CLS-STA-059-2023-09-500,STA-059,kebayoran,Kebayoran,2023-09,500,3931,544575,20,15,13,5,24,65.66,52.29,26.01,48.07,125.04,Makanan,0.522,synthetic_opportunity_formula_with_seeded_noise,synthetic_training_only
CLS-STA-059-2023-10-750,STA-059,kebayoran,Kebayoran,2023-10,750,5723,562560,45,25,14,6,28,65.66,52.29,26.01,42.93,124.76,Minuman,0.518,synthetic_opportunity_formula_with_seeded_noise,synthetic_training_only
CLS-STA-059-2023-11-1000,STA-059,kebayoran,Kebayoran,2023-11,1000,7755,539324,45,30,21,8,32,65.66,52.29,26.01,47.4,129.55,Makanan,0.562,synthetic_opportunity_formula_with_seeded_noise,synthetic_training_only
CLS-STA-059-2023-12-500,STA-059,kebayoran,Kebayoran,2023-12,500,3490,484762,23,18,12,4,25,65.66,52.29,26.01,48.06,114.17,Makanan,0.541,synthetic_opportunity_formula_with_seeded_noise,synthetic_training_only
CLS-STA-059-2024-01-1000,STA-059,kebayoran,Kebayoran,2024-01,1000,6906,488195,44,37,21,7,36,65.66,52.29,26.01,48.52,121.16,Makanan,0.561,synthetic_opportunity_formula_with_seeded_noise,synthetic_training_only
CLS-STA-059-2024-02-500,STA-059,kebayoran,Kebayoran,2024-02,500,3782,527189,24,14,8,1,18,65.66,52.29,26.01,46.18,129.18,Makanan,0.521,synthetic_opportunity_formula_with_seeded_noise,synthetic_training_only
CLS-STA-059-2024-03-750,STA-059,kebayoran,Kebayoran,2024-03,750,6625,610492,42,20,14,6,24,65.66,52.29,26.01,49.88,134.73,Minuman,0.5,synthetic_opportunity_formula_with_seeded_noise,synthetic_training_only
CLS-STA-059-2024-04-1000,STA-059,kebayoran,Kebayoran,2024-04,1000,7403,531804,40,33,16,8,43,65.66,52.29,26.01,43.47,133.41,Makanan,0.643,synthetic_opportunity_formula_with_seeded_noise,synthetic_training_only
CLS-STA-059-2024-05-500,STA-059,kebayoran,Kebayoran,2024-05,500,4230,588993,20,20,9,6,14,65.66,52.29,26.01,49.65,111.25,Makanan,0.61,synthetic_opportunity_formula_with_seeded_noise,synthetic_training_only
CLS-STA-059-2024-06-750,STA-059,kebayoran,Kebayoran,2024-06,750,5887,545956,39,28,19,6,29,65.66,52.29,26.01,48.27,127.16,Makanan,0.613,synthetic_opportunity_formula_with_seeded_noise,synthetic_training_only
CLS-STA-059-2024-07-1000,STA-059,kebayoran,Kebayoran,2024-07,1000,7729,540827,47,36,20,8,36,65.66,52.29,26.01,45.86,114.01,Makanan,0.521,synthetic_opportunity_formula_with_seeded_noise,synthetic_training_only
CLS-STA-059-2024-08-500,STA-059,kebayoran,Kebayoran,2024-08,500,4245,588335,28,18,13,5,19,65.66,52.29,26.01,45.31,122.2,Makanan,0.5,synthetic_opportunity_formula_with_seeded_noise,synthetic_training_only
CLS-STA-059-2024-09-750,STA-059,kebayoran,Kebayoran,2024-09,750,6468,597172,31,22,17,8,21,65.66,52.29,26.01,51.08,123.63,Makanan,0.591,synthetic_opportunity_formula_with_seeded_noise,synthetic_training_only
CLS-STA-059-2024-10-1000,STA-059,kebayoran,Kebayoran,2024-10,1000,9606,665077,48,34,19,6,36,65.66,52.29,26.01,49.32,121.01,Makanan,0.631,synthetic_opportunity_formula_with_seeded_noise,synthetic_training_only
CLS-STA-059-2024-11-500,STA-059,kebayoran,Kebayoran,2024-11,500,4771,666812,25,17,11,3,15,65.66,52.29,26.01,48.59,122.35,Makanan,0.503,synthetic_opportunity_formula_with_seeded_noise,synthetic_training_only
CLS-STA-059-2024-12-750,STA-059,kebayoran,Kebayoran,2024-12,750,6002,575201,31,29,13,6,29,65.66,52.29,26.01,48.23,131.94,Makanan,0.615,synthetic_opportunity_formula_with_seeded_noise,synthetic_training_only
CLS-STA-059-2025-01-500,STA-059,kebayoran,Kebayoran,2025-01,500,3917,569730,22,16,12,4,19,65.66,52.29,26.01,46.71,121.89,Makanan,0.544,synthetic_opportunity_formula_with_seeded_noise,synthetic_training_only
CLS-STA-059-2025-02-750,STA-059,kebayoran,Kebayoran,2025-02,750,6388,588702,39,24,15,6,24,65.66,52.29,26.01,48.83,117.06,Makanan,0.55,synthetic_opportunity_formula_with_seeded_noise,synthetic_training_only
CLS-STA-059-2025-03-1000,STA-059,kebayoran,Kebayoran,2025-03,1000,9301,660416,45,39,28,7,37,65.66,52.29,26.01,47.01,107.75,Makanan,0.596,synthetic_opportunity_formula_with_seeded_noise,synthetic_training_only
CLS-STA-059-2025-04-500,STA-059,kebayoran,Kebayoran,2025-04,500,4372,616441,24,21,14,1,17,65.66,52.29,26.01,45.15,125.7,Makanan,0.593,synthetic_opportunity_formula_with_seeded_noise,synthetic_training_only
CLS-STA-059-2025-05-750,STA-059,kebayoran,Kebayoran,2025-05,750,7256,674433,37,32,15,4,30,65.66,52.29,26.01,44.48,124.97,Makanan,0.666,synthetic_opportunity_formula_with_seeded_noise,synthetic_training_only
CLS-STA-059-2025-06-1000,STA-059,kebayoran,Kebayoran,2025-06,1000,8670,611772,46,31,17,8,34,65.66,52.29,26.01,46.99,121.01,Makanan,0.556,synthetic_opportunity_formula_with_seeded_noise,synthetic_training_only
CLS-STA-059-2025-07-500,STA-059,kebayoran,Kebayoran,2025-07,500,3922,568524,22,19,10,5,19,65.66,52.29,26.01,46.4,128.66,Makanan,0.527,synthetic_opportunity_formula_with_seeded_noise,synthetic_training_only
CLS-STA-059-2025-08-750,STA-059,kebayoran,Kebayoran,2025-08,750,6883,636990,33,24,14,5,25,65.66,52.29,26.01,51.39,119.8,Makanan,0.588,synthetic_opportunity_formula_with_seeded_noise,synthetic_training_only
CLS-STA-059-2025-09-1000,STA-059,kebayoran,Kebayoran,2025-09,1000,9100,643009,51,40,23,9,46,65.66,52.29,26.01,46.16,118.9,Makanan,0.577,synthetic_opportunity_formula_with_seeded_noise,synthetic_training_only
CLS-STA-059-2025-10-500,STA-059,kebayoran,Kebayoran,2025-10,500,4580,668564,21,19,8,3,12,65.66,52.29,26.01,44.41,132.6,Makanan,0.576,synthetic_opportunity_formula_with_seeded_noise,synthetic_training_only
CLS-STA-059-2025-11-750,STA-059,kebayoran,Kebayoran,2025-11,750,7957,765794,34,19,17,6,28,65.66,52.29,26.01,41.52,130.18,Makanan,0.558,synthetic_opportunity_formula_with_seeded_noise,synthetic_training_only
CLS-STA-059-2025-12-1000,STA-059,kebayoran,Kebayoran,2025-12,1000,9027,638447,51,38,19,8,38,65.66,52.29,26.01,44.29,126.41,Makanan,0.573,synthetic_opportunity_formula_with_seeded_noise,synthetic_training_only
CLS-STA-060-2023-01-1000,STA-060,pondokranji,Pondok Ranji,2023-01,1000,3324,238292,31,24,16,7,29,72.38,55.19,20.48,41.11,103.32,Makanan,0.5,synthetic_opportunity_formula_with_seeded_noise,synthetic_training_only
CLS-STA-060-2023-02-500,STA-060,pondokranji,Pondok Ranji,2023-02,500,1730,251889,17,11,7,2,14,72.38,55.19,20.48,37.49,114.33,Makanan,0.509,synthetic_opportunity_formula_with_seeded_noise,synthetic_training_only
CLS-STA-060-2023-03-750,STA-060,pondokranji,Pondok Ranji,2023-03,750,2660,256963,26,26,12,3,27,72.38,55.19,20.48,45.13,114.84,Makanan,0.564,synthetic_opportunity_formula_with_seeded_noise,synthetic_training_only
CLS-STA-060-2023-04-1000,STA-060,pondokranji,Pondok Ranji,2023-04,1000,3475,241064,39,25,17,8,32,72.38,55.19,20.48,44.34,113.98,Minuman,0.501,synthetic_opportunity_formula_with_seeded_noise,synthetic_training_only
CLS-STA-060-2023-05-500,STA-060,pondokranji,Pondok Ranji,2023-05,500,1762,266162,18,17,9,2,9,72.38,55.19,20.48,41.99,103.66,Makanan,0.545,synthetic_opportunity_formula_with_seeded_noise,synthetic_training_only
CLS-STA-060-2023-06-750,STA-060,pondokranji,Pondok Ranji,2023-06,750,2520,243449,27,20,9,7,20,72.38,55.19,20.48,40.39,115.0,Makanan,0.526,synthetic_opportunity_formula_with_seeded_noise,synthetic_training_only
CLS-STA-060-2023-07-1000,STA-060,pondokranji,Pondok Ranji,2023-07,1000,3048,219133,34,23,18,6,28,72.38,55.19,20.48,41.69,116.8,Makanan,0.501,synthetic_opportunity_formula_with_seeded_noise,synthetic_training_only
CLS-STA-060-2023-08-500,STA-060,pondokranji,Pondok Ranji,2023-08,500,1629,239364,21,17,9,3,14,72.38,55.19,20.48,39.62,117.16,Makanan,0.52,synthetic_opportunity_formula_with_seeded_noise,synthetic_training_only
CLS-STA-060-2023-09-750,STA-060,pondokranji,Pondok Ranji,2023-09,750,2771,265350,27,25,16,4,26,72.38,55.19,20.48,43.04,103.86,Makanan,0.531,synthetic_opportunity_formula_with_seeded_noise,synthetic_training_only
CLS-STA-060-2023-10-1000,STA-060,pondokranji,Pondok Ranji,2023-10,1000,3577,265450,40,30,18,5,28,72.38,55.19,20.48,39.8,111.64,Makanan,0.526,synthetic_opportunity_formula_with_seeded_noise,synthetic_training_only
CLS-STA-060-2023-11-500,STA-060,pondokranji,Pondok Ranji,2023-11,500,1773,270873,16,12,8,4,14,72.38,55.19,20.48,38.88,107.15,Makanan,0.514,synthetic_opportunity_formula_with_seeded_noise,synthetic_training_only
CLS-STA-060-2023-12-750,STA-060,pondokranji,Pondok Ranji,2023-12,750,2411,244033,31,22,10,6,17,72.38,55.19,20.48,37.08,105.33,Minuman,0.501,synthetic_opportunity_formula_with_seeded_noise,synthetic_training_only
CLS-STA-060-2024-01-500,STA-060,pondokranji,Pondok Ranji,2024-01,500,1781,263092,18,15,10,1,15,72.38,55.19,20.48,39.32,106.92,Makanan,0.537,synthetic_opportunity_formula_with_seeded_noise,synthetic_training_only
CLS-STA-060-2024-02-750,STA-060,pondokranji,Pondok Ranji,2024-02,750,2692,262178,30,18,14,3,17,72.38,55.19,20.48,45.32,110.89,Minuman,0.558,synthetic_opportunity_formula_with_seeded_noise,synthetic_training_only
CLS-STA-060-2024-03-1000,STA-060,pondokranji,Pondok Ranji,2024-03,1000,3940,281653,37,27,18,4,22,72.38,55.19,20.48,41.33,96.5,Makanan,0.519,synthetic_opportunity_formula_with_seeded_noise,synthetic_training_only
CLS-STA-060-2024-04-500,STA-060,pondokranji,Pondok Ranji,2024-04,500,1982,282548,15,12,10,4,19,72.38,55.19,20.48,41.76,108.02,Makanan,0.562,synthetic_opportunity_formula_with_seeded_noise,synthetic_training_only
CLS-STA-060-2024-05-750,STA-060,pondokranji,Pondok Ranji,2024-05,750,3151,305092,27,25,12,4,20,72.38,55.19,20.48,40.01,105.84,Makanan,0.577,synthetic_opportunity_formula_with_seeded_noise,synthetic_training_only
CLS-STA-060-2024-06-1000,STA-060,pondokranji,Pondok Ranji,2024-06,1000,3988,283050,40,29,19,5,26,72.38,55.19,20.48,46.17,103.18,Makanan,0.543,synthetic_opportunity_formula_with_seeded_noise,synthetic_training_only
CLS-STA-060-2024-07-500,STA-060,pondokranji,Pondok Ranji,2024-07,500,1741,269019,18,17,7,4,13,72.38,55.19,20.48,41.21,102.09,Makanan,0.5,synthetic_opportunity_formula_with_seeded_noise,synthetic_training_only
CLS-STA-060-2024-08-750,STA-060,pondokranji,Pondok Ranji,2024-08,750,2900,279291,29,25,12,2,22,72.38,55.19,20.48,42.04,100.52,Makanan,0.514,synthetic_opportunity_formula_with_seeded_noise,synthetic_training_only
CLS-STA-060-2024-09-1000,STA-060,pondokranji,Pondok Ranji,2024-09,1000,4413,318768,37,26,16,7,24,72.38,55.19,20.48,43.89,122.23,Makanan,0.548,synthetic_opportunity_formula_with_seeded_noise,synthetic_training_only
CLS-STA-060-2024-10-500,STA-060,pondokranji,Pondok Ranji,2024-10,500,1885,302076,19,11,7,3,7,72.38,55.19,20.48,42.4,108.22,Minuman,0.539,synthetic_opportunity_formula_with_seeded_noise,synthetic_training_only
CLS-STA-060-2024-11-750,STA-060,pondokranji,Pondok Ranji,2024-11,750,3256,306936,28,18,12,5,17,72.38,55.19,20.48,43.39,108.49,Makanan,0.5,synthetic_opportunity_formula_with_seeded_noise,synthetic_training_only
CLS-STA-060-2024-12-1000,STA-060,pondokranji,Pondok Ranji,2024-12,1000,3883,279534,40,30,19,4,25,72.38,55.19,20.48,42.54,110.38,Makanan,0.511,synthetic_opportunity_formula_with_seeded_noise,synthetic_training_only
CLS-STA-060-2025-01-750,STA-060,pondokranji,Pondok Ranji,2025-01,750,2887,272511,29,23,11,7,27,72.38,55.19,20.48,42.11,108.71,Makanan,0.529,synthetic_opportunity_formula_with_seeded_noise,synthetic_training_only
CLS-STA-060-2025-02-1000,STA-060,pondokranji,Pondok Ranji,2025-02,1000,3940,281935,39,29,15,6,33,72.38,55.19,20.48,43.93,97.49,Makanan,0.534,synthetic_opportunity_formula_with_seeded_noise,synthetic_training_only
CLS-STA-060-2025-03-500,STA-060,pondokranji,Pondok Ranji,2025-03,500,2309,326258,24,16,10,3,16,72.38,55.19,20.48,47.15,102.3,Makanan,0.513,synthetic_opportunity_formula_with_seeded_noise,synthetic_training_only
CLS-STA-060-2025-04-750,STA-060,pondokranji,Pondok Ranji,2025-04,750,3271,310741,34,28,14,7,15,72.38,55.19,20.48,41.8,106.17,Makanan,0.547,synthetic_opportunity_formula_with_seeded_noise,synthetic_training_only
CLS-STA-060-2025-05-1000,STA-060,pondokranji,Pondok Ranji,2025-05,1000,4624,336930,38,34,17,8,21,72.38,55.19,20.48,41.58,108.47,Makanan,0.532,synthetic_opportunity_formula_with_seeded_noise,synthetic_training_only
CLS-STA-060-2025-06-500,STA-060,pondokranji,Pondok Ranji,2025-06,500,1920,291478,20,13,6,4,8,72.38,55.19,20.48,38.12,107.95,Makanan,0.5,synthetic_opportunity_formula_with_seeded_noise,synthetic_training_only
CLS-STA-060-2025-07-750,STA-060,pondokranji,Pondok Ranji,2025-07,750,2931,286634,29,22,12,3,16,72.38,55.19,20.48,40.55,102.41,Makanan,0.523,synthetic_opportunity_formula_with_seeded_noise,synthetic_training_only
CLS-STA-060-2025-08-1000,STA-060,pondokranji,Pondok Ranji,2025-08,1000,4573,330772,40,31,17,6,26,72.38,55.19,20.48,39.27,110.01,Makanan,0.51,synthetic_opportunity_formula_with_seeded_noise,synthetic_training_only
CLS-STA-060-2025-09-500,STA-060,pondokranji,Pondok Ranji,2025-09,500,2440,337248,15,13,10,3,14,72.38,55.19,20.48,40.48,105.55,Makanan,0.575,synthetic_opportunity_formula_with_seeded_noise,synthetic_training_only
CLS-STA-060-2025-10-750,STA-060,pondokranji,Pondok Ranji,2025-10,750,3174,315007,29,22,14,6,28,72.38,55.19,20.48,39.98,109.75,Makanan,0.5,synthetic_opportunity_formula_with_seeded_noise,synthetic_training_only
CLS-STA-060-2025-11-1000,STA-060,pondokranji,Pondok Ranji,2025-11,1000,4639,339346,44,29,18,4,33,72.38,55.19,20.48,40.64,106.75,Makanan,0.5,synthetic_opportunity_formula_with_seeded_noise,synthetic_training_only
CLS-STA-060-2025-12-500,STA-060,pondokranji,Pondok Ranji,2025-12,500,2020,293728,19,11,6,4,16,72.38,55.19,20.48,45.71,98.65,Minuman,0.528,synthetic_opportunity_formula_with_seeded_noise,synthetic_training_only
CLS-STA-061-2023-01-500,STA-061,jurangmangu,Jurangmangu,2023-01,500,1574,228348,23,13,8,4,11,66.18,56.06,37.42,50.8,107.44,Minuman,0.53,synthetic_opportunity_formula_with_seeded_noise,synthetic_training_only
CLS-STA-061-2023-02-750,STA-061,jurangmangu,Jurangmangu,2023-02,750,2711,254278,33,30,17,10,27,66.18,56.06,37.42,50.45,112.58,Makanan,0.5,synthetic_opportunity_formula_with_seeded_noise,synthetic_training_only
CLS-STA-061-2023-03-1000,STA-061,jurangmangu,Jurangmangu,2023-03,1000,3994,261782,43,34,22,10,33,66.18,56.06,37.42,51.88,105.72,Makanan,0.514,synthetic_opportunity_formula_with_seeded_noise,synthetic_training_only
CLS-STA-061-2023-04-500,STA-061,jurangmangu,Jurangmangu,2023-04,500,1748,248435,21,17,13,5,13,66.18,56.06,37.42,47.33,102.81,Makanan,0.5,synthetic_opportunity_formula_with_seeded_noise,synthetic_training_only
CLS-STA-061-2023-05-750,STA-061,jurangmangu,Jurangmangu,2023-05,750,2934,272781,35,26,17,10,24,66.18,56.06,37.42,51.18,96.59,Makanan,0.545,synthetic_opportunity_formula_with_seeded_noise,synthetic_training_only
CLS-STA-061-2023-06-1000,STA-061,jurangmangu,Jurangmangu,2023-06,1000,3349,226903,50,30,19,9,37,66.18,56.06,37.42,50.33,101.89,Minuman,0.547,synthetic_opportunity_formula_with_seeded_noise,synthetic_training_only
CLS-STA-061-2023-07-500,STA-061,jurangmangu,Jurangmangu,2023-07,500,1735,242231,21,19,13,4,17,66.18,56.06,37.42,49.41,108.4,Makanan,0.5,synthetic_opportunity_formula_with_seeded_noise,synthetic_training_only
CLS-STA-061-2023-08-750,STA-061,jurangmangu,Jurangmangu,2023-08,750,2746,262774,32,30,17,8,23,66.18,56.06,37.42,48.5,114.89,Makanan,0.56,synthetic_opportunity_formula_with_seeded_noise,synthetic_training_only
CLS-STA-061-2023-09-1000,STA-061,jurangmangu,Jurangmangu,2023-09,1000,3915,278602,49,37,26,11,34,66.18,56.06,37.42,46.72,115.16,Makanan,0.533,synthetic_opportunity_formula_with_seeded_noise,synthetic_training_only
CLS-STA-061-2023-10-500,STA-061,jurangmangu,Jurangmangu,2023-10,500,2039,267112,25,18,11,4,17,66.18,56.06,37.42,47.49,109.87,Minuman,0.51,synthetic_opportunity_formula_with_seeded_noise,synthetic_training_only
CLS-STA-061-2023-11-750,STA-061,jurangmangu,Jurangmangu,2023-11,750,2732,259309,31,30,15,9,21,66.18,56.06,37.42,48.64,110.06,Makanan,0.513,synthetic_opportunity_formula_with_seeded_noise,synthetic_training_only
CLS-STA-061-2023-12-1000,STA-061,jurangmangu,Jurangmangu,2023-12,1000,3600,253516,45,33,23,11,33,66.18,56.06,37.42,47.81,109.84,Makanan,0.578,synthetic_opportunity_formula_with_seeded_noise,synthetic_training_only
CLS-STA-061-2024-01-750,STA-061,jurangmangu,Jurangmangu,2024-01,750,3154,283128,30,28,15,7,24,66.18,56.06,37.42,50.92,111.14,Makanan,0.566,synthetic_opportunity_formula_with_seeded_noise,synthetic_training_only
CLS-STA-061-2024-02-1000,STA-061,jurangmangu,Jurangmangu,2024-02,1000,4298,304641,47,34,22,10,44,66.18,56.06,37.42,45.65,104.74,Makanan,0.503,synthetic_opportunity_formula_with_seeded_noise,synthetic_training_only
CLS-STA-061-2024-03-500,STA-061,jurangmangu,Jurangmangu,2024-03,500,2271,298401,21,13,8,5,12,66.18,56.06,37.42,47.36,118.8,Minuman,0.5,synthetic_opportunity_formula_with_seeded_noise,synthetic_training_only
CLS-STA-061-2024-04-750,STA-061,jurangmangu,Jurangmangu,2024-04,750,2942,274736,35,21,13,7,22,66.18,56.06,37.42,49.21,117.21,Minuman,0.523,synthetic_opportunity_formula_with_seeded_noise,synthetic_training_only
CLS-STA-061-2024-05-1000,STA-061,jurangmangu,Jurangmangu,2024-05,1000,4445,306486,49,37,22,13,37,66.18,56.06,37.42,46.93,97.54,Makanan,0.559,synthetic_opportunity_formula_with_seeded_noise,synthetic_training_only
CLS-STA-061-2024-06-500,STA-061,jurangmangu,Jurangmangu,2024-06,500,2057,277540,25,16,9,6,13,66.18,56.06,37.42,48.0,109.16,Minuman,0.511,synthetic_opportunity_formula_with_seeded_noise,synthetic_training_only
CLS-STA-061-2024-07-750,STA-061,jurangmangu,Jurangmangu,2024-07,750,2832,258834,34,24,20,11,23,66.18,56.06,37.42,46.53,124.78,Minuman,0.536,synthetic_opportunity_formula_with_seeded_noise,synthetic_training_only
CLS-STA-061-2024-08-1000,STA-061,jurangmangu,Jurangmangu,2024-08,1000,4650,318495,52,36,21,13,37,66.18,56.06,37.42,50.04,107.21,Minuman,0.504,synthetic_opportunity_formula_with_seeded_noise,synthetic_training_only
CLS-STA-061-2024-09-500,STA-061,jurangmangu,Jurangmangu,2024-09,500,2238,308712,20,14,10,4,17,66.18,56.06,37.42,43.65,105.98,Minuman,0.502,synthetic_opportunity_formula_with_seeded_noise,synthetic_training_only
CLS-STA-061-2024-10-750,STA-061,jurangmangu,Jurangmangu,2024-10,750,3338,320901,34,27,16,9,29,66.18,56.06,37.42,49.03,99.71,Makanan,0.516,synthetic_opportunity_formula_with_seeded_noise,synthetic_training_only
CLS-STA-061-2024-11-1000,STA-061,jurangmangu,Jurangmangu,2024-11,1000,4752,320027,46,36,22,9,35,66.18,56.06,37.42,54.52,95.31,Makanan,0.512,synthetic_opportunity_formula_with_seeded_noise,synthetic_training_only
CLS-STA-061-2024-12-500,STA-061,jurangmangu,Jurangmangu,2024-12,500,2081,281431,18,14,13,7,22,66.18,56.06,37.42,46.91,112.31,Makanan,0.534,synthetic_opportunity_formula_with_seeded_noise,synthetic_training_only
CLS-STA-061-2025-01-1000,STA-061,jurangmangu,Jurangmangu,2025-01,1000,4039,290099,46,29,25,9,38,66.18,56.06,37.42,47.86,121.83,Minuman,0.58,synthetic_opportunity_formula_with_seeded_noise,synthetic_training_only
CLS-STA-061-2025-02-500,STA-061,jurangmangu,Jurangmangu,2025-02,500,2468,333229,19,19,12,3,23,66.18,56.06,37.42,50.15,100.97,Makanan,0.549,synthetic_opportunity_formula_with_seeded_noise,synthetic_training_only
CLS-STA-061-2025-03-750,STA-061,jurangmangu,Jurangmangu,2025-03,750,3573,324793,39,27,16,9,24,66.18,56.06,37.42,48.49,108.96,Makanan,0.53,synthetic_opportunity_formula_with_seeded_noise,synthetic_training_only
CLS-STA-061-2025-04-1000,STA-061,jurangmangu,Jurangmangu,2025-04,1000,4347,300270,45,34,22,11,39,66.18,56.06,37.42,50.76,109.87,Makanan,0.53,synthetic_opportunity_formula_with_seeded_noise,synthetic_training_only
CLS-STA-061-2025-05-500,STA-061,jurangmangu,Jurangmangu,2025-05,500,2459,341847,22,18,11,5,15,66.18,56.06,37.42,49.74,108.85,Makanan,0.5,synthetic_opportunity_formula_with_seeded_noise,synthetic_training_only
CLS-STA-061-2025-06-750,STA-061,jurangmangu,Jurangmangu,2025-06,750,3146,300167,32,22,15,9,23,66.18,56.06,37.42,49.06,106.94,Makanan,0.531,synthetic_opportunity_formula_with_seeded_noise,synthetic_training_only
CLS-STA-061-2025-07-1000,STA-061,jurangmangu,Jurangmangu,2025-07,1000,4152,292920,49,38,19,11,32,66.18,56.06,37.42,48.52,98.79,Makanan,0.549,synthetic_opportunity_formula_with_seeded_noise,synthetic_training_only
CLS-STA-061-2025-08-500,STA-061,jurangmangu,Jurangmangu,2025-08,500,2468,334415,20,22,11,5,14,66.18,56.06,37.42,48.7,115.83,Makanan,0.54,synthetic_opportunity_formula_with_seeded_noise,synthetic_training_only
CLS-STA-061-2025-09-750,STA-061,jurangmangu,Jurangmangu,2025-09,750,3944,363740,34,23,17,9,25,66.18,56.06,37.42,45.99,101.15,Makanan,0.539,synthetic_opportunity_formula_with_seeded_noise,synthetic_training_only
CLS-STA-061-2025-10-1000,STA-061,jurangmangu,Jurangmangu,2025-10,1000,4699,330058,48,34,23,10,39,66.18,56.06,37.42,47.65,112.8,Makanan,0.5,synthetic_opportunity_formula_with_seeded_noise,synthetic_training_only
CLS-STA-061-2025-11-500,STA-061,jurangmangu,Jurangmangu,2025-11,500,2591,348983,26,15,14,6,14,66.18,56.06,37.42,49.75,111.92,Minuman,0.536,synthetic_opportunity_formula_with_seeded_noise,synthetic_training_only
CLS-STA-061-2025-12-750,STA-061,jurangmangu,Jurangmangu,2025-12,750,3056,292816,34,23,14,10,27,66.18,56.06,37.42,48.31,120.46,Minuman,0.514,synthetic_opportunity_formula_with_seeded_noise,synthetic_training_only
CLS-STA-062-2023-01-750,STA-062,sudimara,Sudimara,2023-01,750,2511,236066,31,20,15,7,24,58.02,65.0,34.64,43.98,114.48,Minuman,0.543,synthetic_opportunity_formula_with_seeded_noise,synthetic_training_only
CLS-STA-062-2023-02-1000,STA-062,sudimara,Sudimara,2023-02,1000,3350,231645,37,26,20,7,33,58.02,65.0,34.64,41.7,106.1,Makanan,0.5,synthetic_opportunity_formula_with_seeded_noise,synthetic_training_only
CLS-STA-062-2023-03-500,STA-062,sudimara,Sudimara,2023-03,500,1833,249416,19,17,10,5,11,58.02,65.0,34.64,48.46,104.22,Makanan,0.528,synthetic_opportunity_formula_with_seeded_noise,synthetic_training_only
CLS-STA-062-2023-04-750,STA-062,sudimara,Sudimara,2023-04,750,2586,256535,26,22,15,9,16,58.02,65.0,34.64,43.74,97.75,Makanan,0.5,synthetic_opportunity_formula_with_seeded_noise,synthetic_training_only
CLS-STA-062-2023-05-1000,STA-062,sudimara,Sudimara,2023-05,1000,3628,253494,31,29,20,8,34,58.02,65.0,34.64,47.92,113.92,Makanan,0.574,synthetic_opportunity_formula_with_seeded_noise,synthetic_training_only
CLS-STA-062-2023-06-500,STA-062,sudimara,Sudimara,2023-06,500,1847,253353,17,17,11,2,13,58.02,65.0,34.64,42.39,110.22,Makanan,0.57,synthetic_opportunity_formula_with_seeded_noise,synthetic_training_only
CLS-STA-062-2023-07-750,STA-062,sudimara,Sudimara,2023-07,750,2385,224186,24,18,11,8,17,58.02,65.0,34.64,46.7,99.59,Makanan,0.51,synthetic_opportunity_formula_with_seeded_noise,synthetic_training_only
CLS-STA-062-2023-08-1000,STA-062,sudimara,Sudimara,2023-08,1000,3904,270303,37,30,18,10,22,58.02,65.0,34.64,44.6,108.57,Makanan,0.53,synthetic_opportunity_formula_with_seeded_noise,synthetic_training_only
CLS-STA-062-2023-09-500,STA-062,sudimara,Sudimara,2023-09,500,1826,267758,19,17,9,4,14,58.02,65.0,34.64,45.51,107.68,Makanan,0.5,synthetic_opportunity_formula_with_seeded_noise,synthetic_training_only
CLS-STA-062-2023-10-750,STA-062,sudimara,Sudimara,2023-10,750,3065,285810,27,19,18,7,16,58.02,65.0,34.64,45.23,105.61,Makanan,0.5,synthetic_opportunity_formula_with_seeded_noise,synthetic_training_only
CLS-STA-062-2023-11-1000,STA-062,sudimara,Sudimara,2023-11,1000,3766,270475,44,32,21,9,30,58.02,65.0,34.64,42.38,121.11,Makanan,0.5,synthetic_opportunity_formula_with_seeded_noise,synthetic_training_only
CLS-STA-062-2023-12-500,STA-062,sudimara,Sudimara,2023-12,500,1599,243886,15,16,8,4,13,58.02,65.0,34.64,41.89,99.78,Makanan,0.529,synthetic_opportunity_formula_with_seeded_noise,synthetic_training_only
CLS-STA-062-2024-01-1000,STA-062,sudimara,Sudimara,2024-01,1000,3952,270996,42,27,22,9,30,58.02,65.0,34.64,50.47,109.17,Minuman,0.5,synthetic_opportunity_formula_with_seeded_noise,synthetic_training_only
CLS-STA-062-2024-02-500,STA-062,sudimara,Sudimara,2024-02,500,1945,264248,25,20,11,4,14,58.02,65.0,34.64,43.73,118.28,Makanan,0.5,synthetic_opportunity_formula_with_seeded_noise,synthetic_training_only
CLS-STA-062-2024-03-750,STA-062,sudimara,Sudimara,2024-03,750,3000,284824,31,17,18,8,18,58.02,65.0,34.64,45.39,114.28,Minuman,0.515,synthetic_opportunity_formula_with_seeded_noise,synthetic_training_only
CLS-STA-062-2024-04-1000,STA-062,sudimara,Sudimara,2024-04,1000,3869,264585,35,26,20,10,30,58.02,65.0,34.64,46.6,95.68,Makanan,0.51,synthetic_opportunity_formula_with_seeded_noise,synthetic_training_only
CLS-STA-062-2024-05-500,STA-062,sudimara,Sudimara,2024-05,500,2107,305346,19,12,13,6,18,58.02,65.0,34.64,39.69,112.27,Makanan,0.521,synthetic_opportunity_formula_with_seeded_noise,synthetic_training_only
CLS-STA-062-2024-06-750,STA-062,sudimara,Sudimara,2024-06,750,2976,276375,33,20,14,10,24,58.02,65.0,34.64,41.95,99.11,Minuman,0.5,synthetic_opportunity_formula_with_seeded_noise,synthetic_training_only
CLS-STA-062-2024-07-1000,STA-062,sudimara,Sudimara,2024-07,1000,3649,266998,42,26,18,9,29,58.02,65.0,34.64,44.07,115.99,Minuman,0.5,synthetic_opportunity_formula_with_seeded_noise,synthetic_training_only
CLS-STA-062-2024-08-500,STA-062,sudimara,Sudimara,2024-08,500,2238,317061,25,14,12,8,13,58.02,65.0,34.64,47.68,113.09,Minuman,0.5,synthetic_opportunity_formula_with_seeded_noise,synthetic_training_only
CLS-STA-062-2024-09-750,STA-062,sudimara,Sudimara,2024-09,750,3056,305828,22,20,15,7,16,58.02,65.0,34.64,43.92,110.67,Makanan,0.585,synthetic_opportunity_formula_with_seeded_noise,synthetic_training_only
CLS-STA-062-2024-10-1000,STA-062,sudimara,Sudimara,2024-10,1000,4667,323053,42,26,25,6,26,58.02,65.0,34.64,50.09,106.81,Minuman,0.5,synthetic_opportunity_formula_with_seeded_noise,synthetic_training_only
CLS-STA-062-2024-11-500,STA-062,sudimara,Sudimara,2024-11,500,2171,298111,18,19,9,5,16,58.02,65.0,34.64,45.12,119.81,Makanan,0.529,synthetic_opportunity_formula_with_seeded_noise,synthetic_training_only
CLS-STA-062-2024-12-750,STA-062,sudimara,Sudimara,2024-12,750,2924,272478,27,21,11,8,19,58.02,65.0,34.64,40.79,106.29,Makanan,0.505,synthetic_opportunity_formula_with_seeded_noise,synthetic_training_only
CLS-STA-062-2025-01-500,STA-062,sudimara,Sudimara,2025-01,500,2073,294481,19,10,7,3,15,58.02,65.0,34.64,45.33,101.5,Minuman,0.5,synthetic_opportunity_formula_with_seeded_noise,synthetic_training_only
CLS-STA-062-2025-02-750,STA-062,sudimara,Sudimara,2025-02,750,3088,286743,29,19,15,8,23,58.02,65.0,34.64,48.41,109.99,Makanan,0.5,synthetic_opportunity_formula_with_seeded_noise,synthetic_training_only
CLS-STA-062-2025-03-1000,STA-062,sudimara,Sudimara,2025-03,1000,4505,314745,41,32,20,8,27,58.02,65.0,34.64,47.67,107.47,Makanan,0.577,synthetic_opportunity_formula_with_seeded_noise,synthetic_training_only
CLS-STA-062-2025-04-500,STA-062,sudimara,Sudimara,2025-04,500,2158,300495,22,16,12,4,12,58.02,65.0,34.64,46.18,104.48,Makanan,0.516,synthetic_opportunity_formula_with_seeded_noise,synthetic_training_only
CLS-STA-062-2025-05-750,STA-062,sudimara,Sudimara,2025-05,750,3567,342560,32,23,21,7,28,58.02,65.0,34.64,44.28,117.99,Makanan,0.55,synthetic_opportunity_formula_with_seeded_noise,synthetic_training_only
CLS-STA-062-2025-06-1000,STA-062,sudimara,Sudimara,2025-06,1000,4414,305300,36,28,22,9,36,58.02,65.0,34.64,45.76,107.14,Makanan,0.562,synthetic_opportunity_formula_with_seeded_noise,synthetic_training_only
CLS-STA-062-2025-07-500,STA-062,sudimara,Sudimara,2025-07,500,2053,273725,23,14,14,9,11,58.02,65.0,34.64,42.26,112.02,Minuman,0.52,synthetic_opportunity_formula_with_seeded_noise,synthetic_training_only
CLS-STA-062-2025-08-750,STA-062,sudimara,Sudimara,2025-08,750,3430,327208,28,24,17,8,25,58.02,65.0,34.64,42.44,107.41,Makanan,0.566,synthetic_opportunity_formula_with_seeded_noise,synthetic_training_only
CLS-STA-062-2025-09-1000,STA-062,sudimara,Sudimara,2025-09,1000,4475,326553,37,35,23,9,20,58.02,65.0,34.64,42.46,116.84,Makanan,0.51,synthetic_opportunity_formula_with_seeded_noise,synthetic_training_only
CLS-STA-062-2025-10-500,STA-062,sudimara,Sudimara,2025-10,500,2115,328293,23,15,9,4,13,58.02,65.0,34.64,41.14,102.89,Minuman,0.5,synthetic_opportunity_formula_with_seeded_noise,synthetic_training_only
CLS-STA-062-2025-11-750,STA-062,sudimara,Sudimara,2025-11,750,3473,339522,29,22,17,5,28,58.02,65.0,34.64,44.19,101.97,Makanan,0.536,synthetic_opportunity_formula_with_seeded_noise,synthetic_training_only
CLS-STA-062-2025-12-1000,STA-062,sudimara,Sudimara,2025-12,1000,4090,300332,43,27,21,7,28,58.02,65.0,34.64,40.64,96.03,Minuman,0.5,synthetic_opportunity_formula_with_seeded_noise,synthetic_training_only
CLS-STA-063-2023-01-1000,STA-063,rawabuntu,Rawa Buntu,2023-01,1000,6283,465890,49,40,13,2,31,75.04,45.23,2.0,34.42,107.18,Makanan,0.552,synthetic_opportunity_formula_with_seeded_noise,synthetic_training_only
CLS-STA-063-2023-02-500,STA-063,rawabuntu,Rawa Buntu,2023-02,500,3172,461366,24,18,7,2,22,75.04,45.23,2.0,39.01,109.82,Makanan,0.55,synthetic_opportunity_formula_with_seeded_noise,synthetic_training_only
CLS-STA-063-2023-03-750,STA-063,rawabuntu,Rawa Buntu,2023-03,750,5438,532124,42,26,13,2,27,75.04,45.23,2.0,39.19,110.06,Makanan,0.521,synthetic_opportunity_formula_with_seeded_noise,synthetic_training_only
CLS-STA-063-2023-04-1000,STA-063,rawabuntu,Rawa Buntu,2023-04,1000,6665,480890,48,32,15,4,31,75.04,45.23,2.0,38.47,104.91,Makanan,0.563,synthetic_opportunity_formula_with_seeded_noise,synthetic_training_only
CLS-STA-063-2023-05-500,STA-063,rawabuntu,Rawa Buntu,2023-05,500,3536,527447,28,14,4,3,23,75.04,45.23,2.0,40.38,102.17,Minuman,0.591,synthetic_opportunity_formula_with_seeded_noise,synthetic_training_only
CLS-STA-063-2023-06-750,STA-063,rawabuntu,Rawa Buntu,2023-06,750,4599,456554,34,30,18,3,23,75.04,45.23,2.0,37.69,107.62,Makanan,0.614,synthetic_opportunity_formula_with_seeded_noise,synthetic_training_only
CLS-STA-063-2023-07-1000,STA-063,rawabuntu,Rawa Buntu,2023-07,1000,5637,417456,48,34,17,4,35,75.04,45.23,2.0,38.1,103.76,Makanan,0.517,synthetic_opportunity_formula_with_seeded_noise,synthetic_training_only
CLS-STA-063-2023-08-500,STA-063,rawabuntu,Rawa Buntu,2023-08,500,3560,523118,29,19,11,3,21,75.04,45.23,2.0,38.24,111.84,Makanan,0.514,synthetic_opportunity_formula_with_seeded_noise,synthetic_training_only
CLS-STA-063-2023-09-750,STA-063,rawabuntu,Rawa Buntu,2023-09,750,5910,595019,36,29,11,2,25,75.04,45.23,2.0,35.8,101.75,Makanan,0.594,synthetic_opportunity_formula_with_seeded_noise,synthetic_training_only
CLS-STA-063-2023-10-1000,STA-063,rawabuntu,Rawa Buntu,2023-10,1000,7715,575672,48,40,15,2,38,75.04,45.23,2.0,36.29,104.25,Makanan,0.596,synthetic_opportunity_formula_with_seeded_noise,synthetic_training_only
CLS-STA-063-2023-11-500,STA-063,rawabuntu,Rawa Buntu,2023-11,500,3759,552560,20,21,11,2,12,75.04,45.23,2.0,38.28,117.04,Makanan,0.543,synthetic_opportunity_formula_with_seeded_noise,synthetic_training_only
CLS-STA-063-2023-12-750,STA-063,rawabuntu,Rawa Buntu,2023-12,750,4913,485806,40,27,10,4,34,75.04,45.23,2.0,35.53,109.35,Makanan,0.525,synthetic_opportunity_formula_with_seeded_noise,synthetic_training_only
CLS-STA-063-2024-01-500,STA-063,rawabuntu,Rawa Buntu,2024-01,500,3655,538985,22,19,10,0,16,75.04,45.23,2.0,39.85,118.37,Makanan,0.569,synthetic_opportunity_formula_with_seeded_noise,synthetic_training_only
CLS-STA-063-2024-02-750,STA-063,rawabuntu,Rawa Buntu,2024-02,750,5799,560279,38,24,9,2,33,75.04,45.23,2.0,41.28,102.84,Makanan,0.522,synthetic_opportunity_formula_with_seeded_noise,synthetic_training_only
CLS-STA-063-2024-03-1000,STA-063,rawabuntu,Rawa Buntu,2024-03,1000,7994,575810,50,40,20,2,37,75.04,45.23,2.0,39.95,110.5,Makanan,0.616,synthetic_opportunity_formula_with_seeded_noise,synthetic_training_only
CLS-STA-063-2024-04-500,STA-063,rawabuntu,Rawa Buntu,2024-04,500,3799,551943,18,16,8,0,17,75.04,45.23,2.0,39.15,99.56,Makanan,0.57,synthetic_opportunity_formula_with_seeded_noise,synthetic_training_only
CLS-STA-063-2024-05-750,STA-063,rawabuntu,Rawa Buntu,2024-05,750,5695,563704,38,26,10,1,35,75.04,45.23,2.0,39.57,92.94,Makanan,0.528,synthetic_opportunity_formula_with_seeded_noise,synthetic_training_only
CLS-STA-063-2024-06-1000,STA-063,rawabuntu,Rawa Buntu,2024-06,1000,7282,528393,51,36,17,0,41,75.04,45.23,2.0,40.36,112.16,Makanan,0.567,synthetic_opportunity_formula_with_seeded_noise,synthetic_training_only
CLS-STA-063-2024-07-500,STA-063,rawabuntu,Rawa Buntu,2024-07,500,3679,543072,22,16,12,1,12,75.04,45.23,2.0,42.14,105.79,Makanan,0.525,synthetic_opportunity_formula_with_seeded_noise,synthetic_training_only
CLS-STA-063-2024-08-750,STA-063,rawabuntu,Rawa Buntu,2024-08,750,6185,607989,36,31,10,0,27,75.04,45.23,2.0,41.29,105.49,Makanan,0.633,synthetic_opportunity_formula_with_seeded_noise,synthetic_training_only
CLS-STA-063-2024-09-1000,STA-063,rawabuntu,Rawa Buntu,2024-09,1000,8475,624047,51,38,20,6,42,75.04,45.23,2.0,37.84,113.89,Makanan,0.567,synthetic_opportunity_formula_with_seeded_noise,synthetic_training_only
CLS-STA-063-2024-10-500,STA-063,rawabuntu,Rawa Buntu,2024-10,500,4394,630527,24,16,9,2,30,75.04,45.23,2.0,42.57,105.98,Makanan,0.558,synthetic_opportunity_formula_with_seeded_noise,synthetic_training_only
CLS-STA-063-2024-11-750,STA-063,rawabuntu,Rawa Buntu,2024-11,750,6533,623624,39,27,14,0,24,75.04,45.23,2.0,44.09,113.03,Makanan,0.577,synthetic_opportunity_formula_with_seeded_noise,synthetic_training_only
CLS-STA-063-2024-12-1000,STA-063,rawabuntu,Rawa Buntu,2024-12,1000,7463,538908,53,31,16,3,35,75.04,45.23,2.0,43.74,96.78,Makanan,0.535,synthetic_opportunity_formula_with_seeded_noise,synthetic_training_only
CLS-STA-063-2025-01-750,STA-063,rawabuntu,Rawa Buntu,2025-01,750,6443,632087,37,24,12,2,22,75.04,45.23,2.0,40.92,111.87,Makanan,0.594,synthetic_opportunity_formula_with_seeded_noise,synthetic_training_only
CLS-STA-063-2025-02-1000,STA-063,rawabuntu,Rawa Buntu,2025-02,1000,8393,605676,50,29,14,6,39,75.04,45.23,2.0,41.65,124.59,Makanan,0.529,synthetic_opportunity_formula_with_seeded_noise,synthetic_training_only
CLS-STA-063-2025-03-500,STA-063,rawabuntu,Rawa Buntu,2025-03,500,4261,604901,27,21,10,1,25,75.04,45.23,2.0,43.26,120.97,Makanan,0.54,synthetic_opportunity_formula_with_seeded_noise,synthetic_training_only
CLS-STA-063-2025-04-750,STA-063,rawabuntu,Rawa Buntu,2025-04,750,6052,594429,36,21,11,4,17,75.04,45.23,2.0,37.52,102.57,Makanan,0.54,synthetic_opportunity_formula_with_seeded_noise,synthetic_training_only
CLS-STA-063-2025-05-1000,STA-063,rawabuntu,Rawa Buntu,2025-05,1000,9259,686322,54,36,14,3,36,75.04,45.23,2.0,37.36,114.67,Makanan,0.574,synthetic_opportunity_formula_with_seeded_noise,synthetic_training_only
CLS-STA-063-2025-06-500,STA-063,rawabuntu,Rawa Buntu,2025-06,500,4478,638164,22,21,6,2,16,75.04,45.23,2.0,41.13,101.34,Makanan,0.557,synthetic_opportunity_formula_with_seeded_noise,synthetic_training_only
CLS-STA-063-2025-07-750,STA-063,rawabuntu,Rawa Buntu,2025-07,750,5499,539608,39,31,15,2,32,75.04,45.23,2.0,39.68,100.26,Makanan,0.576,synthetic_opportunity_formula_with_seeded_noise,synthetic_training_only
CLS-STA-063-2025-08-1000,STA-063,rawabuntu,Rawa Buntu,2025-08,1000,8236,603879,52,38,19,6,36,75.04,45.23,2.0,35.24,110.4,Makanan,0.542,synthetic_opportunity_formula_with_seeded_noise,synthetic_training_only
CLS-STA-063-2025-09-500,STA-063,rawabuntu,Rawa Buntu,2025-09,500,5051,722492,26,23,9,0,15,75.04,45.23,2.0,44.29,104.5,Makanan,0.545,synthetic_opportunity_formula_with_seeded_noise,synthetic_training_only
CLS-STA-063-2025-10-750,STA-063,rawabuntu,Rawa Buntu,2025-10,750,7134,702167,43,26,15,2,27,75.04,45.23,2.0,36.9,105.4,Makanan,0.519,synthetic_opportunity_formula_with_seeded_noise,synthetic_training_only
CLS-STA-063-2025-11-1000,STA-063,rawabuntu,Rawa Buntu,2025-11,1000,9162,661199,50,35,19,4,42,75.04,45.23,2.0,39.8,129.07,Makanan,0.567,synthetic_opportunity_formula_with_seeded_noise,synthetic_training_only
CLS-STA-063-2025-12-500,STA-063,rawabuntu,Rawa Buntu,2025-12,500,4204,621174,25,16,11,4,22,75.04,45.23,2.0,35.75,106.24,Makanan,0.51,synthetic_opportunity_formula_with_seeded_noise,synthetic_training_only
CLS-STA-064-2023-01-500,STA-064,serpong,Serpong,2023-01,500,3250,465547,25,18,12,5,11,69.0,57.09,33.37,38.39,115.38,Makanan,0.5,synthetic_opportunity_formula_with_seeded_noise,synthetic_training_only
CLS-STA-064-2023-02-750,STA-064,serpong,Serpong,2023-02,750,5197,491152,39,29,18,7,20,69.0,57.09,33.37,41.89,110.62,Makanan,0.587,synthetic_opportunity_formula_with_seeded_noise,synthetic_training_only
CLS-STA-064-2023-03-1000,STA-064,serpong,Serpong,2023-03,1000,6891,492399,51,39,25,9,40,69.0,57.09,33.37,41.28,103.54,Makanan,0.62,synthetic_opportunity_formula_with_seeded_noise,synthetic_training_only
CLS-STA-064-2023-04-500,STA-064,serpong,Serpong,2023-04,500,3568,512853,20,25,13,6,19,69.0,57.09,33.37,40.6,114.09,Makanan,0.58,synthetic_opportunity_formula_with_seeded_noise,synthetic_training_only
CLS-STA-064-2023-05-750,STA-064,serpong,Serpong,2023-05,750,5647,547546,47,31,16,6,30,69.0,57.09,33.37,38.68,108.54,Makanan,0.511,synthetic_opportunity_formula_with_seeded_noise,synthetic_training_only
CLS-STA-064-2023-06-1000,STA-064,serpong,Serpong,2023-06,1000,6447,489124,45,46,24,8,33,69.0,57.09,33.37,33.0,103.24,Makanan,0.626,synthetic_opportunity_formula_with_seeded_noise,synthetic_training_only
CLS-STA-064-2023-07-500,STA-064,serpong,Serpong,2023-07,500,3219,473287,21,18,10,5,20,69.0,57.09,33.37,37.52,115.74,Makanan,0.588,synthetic_opportunity_formula_with_seeded_noise,synthetic_training_only
CLS-STA-064-2023-08-750,STA-064,serpong,Serpong,2023-08,750,5291,527560,46,23,20,8,20,69.0,57.09,33.37,34.83,108.39,Minuman,0.515,synthetic_opportunity_formula_with_seeded_noise,synthetic_training_only
CLS-STA-064-2023-09-1000,STA-064,serpong,Serpong,2023-09,1000,7571,557255,55,33,27,6,38,69.0,57.09,33.37,37.05,122.73,Makanan,0.51,synthetic_opportunity_formula_with_seeded_noise,synthetic_training_only
CLS-STA-064-2023-10-500,STA-064,serpong,Serpong,2023-10,500,3801,571368,21,19,11,5,18,69.0,57.09,33.37,38.4,100.6,Makanan,0.588,synthetic_opportunity_formula_with_seeded_noise,synthetic_training_only
CLS-STA-064-2023-11-750,STA-064,serpong,Serpong,2023-11,750,5596,545155,35,26,14,8,25,69.0,57.09,33.37,39.88,114.27,Makanan,0.55,synthetic_opportunity_formula_with_seeded_noise,synthetic_training_only
CLS-STA-064-2023-12-1000,STA-064,serpong,Serpong,2023-12,1000,6540,479704,52,39,25,9,41,69.0,57.09,33.37,39.21,112.54,Makanan,0.5,synthetic_opportunity_formula_with_seeded_noise,synthetic_training_only
CLS-STA-064-2024-01-750,STA-064,serpong,Serpong,2024-01,750,5415,539054,33,29,19,6,22,69.0,57.09,33.37,35.67,103.5,Makanan,0.593,synthetic_opportunity_formula_with_seeded_noise,synthetic_training_only
CLS-STA-064-2024-02-1000,STA-064,serpong,Serpong,2024-02,1000,7531,551000,49,36,22,9,39,69.0,57.09,33.37,38.38,106.38,Makanan,0.589,synthetic_opportunity_formula_with_seeded_noise,synthetic_training_only
CLS-STA-064-2024-03-500,STA-064,serpong,Serpong,2024-03,500,4009,594129,30,18,7,5,16,69.0,57.09,33.37,35.2,111.04,Makanan,0.5,synthetic_opportunity_formula_with_seeded_noise,synthetic_training_only
CLS-STA-064-2024-04-750,STA-064,serpong,Serpong,2024-04,750,5486,541881,38,27,14,6,26,69.0,57.09,33.37,34.76,117.92,Makanan,0.503,synthetic_opportunity_formula_with_seeded_noise,synthetic_training_only
CLS-STA-064-2024-05-1000,STA-064,serpong,Serpong,2024-05,1000,7491,548449,50,36,25,10,37,69.0,57.09,33.37,39.74,112.97,Makanan,0.563,synthetic_opportunity_formula_with_seeded_noise,synthetic_training_only
CLS-STA-064-2024-06-500,STA-064,serpong,Serpong,2024-06,500,3794,559574,22,19,12,4,23,69.0,57.09,33.37,33.88,105.44,Makanan,0.547,synthetic_opportunity_formula_with_seeded_noise,synthetic_training_only
CLS-STA-064-2024-07-750,STA-064,serpong,Serpong,2024-07,750,5175,514351,41,29,14,5,27,69.0,57.09,33.37,35.52,113.81,Makanan,0.5,synthetic_opportunity_formula_with_seeded_noise,synthetic_training_only
CLS-STA-064-2024-08-1000,STA-064,serpong,Serpong,2024-08,1000,7884,573804,49,35,23,9,31,69.0,57.09,33.37,37.67,105.19,Makanan,0.552,synthetic_opportunity_formula_with_seeded_noise,synthetic_training_only
CLS-STA-064-2024-09-500,STA-064,serpong,Serpong,2024-09,500,4293,628765,28,22,10,5,19,69.0,57.09,33.37,41.64,102.85,Makanan,0.578,synthetic_opportunity_formula_with_seeded_noise,synthetic_training_only
CLS-STA-064-2024-10-750,STA-064,serpong,Serpong,2024-10,750,6368,619407,39,27,14,9,28,69.0,57.09,33.37,36.47,106.27,Makanan,0.55,synthetic_opportunity_formula_with_seeded_noise,synthetic_training_only
CLS-STA-064-2024-11-1000,STA-064,serpong,Serpong,2024-11,1000,8701,649880,51,44,25,8,35,69.0,57.09,33.37,35.27,105.61,Makanan,0.584,synthetic_opportunity_formula_with_seeded_noise,synthetic_training_only
CLS-STA-064-2024-12-500,STA-064,serpong,Serpong,2024-12,500,3857,567189,27,21,10,3,18,69.0,57.09,33.37,36.3,107.86,Makanan,0.541,synthetic_opportunity_formula_with_seeded_noise,synthetic_training_only
CLS-STA-064-2025-01-1000,STA-064,serpong,Serpong,2025-01,1000,7058,515415,50,33,24,9,38,69.0,57.09,33.37,37.39,107.39,Makanan,0.523,synthetic_opportunity_formula_with_seeded_noise,synthetic_training_only
CLS-STA-064-2025-02-500,STA-064,serpong,Serpong,2025-02,500,4156,595445,30,20,10,5,21,69.0,57.09,33.37,43.12,111.35,Makanan,0.54,synthetic_opportunity_formula_with_seeded_noise,synthetic_training_only
CLS-STA-064-2025-03-750,STA-064,serpong,Serpong,2025-03,750,6659,648572,41,25,17,9,27,69.0,57.09,33.37,39.13,105.0,Makanan,0.538,synthetic_opportunity_formula_with_seeded_noise,synthetic_training_only
CLS-STA-064-2025-04-1000,STA-064,serpong,Serpong,2025-04,1000,8583,630653,51,42,20,11,28,69.0,57.09,33.37,37.67,97.21,Makanan,0.607,synthetic_opportunity_formula_with_seeded_noise,synthetic_training_only
CLS-STA-064-2025-05-500,STA-064,serpong,Serpong,2025-05,500,4291,632641,28,24,13,5,19,69.0,57.09,33.37,36.08,105.58,Makanan,0.578,synthetic_opportunity_formula_with_seeded_noise,synthetic_training_only
CLS-STA-064-2025-06-750,STA-064,serpong,Serpong,2025-06,750,5948,590982,38,26,17,9,26,69.0,57.09,33.37,34.18,123.72,Makanan,0.5,synthetic_opportunity_formula_with_seeded_noise,synthetic_training_only
CLS-STA-064-2025-07-1000,STA-064,serpong,Serpong,2025-07,1000,7763,554832,43,38,23,8,32,69.0,57.09,33.37,39.85,104.55,Makanan,0.611,synthetic_opportunity_formula_with_seeded_noise,synthetic_training_only
CLS-STA-064-2025-08-500,STA-064,serpong,Serpong,2025-08,500,4548,659651,26,25,9,3,21,69.0,57.09,33.37,37.89,116.4,Makanan,0.577,synthetic_opportunity_formula_with_seeded_noise,synthetic_training_only
CLS-STA-064-2025-09-750,STA-064,serpong,Serpong,2025-09,750,6620,648113,38,29,19,9,28,69.0,57.09,33.37,35.46,106.01,Makanan,0.611,synthetic_opportunity_formula_with_seeded_noise,synthetic_training_only
CLS-STA-064-2025-10-1000,STA-064,serpong,Serpong,2025-10,1000,9062,680105,54,40,24,11,43,69.0,57.09,33.37,36.97,97.96,Makanan,0.606,synthetic_opportunity_formula_with_seeded_noise,synthetic_training_only
CLS-STA-064-2025-11-500,STA-064,serpong,Serpong,2025-11,500,4448,657705,23,14,11,3,20,69.0,57.09,33.37,37.59,111.4,Makanan,0.5,synthetic_opportunity_formula_with_seeded_noise,synthetic_training_only
CLS-STA-064-2025-12-750,STA-064,serpong,Serpong,2025-12,750,6397,624008,35,34,16,6,27,69.0,57.09,33.37,42.61,107.25,Makanan,0.64,synthetic_opportunity_formula_with_seeded_noise,synthetic_training_only
CLS-STA-065-2023-01-750,STA-065,cisauk,Cisauk,2023-01,750,2472,233512,34,18,20,9,19,62.37,69.47,57.29,46.74,98.61,Minuman,0.551,synthetic_opportunity_formula_with_seeded_noise,synthetic_training_only
CLS-STA-065-2023-02-1000,STA-065,cisauk,Cisauk,2023-02,1000,3532,255206,32,30,25,12,18,62.37,69.47,57.29,48.59,92.63,Makanan,0.573,synthetic_opportunity_formula_with_seeded_noise,synthetic_training_only
CLS-STA-065-2023-03-500,STA-065,cisauk,Cisauk,2023-03,500,1862,245597,19,13,13,7,4,62.37,69.47,57.29,48.81,100.58,Minuman,0.504,synthetic_opportunity_formula_with_seeded_noise,synthetic_training_only
CLS-STA-065-2023-04-750,STA-065,cisauk,Cisauk,2023-04,750,2590,231074,27,19,18,9,23,62.37,69.47,57.29,49.99,101.9,Makanan,0.5,synthetic_opportunity_formula_with_seeded_noise,synthetic_training_only
CLS-STA-065-2023-05-1000,STA-065,cisauk,Cisauk,2023-05,1000,3945,267911,36,30,25,15,20,62.37,69.47,57.29,49.14,91.88,Makanan,0.543,synthetic_opportunity_formula_with_seeded_noise,synthetic_training_only
CLS-STA-065-2023-06-500,STA-065,cisauk,Cisauk,2023-06,500,1759,238216,21,14,13,8,12,62.37,69.47,57.29,46.46,96.21,Minuman,0.503,synthetic_opportunity_formula_with_seeded_noise,synthetic_training_only
CLS-STA-065-2023-07-750,STA-065,cisauk,Cisauk,2023-07,750,2316,234177,29,22,18,11,28,62.37,69.47,57.29,44.13,76.21,Makanan,0.5,synthetic_opportunity_formula_with_seeded_noise,synthetic_training_only
CLS-STA-065-2023-08-1000,STA-065,cisauk,Cisauk,2023-08,1000,3736,266145,38,30,25,13,27,62.37,69.47,57.29,50.29,95.33,Makanan,0.5,synthetic_opportunity_formula_with_seeded_noise,synthetic_training_only
CLS-STA-065-2023-09-500,STA-065,cisauk,Cisauk,2023-09,500,2023,268902,17,21,11,7,14,62.37,69.47,57.29,44.05,89.3,Makanan,0.51,synthetic_opportunity_formula_with_seeded_noise,synthetic_training_only
CLS-STA-065-2023-10-750,STA-065,cisauk,Cisauk,2023-10,750,3168,295709,30,21,21,14,19,62.37,69.47,57.29,49.97,82.58,Minuman,0.51,synthetic_opportunity_formula_with_seeded_noise,synthetic_training_only
CLS-STA-065-2023-11-1000,STA-065,cisauk,Cisauk,2023-11,1000,3634,258787,41,31,29,13,26,62.37,69.47,57.29,48.22,86.85,Makanan,0.509,synthetic_opportunity_formula_with_seeded_noise,synthetic_training_only
CLS-STA-065-2023-12-500,STA-065,cisauk,Cisauk,2023-12,500,1642,237349,18,18,12,7,6,62.37,69.47,57.29,52.73,84.72,Makanan,0.5,synthetic_opportunity_formula_with_seeded_noise,synthetic_training_only
CLS-STA-065-2024-01-1000,STA-065,cisauk,Cisauk,2024-01,1000,3809,269367,39,31,23,14,26,62.37,69.47,57.29,49.14,95.09,Makanan,0.561,synthetic_opportunity_formula_with_seeded_noise,synthetic_training_only
CLS-STA-065-2024-02-500,STA-065,cisauk,Cisauk,2024-02,500,1784,256134,21,18,13,6,9,62.37,69.47,57.29,45.13,94.71,Makanan,0.5,synthetic_opportunity_formula_with_seeded_noise,synthetic_training_only
CLS-STA-065-2024-03-750,STA-065,cisauk,Cisauk,2024-03,750,3394,305453,34,22,14,10,27,62.37,69.47,57.29,51.68,93.55,Minuman,0.5,synthetic_opportunity_formula_with_seeded_noise,synthetic_training_only
CLS-STA-065-2024-04-1000,STA-065,cisauk,Cisauk,2024-04,1000,3849,279656,39,32,27,15,25,62.37,69.47,57.29,47.27,101.56,Makanan,0.5,synthetic_opportunity_formula_with_seeded_noise,synthetic_training_only
CLS-STA-065-2024-05-500,STA-065,cisauk,Cisauk,2024-05,500,2043,295638,22,11,14,7,19,62.37,69.47,57.29,46.72,85.31,Minuman,0.526,synthetic_opportunity_formula_with_seeded_noise,synthetic_training_only
CLS-STA-065-2024-06-750,STA-065,cisauk,Cisauk,2024-06,750,2912,269561,22,17,20,11,19,62.37,69.47,57.29,48.12,110.16,Makanan,0.517,synthetic_opportunity_formula_with_seeded_noise,synthetic_training_only
CLS-STA-065-2024-07-1000,STA-065,cisauk,Cisauk,2024-07,1000,3475,243568,42,31,27,13,29,62.37,69.47,57.29,48.33,90.01,Makanan,0.525,synthetic_opportunity_formula_with_seeded_noise,synthetic_training_only
CLS-STA-065-2024-08-500,STA-065,cisauk,Cisauk,2024-08,500,2072,302014,20,15,15,7,12,62.37,69.47,57.29,46.35,88.75,Makanan,0.533,synthetic_opportunity_formula_with_seeded_noise,synthetic_training_only
CLS-STA-065-2024-09-750,STA-065,cisauk,Cisauk,2024-09,750,3209,293302,32,22,18,8,16,62.37,69.47,57.29,50.56,95.34,Minuman,0.5,synthetic_opportunity_formula_with_seeded_noise,synthetic_training_only
CLS-STA-065-2024-10-1000,STA-065,cisauk,Cisauk,2024-10,1000,4324,297613,36,29,26,13,31,62.37,69.47,57.29,48.62,88.2,Makanan,0.526,synthetic_opportunity_formula_with_seeded_noise,synthetic_training_only
CLS-STA-065-2024-11-500,STA-065,cisauk,Cisauk,2024-11,500,2105,292741,22,16,12,6,15,62.37,69.47,57.29,48.23,104.19,Minuman,0.505,synthetic_opportunity_formula_with_seeded_noise,synthetic_training_only
CLS-STA-065-2024-12-750,STA-065,cisauk,Cisauk,2024-12,750,3047,289082,32,28,21,8,24,62.37,69.47,57.29,52.45,102.54,Makanan,0.513,synthetic_opportunity_formula_with_seeded_noise,synthetic_training_only
CLS-STA-065-2025-01-500,STA-065,cisauk,Cisauk,2025-01,500,2180,297972,20,13,13,5,13,62.37,69.47,57.29,49.7,100.96,Minuman,0.512,synthetic_opportunity_formula_with_seeded_noise,synthetic_training_only
CLS-STA-065-2025-02-750,STA-065,cisauk,Cisauk,2025-02,750,3109,294888,35,25,19,9,25,62.37,69.47,57.29,45.77,90.27,Makanan,0.503,synthetic_opportunity_formula_with_seeded_noise,synthetic_training_only
CLS-STA-065-2025-03-1000,STA-065,cisauk,Cisauk,2025-03,1000,4665,320578,37,29,24,12,25,62.37,69.47,57.29,48.52,88.62,Makanan,0.588,synthetic_opportunity_formula_with_seeded_noise,synthetic_training_only
CLS-STA-065-2025-04-500,STA-065,cisauk,Cisauk,2025-04,500,1992,286464,23,19,15,3,13,62.37,69.47,57.29,51.32,81.61,Makanan,0.5,synthetic_opportunity_formula_with_seeded_noise,synthetic_training_only
CLS-STA-065-2025-05-750,STA-065,cisauk,Cisauk,2025-05,750,3179,325739,31,21,20,10,13,62.37,69.47,57.29,45.56,97.65,Minuman,0.5,synthetic_opportunity_formula_with_seeded_noise,synthetic_training_only
CLS-STA-065-2025-06-1000,STA-065,cisauk,Cisauk,2025-06,1000,4040,293890,35,28,23,13,29,62.37,69.47,57.29,43.31,94.03,Makanan,0.52,synthetic_opportunity_formula_with_seeded_noise,synthetic_training_only
CLS-STA-065-2025-07-500,STA-065,cisauk,Cisauk,2025-07,500,2461,318279,22,16,10,5,13,62.37,69.47,57.29,46.76,83.48,Makanan,0.5,synthetic_opportunity_formula_with_seeded_noise,synthetic_training_only
CLS-STA-065-2025-08-750,STA-065,cisauk,Cisauk,2025-08,750,3414,311968,29,21,18,10,15,62.37,69.47,57.29,48.48,87.1,Makanan,0.5,synthetic_opportunity_formula_with_seeded_noise,synthetic_training_only
CLS-STA-065-2025-09-1000,STA-065,cisauk,Cisauk,2025-09,1000,5077,355777,39,30,25,16,30,62.37,69.47,57.29,47.4,97.94,Makanan,0.574,synthetic_opportunity_formula_with_seeded_noise,synthetic_training_only
CLS-STA-065-2025-10-500,STA-065,cisauk,Cisauk,2025-10,500,2547,359480,21,12,16,7,14,62.37,69.47,57.29,50.88,96.51,Minuman,0.522,synthetic_opportunity_formula_with_seeded_noise,synthetic_training_only
CLS-STA-065-2025-11-750,STA-065,cisauk,Cisauk,2025-11,750,3824,346339,34,26,20,10,21,62.37,69.47,57.29,51.58,81.37,Makanan,0.5,synthetic_opportunity_formula_with_seeded_noise,synthetic_training_only
CLS-STA-065-2025-12-1000,STA-065,cisauk,Cisauk,2025-12,1000,4673,325475,38,28,28,15,30,62.37,69.47,57.29,47.46,98.53,Makanan,0.541,synthetic_opportunity_formula_with_seeded_noise,synthetic_training_only
CLS-STA-066-2023-01-1000,STA-066,cicayur,Cicayur,2023-01,1000,1479,108081,24,21,18,6,21,50.19,56.45,28.25,34.83,92.64,Makanan,0.552,synthetic_opportunity_formula_with_seeded_noise,synthetic_training_only
CLS-STA-066-2023-02-500,STA-066,cicayur,Cicayur,2023-02,500,541,104776,18,11,5,4,9,50.19,56.45,28.25,37.54,92.53,Hobi,0.579,synthetic_opportunity_formula_with_seeded_noise,synthetic_training_only
CLS-STA-066-2023-03-750,STA-066,cicayur,Cicayur,2023-03,750,1268,119740,19,14,12,5,11,50.19,56.45,28.25,33.89,93.75,Makanan,0.532,synthetic_opportunity_formula_with_seeded_noise,synthetic_training_only
CLS-STA-066-2023-04-1000,STA-066,cicayur,Cicayur,2023-04,1000,1669,122173,27,20,15,5,10,50.19,56.45,28.25,36.57,98.86,Lainnya,0.506,synthetic_opportunity_formula_with_seeded_noise,synthetic_training_only
CLS-STA-066-2023-05-500,STA-066,cicayur,Cicayur,2023-05,500,801,124310,7,13,7,5,11,50.19,56.45,28.25,36.07,93.13,Makanan,0.581,synthetic_opportunity_formula_with_seeded_noise,synthetic_training_only
CLS-STA-066-2023-06-750,STA-066,cicayur,Cicayur,2023-06,750,1099,111965,24,16,12,5,15,50.19,56.45,28.25,31.46,90.43,Minuman,0.523,synthetic_opportunity_formula_with_seeded_noise,synthetic_training_only
CLS-STA-066-2023-07-1000,STA-066,cicayur,Cicayur,2023-07,1000,1409,103059,27,17,17,7,22,50.19,56.45,28.25,36.17,95.93,Minuman,0.516,synthetic_opportunity_formula_with_seeded_noise,synthetic_training_only
CLS-STA-066-2023-08-500,STA-066,cicayur,Cicayur,2023-08,500,677,119968,13,11,9,4,4,50.19,56.45,28.25,31.19,85.58,Lainnya,0.5,synthetic_opportunity_formula_with_seeded_noise,synthetic_training_only
CLS-STA-066-2023-09-750,STA-066,cicayur,Cicayur,2023-09,750,1199,124718,22,19,9,4,14,50.19,56.45,28.25,37.78,80.6,Hobi,0.5,synthetic_opportunity_formula_with_seeded_noise,synthetic_training_only
CLS-STA-066-2023-10-1000,STA-066,cicayur,Cicayur,2023-10,1000,1759,128581,25,13,15,9,16,50.19,56.45,28.25,35.41,69.69,Minuman,0.5,synthetic_opportunity_formula_with_seeded_noise,synthetic_training_only
CLS-STA-066-2023-11-500,STA-066,cicayur,Cicayur,2023-11,500,969,135645,13,9,5,4,10,50.19,56.45,28.25,31.87,91.0,Hobi,0.5,synthetic_opportunity_formula_with_seeded_noise,synthetic_training_only
CLS-STA-066-2023-12-750,STA-066,cicayur,Cicayur,2023-12,750,1018,117115,15,14,13,7,10,50.19,56.45,28.25,37.33,94.48,Makanan,0.565,synthetic_opportunity_formula_with_seeded_noise,synthetic_training_only
CLS-STA-066-2024-01-500,STA-066,cicayur,Cicayur,2024-01,500,767,119279,15,8,9,5,15,50.19,56.45,28.25,33.05,96.72,Minuman,0.558,synthetic_opportunity_formula_with_seeded_noise,synthetic_training_only
CLS-STA-066-2024-02-750,STA-066,cicayur,Cicayur,2024-02,750,1468,134194,18,18,11,7,12,50.19,56.45,28.25,34.28,93.72,Makanan,0.5,synthetic_opportunity_formula_with_seeded_noise,synthetic_training_only
CLS-STA-066-2024-03-1000,STA-066,cicayur,Cicayur,2024-03,1000,1779,133040,23,24,13,7,17,50.19,56.45,28.25,37.69,86.09,Makanan,0.563,synthetic_opportunity_formula_with_seeded_noise,synthetic_training_only
CLS-STA-066-2024-04-500,STA-066,cicayur,Cicayur,2024-04,500,749,120336,16,10,9,1,10,50.19,56.45,28.25,36.93,96.06,Minuman,0.543,synthetic_opportunity_formula_with_seeded_noise,synthetic_training_only
CLS-STA-066-2024-05-750,STA-066,cicayur,Cicayur,2024-05,750,1310,133779,20,17,13,5,14,50.19,56.45,28.25,31.48,91.09,Makanan,0.504,synthetic_opportunity_formula_with_seeded_noise,synthetic_training_only
CLS-STA-066-2024-06-1000,STA-066,cicayur,Cicayur,2024-06,1000,1896,131260,26,21,14,6,16,50.19,56.45,28.25,35.58,82.1,Makanan,0.567,synthetic_opportunity_formula_with_seeded_noise,synthetic_training_only
CLS-STA-066-2024-07-500,STA-066,cicayur,Cicayur,2024-07,500,811,121595,10,3,9,5,4,50.19,56.45,28.25,34.91,102.0,Minuman,0.519,synthetic_opportunity_formula_with_seeded_noise,synthetic_training_only
CLS-STA-066-2024-08-750,STA-066,cicayur,Cicayur,2024-08,750,1523,135632,22,15,11,5,8,50.19,56.45,28.25,38.1,80.39,Lainnya,0.51,synthetic_opportunity_formula_with_seeded_noise,synthetic_training_only
CLS-STA-066-2024-09-1000,STA-066,cicayur,Cicayur,2024-09,1000,1874,143665,30,21,14,6,15,50.19,56.45,28.25,31.52,84.92,Lainnya,0.501,synthetic_opportunity_formula_with_seeded_noise,synthetic_training_only
CLS-STA-066-2024-10-500,STA-066,cicayur,Cicayur,2024-10,500,858,149777,17,11,7,4,6,50.19,56.45,28.25,30.66,70.51,Hobi,0.5,synthetic_opportunity_formula_with_seeded_noise,synthetic_training_only
CLS-STA-066-2024-11-750,STA-066,cicayur,Cicayur,2024-11,750,1398,151973,12,15,15,5,14,50.19,56.45,28.25,35.72,96.65,Makanan,0.553,synthetic_opportunity_formula_with_seeded_noise,synthetic_training_only
CLS-STA-066-2024-12-1000,STA-066,cicayur,Cicayur,2024-12,1000,1853,136640,26,17,17,4,17,50.19,56.45,28.25,35.84,82.72,Minuman,0.5,synthetic_opportunity_formula_with_seeded_noise,synthetic_training_only
CLS-STA-066-2025-01-750,STA-066,cicayur,Cicayur,2025-01,750,1458,136438,24,21,15,5,15,50.19,56.45,28.25,36.96,90.86,Makanan,0.5,synthetic_opportunity_formula_with_seeded_noise,synthetic_training_only
CLS-STA-066-2025-02-1000,STA-066,cicayur,Cicayur,2025-02,1000,1798,141081,36,25,17,6,26,50.19,56.45,28.25,33.27,74.71,Minuman,0.5,synthetic_opportunity_formula_with_seeded_noise,synthetic_training_only
CLS-STA-066-2025-03-500,STA-066,cicayur,Cicayur,2025-03,500,1063,149057,14,12,8,4,11,50.19,56.45,28.25,32.93,83.57,Makanan,0.564,synthetic_opportunity_formula_with_seeded_noise,synthetic_training_only
CLS-STA-066-2025-04-750,STA-066,cicayur,Cicayur,2025-04,750,1463,148851,21,16,12,5,20,50.19,56.45,28.25,34.75,82.78,Makanan,0.509,synthetic_opportunity_formula_with_seeded_noise,synthetic_training_only
CLS-STA-066-2025-05-1000,STA-066,cicayur,Cicayur,2025-05,1000,2054,160604,34,22,21,6,23,50.19,56.45,28.25,39.0,83.35,Minuman,0.503,synthetic_opportunity_formula_with_seeded_noise,synthetic_training_only
CLS-STA-066-2025-06-500,STA-066,cicayur,Cicayur,2025-06,500,982,133985,16,8,5,4,21,50.19,56.45,28.25,37.78,75.26,Minuman,0.52,synthetic_opportunity_formula_with_seeded_noise,synthetic_training_only
CLS-STA-066-2025-07-750,STA-066,cicayur,Cicayur,2025-07,750,1257,127343,22,18,9,8,15,50.19,56.45,28.25,35.23,81.48,Hobi,0.5,synthetic_opportunity_formula_with_seeded_noise,synthetic_training_only
CLS-STA-066-2025-08-1000,STA-066,cicayur,Cicayur,2025-08,1000,2091,151125,27,22,20,8,20,50.19,56.45,28.25,38.71,74.31,Makanan,0.5,synthetic_opportunity_formula_with_seeded_noise,synthetic_training_only
CLS-STA-066-2025-09-500,STA-066,cicayur,Cicayur,2025-09,500,995,151824,15,13,10,2,7,50.19,56.45,28.25,34.65,97.05,Lainnya,0.526,synthetic_opportunity_formula_with_seeded_noise,synthetic_training_only
CLS-STA-066-2025-10-750,STA-066,cicayur,Cicayur,2025-10,750,1670,160914,26,15,11,4,16,50.19,56.45,28.25,35.15,80.7,Minuman,0.55,synthetic_opportunity_formula_with_seeded_noise,synthetic_training_only
CLS-STA-066-2025-11-1000,STA-066,cicayur,Cicayur,2025-11,1000,2133,167742,24,18,15,7,13,50.19,56.45,28.25,35.55,85.97,Makanan,0.5,synthetic_opportunity_formula_with_seeded_noise,synthetic_training_only
CLS-STA-066-2025-12-500,STA-066,cicayur,Cicayur,2025-12,500,1056,139310,12,13,6,0,12,50.19,56.45,28.25,37.69,82.36,Makanan,0.5,synthetic_opportunity_formula_with_seeded_noise,synthetic_training_only
CLS-STA-067-2023-01-500,STA-067,parungpanjang,Parung Panjang,2023-01,500,2928,444450,18,13,13,5,21,48.24,81.27,34.19,33.11,80.29,Makanan,0.542,synthetic_opportunity_formula_with_seeded_noise,synthetic_training_only
CLS-STA-067-2023-02-750,STA-067,parungpanjang,Parung Panjang,2023-02,750,5003,485372,32,24,19,5,20,48.24,81.27,34.19,35.88,94.14,Makanan,0.59,synthetic_opportunity_formula_with_seeded_noise,synthetic_training_only
CLS-STA-067-2023-03-1000,STA-067,parungpanjang,Parung Panjang,2023-03,1000,7021,527109,44,31,28,9,39,48.24,81.27,34.19,33.83,92.59,Makanan,0.583,synthetic_opportunity_formula_with_seeded_noise,synthetic_training_only
CLS-STA-067-2023-04-500,STA-067,parungpanjang,Parung Panjang,2023-04,500,3473,513360,26,19,15,6,13,48.24,81.27,34.19,38.11,95.61,Makanan,0.54,synthetic_opportunity_formula_with_seeded_noise,synthetic_training_only
CLS-STA-067-2023-05-750,STA-067,parungpanjang,Parung Panjang,2023-05,750,5693,565968,34,23,23,5,24,48.24,81.27,34.19,34.3,98.02,Makanan,0.537,synthetic_opportunity_formula_with_seeded_noise,synthetic_training_only
CLS-STA-067-2023-06-1000,STA-067,parungpanjang,Parung Panjang,2023-06,1000,6075,456159,46,30,26,11,27,48.24,81.27,34.19,33.41,87.32,Makanan,0.565,synthetic_opportunity_formula_with_seeded_noise,synthetic_training_only
CLS-STA-067-2023-07-500,STA-067,parungpanjang,Parung Panjang,2023-07,500,3079,450043,24,9,11,4,12,48.24,81.27,34.19,38.34,89.2,Minuman,0.507,synthetic_opportunity_formula_with_seeded_noise,synthetic_training_only
CLS-STA-067-2023-08-750,STA-067,parungpanjang,Parung Panjang,2023-08,750,5037,500629,26,24,18,6,20,48.24,81.27,34.19,32.35,89.65,Makanan,0.632,synthetic_opportunity_formula_with_seeded_noise,synthetic_training_only
CLS-STA-067-2023-09-1000,STA-067,parungpanjang,Parung Panjang,2023-09,1000,7264,537571,49,28,26,9,32,48.24,81.27,34.19,35.71,81.43,Makanan,0.526,synthetic_opportunity_formula_with_seeded_noise,synthetic_training_only
CLS-STA-067-2023-10-500,STA-067,parungpanjang,Parung Panjang,2023-10,500,3857,568567,25,18,11,4,10,48.24,81.27,34.19,33.16,89.9,Makanan,0.597,synthetic_opportunity_formula_with_seeded_noise,synthetic_training_only
CLS-STA-067-2023-11-750,STA-067,parungpanjang,Parung Panjang,2023-11,750,5732,574826,32,26,18,7,24,48.24,81.27,34.19,32.89,91.79,Makanan,0.609,synthetic_opportunity_formula_with_seeded_noise,synthetic_training_only
CLS-STA-067-2023-12-1000,STA-067,parungpanjang,Parung Panjang,2023-12,1000,6610,489478,47,31,25,10,41,48.24,81.27,34.19,36.94,86.49,Makanan,0.558,synthetic_opportunity_formula_with_seeded_noise,synthetic_training_only
CLS-STA-067-2024-01-750,STA-067,parungpanjang,Parung Panjang,2024-01,750,5096,516849,32,23,19,9,20,48.24,81.27,34.19,34.5,80.79,Makanan,0.524,synthetic_opportunity_formula_with_seeded_noise,synthetic_training_only
CLS-STA-067-2024-02-1000,STA-067,parungpanjang,Parung Panjang,2024-02,1000,6944,513133,47,26,29,7,38,48.24,81.27,34.19,37.51,71.54,Makanan,0.518,synthetic_opportunity_formula_with_seeded_noise,synthetic_training_only
CLS-STA-067-2024-03-500,STA-067,parungpanjang,Parung Panjang,2024-03,500,3948,573025,26,13,17,5,17,48.24,81.27,34.19,35.0,92.89,Makanan,0.528,synthetic_opportunity_formula_with_seeded_noise,synthetic_training_only
CLS-STA-067-2024-04-750,STA-067,parungpanjang,Parung Panjang,2024-04,750,5651,559291,33,22,17,8,23,48.24,81.27,34.19,33.81,72.3,Makanan,0.609,synthetic_opportunity_formula_with_seeded_noise,synthetic_training_only
CLS-STA-067-2024-05-1000,STA-067,parungpanjang,Parung Panjang,2024-05,1000,7793,577006,46,28,22,10,34,48.24,81.27,34.19,35.53,103.14,Makanan,0.596,synthetic_opportunity_formula_with_seeded_noise,synthetic_training_only
CLS-STA-067-2024-06-500,STA-067,parungpanjang,Parung Panjang,2024-06,500,3556,515525,23,13,14,7,17,48.24,81.27,34.19,34.22,98.8,Makanan,0.585,synthetic_opportunity_formula_with_seeded_noise,synthetic_training_only
CLS-STA-067-2024-07-750,STA-067,parungpanjang,Parung Panjang,2024-07,750,5471,531606,40,20,19,8,24,48.24,81.27,34.19,37.52,96.44,Makanan,0.515,synthetic_opportunity_formula_with_seeded_noise,synthetic_training_only
CLS-STA-067-2024-08-1000,STA-067,parungpanjang,Parung Panjang,2024-08,1000,7804,593158,45,32,28,11,35,48.24,81.27,34.19,36.91,81.22,Makanan,0.543,synthetic_opportunity_formula_with_seeded_noise,synthetic_training_only
CLS-STA-067-2024-09-500,STA-067,parungpanjang,Parung Panjang,2024-09,500,4130,612597,24,17,15,7,23,48.24,81.27,34.19,37.84,81.78,Makanan,0.5,synthetic_opportunity_formula_with_seeded_noise,synthetic_training_only
CLS-STA-067-2024-10-750,STA-067,parungpanjang,Parung Panjang,2024-10,750,6019,610182,35,19,20,6,18,48.24,81.27,34.19,34.36,94.0,Makanan,0.5,synthetic_opportunity_formula_with_seeded_noise,synthetic_training_only
CLS-STA-067-2024-11-1000,STA-067,parungpanjang,Parung Panjang,2024-11,1000,8344,617702,44,33,29,12,28,48.24,81.27,34.19,35.54,86.38,Makanan,0.602,synthetic_opportunity_formula_with_seeded_noise,synthetic_training_only
CLS-STA-067-2024-12-500,STA-067,parungpanjang,Parung Panjang,2024-12,500,3618,533065,21,15,15,7,15,48.24,81.27,34.19,35.05,76.82,Makanan,0.535,synthetic_opportunity_formula_with_seeded_noise,synthetic_training_only
CLS-STA-067-2025-01-1000,STA-067,parungpanjang,Parung Panjang,2025-01,1000,7664,575173,51,28,28,10,24,48.24,81.27,34.19,36.3,78.43,Makanan,0.502,synthetic_opportunity_formula_with_seeded_noise,synthetic_training_only
CLS-STA-067-2025-02-500,STA-067,parungpanjang,Parung Panjang,2025-02,500,3969,596747,28,13,11,4,16,48.24,81.27,34.19,36.51,91.0,Makanan,0.503,synthetic_opportunity_formula_with_seeded_noise,synthetic_training_only
CLS-STA-067-2025-03-750,STA-067,parungpanjang,Parung Panjang,2025-03,750,6663,661903,30,25,20,8,25,48.24,81.27,34.19,34.7,79.45,Makanan,0.65,synthetic_opportunity_formula_with_seeded_noise,synthetic_training_only
CLS-STA-067-2025-04-1000,STA-067,parungpanjang,Parung Panjang,2025-04,1000,7456,553509,44,26,25,10,33,48.24,81.27,34.19,36.59,80.4,Makanan,0.547,synthetic_opportunity_formula_with_seeded_noise,synthetic_training_only
CLS-STA-067-2025-05-500,STA-067,parungpanjang,Parung Panjang,2025-05,500,4311,643381,23,23,14,5,16,48.24,81.27,34.19,38.77,90.04,Makanan,0.59,synthetic_opportunity_formula_with_seeded_noise,synthetic_training_only
CLS-STA-067-2025-06-750,STA-067,parungpanjang,Parung Panjang,2025-06,750,5879,593941,38,28,22,7,29,48.24,81.27,34.19,31.83,82.28,Makanan,0.6,synthetic_opportunity_formula_with_seeded_noise,synthetic_training_only
CLS-STA-067-2025-07-1000,STA-067,parungpanjang,Parung Panjang,2025-07,1000,8099,603817,46,29,29,8,34,48.24,81.27,34.19,34.71,87.14,Makanan,0.605,synthetic_opportunity_formula_with_seeded_noise,synthetic_training_only
CLS-STA-067-2025-08-500,STA-067,parungpanjang,Parung Panjang,2025-08,500,4075,640133,22,16,16,3,17,48.24,81.27,34.19,31.2,79.31,Makanan,0.584,synthetic_opportunity_formula_with_seeded_noise,synthetic_training_only
CLS-STA-067-2025-09-750,STA-067,parungpanjang,Parung Panjang,2025-09,750,6285,621730,34,22,19,9,16,48.24,81.27,34.19,35.67,90.14,Makanan,0.542,synthetic_opportunity_formula_with_seeded_noise,synthetic_training_only
CLS-STA-067-2025-10-1000,STA-067,parungpanjang,Parung Panjang,2025-10,1000,9452,708530,49,28,25,9,32,48.24,81.27,34.19,34.25,80.52,Makanan,0.568,synthetic_opportunity_formula_with_seeded_noise,synthetic_training_only
CLS-STA-067-2025-11-500,STA-067,parungpanjang,Parung Panjang,2025-11,500,4540,667581,21,16,13,6,14,48.24,81.27,34.19,39.01,87.94,Makanan,0.576,synthetic_opportunity_formula_with_seeded_noise,synthetic_training_only
CLS-STA-067-2025-12-750,STA-067,parungpanjang,Parung Panjang,2025-12,750,5921,579228,34,19,23,7,21,48.24,81.27,34.19,34.15,82.27,Makanan,0.54,synthetic_opportunity_formula_with_seeded_noise,synthetic_training_only
CLS-STA-068-2023-01-750,STA-068,cilejit,Cilejit,2023-01,750,969,107141,12,15,11,9,11,33.31,63.71,39.83,35.6,56.59,Makanan,0.5,synthetic_opportunity_formula_with_seeded_noise,synthetic_training_only
CLS-STA-068-2023-02-1000,STA-068,cilejit,Cilejit,2023-02,1000,1533,112828,13,15,20,9,13,33.31,63.71,39.83,33.11,76.66,Makanan,0.541,synthetic_opportunity_formula_with_seeded_noise,synthetic_training_only
CLS-STA-068-2023-03-500,STA-068,cilejit,Cilejit,2023-03,500,776,116560,8,15,8,4,10,33.31,63.71,39.83,37.32,71.95,Makanan,0.546,synthetic_opportunity_formula_with_seeded_noise,synthetic_training_only
CLS-STA-068-2023-04-750,STA-068,cilejit,Cilejit,2023-04,750,1262,124134,14,6,15,8,14,33.31,63.71,39.83,36.88,60.9,Minuman,0.5,synthetic_opportunity_formula_with_seeded_noise,synthetic_training_only
CLS-STA-068-2023-05-1000,STA-068,cilejit,Cilejit,2023-05,1000,1668,116219,28,17,19,8,8,33.31,63.71,39.83,32.22,63.54,Minuman,0.5,synthetic_opportunity_formula_with_seeded_noise,synthetic_training_only
CLS-STA-068-2023-06-500,STA-068,cilejit,Cilejit,2023-06,500,625,111761,6,10,7,5,5,33.31,63.71,39.83,27.52,79.55,Makanan,0.549,synthetic_opportunity_formula_with_seeded_noise,synthetic_training_only
CLS-STA-068-2023-07-750,STA-068,cilejit,Cilejit,2023-07,750,1231,117315,11,15,12,7,13,33.31,63.71,39.83,37.31,69.39,Makanan,0.5,synthetic_opportunity_formula_with_seeded_noise,synthetic_training_only
CLS-STA-068-2023-08-1000,STA-068,cilejit,Cilejit,2023-08,1000,1587,123034,18,15,18,9,18,33.31,63.71,39.83,33.46,70.03,Makanan,0.561,synthetic_opportunity_formula_with_seeded_noise,synthetic_training_only
CLS-STA-068-2023-09-500,STA-068,cilejit,Cilejit,2023-09,500,997,125656,13,11,7,2,11,33.31,63.71,39.83,37.27,57.8,Hobi,0.524,synthetic_opportunity_formula_with_seeded_noise,synthetic_training_only
CLS-STA-068-2023-10-750,STA-068,cilejit,Cilejit,2023-10,750,1374,128374,12,12,16,7,17,33.31,63.71,39.83,31.99,70.5,Makanan,0.564,synthetic_opportunity_formula_with_seeded_noise,synthetic_training_only
CLS-STA-068-2023-11-1000,STA-068,cilejit,Cilejit,2023-11,1000,1820,128099,19,20,17,10,17,33.31,63.71,39.83,32.33,61.43,Makanan,0.558,synthetic_opportunity_formula_with_seeded_noise,synthetic_training_only
CLS-STA-068-2023-12-500,STA-068,cilejit,Cilejit,2023-12,500,849,120850,10,6,9,5,5,33.31,63.71,39.83,38.41,61.0,Hobi,0.534,synthetic_opportunity_formula_with_seeded_noise,synthetic_training_only
CLS-STA-068-2024-01-1000,STA-068,cilejit,Cilejit,2024-01,1000,1786,126715,22,20,13,7,15,33.31,63.71,39.83,34.6,70.15,Makanan,0.538,synthetic_opportunity_formula_with_seeded_noise,synthetic_training_only
CLS-STA-068-2024-02-500,STA-068,cilejit,Cilejit,2024-02,500,740,131673,12,12,5,2,10,33.31,63.71,39.83,29.54,66.15,Hobi,0.5,synthetic_opportunity_formula_with_seeded_noise,synthetic_training_only
CLS-STA-068-2024-03-750,STA-068,cilejit,Cilejit,2024-03,750,1235,125914,15,11,15,5,3,33.31,63.71,39.83,33.12,61.24,Makanan,0.542,synthetic_opportunity_formula_with_seeded_noise,synthetic_training_only
CLS-STA-068-2024-04-1000,STA-068,cilejit,Cilejit,2024-04,1000,1713,124354,25,16,23,7,12,33.31,63.71,39.83,34.75,62.99,Minuman,0.5,synthetic_opportunity_formula_with_seeded_noise,synthetic_training_only
CLS-STA-068-2024-05-500,STA-068,cilejit,Cilejit,2024-05,500,819,131650,11,9,8,8,5,33.31,63.71,39.83,35.81,63.69,Makanan,0.5,synthetic_opportunity_formula_with_seeded_noise,synthetic_training_only
CLS-STA-068-2024-06-750,STA-068,cilejit,Cilejit,2024-06,750,1314,121825,21,12,13,6,12,33.31,63.71,39.83,34.59,55.82,Minuman,0.5,synthetic_opportunity_formula_with_seeded_noise,synthetic_training_only
CLS-STA-068-2024-07-1000,STA-068,cilejit,Cilejit,2024-07,1000,1679,121950,23,20,17,8,19,33.31,63.71,39.83,36.12,65.61,Makanan,0.548,synthetic_opportunity_formula_with_seeded_noise,synthetic_training_only
CLS-STA-068-2024-08-500,STA-068,cilejit,Cilejit,2024-08,500,921,130632,10,11,11,3,1,33.31,63.71,39.83,36.92,76.26,Makanan,0.572,synthetic_opportunity_formula_with_seeded_noise,synthetic_training_only
CLS-STA-068-2024-09-750,STA-068,cilejit,Cilejit,2024-09,750,1287,137488,10,6,13,8,5,33.31,63.71,39.83,36.22,61.87,Makanan,0.55,synthetic_opportunity_formula_with_seeded_noise,synthetic_training_only
CLS-STA-068-2024-10-1000,STA-068,cilejit,Cilejit,2024-10,1000,1890,140934,23,13,20,13,12,33.31,63.71,39.83,38.24,82.73,Minuman,0.5,synthetic_opportunity_formula_with_seeded_noise,synthetic_training_only
CLS-STA-068-2024-11-500,STA-068,cilejit,Cilejit,2024-11,500,1049,146677,10,6,15,7,14,33.31,63.71,39.83,39.24,71.03,Makanan,0.505,synthetic_opportunity_formula_with_seeded_noise,synthetic_training_only
CLS-STA-068-2024-12-750,STA-068,cilejit,Cilejit,2024-12,750,1295,129514,18,18,13,9,21,33.31,63.71,39.83,33.77,67.2,Makanan,0.593,synthetic_opportunity_formula_with_seeded_noise,synthetic_training_only
CLS-STA-068-2025-01-500,STA-068,cilejit,Cilejit,2025-01,500,814,131079,12,9,6,5,5,33.31,63.71,39.83,35.86,55.06,Hobi,0.53,synthetic_opportunity_formula_with_seeded_noise,synthetic_training_only
CLS-STA-068-2025-02-750,STA-068,cilejit,Cilejit,2025-02,750,1246,137893,18,12,14,9,8,33.31,63.71,39.83,36.84,69.18,Makanan,0.531,synthetic_opportunity_formula_with_seeded_noise,synthetic_training_only
CLS-STA-068-2025-03-1000,STA-068,cilejit,Cilejit,2025-03,1000,1908,145761,23,14,19,8,15,33.31,63.71,39.83,36.57,64.65,Minuman,0.5,synthetic_opportunity_formula_with_seeded_noise,synthetic_training_only
CLS-STA-068-2025-04-500,STA-068,cilejit,Cilejit,2025-04,500,884,129386,8,6,8,4,2,33.31,63.71,39.83,35.96,66.14,Makanan,0.563,synthetic_opportunity_formula_with_seeded_noise,synthetic_training_only
CLS-STA-068-2025-05-750,STA-068,cilejit,Cilejit,2025-05,750,1595,159376,22,17,15,7,14,33.31,63.71,39.83,35.57,77.16,Makanan,0.545,synthetic_opportunity_formula_with_seeded_noise,synthetic_training_only
CLS-STA-068-2025-06-1000,STA-068,cilejit,Cilejit,2025-06,1000,1854,144432,21,15,16,6,4,33.31,63.71,39.83,35.46,64.34,Makanan,0.507,synthetic_opportunity_formula_with_seeded_noise,synthetic_training_only
CLS-STA-068-2025-07-500,STA-068,cilejit,Cilejit,2025-07,500,952,137940,6,10,9,4,11,33.31,63.71,39.83,34.45,71.58,Makanan,0.577,synthetic_opportunity_formula_with_seeded_noise,synthetic_training_only
CLS-STA-068-2025-08-750,STA-068,cilejit,Cilejit,2025-08,750,1482,145428,12,9,15,5,14,33.31,63.71,39.83,39.79,61.07,Makanan,0.5,synthetic_opportunity_formula_with_seeded_noise,synthetic_training_only
CLS-STA-068-2025-09-1000,STA-068,cilejit,Cilejit,2025-09,1000,2228,155579,28,16,18,10,15,33.31,63.71,39.83,35.38,76.4,Minuman,0.507,synthetic_opportunity_formula_with_seeded_noise,synthetic_training_only
CLS-STA-068-2025-10-500,STA-068,cilejit,Cilejit,2025-10,500,1077,161282,11,15,9,2,2,33.31,63.71,39.83,38.43,69.84,Hobi,0.5,synthetic_opportunity_formula_with_seeded_noise,synthetic_training_only
CLS-STA-068-2025-11-750,STA-068,cilejit,Cilejit,2025-11,750,1634,163659,16,11,15,6,12,33.31,63.71,39.83,35.45,61.18,Makanan,0.518,synthetic_opportunity_formula_with_seeded_noise,synthetic_training_only
CLS-STA-068-2025-12-1000,STA-068,cilejit,Cilejit,2025-12,1000,1877,145699,24,13,16,8,17,33.31,63.71,39.83,36.49,65.89,Minuman,0.542,synthetic_opportunity_formula_with_seeded_noise,synthetic_training_only
CLS-STA-069-2023-01-1000,STA-069,daru,Daru,2023-01,1000,1243,98927,28,11,18,10,11,38.32,63.92,36.76,28.05,55.17,Minuman,0.5,synthetic_opportunity_formula_with_seeded_noise,synthetic_training_only
CLS-STA-069-2023-02-500,STA-069,daru,Daru,2023-02,500,840,119026,12,15,12,3,16,38.32,63.92,36.76,29.62,51.11,Makanan,0.532,synthetic_opportunity_formula_with_seeded_noise,synthetic_training_only
CLS-STA-069-2023-03-750,STA-069,daru,Daru,2023-03,750,1010,113720,27,11,14,9,10,38.32,63.92,36.76,31.79,66.72,Minuman,0.5,synthetic_opportunity_formula_with_seeded_noise,synthetic_training_only
CLS-STA-069-2023-04-1000,STA-069,daru,Daru,2023-04,1000,1389,113337,29,21,19,11,18,38.32,63.92,36.76,33.61,56.55,Makanan,0.555,synthetic_opportunity_formula_with_seeded_noise,synthetic_training_only
CLS-STA-069-2023-05-500,STA-069,daru,Daru,2023-05,500,762,122074,9,12,8,5,5,38.32,63.92,36.76,26.8,63.78,Makanan,0.512,synthetic_opportunity_formula_with_seeded_noise,synthetic_training_only
CLS-STA-069-2023-06-750,STA-069,daru,Daru,2023-06,750,1215,113553,25,15,15,5,19,38.32,63.92,36.76,34.22,71.42,Minuman,0.563,synthetic_opportunity_formula_with_seeded_noise,synthetic_training_only
CLS-STA-069-2023-07-1000,STA-069,daru,Daru,2023-07,1000,1356,101592,26,22,16,12,16,38.32,63.92,36.76,32.25,59.03,Hobi,0.511,synthetic_opportunity_formula_with_seeded_noise,synthetic_training_only
CLS-STA-069-2023-08-500,STA-069,daru,Daru,2023-08,500,830,125274,14,6,11,4,5,38.32,63.92,36.76,31.27,67.04,Minuman,0.5,synthetic_opportunity_formula_with_seeded_noise,synthetic_training_only
CLS-STA-069-2023-09-750,STA-069,daru,Daru,2023-09,750,1380,136871,23,12,17,5,13,38.32,63.92,36.76,30.5,65.17,Minuman,0.532,synthetic_opportunity_formula_with_seeded_noise,synthetic_training_only
CLS-STA-069-2023-10-1000,STA-069,daru,Daru,2023-10,1000,1596,123134,23,15,16,9,15,38.32,63.92,36.76,31.64,53.1,Minuman,0.5,synthetic_opportunity_formula_with_seeded_noise,synthetic_training_only
CLS-STA-069-2023-11-500,STA-069,daru,Daru,2023-11,500,978,130009,10,9,11,0,11,38.32,63.92,36.76,33.21,74.42,Toko Buku,0.5,synthetic_opportunity_formula_with_seeded_noise,synthetic_training_only
CLS-STA-069-2023-12-750,STA-069,daru,Daru,2023-12,750,1096,111526,19,13,11,7,10,38.32,63.92,36.76,33.13,61.68,Hobi,0.527,synthetic_opportunity_formula_with_seeded_noise,synthetic_training_only
CLS-STA-069-2024-01-500,STA-069,daru,Daru,2024-01,500,770,118826,15,5,10,5,11,38.32,63.92,36.76,31.26,73.91,Minuman,0.515,synthetic_opportunity_formula_with_seeded_noise,synthetic_training_only
CLS-STA-069-2024-02-750,STA-069,daru,Daru,2024-02,750,1313,127331,22,14,12,9,1,38.32,63.92,36.76,31.89,70.39,Lainnya,0.555,synthetic_opportunity_formula_with_seeded_noise,synthetic_training_only
CLS-STA-069-2024-03-1000,STA-069,daru,Daru,2024-03,1000,1795,132981,25,13,20,7,17,38.32,63.92,36.76,29.35,71.58,Minuman,0.525,synthetic_opportunity_formula_with_seeded_noise,synthetic_training_only
CLS-STA-069-2024-04-500,STA-069,daru,Daru,2024-04,500,704,127753,12,11,12,6,15,38.32,63.92,36.76,31.11,66.11,Makanan,0.565,synthetic_opportunity_formula_with_seeded_noise,synthetic_training_only
CLS-STA-069-2024-05-750,STA-069,daru,Daru,2024-05,750,1564,149406,18,15,13,5,8,38.32,63.92,36.76,29.25,59.16,Makanan,0.507,synthetic_opportunity_formula_with_seeded_noise,synthetic_training_only
CLS-STA-069-2024-06-1000,STA-069,daru,Daru,2024-06,1000,1839,131784,26,18,17,12,18,38.32,63.92,36.76,32.19,65.42,Makanan,0.522,synthetic_opportunity_formula_with_seeded_noise,synthetic_training_only
CLS-STA-069-2024-07-500,STA-069,daru,Daru,2024-07,500,839,115998,14,6,11,6,10,38.32,63.92,36.76,27.94,77.51,Minuman,0.5,synthetic_opportunity_formula_with_seeded_noise,synthetic_training_only
CLS-STA-069-2024-08-750,STA-069,daru,Daru,2024-08,750,1523,143275,19,9,12,5,17,38.32,63.92,36.76,32.48,62.28,Minuman,0.551,synthetic_opportunity_formula_with_seeded_noise,synthetic_training_only
CLS-STA-069-2024-09-1000,STA-069,daru,Daru,2024-09,1000,1876,147385,27,18,18,8,10,38.32,63.92,36.76,27.53,65.84,Lainnya,0.53,synthetic_opportunity_formula_with_seeded_noise,synthetic_training_only
CLS-STA-069-2024-10-500,STA-069,daru,Daru,2024-10,500,859,140086,15,5,7,4,7,38.32,63.92,36.76,29.24,55.31,Hobi,0.58,synthetic_opportunity_formula_with_seeded_noise,synthetic_training_only
CLS-STA-069-2024-11-750,STA-069,daru,Daru,2024-11,750,1538,150235,21,19,15,7,14,38.32,63.92,36.76,31.43,74.23,Makanan,0.527,synthetic_opportunity_formula_with_seeded_noise,synthetic_training_only
CLS-STA-069-2024-12-1000,STA-069,daru,Daru,2024-12,1000,1858,137102,30,23,18,8,23,38.32,63.92,36.76,32.99,75.52,Makanan,0.5,synthetic_opportunity_formula_with_seeded_noise,synthetic_training_only
CLS-STA-069-2025-01-750,STA-069,daru,Daru,2025-01,750,1262,130489,18,20,14,6,15,38.32,63.92,36.76,31.69,59.83,Makanan,0.506,synthetic_opportunity_formula_with_seeded_noise,synthetic_training_only
CLS-STA-069-2025-02-1000,STA-069,daru,Daru,2025-02,1000,1861,139374,27,13,17,9,11,38.32,63.92,36.76,32.35,80.32,Minuman,0.572,synthetic_opportunity_formula_with_seeded_noise,synthetic_training_only
CLS-STA-069-2025-03-500,STA-069,daru,Daru,2025-03,500,1060,152107,10,11,10,7,12,38.32,63.92,36.76,25.92,66.16,Makanan,0.522,synthetic_opportunity_formula_with_seeded_noise,synthetic_training_only
CLS-STA-069-2025-04-750,STA-069,daru,Daru,2025-04,750,1494,150169,19,12,13,8,8,38.32,63.92,36.76,31.59,66.24,Makanan,0.5,synthetic_opportunity_formula_with_seeded_noise,synthetic_training_only
CLS-STA-069-2025-05-1000,STA-069,daru,Daru,2025-05,1000,2139,158191,24,17,16,7,15,38.32,63.92,36.76,33.36,77.23,Makanan,0.505,synthetic_opportunity_formula_with_seeded_noise,synthetic_training_only
CLS-STA-069-2025-06-500,STA-069,daru,Daru,2025-06,500,1038,141762,13,11,10,7,8,38.32,63.92,36.76,32.3,81.17,Makanan,0.533,synthetic_opportunity_formula_with_seeded_noise,synthetic_training_only
CLS-STA-069-2025-07-750,STA-069,daru,Daru,2025-07,750,1257,134888,28,10,17,4,12,38.32,63.92,36.76,30.6,60.8,Minuman,0.533,synthetic_opportunity_formula_with_seeded_noise,synthetic_training_only
CLS-STA-069-2025-08-1000,STA-069,daru,Daru,2025-08,1000,2241,160958,28,15,17,6,15,38.32,63.92,36.76,33.4,81.35,Minuman,0.5,synthetic_opportunity_formula_with_seeded_noise,synthetic_training_only
CLS-STA-069-2025-09-500,STA-069,daru,Daru,2025-09,500,946,159414,13,10,8,2,4,38.32,63.92,36.76,30.66,54.28,Hobi,0.527,synthetic_opportunity_formula_with_seeded_noise,synthetic_training_only
CLS-STA-069-2025-10-750,STA-069,daru,Daru,2025-10,750,1619,155768,21,18,14,8,11,38.32,63.92,36.76,33.07,66.82,Makanan,0.5,synthetic_opportunity_formula_with_seeded_noise,synthetic_training_only
CLS-STA-069-2025-11-1000,STA-069,daru,Daru,2025-11,1000,2214,168803,33,22,20,10,14,38.32,63.92,36.76,30.07,68.96,Lainnya,0.524,synthetic_opportunity_formula_with_seeded_noise,synthetic_training_only
CLS-STA-069-2025-12-500,STA-069,daru,Daru,2025-12,500,1056,145867,19,12,9,7,9,38.32,63.92,36.76,27.24,50.0,Hobi,0.5,synthetic_opportunity_formula_with_seeded_noise,synthetic_training_only
CLS-STA-070-2023-01-500,STA-070,tenjo,Tenjo,2023-01,500,1570,236526,18,9,8,7,16,28.11,56.8,53.29,36.77,68.6,Minuman,0.515,synthetic_opportunity_formula_with_seeded_noise,synthetic_training_only
CLS-STA-070-2023-02-750,STA-070,tenjo,Tenjo,2023-02,750,2376,240500,21,17,19,9,18,28.11,56.8,53.29,36.84,58.49,Makanan,0.509,synthetic_opportunity_formula_with_seeded_noise,synthetic_training_only
CLS-STA-070-2023-03-1000,STA-070,tenjo,Tenjo,2023-03,1000,3393,251774,27,21,22,15,20,28.11,56.8,53.29,37.09,61.86,Makanan,0.536,synthetic_opportunity_formula_with_seeded_noise,synthetic_training_only
CLS-STA-070-2023-04-500,STA-070,tenjo,Tenjo,2023-04,500,1697,250275,6,12,16,5,9,28.11,56.8,53.29,32.45,67.4,Makanan,0.595,synthetic_opportunity_formula_with_seeded_noise,synthetic_training_only
CLS-STA-070-2023-05-750,STA-070,tenjo,Tenjo,2023-05,750,2912,285366,24,13,13,8,19,28.11,56.8,53.29,32.34,68.45,Minuman,0.52,synthetic_opportunity_formula_with_seeded_noise,synthetic_training_only
CLS-STA-070-2023-06-1000,STA-070,tenjo,Tenjo,2023-06,1000,3224,235917,36,23,22,11,21,28.11,56.8,53.29,34.0,53.56,Minuman,0.526,synthetic_opportunity_formula_with_seeded_noise,synthetic_training_only
CLS-STA-070-2023-07-500,STA-070,tenjo,Tenjo,2023-07,500,1576,239260,13,14,7,3,0,28.11,56.8,53.29,37.15,66.52,Hobi,0.532,synthetic_opportunity_formula_with_seeded_noise,synthetic_training_only
CLS-STA-070-2023-08-750,STA-070,tenjo,Tenjo,2023-08,750,2542,249938,24,21,17,10,16,28.11,56.8,53.29,33.62,65.71,Makanan,0.557,synthetic_opportunity_formula_with_seeded_noise,synthetic_training_only
CLS-STA-070-2023-09-1000,STA-070,tenjo,Tenjo,2023-09,1000,3444,260945,28,14,19,8,22,28.11,56.8,53.29,36.94,65.11,Minuman,0.5,synthetic_opportunity_formula_with_seeded_noise,synthetic_training_only
CLS-STA-070-2023-10-500,STA-070,tenjo,Tenjo,2023-10,500,1932,284351,15,11,14,4,3,28.11,56.8,53.29,29.59,68.52,Makanan,0.525,synthetic_opportunity_formula_with_seeded_noise,synthetic_training_only
CLS-STA-070-2023-11-750,STA-070,tenjo,Tenjo,2023-11,750,2897,292907,18,16,19,10,8,28.11,56.8,53.29,31.47,79.14,Makanan,0.548,synthetic_opportunity_formula_with_seeded_noise,synthetic_training_only
CLS-STA-070-2023-12-1000,STA-070,tenjo,Tenjo,2023-12,1000,3395,248976,30,19,18,11,23,28.11,56.8,53.29,35.0,59.65,Minuman,0.5,synthetic_opportunity_formula_with_seeded_noise,synthetic_training_only
CLS-STA-070-2024-01-750,STA-070,tenjo,Tenjo,2024-01,750,2705,250424,21,22,13,12,21,28.11,56.8,53.29,33.76,67.18,Makanan,0.574,synthetic_opportunity_formula_with_seeded_noise,synthetic_training_only
CLS-STA-070-2024-02-1000,STA-070,tenjo,Tenjo,2024-02,1000,3398,260994,32,19,22,13,18,28.11,56.8,53.29,34.61,62.97,Minuman,0.508,synthetic_opportunity_formula_with_seeded_noise,synthetic_training_only
CLS-STA-070-2024-03-500,STA-070,tenjo,Tenjo,2024-03,500,2020,303189,17,11,11,7,4,28.11,56.8,53.29,37.27,64.62,Makanan,0.531,synthetic_opportunity_formula_with_seeded_noise,synthetic_training_only
CLS-STA-070-2024-04-750,STA-070,tenjo,Tenjo,2024-04,750,2749,279769,17,16,16,8,14,28.11,56.8,53.29,32.39,78.9,Makanan,0.554,synthetic_opportunity_formula_with_seeded_noise,synthetic_training_only
CLS-STA-070-2024-05-1000,STA-070,tenjo,Tenjo,2024-05,1000,4321,306690,24,21,20,10,19,28.11,56.8,53.29,36.33,56.24,Makanan,0.603,synthetic_opportunity_formula_with_seeded_noise,synthetic_training_only
CLS-STA-070-2024-06-500,STA-070,tenjo,Tenjo,2024-06,500,1736,271675,15,8,8,5,16,28.11,56.8,53.29,35.36,67.49,Minuman,0.5,synthetic_opportunity_formula_with_seeded_noise,synthetic_training_only
CLS-STA-070-2024-07-750,STA-070,tenjo,Tenjo,2024-07,750,2731,266295,23,18,12,9,14,28.11,56.8,53.29,34.51,65.87,Makanan,0.505,synthetic_opportunity_formula_with_seeded_noise,synthetic_training_only
CLS-STA-070-2024-08-1000,STA-070,tenjo,Tenjo,2024-08,1000,3728,281390,28,23,22,10,17,28.11,56.8,53.29,31.44,68.8,Makanan,0.556,synthetic_opportunity_formula_with_seeded_noise,synthetic_training_only
CLS-STA-070-2024-09-500,STA-070,tenjo,Tenjo,2024-09,500,2021,318712,21,13,13,6,7,28.11,56.8,53.29,33.24,69.62,Minuman,0.5,synthetic_opportunity_formula_with_seeded_noise,synthetic_training_only
CLS-STA-070-2024-10-750,STA-070,tenjo,Tenjo,2024-10,750,3178,329357,19,15,15,9,16,28.11,56.8,53.29,30.37,83.37,Makanan,0.566,synthetic_opportunity_formula_with_seeded_noise,synthetic_training_only
CLS-STA-070-2024-11-1000,STA-070,tenjo,Tenjo,2024-11,1000,4203,308863,23,22,22,9,16,28.11,56.8,53.29,36.93,59.52,Makanan,0.565,synthetic_opportunity_formula_with_seeded_noise,synthetic_training_only
CLS-STA-070-2024-12-500,STA-070,tenjo,Tenjo,2024-12,500,1855,276283,12,15,11,9,8,28.11,56.8,53.29,32.27,76.29,Makanan,0.514,synthetic_opportunity_formula_with_seeded_noise,synthetic_training_only
CLS-STA-070-2025-01-1000,STA-070,tenjo,Tenjo,2025-01,1000,3817,282974,31,20,20,13,16,28.11,56.8,53.29,38.14,46.03,Makanan,0.519,synthetic_opportunity_formula_with_seeded_noise,synthetic_training_only
CLS-STA-070-2025-02-500,STA-070,tenjo,Tenjo,2025-02,500,2024,291973,15,13,10,9,5,28.11,56.8,53.29,38.6,63.01,Makanan,0.535,synthetic_opportunity_formula_with_seeded_noise,synthetic_training_only
CLS-STA-070-2025-03-750,STA-070,tenjo,Tenjo,2025-03,750,3327,323886,18,13,14,9,9,28.11,56.8,53.29,32.5,57.66,Makanan,0.5,synthetic_opportunity_formula_with_seeded_noise,synthetic_training_only
CLS-STA-070-2025-04-1000,STA-070,tenjo,Tenjo,2025-04,1000,4207,309718,28,21,23,12,26,28.11,56.8,53.29,35.13,73.42,Makanan,0.511,synthetic_opportunity_formula_with_seeded_noise,synthetic_training_only
CLS-STA-070-2025-05-500,STA-070,tenjo,Tenjo,2025-05,500,2168,332293,14,11,12,6,15,28.11,56.8,53.29,31.8,84.45,Makanan,0.531,synthetic_opportunity_formula_with_seeded_noise,synthetic_training_only
CLS-STA-070-2025-06-750,STA-070,tenjo,Tenjo,2025-06,750,3015,298148,21,15,16,10,13,28.11,56.8,53.29,38.23,83.32,Makanan,0.547,synthetic_opportunity_formula_with_seeded_noise,synthetic_training_only
CLS-STA-070-2025-07-1000,STA-070,tenjo,Tenjo,2025-07,1000,4157,307668,31,20,21,13,23,28.11,56.8,53.29,38.55,71.88,Makanan,0.5,synthetic_opportunity_formula_with_seeded_noise,synthetic_training_only
CLS-STA-070-2025-08-500,STA-070,tenjo,Tenjo,2025-08,500,2284,340484,18,11,13,3,6,28.11,56.8,53.29,35.58,68.51,Minuman,0.5,synthetic_opportunity_formula_with_seeded_noise,synthetic_training_only
CLS-STA-070-2025-09-750,STA-070,tenjo,Tenjo,2025-09,750,3440,338656,25,13,18,9,16,28.11,56.8,53.29,33.49,66.55,Minuman,0.512,synthetic_opportunity_formula_with_seeded_noise,synthetic_training_only
CLS-STA-070-2025-10-1000,STA-070,tenjo,Tenjo,2025-10,1000,4805,358712,27,26,21,11,22,28.11,56.8,53.29,34.52,63.05,Makanan,0.573,synthetic_opportunity_formula_with_seeded_noise,synthetic_training_only
CLS-STA-070-2025-11-500,STA-070,tenjo,Tenjo,2025-11,500,2080,328349,17,10,11,4,3,28.11,56.8,53.29,31.87,59.68,Minuman,0.543,synthetic_opportunity_formula_with_seeded_noise,synthetic_training_only
CLS-STA-070-2025-12-750,STA-070,tenjo,Tenjo,2025-12,750,3171,308924,22,19,22,6,15,28.11,56.8,53.29,38.43,59.16,Makanan,0.511,synthetic_opportunity_formula_with_seeded_noise,synthetic_training_only
CLS-STA-071-2023-01-750,STA-071,tigaraksa,Tigaraksa,2023-01,750,2292,229652,24,13,18,8,11,38.64,84.07,42.63,35.35,54.51,Minuman,0.526,synthetic_opportunity_formula_with_seeded_noise,synthetic_training_only
CLS-STA-071-2023-02-1000,STA-071,tigaraksa,Tigaraksa,2023-02,1000,2957,240309,32,18,22,13,15,38.64,84.07,42.63,25.76,50.42,Minuman,0.5,synthetic_opportunity_formula_with_seeded_noise,synthetic_training_only
CLS-STA-071-2023-03-500,STA-071,tigaraksa,Tigaraksa,2023-03,500,1657,245480,19,9,15,3,13,38.64,84.07,42.63,37.31,76.62,Minuman,0.5,synthetic_opportunity_formula_with_seeded_noise,synthetic_training_only
CLS-STA-071-2023-04-750,STA-071,tigaraksa,Tigaraksa,2023-04,750,2409,251420,26,17,16,6,14,38.64,84.07,42.63,32.97,67.05,Makanan,0.508,synthetic_opportunity_formula_with_seeded_noise,synthetic_training_only
CLS-STA-071-2023-05-1000,STA-071,tigaraksa,Tigaraksa,2023-05,1000,3717,275550,34,20,25,10,14,38.64,84.07,42.63,36.68,59.48,Makanan,0.512,synthetic_opportunity_formula_with_seeded_noise,synthetic_training_only
CLS-STA-071-2023-06-500,STA-071,tigaraksa,Tigaraksa,2023-06,500,1555,233433,13,8,11,5,7,38.64,84.07,42.63,32.99,68.55,Makanan,0.5,synthetic_opportunity_formula_with_seeded_noise,synthetic_training_only
CLS-STA-071-2023-07-750,STA-071,tigaraksa,Tigaraksa,2023-07,750,2427,228191,20,11,17,7,23,38.64,84.07,42.63,33.74,69.49,Makanan,0.5,synthetic_opportunity_formula_with_seeded_noise,synthetic_training_only
CLS-STA-071-2023-08-1000,STA-071,tigaraksa,Tigaraksa,2023-08,1000,3315,266376,33,22,22,11,13,38.64,84.07,42.63,31.85,58.92,Makanan,0.514,synthetic_opportunity_formula_with_seeded_noise,synthetic_training_only
CLS-STA-071-2023-09-500,STA-071,tigaraksa,Tigaraksa,2023-09,500,1744,266585,15,10,15,5,11,38.64,84.07,42.63,34.83,66.64,Makanan,0.55,synthetic_opportunity_formula_with_seeded_noise,synthetic_training_only
CLS-STA-071-2023-10-750,STA-071,tigaraksa,Tigaraksa,2023-10,750,2671,278339,23,21,19,8,9,38.64,84.07,42.63,32.49,58.38,Makanan,0.581,synthetic_opportunity_formula_with_seeded_noise,synthetic_training_only
CLS-STA-071-2023-11-1000,STA-071,tigaraksa,Tigaraksa,2023-11,1000,4290,299715,36,19,20,9,24,38.64,84.07,42.63,39.6,71.75,Minuman,0.5,synthetic_opportunity_formula_with_seeded_noise,synthetic_training_only
CLS-STA-071-2023-12-500,STA-071,tigaraksa,Tigaraksa,2023-12,500,1693,243059,16,16,14,5,0,38.64,84.07,42.63,31.82,59.79,Makanan,0.507,synthetic_opportunity_formula_with_seeded_noise,synthetic_training_only
CLS-STA-071-2024-01-1000,STA-071,tigaraksa,Tigaraksa,2024-01,1000,3220,246139,31,22,28,11,14,38.64,84.07,42.63,31.14,64.85,Makanan,0.5,synthetic_opportunity_formula_with_seeded_noise,synthetic_training_only
CLS-STA-071-2024-02-500,STA-071,tigaraksa,Tigaraksa,2024-02,500,1862,276511,16,13,13,5,6,38.64,84.07,42.63,37.0,62.79,Makanan,0.585,synthetic_opportunity_formula_with_seeded_noise,synthetic_training_only
CLS-STA-071-2024-03-750,STA-071,tigaraksa,Tigaraksa,2024-03,750,2892,297997,26,15,19,8,9,38.64,84.07,42.63,34.65,55.36,Makanan,0.554,synthetic_opportunity_formula_with_seeded_noise,synthetic_training_only
CLS-STA-071-2024-04-1000,STA-071,tigaraksa,Tigaraksa,2024-04,1000,3729,276075,32,22,20,12,14,38.64,84.07,42.63,36.54,60.48,Makanan,0.542,synthetic_opportunity_formula_with_seeded_noise,synthetic_training_only
CLS-STA-071-2024-05-500,STA-071,tigaraksa,Tigaraksa,2024-05,500,2000,313566,17,8,8,5,3,38.64,84.07,42.63,34.9,60.24,Makanan,0.5,synthetic_opportunity_formula_with_seeded_noise,synthetic_training_only
CLS-STA-071-2024-06-750,STA-071,tigaraksa,Tigaraksa,2024-06,750,2831,264442,24,16,14,8,11,38.64,84.07,42.63,35.38,65.84,Makanan,0.567,synthetic_opportunity_formula_with_seeded_noise,synthetic_training_only
CLS-STA-071-2024-07-1000,STA-071,tigaraksa,Tigaraksa,2024-07,1000,3561,268119,39,21,23,9,22,38.64,84.07,42.63,32.27,53.25,Minuman,0.549,synthetic_opportunity_formula_with_seeded_noise,synthetic_training_only
CLS-STA-071-2024-08-500,STA-071,tigaraksa,Tigaraksa,2024-08,500,1973,285037,18,10,11,5,14,38.64,84.07,42.63,39.79,64.64,Makanan,0.566,synthetic_opportunity_formula_with_seeded_noise,synthetic_training_only
CLS-STA-071-2024-09-750,STA-071,tigaraksa,Tigaraksa,2024-09,750,2928,305609,25,16,18,7,9,38.64,84.07,42.63,32.69,76.09,Makanan,0.512,synthetic_opportunity_formula_with_seeded_noise,synthetic_training_only
CLS-STA-071-2024-10-1000,STA-071,tigaraksa,Tigaraksa,2024-10,1000,4157,312443,30,24,24,7,16,38.64,84.07,42.63,31.81,66.6,Makanan,0.614,synthetic_opportunity_formula_with_seeded_noise,synthetic_training_only
CLS-STA-071-2024-11-500,STA-071,tigaraksa,Tigaraksa,2024-11,500,2086,314533,16,11,16,3,6,38.64,84.07,42.63,32.22,55.13,Makanan,0.551,synthetic_opportunity_formula_with_seeded_noise,synthetic_training_only
CLS-STA-071-2024-12-750,STA-071,tigaraksa,Tigaraksa,2024-12,750,2934,272673,26,14,17,10,9,38.64,84.07,42.63,35.84,68.28,Makanan,0.504,synthetic_opportunity_formula_with_seeded_noise,synthetic_training_only
CLS-STA-071-2025-01-500,STA-071,tigaraksa,Tigaraksa,2025-01,500,2011,308929,16,2,12,4,10,38.64,84.07,42.63,32.58,54.88,Minuman,0.577,synthetic_opportunity_formula_with_seeded_noise,synthetic_training_only
CLS-STA-071-2025-02-750,STA-071,tigaraksa,Tigaraksa,2025-02,750,3071,295086,23,21,18,10,15,38.64,84.07,42.63,37.05,61.67,Makanan,0.577,synthetic_opportunity_formula_with_seeded_noise,synthetic_training_only
CLS-STA-071-2025-03-1000,STA-071,tigaraksa,Tigaraksa,2025-03,1000,3877,309236,27,22,23,10,12,38.64,84.07,42.63,27.05,70.47,Makanan,0.584,synthetic_opportunity_formula_with_seeded_noise,synthetic_training_only
CLS-STA-071-2025-04-500,STA-071,tigaraksa,Tigaraksa,2025-04,500,1935,296152,16,8,12,6,14,38.64,84.07,42.63,33.47,64.4,Makanan,0.529,synthetic_opportunity_formula_with_seeded_noise,synthetic_training_only
CLS-STA-071-2025-05-750,STA-071,tigaraksa,Tigaraksa,2025-05,750,3062,315321,22,18,13,8,11,38.64,84.07,42.63,28.51,66.92,Makanan,0.604,synthetic_opportunity_formula_with_seeded_noise,synthetic_training_only
CLS-STA-071-2025-06-1000,STA-071,tigaraksa,Tigaraksa,2025-06,1000,3856,285237,23,17,20,8,9,38.64,84.07,42.63,36.93,64.71,Makanan,0.551,synthetic_opportunity_formula_with_seeded_noise,synthetic_training_only
CLS-STA-071-2025-07-500,STA-071,tigaraksa,Tigaraksa,2025-07,500,1814,283810,18,12,10,4,6,38.64,84.07,42.63,38.22,52.42,Makanan,0.5,synthetic_opportunity_formula_with_seeded_noise,synthetic_training_only
CLS-STA-071-2025-08-750,STA-071,tigaraksa,Tigaraksa,2025-08,750,3179,308134,20,18,19,9,20,38.64,84.07,42.63,37.65,71.97,Makanan,0.564,synthetic_opportunity_formula_with_seeded_noise,synthetic_training_only
CLS-STA-071-2025-09-1000,STA-071,tigaraksa,Tigaraksa,2025-09,1000,4504,336303,26,18,23,11,14,38.64,84.07,42.63,34.59,57.57,Makanan,0.513,synthetic_opportunity_formula_with_seeded_noise,synthetic_training_only
CLS-STA-071-2025-10-500,STA-071,tigaraksa,Tigaraksa,2025-10,500,2355,358172,16,13,12,5,6,38.64,84.07,42.63,33.11,52.37,Makanan,0.524,synthetic_opportunity_formula_with_seeded_noise,synthetic_training_only
CLS-STA-071-2025-11-750,STA-071,tigaraksa,Tigaraksa,2025-11,750,3429,330059,19,15,15,7,7,38.64,84.07,42.63,36.5,72.32,Makanan,0.564,synthetic_opportunity_formula_with_seeded_noise,synthetic_training_only
CLS-STA-071-2025-12-1000,STA-071,tigaraksa,Tigaraksa,2025-12,1000,4203,322564,31,22,24,14,10,38.64,84.07,42.63,31.02,64.51,Makanan,0.554,synthetic_opportunity_formula_with_seeded_noise,synthetic_training_only
CLS-STA-072-2023-01-1000,STA-072,cikoya,Cikoya,2023-01,1000,1293,106974,21,12,20,9,14,25.88,75.25,29.81,24.78,66.46,Makanan,0.5,synthetic_opportunity_formula_with_seeded_noise,synthetic_training_only
CLS-STA-072-2023-02-500,STA-072,cikoya,Cikoya,2023-02,500,802,109243,18,8,14,2,2,25.88,75.25,29.81,29.38,46.93,Toko Buku,0.5,synthetic_opportunity_formula_with_seeded_noise,synthetic_training_only
CLS-STA-072-2023-03-750,STA-072,cikoya,Cikoya,2023-03,750,1150,124178,17,12,13,4,1,25.88,75.25,29.81,23.09,50.59,Makanan,0.5,synthetic_opportunity_formula_with_seeded_noise,synthetic_training_only
CLS-STA-072-2023-04-1000,STA-072,cikoya,Cikoya,2023-04,1000,1502,113729,22,13,18,8,4,25.88,75.25,29.81,29.57,52.6,Makanan,0.5,synthetic_opportunity_formula_with_seeded_noise,synthetic_training_only
CLS-STA-072-2023-05-500,STA-072,cikoya,Cikoya,2023-05,500,770,120980,4,4,8,4,7,25.88,75.25,29.81,25.32,57.32,Makanan,0.506,synthetic_opportunity_formula_with_seeded_noise,synthetic_training_only
CLS-STA-072-2023-06-750,STA-072,cikoya,Cikoya,2023-06,750,1110,116805,17,10,14,4,13,25.88,75.25,29.81,30.61,58.24,Makanan,0.519,synthetic_opportunity_formula_with_seeded_noise,synthetic_training_only
CLS-STA-072-2023-07-1000,STA-072,cikoya,Cikoya,2023-07,1000,1519,114692,24,15,18,6,7,25.88,75.25,29.81,28.51,46.91,Makanan,0.5,synthetic_opportunity_formula_with_seeded_noise,synthetic_training_only
CLS-STA-072-2023-08-500,STA-072,cikoya,Cikoya,2023-08,500,808,120046,12,6,11,5,7,25.88,75.25,29.81,26.66,55.82,Hobi,0.51,synthetic_opportunity_formula_with_seeded_noise,synthetic_training_only
CLS-STA-072-2023-09-750,STA-072,cikoya,Cikoya,2023-09,750,1201,117164,16,13,14,4,9,25.88,75.25,29.81,28.49,58.57,Makanan,0.506,synthetic_opportunity_formula_with_seeded_noise,synthetic_training_only
CLS-STA-072-2023-10-1000,STA-072,cikoya,Cikoya,2023-10,1000,1664,135484,20,10,16,9,15,25.88,75.25,29.81,29.67,43.36,Minuman,0.534,synthetic_opportunity_formula_with_seeded_noise,synthetic_training_only
CLS-STA-072-2023-11-500,STA-072,cikoya,Cikoya,2023-11,500,793,125496,12,5,5,5,4,25.88,75.25,29.81,26.38,52.28,Hobi,0.531,synthetic_opportunity_formula_with_seeded_noise,synthetic_training_only
CLS-STA-072-2023-12-750,STA-072,cikoya,Cikoya,2023-12,750,1263,118182,19,12,15,5,11,25.88,75.25,29.81,23.72,57.69,Makanan,0.53,synthetic_opportunity_formula_with_seeded_noise,synthetic_training_only
CLS-STA-072-2024-01-500,STA-072,cikoya,Cikoya,2024-01,500,839,121715,8,3,10,3,8,25.88,75.25,29.81,30.92,59.99,Makanan,0.532,synthetic_opportunity_formula_with_seeded_noise,synthetic_training_only
CLS-STA-072-2024-02-750,STA-072,cikoya,Cikoya,2024-02,750,1426,130615,12,10,11,4,16,25.88,75.25,29.81,29.85,48.19,Makanan,0.559,synthetic_opportunity_formula_with_seeded_noise,synthetic_training_only
CLS-STA-072-2024-03-1000,STA-072,cikoya,Cikoya,2024-03,1000,1606,133579,26,19,16,7,7,25.88,75.25,29.81,26.75,51.32,Makanan,0.5,synthetic_opportunity_formula_with_seeded_noise,synthetic_training_only
CLS-STA-072-2024-04-500,STA-072,cikoya,Cikoya,2024-04,500,815,120856,13,8,12,3,6,25.88,75.25,29.81,25.12,47.6,Makanan,0.513,synthetic_opportunity_formula_with_seeded_noise,synthetic_training_only
CLS-STA-072-2024-05-750,STA-072,cikoya,Cikoya,2024-05,750,1473,149833,22,13,14,6,7,25.88,75.25,29.81,24.64,56.91,Makanan,0.539,synthetic_opportunity_formula_with_seeded_noise,synthetic_training_only
CLS-STA-072-2024-06-1000,STA-072,cikoya,Cikoya,2024-06,1000,1795,131989,20,13,15,6,7,25.88,75.25,29.81,28.98,54.57,Makanan,0.532,synthetic_opportunity_formula_with_seeded_noise,synthetic_training_only
CLS-STA-072-2024-07-500,STA-072,cikoya,Cikoya,2024-07,500,729,116034,11,11,9,0,8,25.88,75.25,29.81,27.45,58.91,Toko Buku,0.5,synthetic_opportunity_formula_with_seeded_noise,synthetic_training_only
CLS-STA-072-2024-08-750,STA-072,cikoya,Cikoya,2024-08,750,1434,142499,13,15,17,7,4,25.88,75.25,29.81,24.39,43.94,Makanan,0.566,synthetic_opportunity_formula_with_seeded_noise,synthetic_training_only
CLS-STA-072-2024-09-1000,STA-072,cikoya,Cikoya,2024-09,1000,1671,139880,22,19,17,6,11,25.88,75.25,29.81,29.85,53.65,Makanan,0.53,synthetic_opportunity_formula_with_seeded_noise,synthetic_training_only
CLS-STA-072-2024-10-500,STA-072,cikoya,Cikoya,2024-10,500,949,148378,14,9,9,3,15,25.88,75.25,29.81,23.41,48.35,Hobi,0.553,synthetic_opportunity_formula_with_seeded_noise,synthetic_training_only
CLS-STA-072-2024-11-750,STA-072,cikoya,Cikoya,2024-11,750,1412,147183,17,7,11,4,3,25.88,75.25,29.81,24.67,57.79,Minuman,0.5,synthetic_opportunity_formula_with_seeded_noise,synthetic_training_only
CLS-STA-072-2024-12-1000,STA-072,cikoya,Cikoya,2024-12,1000,1530,127945,22,11,20,9,10,25.88,75.25,29.81,28.41,50.54,Minuman,0.5,synthetic_opportunity_formula_with_seeded_noise,synthetic_training_only
CLS-STA-072-2025-01-750,STA-072,cikoya,Cikoya,2025-01,750,1448,137184,13,10,11,6,7,25.88,75.25,29.81,27.24,59.38,Makanan,0.5,synthetic_opportunity_formula_with_seeded_noise,synthetic_training_only
CLS-STA-072-2025-02-1000,STA-072,cikoya,Cikoya,2025-02,1000,2004,144645,26,17,21,5,9,25.88,75.25,29.81,30.55,50.9,Makanan,0.517,synthetic_opportunity_formula_with_seeded_noise,synthetic_training_only
CLS-STA-072-2025-03-500,STA-072,cikoya,Cikoya,2025-03,500,868,145444,14,3,14,1,8,25.88,75.25,29.81,25.01,69.29,Minuman,0.531,synthetic_opportunity_formula_with_seeded_noise,synthetic_training_only
CLS-STA-072-2025-04-750,STA-072,cikoya,Cikoya,2025-04,750,1394,146756,11,10,13,5,9,25.88,75.25,29.81,25.59,48.96,Makanan,0.567,synthetic_opportunity_formula_with_seeded_noise,synthetic_training_only
CLS-STA-072-2025-05-1000,STA-072,cikoya,Cikoya,2025-05,1000,2003,147136,18,7,12,7,8,25.88,75.25,29.81,24.32,47.82,Makanan,0.52,synthetic_opportunity_formula_with_seeded_noise,synthetic_training_only
CLS-STA-072-2025-06-500,STA-072,cikoya,Cikoya,2025-06,500,806,142318,8,7,11,2,6,25.88,75.25,29.81,27.4,59.64,Makanan,0.522,synthetic_opportunity_formula_with_seeded_noise,synthetic_training_only
CLS-STA-072-2025-07-750,STA-072,cikoya,Cikoya,2025-07,750,1370,135361,18,16,16,5,8,25.88,75.25,29.81,25.37,62.01,Makanan,0.547,synthetic_opportunity_formula_with_seeded_noise,synthetic_training_only
CLS-STA-072-2025-08-1000,STA-072,cikoya,Cikoya,2025-08,1000,1965,155734,23,9,16,6,11,25.88,75.25,29.81,29.62,50.42,Minuman,0.545,synthetic_opportunity_formula_with_seeded_noise,synthetic_training_only
CLS-STA-072-2025-09-500,STA-072,cikoya,Cikoya,2025-09,500,931,149468,13,6,5,0,4,25.88,75.25,29.81,27.47,48.72,Hobi,0.531,synthetic_opportunity_formula_with_seeded_noise,synthetic_training_only
CLS-STA-072-2025-10-750,STA-072,cikoya,Cikoya,2025-10,750,1511,155548,13,18,17,4,13,25.88,75.25,29.81,23.12,48.04,Makanan,0.544,synthetic_opportunity_formula_with_seeded_noise,synthetic_training_only
CLS-STA-072-2025-11-1000,STA-072,cikoya,Cikoya,2025-11,1000,2165,163649,21,11,19,8,16,25.88,75.25,29.81,29.57,52.85,Makanan,0.5,synthetic_opportunity_formula_with_seeded_noise,synthetic_training_only
CLS-STA-072-2025-12-500,STA-072,cikoya,Cikoya,2025-12,500,848,136523,15,8,11,1,0,25.88,75.25,29.81,26.05,63.82,Toko Buku,0.527,synthetic_opportunity_formula_with_seeded_noise,synthetic_training_only
CLS-STA-073-2023-01-500,STA-073,maja,Maja,2023-01,500,1313,214237,20,7,10,4,3,30.75,93.03,29.24,30.55,56.93,Hobi,0.5,synthetic_opportunity_formula_with_seeded_noise,synthetic_training_only
CLS-STA-073-2023-02-750,STA-073,maja,Maja,2023-02,750,2331,248896,18,18,14,5,0,30.75,93.03,29.24,29.01,52.54,Makanan,0.551,synthetic_opportunity_formula_with_seeded_noise,synthetic_training_only
CLS-STA-073-2023-03-1000,STA-073,maja,Maja,2023-03,1000,3227,245886,24,16,25,6,12,30.75,93.03,29.24,27.42,58.9,Makanan,0.553,synthetic_opportunity_formula_with_seeded_noise,synthetic_training_only
CLS-STA-073-2023-04-500,STA-073,maja,Maja,2023-04,500,1641,252660,14,12,10,6,11,30.75,93.03,29.24,32.98,62.25,Makanan,0.563,synthetic_opportunity_formula_with_seeded_noise,synthetic_training_only
CLS-STA-073-2023-05-750,STA-073,maja,Maja,2023-05,750,2495,266309,19,17,16,5,10,30.75,93.03,29.24,31.15,41.81,Makanan,0.608,synthetic_opportunity_formula_with_seeded_noise,synthetic_training_only
CLS-STA-073-2023-06-1000,STA-073,maja,Maja,2023-06,1000,2888,228661,25,13,21,8,13,30.75,93.03,29.24,28.01,61.23,Makanan,0.506,synthetic_opportunity_formula_with_seeded_noise,synthetic_training_only
CLS-STA-073-2023-07-500,STA-073,maja,Maja,2023-07,500,1518,228778,11,9,10,3,0,30.75,93.03,29.24,30.25,52.7,Makanan,0.571,synthetic_opportunity_formula_with_seeded_noise,synthetic_training_only
CLS-STA-073-2023-08-750,STA-073,maja,Maja,2023-08,750,2624,270809,17,11,15,5,15,30.75,93.03,29.24,32.44,49.88,Makanan,0.529,synthetic_opportunity_formula_with_seeded_noise,synthetic_training_only
CLS-STA-073-2023-09-1000,STA-073,maja,Maja,2023-09,1000,3640,272474,23,16,19,9,8,30.75,93.03,29.24,28.36,46.49,Makanan,0.573,synthetic_opportunity_formula_with_seeded_noise,synthetic_training_only
CLS-STA-073-2023-10-500,STA-073,maja,Maja,2023-10,500,1811,285601,16,7,11,3,2,30.75,93.03,29.24,30.03,63.9,Makanan,0.505,synthetic_opportunity_formula_with_seeded_noise,synthetic_training_only
CLS-STA-073-2023-11-750,STA-073,maja,Maja,2023-11,750,2927,298352,13,8,15,6,7,30.75,93.03,29.24,25.97,55.89,Makanan,0.621,synthetic_opportunity_formula_with_seeded_noise,synthetic_training_only
CLS-STA-073-2023-12-1000,STA-073,maja,Maja,2023-12,1000,2972,230124,29,14,21,6,7,30.75,93.03,29.24,29.69,57.0,Makanan,0.514,synthetic_opportunity_formula_with_seeded_noise,synthetic_training_only
CLS-STA-073-2024-01-750,STA-073,maja,Maja,2024-01,750,2496,253977,18,11,14,6,9,30.75,93.03,29.24,30.22,43.48,Makanan,0.531,synthetic_opportunity_formula_with_seeded_noise,synthetic_training_only
CLS-STA-073-2024-02-1000,STA-073,maja,Maja,2024-02,1000,3403,263454,27,17,24,5,13,30.75,93.03,29.24,28.86,44.68,Makanan,0.513,synthetic_opportunity_formula_with_seeded_noise,synthetic_training_only
CLS-STA-073-2024-03-500,STA-073,maja,Maja,2024-03,500,1762,280654,13,7,8,3,8,30.75,93.03,29.24,30.7,60.96,Makanan,0.512,synthetic_opportunity_formula_with_seeded_noise,synthetic_training_only
CLS-STA-073-2024-04-750,STA-073,maja,Maja,2024-04,750,2682,267555,12,10,16,4,10,30.75,93.03,29.24,29.54,54.83,Makanan,0.535,synthetic_opportunity_formula_with_seeded_noise,synthetic_training_only
CLS-STA-073-2024-05-1000,STA-073,maja,Maja,2024-05,1000,3751,299264,25,12,21,5,13,30.75,93.03,29.24,23.32,56.1,Makanan,0.525,synthetic_opportunity_formula_with_seeded_noise,synthetic_training_only
CLS-STA-073-2024-06-500,STA-073,maja,Maja,2024-06,500,1680,260350,14,1,12,5,15,30.75,93.03,29.24,27.82,64.69,Minuman,0.5,synthetic_opportunity_formula_with_seeded_noise,synthetic_training_only
CLS-STA-073-2024-07-750,STA-073,maja,Maja,2024-07,750,2508,269351,20,10,17,2,10,30.75,93.03,29.24,30.4,52.79,Makanan,0.5,synthetic_opportunity_formula_with_seeded_noise,synthetic_training_only
CLS-STA-073-2024-08-1000,STA-073,maja,Maja,2024-08,1000,4039,314835,27,14,22,6,14,30.75,93.03,29.24,27.35,59.02,Makanan,0.516,synthetic_opportunity_formula_with_seeded_noise,synthetic_training_only
CLS-STA-073-2024-09-500,STA-073,maja,Maja,2024-09,500,2066,298799,16,19,12,4,11,30.75,93.03,29.24,27.38,46.15,Makanan,0.564,synthetic_opportunity_formula_with_seeded_noise,synthetic_training_only
CLS-STA-073-2024-10-750,STA-073,maja,Maja,2024-10,750,2952,317650,11,8,13,5,11,30.75,93.03,29.24,29.48,66.85,Makanan,0.599,synthetic_opportunity_formula_with_seeded_noise,synthetic_training_only
CLS-STA-073-2024-11-1000,STA-073,maja,Maja,2024-11,1000,4295,317954,29,13,22,6,17,30.75,93.03,29.24,31.44,49.52,Makanan,0.583,synthetic_opportunity_formula_with_seeded_noise,synthetic_training_only
CLS-STA-073-2024-12-500,STA-073,maja,Maja,2024-12,500,1911,281989,17,8,8,4,1,30.75,93.03,29.24,28.55,47.29,Makanan,0.559,synthetic_opportunity_formula_with_seeded_noise,synthetic_training_only
CLS-STA-073-2025-01-1000,STA-073,maja,Maja,2025-01,1000,3732,293417,19,18,21,5,6,30.75,93.03,29.24,28.59,63.01,Makanan,0.605,synthetic_opportunity_formula_with_seeded_noise,synthetic_training_only
CLS-STA-073-2025-02-500,STA-073,maja,Maja,2025-02,500,1839,281403,15,11,9,2,8,30.75,93.03,29.24,31.55,54.35,Makanan,0.54,synthetic_opportunity_formula_with_seeded_noise,synthetic_training_only
CLS-STA-073-2025-03-750,STA-073,maja,Maja,2025-03,750,3226,330948,18,11,14,4,9,30.75,93.03,29.24,28.5,43.41,Makanan,0.504,synthetic_opportunity_formula_with_seeded_noise,synthetic_training_only
CLS-STA-073-2025-04-1000,STA-073,maja,Maja,2025-04,1000,3926,289092,23,17,22,7,7,30.75,93.03,29.24,31.49,43.29,Makanan,0.59,synthetic_opportunity_formula_with_seeded_noise,synthetic_training_only
CLS-STA-073-2025-05-500,STA-073,maja,Maja,2025-05,500,2346,336975,14,5,11,3,12,30.75,93.03,29.24,29.25,50.99,Makanan,0.547,synthetic_opportunity_formula_with_seeded_noise,synthetic_training_only
CLS-STA-073-2025-06-750,STA-073,maja,Maja,2025-06,750,2755,301851,20,14,15,4,4,30.75,93.03,29.24,29.61,58.2,Makanan,0.595,synthetic_opportunity_formula_with_seeded_noise,synthetic_training_only
CLS-STA-073-2025-07-1000,STA-073,maja,Maja,2025-07,1000,3641,280050,23,15,22,9,15,30.75,93.03,29.24,27.72,61.46,Makanan,0.534,synthetic_opportunity_formula_with_seeded_noise,synthetic_training_only
CLS-STA-073-2025-08-500,STA-073,maja,Maja,2025-08,500,2152,334091,15,12,10,2,2,30.75,93.03,29.24,30.91,50.44,Makanan,0.53,synthetic_opportunity_formula_with_seeded_noise,synthetic_training_only
CLS-STA-073-2025-09-750,STA-073,maja,Maja,2025-09,750,3375,339594,18,12,14,6,8,30.75,93.03,29.24,27.45,53.35,Makanan,0.529,synthetic_opportunity_formula_with_seeded_noise,synthetic_training_only
CLS-STA-073-2025-10-1000,STA-073,maja,Maja,2025-10,1000,4307,338245,29,21,25,7,11,30.75,93.03,29.24,30.7,58.65,Makanan,0.559,synthetic_opportunity_formula_with_seeded_noise,synthetic_training_only
CLS-STA-073-2025-11-500,STA-073,maja,Maja,2025-11,500,2270,328678,7,10,11,5,11,30.75,93.03,29.24,32.65,64.13,Makanan,0.594,synthetic_opportunity_formula_with_seeded_noise,synthetic_training_only
CLS-STA-073-2025-12-750,STA-073,maja,Maja,2025-12,750,2688,280212,18,14,16,5,8,30.75,93.03,29.24,32.37,57.9,Makanan,0.508,synthetic_opportunity_formula_with_seeded_noise,synthetic_training_only
CLS-STA-074-2023-01-750,STA-074,citeras,Citeras,2023-01,750,1012,115550,15,5,20,8,13,4.34,67.96,44.31,33.5,45.82,Minuman,0.539,synthetic_opportunity_formula_with_seeded_noise,synthetic_training_only
CLS-STA-074-2023-02-1000,STA-074,citeras,Citeras,2023-02,1000,1347,112615,13,16,19,11,5,4.34,67.96,44.31,28.71,39.82,Makanan,0.574,synthetic_opportunity_formula_with_seeded_noise,synthetic_training_only
CLS-STA-074-2023-03-500,STA-074,citeras,Citeras,2023-03,500,724,116253,9,2,10,3,3,4.34,67.96,44.31,33.07,50.84,Minuman,0.509,synthetic_opportunity_formula_with_seeded_noise,synthetic_training_only
CLS-STA-074-2023-04-750,STA-074,citeras,Citeras,2023-04,750,1108,108463,13,11,14,7,1,4.34,67.96,44.31,33.26,55.4,Makanan,0.536,synthetic_opportunity_formula_with_seeded_noise,synthetic_training_only
CLS-STA-074-2023-05-1000,STA-074,citeras,Citeras,2023-05,1000,1555,123267,9,8,19,9,11,4.34,67.96,44.31,35.42,43.24,Makanan,0.562,synthetic_opportunity_formula_with_seeded_noise,synthetic_training_only
CLS-STA-074-2023-06-500,STA-074,citeras,Citeras,2023-06,500,776,115031,10,6,7,4,5,4.34,67.96,44.31,36.95,44.05,Hobi,0.527,synthetic_opportunity_formula_with_seeded_noise,synthetic_training_only
CLS-STA-074-2023-07-750,STA-074,citeras,Citeras,2023-07,750,960,107976,5,5,15,7,10,4.34,67.96,44.31,31.42,43.24,Makanan,0.521,synthetic_opportunity_formula_with_seeded_noise,synthetic_training_only
CLS-STA-074-2023-08-1000,STA-074,citeras,Citeras,2023-08,1000,1640,130435,16,10,23,9,10,4.34,67.96,44.31,36.47,57.34,Makanan,0.5,synthetic_opportunity_formula_with_seeded_noise,synthetic_training_only
CLS-STA-074-2023-09-500,STA-074,citeras,Citeras,2023-09,500,844,119268,14,4,10,5,7,4.34,67.96,44.31,38.22,48.13,Hobi,0.505,synthetic_opportunity_formula_with_seeded_noise,synthetic_training_only
CLS-STA-074-2023-10-750,STA-074,citeras,Citeras,2023-10,750,1417,130173,8,2,13,10,1,4.34,67.96,44.31,33.79,42.86,Makanan,0.545,synthetic_opportunity_formula_with_seeded_noise,synthetic_training_only
CLS-STA-074-2023-11-1000,STA-074,citeras,Citeras,2023-11,1000,1528,122566,12,10,19,10,9,4.34,67.96,44.31,36.05,47.4,Makanan,0.531,synthetic_opportunity_formula_with_seeded_noise,synthetic_training_only
CLS-STA-074-2023-12-500,STA-074,citeras,Citeras,2023-12,500,793,116225,0,3,9,0,3,4.34,67.96,44.31,37.11,41.12,Toko Buku,0.5,synthetic_opportunity_formula_with_seeded_noise,synthetic_training_only
CLS-STA-074-2024-01-1000,STA-074,citeras,Citeras,2024-01,1000,1672,122730,21,9,20,9,9,4.34,67.96,44.31,30.78,24.87,Minuman,0.5,synthetic_opportunity_formula_with_seeded_noise,synthetic_training_only
CLS-STA-074-2024-02-500,STA-074,citeras,Citeras,2024-02,500,825,130193,11,5,5,6,7,4.34,67.96,44.31,35.66,42.48,Hobi,0.556,synthetic_opportunity_formula_with_seeded_noise,synthetic_training_only
CLS-STA-074-2024-03-750,STA-074,citeras,Citeras,2024-03,750,1328,138576,12,6,14,9,0,4.34,67.96,44.31,32.76,47.69,Makanan,0.548,synthetic_opportunity_formula_with_seeded_noise,synthetic_training_only
CLS-STA-074-2024-04-1000,STA-074,citeras,Citeras,2024-04,1000,1643,122762,17,8,18,12,17,4.34,67.96,44.31,38.36,34.02,Makanan,0.558,synthetic_opportunity_formula_with_seeded_noise,synthetic_training_only
CLS-STA-074-2024-05-500,STA-074,citeras,Citeras,2024-05,500,1005,144901,6,5,8,2,3,4.34,67.96,44.31,34.63,42.2,Makanan,0.5,synthetic_opportunity_formula_with_seeded_noise,synthetic_training_only
CLS-STA-074-2024-06-750,STA-074,citeras,Citeras,2024-06,750,1205,129517,14,9,16,6,1,4.34,67.96,44.31,32.05,41.1,Makanan,0.525,synthetic_opportunity_formula_with_seeded_noise,synthetic_training_only
CLS-STA-074-2024-07-1000,STA-074,citeras,Citeras,2024-07,1000,1574,118623,8,5,20,8,8,4.34,67.96,44.31,35.15,40.57,Makanan,0.512,synthetic_opportunity_formula_with_seeded_noise,synthetic_training_only
CLS-STA-074-2024-08-500,STA-074,citeras,Citeras,2024-08,500,863,138883,14,3,8,6,1,4.34,67.96,44.31,35.07,48.77,Hobi,0.52,synthetic_opportunity_formula_with_seeded_noise,synthetic_training_only
CLS-STA-074-2024-09-750,STA-074,citeras,Citeras,2024-09,750,1530,146654,13,6,14,7,3,4.34,67.96,44.31,37.82,43.65,Makanan,0.544,synthetic_opportunity_formula_with_seeded_noise,synthetic_training_only
CLS-STA-074-2024-10-1000,STA-074,citeras,Citeras,2024-10,1000,1956,145601,14,8,20,10,2,4.34,67.96,44.31,36.0,42.49,Makanan,0.517,synthetic_opportunity_formula_with_seeded_noise,synthetic_training_only
CLS-STA-074-2024-11-500,STA-074,citeras,Citeras,2024-11,500,1073,151714,7,9,10,6,4,4.34,67.96,44.31,37.94,43.62,Hobi,0.5,synthetic_opportunity_formula_with_seeded_noise,synthetic_training_only
CLS-STA-074-2024-12-750,STA-074,citeras,Citeras,2024-12,750,1459,141369,10,6,14,6,2,4.34,67.96,44.31,35.41,50.28,Makanan,0.542,synthetic_opportunity_formula_with_seeded_noise,synthetic_training_only
CLS-STA-074-2025-01-500,STA-074,citeras,Citeras,2025-01,500,806,136317,12,3,11,5,0,4.34,67.96,44.31,36.0,47.73,Hobi,0.563,synthetic_opportunity_formula_with_seeded_noise,synthetic_training_only
CLS-STA-074-2025-02-750,STA-074,citeras,Citeras,2025-02,750,1155,130223,10,3,15,5,1,4.34,67.96,44.31,35.85,51.18,Minuman,0.5,synthetic_opportunity_formula_with_seeded_noise,synthetic_training_only
CLS-STA-074-2025-03-1000,STA-074,citeras,Citeras,2025-03,1000,1900,149944,15,8,19,10,5,4.34,67.96,44.31,33.78,46.44,Makanan,0.5,synthetic_opportunity_formula_with_seeded_noise,synthetic_training_only
CLS-STA-074-2025-04-500,STA-074,citeras,Citeras,2025-04,500,893,140410,6,8,7,3,5,4.34,67.96,44.31,30.94,55.23,Makanan,0.5,synthetic_opportunity_formula_with_seeded_noise,synthetic_training_only
CLS-STA-074-2025-05-750,STA-074,citeras,Citeras,2025-05,750,1549,158035,15,4,13,10,2,4.34,67.96,44.31,36.11,46.79,Minuman,0.532,synthetic_opportunity_formula_with_seeded_noise,synthetic_training_only
CLS-STA-074-2025-06-1000,STA-074,citeras,Citeras,2025-06,1000,1875,135764,20,9,17,12,8,4.34,67.96,44.31,36.45,44.43,Minuman,0.514,synthetic_opportunity_formula_with_seeded_noise,synthetic_training_only
CLS-STA-074-2025-07-500,STA-074,citeras,Citeras,2025-07,500,894,132665,6,6,11,5,5,4.34,67.96,44.31,36.25,39.9,Makanan,0.533,synthetic_opportunity_formula_with_seeded_noise,synthetic_training_only
CLS-STA-074-2025-08-750,STA-074,citeras,Citeras,2025-08,750,1596,156822,9,14,14,5,11,4.34,67.96,44.31,37.86,42.88,Makanan,0.548,synthetic_opportunity_formula_with_seeded_noise,synthetic_training_only
CLS-STA-074-2025-09-1000,STA-074,citeras,Citeras,2025-09,1000,2034,158945,17,16,23,9,17,4.34,67.96,44.31,28.31,47.6,Makanan,0.583,synthetic_opportunity_formula_with_seeded_noise,synthetic_training_only
CLS-STA-074-2025-10-500,STA-074,citeras,Citeras,2025-10,500,1115,163364,8,6,7,4,4,4.34,67.96,44.31,41.16,50.54,Hobi,0.52,synthetic_opportunity_formula_with_seeded_noise,synthetic_training_only
CLS-STA-074-2025-11-750,STA-074,citeras,Citeras,2025-11,750,1594,162831,18,6,16,7,7,4.34,67.96,44.31,29.48,44.19,Minuman,0.503,synthetic_opportunity_formula_with_seeded_noise,synthetic_training_only
CLS-STA-074-2025-12-1000,STA-074,citeras,Citeras,2025-12,1000,1815,133189,18,8,20,12,7,4.34,67.96,44.31,36.29,49.92,Minuman,0.553,synthetic_opportunity_formula_with_seeded_noise,synthetic_training_only
CLS-STA-075-2023-01-1000,STA-075,rangkasbitung,Rangkasbitung,2023-01,1000,5917,481629,24,19,32,13,14,3.0,89.95,58.62,20.46,46.1,Makanan,0.523,synthetic_opportunity_formula_with_seeded_noise,synthetic_training_only
CLS-STA-075-2023-02-500,STA-075,rangkasbitung,Rangkasbitung,2023-02,500,3073,472544,18,5,10,6,8,3.0,89.95,58.62,16.32,39.49,Makanan,0.516,synthetic_opportunity_formula_with_seeded_noise,synthetic_training_only
CLS-STA-075-2023-03-750,STA-075,rangkasbitung,Rangkasbitung,2023-03,750,4362,462974,26,11,22,12,17,3.0,89.95,58.62,21.36,52.14,Makanan,0.556,synthetic_opportunity_formula_with_seeded_noise,synthetic_training_only
CLS-STA-075-2023-04-1000,STA-075,rangkasbitung,Rangkasbitung,2023-04,1000,6046,494876,36,17,27,10,17,3.0,89.95,58.62,20.45,55.1,Makanan,0.51,synthetic_opportunity_formula_with_seeded_noise,synthetic_training_only
CLS-STA-075-2023-05-500,STA-075,rangkasbitung,Rangkasbitung,2023-05,500,3440,541613,17,10,17,6,15,3.0,89.95,58.62,23.01,49.87,Makanan,0.522,synthetic_opportunity_formula_with_seeded_noise,synthetic_training_only
CLS-STA-075-2023-06-750,STA-075,rangkasbitung,Rangkasbitung,2023-06,750,4553,483154,30,17,21,14,13,3.0,89.95,58.62,19.26,43.39,Makanan,0.5,synthetic_opportunity_formula_with_seeded_noise,synthetic_training_only
CLS-STA-075-2023-07-1000,STA-075,rangkasbitung,Rangkasbitung,2023-07,1000,5994,488121,40,19,34,16,17,3.0,89.95,58.62,17.98,40.84,Makanan,0.5,synthetic_opportunity_formula_with_seeded_noise,synthetic_training_only
CLS-STA-075-2023-08-500,STA-075,rangkasbitung,Rangkasbitung,2023-08,500,2929,504562,17,10,14,7,11,3.0,89.95,58.62,13.0,57.21,Makanan,0.52,synthetic_opportunity_formula_with_seeded_noise,synthetic_training_only
CLS-STA-075-2023-09-750,STA-075,rangkasbitung,Rangkasbitung,2023-09,750,5186,557415,22,13,23,12,18,3.0,89.95,58.62,22.98,48.44,Makanan,0.539,synthetic_opportunity_formula_with_seeded_noise,synthetic_training_only
CLS-STA-075-2023-10-1000,STA-075,rangkasbitung,Rangkasbitung,2023-10,1000,7448,584779,35,18,29,14,21,3.0,89.95,58.62,23.71,54.34,Makanan,0.583,synthetic_opportunity_formula_with_seeded_noise,synthetic_training_only
CLS-STA-075-2023-11-500,STA-075,rangkasbitung,Rangkasbitung,2023-11,500,3183,513645,19,13,12,7,13,3.0,89.95,58.62,15.54,56.98,Makanan,0.5,synthetic_opportunity_formula_with_seeded_noise,synthetic_training_only
CLS-STA-075-2023-12-750,STA-075,rangkasbitung,Rangkasbitung,2023-12,750,4549,497247,26,13,24,10,15,3.0,89.95,58.62,19.62,57.7,Makanan,0.556,synthetic_opportunity_formula_with_seeded_noise,synthetic_training_only
CLS-STA-075-2024-01-500,STA-075,rangkasbitung,Rangkasbitung,2024-01,500,3160,507908,21,10,14,6,12,3.0,89.95,58.62,17.67,35.31,Makanan,0.5,synthetic_opportunity_formula_with_seeded_noise,synthetic_training_only
CLS-STA-075-2024-02-750,STA-075,rangkasbitung,Rangkasbitung,2024-02,750,4848,511941,13,11,23,12,5,3.0,89.95,58.62,22.32,43.09,Makanan,0.621,synthetic_opportunity_formula_with_seeded_noise,synthetic_training_only
CLS-STA-075-2024-03-1000,STA-075,rangkasbitung,Rangkasbitung,2024-03,1000,7398,589742,33,18,30,14,25,3.0,89.95,58.62,20.17,54.68,Makanan,0.585,synthetic_opportunity_formula_with_seeded_noise,synthetic_training_only
CLS-STA-075-2024-04-500,STA-075,rangkasbitung,Rangkasbitung,2024-04,500,3457,569504,13,7,12,6,14,3.0,89.95,58.62,17.69,34.83,Makanan,0.6,synthetic_opportunity_formula_with_seeded_noise,synthetic_training_only
CLS-STA-075-2024-05-750,STA-075,rangkasbitung,Rangkasbitung,2024-05,750,5506,594599,31,15,16,10,14,3.0,89.95,58.62,19.5,38.85,Makanan,0.511,synthetic_opportunity_formula_with_seeded_noise,synthetic_training_only
CLS-STA-075-2024-06-1000,STA-075,rangkasbitung,Rangkasbitung,2024-06,1000,7133,567209,42,15,29,13,20,3.0,89.95,58.62,22.88,51.91,Minuman,0.5,synthetic_opportunity_formula_with_seeded_noise,synthetic_training_only
CLS-STA-075-2024-07-500,STA-075,rangkasbitung,Rangkasbitung,2024-07,500,3156,496317,15,15,12,8,0,3.0,89.95,58.62,25.32,50.96,Makanan,0.572,synthetic_opportunity_formula_with_seeded_noise,synthetic_training_only
CLS-STA-075-2024-08-750,STA-075,rangkasbitung,Rangkasbitung,2024-08,750,5583,610787,32,13,25,9,9,3.0,89.95,58.62,16.8,39.81,Makanan,0.523,synthetic_opportunity_formula_with_seeded_noise,synthetic_training_only
CLS-STA-075-2024-09-1000,STA-075,rangkasbitung,Rangkasbitung,2024-09,1000,7302,596968,33,21,28,14,19,3.0,89.95,58.62,20.46,43.75,Makanan,0.545,synthetic_opportunity_formula_with_seeded_noise,synthetic_training_only
CLS-STA-075-2024-10-500,STA-075,rangkasbitung,Rangkasbitung,2024-10,500,3959,672553,17,7,11,7,11,3.0,89.95,58.62,15.03,52.43,Makanan,0.513,synthetic_opportunity_formula_with_seeded_noise,synthetic_training_only
CLS-STA-075-2024-11-750,STA-075,rangkasbitung,Rangkasbitung,2024-11,750,6266,673137,31,23,23,10,14,3.0,89.95,58.62,23.41,53.1,Makanan,0.58,synthetic_opportunity_formula_with_seeded_noise,synthetic_training_only
CLS-STA-075-2024-12-1000,STA-075,rangkasbitung,Rangkasbitung,2024-12,1000,6500,536554,29,18,29,13,20,3.0,89.95,58.62,16.72,40.74,Makanan,0.597,synthetic_opportunity_formula_with_seeded_noise,synthetic_training_only
CLS-STA-075-2025-01-750,STA-075,rangkasbitung,Rangkasbitung,2025-01,750,5530,593601,24,18,23,10,8,3.0,89.95,58.62,17.96,35.85,Makanan,0.626,synthetic_opportunity_formula_with_seeded_noise,synthetic_training_only
CLS-STA-075-2025-02-1000,STA-075,rangkasbitung,Rangkasbitung,2025-02,1000,7736,609951,27,17,26,11,18,3.0,89.95,58.62,21.0,39.96,Makanan,0.657,synthetic_opportunity_formula_with_seeded_noise,synthetic_training_only
CLS-STA-075-2025-03-500,STA-075,rangkasbitung,Rangkasbitung,2025-03,500,3835,614143,19,12,10,7,15,3.0,89.95,58.62,19.09,49.81,Makanan,0.529,synthetic_opportunity_formula_with_seeded_noise,synthetic_training_only
CLS-STA-075-2025-04-750,STA-075,rangkasbitung,Rangkasbitung,2025-04,750,5710,602231,29,14,20,11,13,3.0,89.95,58.62,16.68,42.46,Makanan,0.533,synthetic_opportunity_formula_with_seeded_noise,synthetic_training_only
CLS-STA-075-2025-05-1000,STA-075,rangkasbitung,Rangkasbitung,2025-05,1000,8401,658346,35,14,27,12,24,3.0,89.95,58.62,22.49,46.02,Makanan,0.546,synthetic_opportunity_formula_with_seeded_noise,synthetic_training_only
CLS-STA-075-2025-06-500,STA-075,rangkasbitung,Rangkasbitung,2025-06,500,3978,585795,16,12,13,6,1,3.0,89.95,58.62,24.38,38.6,Makanan,0.597,synthetic_opportunity_formula_with_seeded_noise,synthetic_training_only
CLS-STA-075-2025-07-750,STA-075,rangkasbitung,Rangkasbitung,2025-07,750,5619,583854,25,13,23,8,17,3.0,89.95,58.62,24.74,42.36,Makanan,0.556,synthetic_opportunity_formula_with_seeded_noise,synthetic_training_only
CLS-STA-075-2025-08-1000,STA-075,rangkasbitung,Rangkasbitung,2025-08,1000,8681,690367,33,21,27,15,23,3.0,89.95,58.62,20.33,52.63,Makanan,0.624,synthetic_opportunity_formula_with_seeded_noise,synthetic_training_only
CLS-STA-075-2025-09-500,STA-075,rangkasbitung,Rangkasbitung,2025-09,500,4532,701272,21,16,15,7,2,3.0,89.95,58.62,20.36,42.29,Makanan,0.554,synthetic_opportunity_formula_with_seeded_noise,synthetic_training_only
CLS-STA-075-2025-10-750,STA-075,rangkasbitung,Rangkasbitung,2025-10,750,6216,655101,23,14,21,9,13,3.0,89.95,58.62,23.21,58.42,Makanan,0.605,synthetic_opportunity_formula_with_seeded_noise,synthetic_training_only
CLS-STA-075-2025-11-1000,STA-075,rangkasbitung,Rangkasbitung,2025-11,1000,8565,702034,35,20,30,15,16,3.0,89.95,58.62,15.23,42.19,Makanan,0.598,synthetic_opportunity_formula_with_seeded_noise,synthetic_training_only
CLS-STA-075-2025-12-500,STA-075,rangkasbitung,Rangkasbitung,2025-12,500,4083,640497,13,12,14,8,3,3.0,89.95,58.62,19.73,49.33,Makanan,0.549,synthetic_opportunity_formula_with_seeded_noise,synthetic_training_only
CLS-STA-076-2023-01-500,STA-076,ancol,Ancol,2023-01,500,850,142858,17,16,7,2,16,75.38,44.87,14.18,38.61,110.5,Makanan,0.5,synthetic_opportunity_formula_with_seeded_noise,synthetic_training_only
CLS-STA-076-2023-02-750,STA-076,ancol,Ancol,2023-02,750,1448,151714,24,21,10,3,17,75.38,44.87,14.18,40.91,117.96,Makanan,0.5,synthetic_opportunity_formula_with_seeded_noise,synthetic_training_only
CLS-STA-076-2023-03-1000,STA-076,ancol,Ancol,2023-03,1000,2212,168894,36,33,17,4,22,75.38,44.87,14.18,37.3,119.57,Makanan,0.5,synthetic_opportunity_formula_with_seeded_noise,synthetic_training_only
CLS-STA-076-2023-04-500,STA-076,ancol,Ancol,2023-04,500,1054,154577,16,16,7,4,12,75.38,44.87,14.18,39.32,113.3,Makanan,0.5,synthetic_opportunity_formula_with_seeded_noise,synthetic_training_only
CLS-STA-076-2023-05-750,STA-076,ancol,Ancol,2023-05,750,1556,162607,28,16,12,3,18,75.38,44.87,14.18,34.71,112.61,Minuman,0.551,synthetic_opportunity_formula_with_seeded_noise,synthetic_training_only
CLS-STA-076-2023-06-1000,STA-076,ancol,Ancol,2023-06,1000,2184,149819,39,31,17,5,37,75.38,44.87,14.18,42.17,118.55,Makanan,0.513,synthetic_opportunity_formula_with_seeded_noise,synthetic_training_only
CLS-STA-076-2023-07-500,STA-076,ancol,Ancol,2023-07,500,1025,141496,19,18,8,3,20,75.38,44.87,14.18,33.18,106.4,Makanan,0.517,synthetic_opportunity_formula_with_seeded_noise,synthetic_training_only
CLS-STA-076-2023-08-750,STA-076,ancol,Ancol,2023-08,750,1731,159591,31,26,11,2,14,75.38,44.87,14.18,37.83,116.13,Lainnya,0.538,synthetic_opportunity_formula_with_seeded_noise,synthetic_training_only
CLS-STA-076-2023-09-1000,STA-076,ancol,Ancol,2023-09,1000,2179,161821,31,30,10,7,24,75.38,44.87,14.18,33.74,113.97,Makanan,0.511,synthetic_opportunity_formula_with_seeded_noise,synthetic_training_only
CLS-STA-076-2023-10-500,STA-076,ancol,Ancol,2023-10,500,1164,179374,12,17,6,2,14,75.38,44.87,14.18,31.07,106.25,Makanan,0.504,synthetic_opportunity_formula_with_seeded_noise,synthetic_training_only
CLS-STA-076-2023-11-750,STA-076,ancol,Ancol,2023-11,750,1561,161779,28,21,10,3,15,75.38,44.87,14.18,38.78,111.98,Lainnya,0.599,synthetic_opportunity_formula_with_seeded_noise,synthetic_training_only
CLS-STA-076-2023-12-1000,STA-076,ancol,Ancol,2023-12,1000,2132,157599,39,37,15,7,27,75.38,44.87,14.18,36.06,120.46,Lainnya,0.525,synthetic_opportunity_formula_with_seeded_noise,synthetic_training_only
CLS-STA-076-2024-01-750,STA-076,ancol,Ancol,2024-01,750,1654,157794,25,21,11,3,21,75.38,44.87,14.18,35.11,104.22,Makanan,0.557,synthetic_opportunity_formula_with_seeded_noise,synthetic_training_only
CLS-STA-076-2024-02-1000,STA-076,ancol,Ancol,2024-02,1000,2169,151207,36,31,12,4,26,75.38,44.87,14.18,39.62,117.05,Makanan,0.522,synthetic_opportunity_formula_with_seeded_noise,synthetic_training_only
CLS-STA-076-2024-03-500,STA-076,ancol,Ancol,2024-03,500,1025,169142,18,17,7,4,6,75.38,44.87,14.18,34.23,119.15,Lainnya,0.5,synthetic_opportunity_formula_with_seeded_noise,synthetic_training_only
CLS-STA-076-2024-04-750,STA-076,ancol,Ancol,2024-04,750,1744,162723,24,26,8,5,18,75.38,44.87,14.18,33.35,111.4,Makanan,0.571,synthetic_opportunity_formula_with_seeded_noise,synthetic_training_only
CLS-STA-076-2024-05-1000,STA-076,ancol,Ancol,2024-05,1000,2217,162469,28,27,14,6,23,75.38,44.87,14.18,33.33,124.01,Makanan,0.543,synthetic_opportunity_formula_with_seeded_noise,synthetic_training_only
CLS-STA-076-2024-06-500,STA-076,ancol,Ancol,2024-06,500,989,146656,14,14,8,1,18,75.38,44.87,14.18,36.58,111.78,Makanan,0.518,synthetic_opportunity_formula_with_seeded_noise,synthetic_training_only
CLS-STA-076-2024-07-750,STA-076,ancol,Ancol,2024-07,750,1456,153512,30,24,10,4,17,75.38,44.87,14.18,39.77,110.99,Lainnya,0.526,synthetic_opportunity_formula_with_seeded_noise,synthetic_training_only
CLS-STA-076-2024-08-1000,STA-076,ancol,Ancol,2024-08,1000,2440,176992,37,30,13,6,29,75.38,44.87,14.18,34.37,100.21,Makanan,0.537,synthetic_opportunity_formula_with_seeded_noise,synthetic_training_only
CLS-STA-076-2024-09-500,STA-076,ancol,Ancol,2024-09,500,1205,174536,16,14,6,3,18,75.38,44.87,14.18,32.38,109.87,Makanan,0.5,synthetic_opportunity_formula_with_seeded_noise,synthetic_training_only
CLS-STA-076-2024-10-750,STA-076,ancol,Ancol,2024-10,750,1767,169391,27,18,9,1,23,75.38,44.87,14.18,37.77,101.74,Minuman,0.533,synthetic_opportunity_formula_with_seeded_noise,synthetic_training_only
CLS-STA-076-2024-11-1000,STA-076,ancol,Ancol,2024-11,1000,2460,187770,34,27,14,6,27,75.38,44.87,14.18,33.91,118.7,Makanan,0.517,synthetic_opportunity_formula_with_seeded_noise,synthetic_training_only
CLS-STA-076-2024-12-500,STA-076,ancol,Ancol,2024-12,500,968,151156,11,20,5,0,14,75.38,44.87,14.18,38.87,108.12,Makanan,0.535,synthetic_opportunity_formula_with_seeded_noise,synthetic_training_only
CLS-STA-076-2025-01-1000,STA-076,ancol,Ancol,2025-01,1000,2088,154512,33,24,12,4,25,75.38,44.87,14.18,39.67,107.66,Minuman,0.501,synthetic_opportunity_formula_with_seeded_noise,synthetic_training_only
CLS-STA-076-2025-02-500,STA-076,ancol,Ancol,2025-02,500,946,155947,14,15,4,4,13,75.38,44.87,14.18,35.09,111.74,Makanan,0.518,synthetic_opportunity_formula_with_seeded_noise,synthetic_training_only
CLS-STA-076-2025-03-750,STA-076,ancol,Ancol,2025-03,750,1819,180939,24,22,8,5,25,75.38,44.87,14.18,36.92,118.16,Makanan,0.521,synthetic_opportunity_formula_with_seeded_noise,synthetic_training_only
CLS-STA-076-2025-04-1000,STA-076,ancol,Ancol,2025-04,1000,2314,170720,34,34,16,4,31,75.38,44.87,14.18,35.35,119.4,Makanan,0.557,synthetic_opportunity_formula_with_seeded_noise,synthetic_training_only
CLS-STA-076-2025-05-500,STA-076,ancol,Ancol,2025-05,500,1111,170895,11,14,5,4,10,75.38,44.87,14.18,38.34,112.06,Makanan,0.55,synthetic_opportunity_formula_with_seeded_noise,synthetic_training_only
CLS-STA-076-2025-06-750,STA-076,ancol,Ancol,2025-06,750,1489,154603,20,17,9,3,16,75.38,44.87,14.18,40.34,116.13,Makanan,0.571,synthetic_opportunity_formula_with_seeded_noise,synthetic_training_only
CLS-STA-076-2025-07-1000,STA-076,ancol,Ancol,2025-07,1000,1993,151710,36,35,16,5,29,75.38,44.87,14.18,37.58,110.09,Makanan,0.5,synthetic_opportunity_formula_with_seeded_noise,synthetic_training_only
CLS-STA-076-2025-08-500,STA-076,ancol,Ancol,2025-08,500,1134,169333,20,14,6,3,12,75.38,44.87,14.18,37.14,117.24,Lainnya,0.5,synthetic_opportunity_formula_with_seeded_noise,synthetic_training_only
CLS-STA-076-2025-09-750,STA-076,ancol,Ancol,2025-09,750,1812,178906,28,23,15,3,27,75.38,44.87,14.18,33.66,113.62,Makanan,0.52,synthetic_opportunity_formula_with_seeded_noise,synthetic_training_only
CLS-STA-076-2025-10-1000,STA-076,ancol,Ancol,2025-10,1000,2300,177054,32,33,12,5,28,75.38,44.87,14.18,37.07,129.73,Makanan,0.502,synthetic_opportunity_formula_with_seeded_noise,synthetic_training_only
CLS-STA-076-2025-11-500,STA-076,ancol,Ancol,2025-11,500,1127,172721,22,11,7,0,13,75.38,44.87,14.18,33.43,125.37,Minuman,0.518,synthetic_opportunity_formula_with_seeded_noise,synthetic_training_only
CLS-STA-076-2025-12-750,STA-076,ancol,Ancol,2025-12,750,1660,164615,26,24,11,3,19,75.38,44.87,14.18,32.48,109.72,Lainnya,0.5,synthetic_opportunity_formula_with_seeded_noise,synthetic_training_only
CLS-STA-077-2023-01-750,STA-077,tanjungpriok,Tanjung Priok,2023-01,750,3199,307487,29,26,9,2,22,84.67,48.11,2.0,45.59,112.26,Makanan,0.58,synthetic_opportunity_formula_with_seeded_noise,synthetic_training_only
CLS-STA-077-2023-02-1000,STA-077,tanjungpriok,Tanjung Priok,2023-02,1000,4132,294072,41,32,15,5,26,84.67,48.11,2.0,47.15,115.35,Makanan,0.518,synthetic_opportunity_formula_with_seeded_noise,synthetic_training_only
CLS-STA-077-2023-03-500,STA-077,tanjungpriok,Tanjung Priok,2023-03,500,2487,339881,19,21,6,1,14,84.67,48.11,2.0,41.74,119.6,Makanan,0.61,synthetic_opportunity_formula_with_seeded_noise,synthetic_training_only
CLS-STA-077-2023-04-750,STA-077,tanjungpriok,Tanjung Priok,2023-04,750,2902,291478,25,23,9,2,23,84.67,48.11,2.0,45.55,119.76,Makanan,0.525,synthetic_opportunity_formula_with_seeded_noise,synthetic_training_only
CLS-STA-077-2023-05-1000,STA-077,tanjungpriok,Tanjung Priok,2023-05,1000,5117,353636,43,33,10,4,28,84.67,48.11,2.0,46.38,111.39,Makanan,0.574,synthetic_opportunity_formula_with_seeded_noise,synthetic_training_only
CLS-STA-077-2023-06-500,STA-077,tanjungpriok,Tanjung Priok,2023-06,500,2165,319070,26,15,7,2,18,84.67,48.11,2.0,41.9,119.73,Minuman,0.531,synthetic_opportunity_formula_with_seeded_noise,synthetic_training_only
CLS-STA-077-2023-07-750,STA-077,tanjungpriok,Tanjung Priok,2023-07,750,3011,294317,28,21,7,1,30,84.67,48.11,2.0,46.37,122.16,Makanan,0.5,synthetic_opportunity_formula_with_seeded_noise,synthetic_training_only
CLS-STA-077-2023-08-1000,STA-077,tanjungpriok,Tanjung Priok,2023-08,1000,4687,343343,41,31,16,3,28,84.67,48.11,2.0,43.55,101.71,Makanan,0.536,synthetic_opportunity_formula_with_seeded_noise,synthetic_training_only
CLS-STA-077-2023-09-500,STA-077,tanjungpriok,Tanjung Priok,2023-09,500,2448,379194,24,23,6,1,12,84.67,48.11,2.0,41.83,111.89,Makanan,0.5,synthetic_opportunity_formula_with_seeded_noise,synthetic_training_only
CLS-STA-077-2023-10-750,STA-077,tanjungpriok,Tanjung Priok,2023-10,750,3788,354434,32,24,15,2,23,84.67,48.11,2.0,45.56,98.12,Makanan,0.5,synthetic_opportunity_formula_with_seeded_noise,synthetic_training_only
CLS-STA-077-2023-11-1000,STA-077,tanjungpriok,Tanjung Priok,2023-11,1000,4862,343222,34,27,12,1,27,84.67,48.11,2.0,43.32,113.54,Makanan,0.5,synthetic_opportunity_formula_with_seeded_noise,synthetic_training_only
CLS-STA-077-2023-12-500,STA-077,tanjungpriok,Tanjung Priok,2023-12,500,2254,337067,17,10,6,2,13,84.67,48.11,2.0,42.28,124.04,Makanan,0.5,synthetic_opportunity_formula_with_seeded_noise,synthetic_training_only
CLS-STA-077-2024-01-1000,STA-077,tanjungpriok,Tanjung Priok,2024-01,1000,4317,309315,44,35,15,3,30,84.67,48.11,2.0,43.74,126.21,Makanan,0.537,synthetic_opportunity_formula_with_seeded_noise,synthetic_training_only
CLS-STA-077-2024-02-500,STA-077,tanjungpriok,Tanjung Priok,2024-02,500,2389,328405,20,19,7,0,16,84.67,48.11,2.0,41.06,122.59,Makanan,0.523,synthetic_opportunity_formula_with_seeded_noise,synthetic_training_only
CLS-STA-077-2024-03-750,STA-077,tanjungpriok,Tanjung Priok,2024-03,750,3786,370009,34,30,6,2,29,84.67,48.11,2.0,41.39,110.17,Makanan,0.555,synthetic_opportunity_formula_with_seeded_noise,synthetic_training_only
CLS-STA-077-2024-04-1000,STA-077,tanjungpriok,Tanjung Priok,2024-04,1000,4824,342240,38,30,16,0,32,84.67,48.11,2.0,44.03,120.17,Makanan,0.583,synthetic_opportunity_formula_with_seeded_noise,synthetic_training_only
CLS-STA-077-2024-05-500,STA-077,tanjungpriok,Tanjung Priok,2024-05,500,2609,364758,25,15,5,1,18,84.67,48.11,2.0,44.15,105.18,Minuman,0.5,synthetic_opportunity_formula_with_seeded_noise,synthetic_training_only
CLS-STA-077-2024-06-750,STA-077,tanjungpriok,Tanjung Priok,2024-06,750,3462,326424,33,29,10,2,19,84.67,48.11,2.0,42.72,118.69,Makanan,0.57,synthetic_opportunity_formula_with_seeded_noise,synthetic_training_only
CLS-STA-077-2024-07-1000,STA-077,tanjungpriok,Tanjung Priok,2024-07,1000,4309,314064,40,27,11,3,31,84.67,48.11,2.0,44.87,119.72,Makanan,0.549,synthetic_opportunity_formula_with_seeded_noise,synthetic_training_only
CLS-STA-077-2024-08-500,STA-077,tanjungpriok,Tanjung Priok,2024-08,500,2572,363253,22,15,9,0,16,84.67,48.11,2.0,43.5,119.09,Makanan,0.5,synthetic_opportunity_formula_with_seeded_noise,synthetic_training_only
CLS-STA-077-2024-09-750,STA-077,tanjungpriok,Tanjung Priok,2024-09,750,3535,328762,32,24,9,1,19,84.67,48.11,2.0,42.53,109.71,Makanan,0.5,synthetic_opportunity_formula_with_seeded_noise,synthetic_training_only
CLS-STA-077-2024-10-1000,STA-077,tanjungpriok,Tanjung Priok,2024-10,1000,5116,371758,42,41,16,4,43,84.67,48.11,2.0,40.56,112.15,Makanan,0.604,synthetic_opportunity_formula_with_seeded_noise,synthetic_training_only
CLS-STA-077-2024-11-500,STA-077,tanjungpriok,Tanjung Priok,2024-11,500,2681,376336,20,12,9,1,18,84.67,48.11,2.0,43.23,108.9,Makanan,0.536,synthetic_opportunity_formula_with_seeded_noise,synthetic_training_only
CLS-STA-077-2024-12-750,STA-077,tanjungpriok,Tanjung Priok,2024-12,750,3250,315699,38,22,11,2,19,84.67,48.11,2.0,41.24,122.26,Minuman,0.542,synthetic_opportunity_formula_with_seeded_noise,synthetic_training_only
CLS-STA-077-2025-01-500,STA-077,tanjungpriok,Tanjung Priok,2025-01,500,2349,334269,22,17,7,0,18,84.67,48.11,2.0,45.79,122.57,Makanan,0.51,synthetic_opportunity_formula_with_seeded_noise,synthetic_training_only
CLS-STA-077-2025-02-750,STA-077,tanjungpriok,Tanjung Priok,2025-02,750,3468,326088,36,20,9,2,19,84.67,48.11,2.0,43.42,110.95,Minuman,0.506,synthetic_opportunity_formula_with_seeded_noise,synthetic_training_only
CLS-STA-077-2025-03-1000,STA-077,tanjungpriok,Tanjung Priok,2025-03,1000,5442,375263,43,30,11,3,30,84.67,48.11,2.0,45.09,124.64,Makanan,0.5,synthetic_opportunity_formula_with_seeded_noise,synthetic_training_only
CLS-STA-077-2025-04-500,STA-077,tanjungpriok,Tanjung Priok,2025-04,500,2353,335478,18,13,6,0,12,84.67,48.11,2.0,42.65,112.07,Makanan,0.5,synthetic_opportunity_formula_with_seeded_noise,synthetic_training_only
CLS-STA-077-2025-05-750,STA-077,tanjungpriok,Tanjung Priok,2025-05,750,3982,376935,36,29,13,0,19,84.67,48.11,2.0,41.05,111.94,Makanan,0.542,synthetic_opportunity_formula_with_seeded_noise,synthetic_training_only
CLS-STA-077-2025-06-1000,STA-077,tanjungpriok,Tanjung Priok,2025-06,1000,4942,344242,48,29,14,3,32,84.67,48.11,2.0,44.01,111.51,Minuman,0.5,synthetic_opportunity_formula_with_seeded_noise,synthetic_training_only
CLS-STA-077-2025-07-500,STA-077,tanjungpriok,Tanjung Priok,2025-07,500,2251,325620,18,15,7,1,17,84.67,48.11,2.0,45.1,113.61,Makanan,0.5,synthetic_opportunity_formula_with_seeded_noise,synthetic_training_only
CLS-STA-077-2025-08-750,STA-077,tanjungpriok,Tanjung Priok,2025-08,750,4072,376255,29,27,13,1,30,84.67,48.11,2.0,43.4,117.61,Makanan,0.578,synthetic_opportunity_formula_with_seeded_noise,synthetic_training_only
CLS-STA-077-2025-09-1000,STA-077,tanjungpriok,Tanjung Priok,2025-09,1000,5227,372544,43,36,12,0,29,84.67,48.11,2.0,43.54,104.07,Makanan,0.588,synthetic_opportunity_formula_with_seeded_noise,synthetic_training_only
CLS-STA-077-2025-10-500,STA-077,tanjungpriok,Tanjung Priok,2025-10,500,2774,388196,20,13,9,2,12,84.67,48.11,2.0,48.95,126.45,Makanan,0.509,synthetic_opportunity_formula_with_seeded_noise,synthetic_training_only
CLS-STA-077-2025-11-750,STA-077,tanjungpriok,Tanjung Priok,2025-11,750,3942,384456,33,18,11,1,21,84.67,48.11,2.0,39.56,109.12,Minuman,0.515,synthetic_opportunity_formula_with_seeded_noise,synthetic_training_only
CLS-STA-077-2025-12-1000,STA-077,tanjungpriok,Tanjung Priok,2025-12,1000,4736,333895,40,38,12,3,32,84.67,48.11,2.0,39.73,122.46,Makanan,0.552,synthetic_opportunity_formula_with_seeded_noise,synthetic_training_only
